"2019-09-02 00:01:00";22.10;27.70;27.80;0.00;0.00;0.00;0.00;0.00;0.00;0.00;18.43;79.11;14.74;0.00;0.00;2000.00;8.31;
"2019-09-02 00:06:00";22.10;27.70;27.80;0.00;0.00;0.00;0.00;0.00;0.00;0.00;18.36;79.55;14.76;0.00;0.00;2000.00;8.31;
"2019-09-02 00:11:00";22.00;27.70;27.70;0.00;0.00;0.00;0.00;0.00;0.00;0.00;18.27;79.85;14.73;0.00;0.00;2000.00;8.31;
"2019-09-02 00:16:00";21.90;27.50;27.70;0.00;0.00;0.00;0.00;0.00;0.00;0.00;18.19;80.30;14.74;0.00;0.00;2000.00;8.31;
"2019-09-02 00:21:00";21.80;27.40;27.50;0.00;0.00;0.00;0.00;0.00;0.00;0.00;18.13;80.59;14.73;0.00;0.00;2000.00;8.31;
"2019-09-02 00:26:00";21.80;27.40;27.50;0.00;0.00;0.00;0.00;0.00;0.00;0.00;18.01;80.93;14.68;0.00;0.00;2000.00;8.31;
"2019-09-02 00:31:00";21.70;27.40;27.50;0.00;0.00;0.00;0.00;0.00;0.00;0.00;18.00;81.29;14.74;0.00;0.00;2000.00;8.31;
"2019-09-02 00:36:00";21.60;27.40;27.50;0.00;0.00;0.00;0.00;0.00;0.00;0.00;17.93;81.49;14.71;0.00;0.00;2000.00;8.31;
"2019-09-02 00:41:00";21.50;27.30;27.40;0.00;0.00;0.00;0.00;0.00;0.00;0.00;17.84;81.78;14.68;0.00;0.00;2000.00;8.31;
"2019-09-02 00:46:00";21.50;27.30;27.40;0.00;0.00;0.00;0.00;0.00;0.00;0.00;17.80;82.16;14.72;0.00;0.00;2000.00;8.31;
"2019-09-02 00:51:00";21.40;27.30;27.40;0.00;0.00;0.00;0.00;0.00;0.00;0.00;17.75;82.27;14.69;0.00;0.00;2000.00;8.31;
"2019-09-02 00:56:00";21.40;27.20;27.30;0.00;0.00;0.00;0.00;0.00;0.00;0.00;17.68;82.47;14.66;0.00;0.00;2000.00;8.31;
"2019-09-02 01:01:00";21.30;27.20;27.30;0.00;0.00;0.00;0.00;0.00;0.00;0.00;17.61;82.70;14.63;0.00;0.00;2000.00;8.31;
"2019-09-02 01:06:00";21.20;27.10;27.20;0.00;0.00;0.00;0.00;0.00;0.00;0.00;17.56;82.90;14.62;0.00;0.00;2000.00;8.31;
"2019-09-02 01:11:00";21.20;27.10;27.20;0.00;0.00;0.00;0.00;0.00;0.00;0.00;17.46;83.13;14.56;0.00;0.00;2000.00;8.31;
"2019-09-02 01:16:00";21.10;27.10;27.20;0.00;0.00;0.00;0.00;0.00;0.00;0.00;17.40;83.29;14.54;0.00;0.00;2000.00;8.31;
"2019-09-02 01:21:00";21.00;26.90;27.20;0.00;0.00;0.00;0.00;0.00;0.00;0.00;17.31;83.53;14.49;0.00;0.00;2000.00;8.31;
"2019-09-02 01:26:00";21.00;26.90;27.10;0.00;0.00;0.00;0.00;0.00;0.00;0.00;17.24;83.77;14.47;0.00;0.00;2000.00;8.31;
"2019-09-02 01:31:00";21.00;26.90;27.10;0.00;0.00;0.00;0.00;0.00;0.00;0.00;17.22;84.03;14.50;0.00;0.00;2000.00;8.31;
"2019-09-02 01:36:00";21.00;26.80;27.10;0.00;0.00;0.00;0.00;0.00;0.00;0.00;17.19;84.08;14.48;0.00;0.00;2000.00;8.31;
"2019-09-02 01:41:00";20.90;26.80;26.90;0.00;0.00;0.00;0.00;0.00;0.00;0.00;17.15;84.31;14.48;0.00;0.00;2000.00;8.31;
"2019-09-02 01:46:00";20.90;26.80;26.90;0.00;0.00;0.00;0.00;0.00;0.00;0.00;17.06;84.43;14.41;0.00;0.00;2000.00;8.31;
"2019-09-02 01:51:00";20.80;26.70;26.90;0.00;0.00;0.00;0.00;0.00;0.00;0.00;17.07;84.66;14.47;0.00;0.00;2000.00;8.31;
"2019-09-02 01:56:00";20.70;26.70;26.80;0.00;0.00;0.00;0.00;0.00;0.00;0.00;17.01;84.71;14.42;0.00;0.00;2000.00;8.31;
"2019-09-02 02:01:00";20.70;26.70;26.80;0.00;0.00;0.00;0.00;0.00;0.00;0.00;16.98;84.89;14.42;0.00;0.00;2000.00;8.31;
"2019-09-02 02:06:00";20.60;26.60;26.80;0.00;0.00;0.00;0.00;0.00;0.00;0.00;16.92;85.02;14.38;0.00;0.00;2000.00;8.31;
"2019-09-02 02:11:00";20.60;26.60;26.70;0.00;0.00;0.00;0.00;0.00;0.00;0.00;16.87;85.07;14.35;0.00;0.00;2000.00;8.31;
"2019-09-02 02:16:00";20.50;26.50;26.70;0.00;0.00;0.00;0.00;0.00;0.00;0.00;16.78;85.22;14.28;0.00;0.00;2000.00;8.31;
"2019-09-02 02:21:00";20.40;26.50;26.70;0.00;0.00;0.00;0.00;0.00;0.00;0.00;16.71;85.33;14.23;0.00;0.00;2000.00;8.31;
"2019-09-02 02:26:00";20.40;26.50;26.60;0.00;0.00;0.00;0.00;0.00;0.00;0.00;16.60;85.49;14.15;0.00;0.00;2000.00;8.31;
"2019-09-02 02:31:00";20.30;26.50;26.60;0.00;0.00;0.00;0.00;0.00;0.00;0.00;16.53;85.64;14.11;0.00;0.00;2000.00;8.31;
"2019-09-02 02:36:00";20.30;26.30;26.60;0.00;0.00;0.00;0.00;0.00;0.00;0.00;16.43;85.74;14.03;0.00;0.00;2000.00;8.31;
"2019-09-02 02:41:00";20.20;26.30;26.60;0.00;0.00;0.00;0.00;0.00;0.00;0.00;16.37;85.94;14.01;0.00;0.00;2000.00;8.31;
"2019-09-02 02:46:00";20.10;26.20;26.50;0.00;0.00;0.00;0.00;0.00;0.00;0.00;16.24;86.16;13.93;0.00;0.00;2000.00;8.31;
"2019-09-02 02:51:00";20.10;26.20;26.50;0.00;0.00;0.00;0.00;0.00;0.00;0.00;16.16;86.32;13.88;0.00;0.00;2000.00;8.31;
"2019-09-02 02:56:00";20.00;26.20;26.50;0.00;0.00;0.00;0.00;0.00;0.00;0.00;16.11;86.58;13.87;0.00;0.00;2000.00;8.31;
"2019-09-02 03:01:00";20.00;26.10;26.30;0.00;0.00;0.00;0.00;0.00;0.00;0.00;16.11;86.79;13.90;0.00;0.00;2000.00;8.31;
"2019-09-02 03:06:00";19.90;26.10;26.30;0.00;0.00;0.00;0.00;0.00;0.00;0.00;16.03;86.93;13.85;0.00;0.00;2000.00;8.31;
"2019-09-02 03:11:00";19.90;26.10;26.30;0.00;0.00;0.00;0.00;0.00;0.00;0.00;15.96;87.16;13.83;0.00;0.00;2000.00;8.31;
"2019-09-02 03:16:00";19.90;26.00;26.30;0.00;0.00;0.00;0.00;0.00;0.00;0.00;15.93;87.41;13.84;0.00;0.00;2000.00;8.31;
"2019-09-02 03:21:00";19.80;26.00;26.20;0.00;0.00;0.00;0.00;0.00;0.00;0.00;15.89;87.52;13.82;0.00;0.00;2000.00;8.31;
"2019-09-02 03:26:00";19.80;26.00;26.20;0.00;0.00;0.00;0.00;0.00;0.00;0.00;15.85;87.78;13.82;0.00;0.00;2000.00;8.31;
"2019-09-02 03:31:00";19.80;26.00;26.20;0.00;0.00;0.00;0.00;0.00;0.00;0.00;15.80;87.93;13.80;0.00;0.00;2000.00;8.31;
"2019-09-02 03:36:00";19.70;25.90;26.10;0.00;0.00;0.00;0.00;0.00;0.00;0.00;15.78;88.08;13.81;0.00;0.00;2000.00;8.31;
"2019-09-02 03:41:00";19.70;25.90;26.10;0.00;0.00;0.00;0.00;0.00;0.00;0.00;15.69;88.22;13.75;0.00;0.00;2000.00;8.31;
"2019-09-02 03:46:00";19.60;25.90;26.10;0.00;0.00;0.00;0.00;0.00;0.00;0.00;15.67;88.46;13.77;0.00;0.00;2000.00;8.31;
"2019-09-02 03:51:00";19.60;25.80;26.00;0.00;0.00;0.00;0.00;0.00;0.00;0.00;15.65;88.58;13.77;0.00;0.00;2000.00;8.31;
"2019-09-02 03:56:00";19.50;25.80;26.00;0.00;0.00;0.00;0.00;0.00;0.00;0.00;15.64;88.77;13.79;0.00;0.00;2000.00;8.31;
"2019-09-02 04:01:00";19.50;25.60;26.00;0.00;0.00;0.00;0.00;0.00;0.00;0.00;15.58;88.87;13.75;0.00;0.00;2000.00;8.31;
"2019-09-02 04:06:00";19.40;25.60;25.90;0.00;0.00;0.00;0.00;0.00;0.00;0.00;15.52;89.05;13.72;0.00;0.00;2000.00;8.31;
"2019-09-02 04:11:00";19.40;25.60;25.90;0.00;0.00;0.00;0.00;0.00;0.00;0.00;15.49;89.17;13.72;0.00;0.00;2000.00;8.31;
"2019-09-02 04:16:00";19.30;25.50;25.90;0.00;0.00;0.00;0.00;0.00;0.00;0.00;15.46;89.27;13.70;0.00;0.00;2000.00;8.31;
"2019-09-02 04:21:00";19.30;25.50;25.90;0.00;0.00;0.00;0.00;0.00;0.00;0.00;15.42;89.40;13.69;0.00;0.00;2000.00;8.31;
"2019-09-02 04:26:00";19.20;25.50;25.80;0.00;0.00;0.00;0.00;0.00;0.00;0.00;15.37;89.53;13.66;0.00;0.00;2000.00;8.31;
"2019-09-02 04:31:00";19.20;25.40;25.80;0.00;0.00;0.00;0.00;0.00;0.00;0.00;15.36;89.67;13.67;0.00;0.00;2000.00;8.31;
"2019-09-02 04:36:00";19.10;25.40;25.80;0.00;0.00;0.00;0.00;0.00;0.00;0.00;15.28;89.86;13.63;0.00;0.00;2000.00;8.31;
"2019-09-02 04:41:00";19.00;25.40;25.60;0.00;0.00;0.00;0.00;0.00;0.00;0.00;15.24;89.88;13.59;0.00;0.00;2000.00;8.31;
"2019-09-02 04:46:00";19.00;25.40;25.60;0.00;0.00;0.00;0.00;0.00;0.00;0.00;15.23;90.03;13.60;0.00;0.00;2000.00;8.31;
"2019-09-02 04:51:00";18.90;25.30;25.60;0.00;0.00;0.00;0.00;0.00;0.00;0.00;15.18;90.14;13.57;0.00;0.00;2000.00;8.31;
"2019-09-02 04:56:00";18.90;25.30;25.60;0.00;0.00;0.00;0.00;0.00;0.00;0.00;15.13;90.25;13.54;0.00;0.00;2000.00;8.31;
"2019-09-02 05:01:00";18.90;25.30;25.50;0.00;0.00;0.00;0.00;0.00;0.00;0.00;15.09;90.44;13.53;0.00;0.00;2000.00;8.31;
"2019-09-02 05:06:00";18.90;25.20;25.50;0.00;0.00;0.00;0.00;0.00;0.00;0.00;15.02;90.51;13.47;0.00;0.00;2000.00;8.31;
"2019-09-02 05:11:00";18.80;25.20;25.50;0.00;0.00;0.00;0.00;0.00;0.00;0.00;15.03;90.73;13.53;0.00;0.00;2000.00;8.31;
"2019-09-02 05:16:00";18.80;25.20;25.40;0.00;0.00;0.00;0.00;0.00;0.00;0.00;15.01;90.87;13.53;0.00;0.00;2000.00;8.31;
"2019-09-02 05:21:00";18.80;25.10;25.40;0.00;0.00;0.00;0.00;0.00;0.00;0.00;15.03;91.01;13.57;0.00;0.00;2000.00;8.31;
"2019-09-02 05:26:00";18.70;25.10;25.40;0.00;0.00;0.00;0.00;0.00;0.00;0.00;14.94;91.08;13.49;0.00;0.00;2000.00;8.31;
"2019-09-02 05:31:00";18.70;25.10;25.30;0.00;0.00;0.00;0.00;0.00;0.00;0.00;14.91;91.28;13.50;0.00;0.00;2000.00;8.31;
"2019-09-02 05:36:00";18.60;25.10;25.30;0.00;0.00;0.00;0.00;0.00;0.00;0.00;14.89;91.35;13.49;0.00;0.00;2000.00;8.31;
"2019-09-02 05:41:00";18.60;25.00;25.30;0.00;0.00;0.00;0.00;0.00;0.00;0.00;14.86;91.54;13.50;0.00;0.00;2000.00;8.31;
"2019-09-02 05:46:00";18.50;25.00;25.30;0.00;0.00;0.00;0.00;0.00;0.00;0.00;14.89;91.57;13.52;0.01;60.00;2000.00;8.32;
"2019-09-02 05:51:00";18.50;25.00;25.20;0.00;0.00;0.00;0.00;0.00;0.00;0.00;14.83;91.77;13.51;0.00;0.00;2000.00;8.32;
"2019-09-02 05:56:00";18.50;24.80;25.20;0.00;0.00;0.00;0.00;0.00;0.00;0.00;14.79;91.78;13.46;0.00;0.00;2000.00;8.32;
"2019-09-02 06:01:00";18.40;24.80;25.20;0.00;0.00;0.00;0.00;0.00;0.00;0.00;14.75;91.94;13.45;0.00;0.00;2000.00;8.32;
"2019-09-02 06:06:00";18.40;24.80;25.10;0.00;0.00;0.00;0.00;0.00;0.00;0.00;14.68;92.06;13.40;0.00;0.00;2000.00;8.32;
"2019-09-02 06:11:00";18.40;24.80;25.10;0.00;0.00;0.00;0.00;0.00;0.00;0.00;14.69;92.13;13.42;0.00;0.00;2000.00;8.32;
"2019-09-02 06:16:00";18.30;24.70;25.10;0.00;0.00;0.00;0.00;0.00;0.00;0.00;14.64;92.33;13.41;0.00;0.00;2000.00;8.32;
"2019-09-02 06:21:00";18.30;24.70;25.10;0.00;0.00;0.00;0.00;0.00;0.00;0.00;14.60;92.37;13.38;0.00;0.00;2000.00;8.32;
"2019-09-02 06:26:00";18.30;24.70;25.00;0.00;0.00;0.00;0.00;0.00;0.00;0.00;14.62;92.51;13.42;0.00;0.00;2000.00;8.32;
"2019-09-02 06:31:00";18.30;24.70;25.00;0.00;0.00;0.00;0.00;0.00;0.00;0.00;14.59;92.62;13.40;0.00;0.00;2000.00;8.32;
"2019-09-02 06:36:00";18.30;24.60;25.00;0.00;0.00;0.00;0.00;0.00;0.00;0.00;14.60;92.73;13.43;0.00;0.00;2000.00;8.32;
"2019-09-02 06:41:00";18.30;24.60;25.00;0.00;0.00;0.00;0.00;0.00;0.00;0.00;14.61;92.92;13.47;0.00;0.00;2000.00;8.32;
"2019-09-02 06:46:00";18.30;24.60;24.80;0.00;0.00;0.00;0.00;0.00;0.00;0.00;14.62;92.93;13.49;0.00;0.00;2000.00;8.32;
"2019-09-02 06:51:00";18.30;24.50;24.80;0.00;0.00;0.00;0.00;0.00;0.00;0.00;14.64;93.08;13.53;0.00;0.00;2000.00;8.32;
"2019-09-02 06:56:00";18.30;24.50;24.80;0.00;0.00;0.00;0.00;0.00;0.00;0.00;14.69;93.21;13.60;0.00;0.00;2000.00;8.32;
"2019-09-02 07:01:00";18.30;24.40;24.70;0.00;0.00;0.00;0.00;0.00;0.00;0.00;14.74;93.28;13.66;0.00;0.00;2000.00;8.32;
"2019-09-02 07:06:00";18.40;24.40;24.70;0.00;0.00;0.00;0.00;0.00;0.00;0.00;14.77;93.22;13.69;0.00;0.00;2000.00;8.32;
"2019-09-02 07:11:00";18.40;24.40;24.70;0.00;0.00;0.00;0.00;0.00;0.00;0.00;14.85;93.55;13.82;0.00;0.00;2000.00;8.32;
"2019-09-02 07:16:00";18.50;24.40;24.70;0.00;0.00;0.00;0.00;0.00;0.00;0.00;14.89;93.50;13.85;0.00;0.00;2000.00;8.32;
"2019-09-02 07:21:00";18.60;24.30;24.60;0.00;0.00;0.00;0.00;0.00;0.00;0.00;14.92;93.55;13.89;0.00;0.00;2000.00;8.32;
"2019-09-02 07:26:00";18.60;24.30;24.60;0.00;0.00;0.00;0.00;0.00;0.00;0.00;15.01;93.69;14.00;0.00;0.00;2000.00;8.32;
"2019-09-02 07:31:00";18.70;24.30;24.60;0.00;0.00;0.00;0.00;0.00;0.00;0.00;15.12;93.70;14.11;0.00;0.00;2000.00;8.32;
"2019-09-02 07:36:00";18.80;24.20;24.50;0.00;0.00;0.00;0.00;0.00;0.00;0.00;15.26;93.67;14.24;0.00;0.00;2000.00;8.32;
"2019-09-02 07:41:00";19.00;24.20;24.50;0.00;0.00;0.00;0.00;0.00;0.00;0.00;15.34;93.72;14.33;0.00;0.00;2000.00;8.32;
"2019-09-02 07:46:00";19.10;24.20;24.50;0.00;0.00;0.00;0.00;0.00;0.00;0.00;15.45;93.75;14.45;0.00;0.00;2000.00;8.32;
"2019-09-02 07:51:00";19.30;24.20;24.50;0.00;0.00;0.00;0.00;0.00;0.00;0.00;15.60;93.77;14.60;0.00;0.00;2000.00;8.32;
"2019-09-02 07:56:00";19.60;24.20;24.50;0.00;0.00;0.00;0.00;0.00;0.00;0.00;15.78;93.81;14.78;0.00;0.00;2000.00;8.32;
"2019-09-02 08:01:00";19.70;24.10;24.40;0.00;0.00;0.00;0.00;0.00;0.00;0.00;15.99;93.46;14.94;0.00;0.00;2000.00;8.32;
"2019-09-02 08:06:00";19.90;24.10;24.40;0.00;0.00;0.00;0.00;0.00;0.00;0.00;16.14;93.44;15.08;0.00;0.00;2000.00;8.32;
"2019-09-02 08:11:00";19.90;24.10;24.40;0.00;0.00;0.00;0.00;0.00;0.00;0.00;16.28;93.33;15.20;0.00;0.00;2000.00;8.32;
"2019-09-02 08:16:00";20.00;24.10;24.40;0.00;0.00;0.00;0.00;0.00;0.00;0.00;16.57;93.44;15.51;0.00;0.00;2000.00;8.32;
"2019-09-02 08:21:00";20.10;23.90;24.40;0.00;0.00;0.00;0.00;0.00;0.00;0.00;16.81;93.14;15.69;0.00;0.00;2000.00;8.32;
"2019-09-02 08:26:00";20.20;23.90;24.30;0.00;0.00;0.00;0.00;0.00;0.00;0.00;17.01;93.37;15.93;0.00;0.00;2000.00;8.32;
"2019-09-02 08:31:00";20.30;23.90;24.30;0.00;0.00;0.00;0.00;0.00;0.00;0.00;17.21;92.37;15.96;0.00;0.00;2000.00;8.32;
"2019-09-02 08:36:00";20.40;23.90;24.30;0.00;0.00;0.00;0.00;0.00;0.00;0.00;17.58;92.67;16.38;0.00;0.00;2000.00;8.32;
"2019-09-02 08:41:00";20.60;23.90;24.30;0.00;0.00;0.00;0.00;0.00;0.00;0.00;17.76;91.87;16.42;0.00;0.00;2000.00;8.32;
"2019-09-02 08:46:00";20.90;23.90;24.30;0.00;0.00;0.00;0.00;0.00;0.00;0.00;17.81;91.57;16.42;0.00;0.00;2000.00;8.32;
"2019-09-02 08:51:00";21.10;23.80;24.20;0.00;0.00;0.00;0.00;0.00;0.00;0.00;18.01;90.89;16.49;0.00;0.00;2000.00;8.32;
"2019-09-02 08:56:00";21.60;23.80;24.20;0.00;0.00;0.00;0.00;0.00;0.00;0.00;18.02;90.51;16.45;0.00;0.00;2000.00;8.32;
"2019-09-02 09:01:00";22.00;23.80;24.20;0.00;0.00;0.00;0.00;0.00;0.00;0.00;18.19;90.47;16.60;0.00;0.00;2000.00;8.32;
"2019-09-02 09:06:00";22.60;23.80;24.20;0.00;0.00;0.00;0.00;0.00;0.00;0.00;18.37;89.61;16.63;0.00;0.00;2000.00;8.32;
"2019-09-02 09:11:00";23.10;23.80;24.20;0.00;0.00;0.00;0.00;0.00;0.00;0.00;18.41;89.17;16.59;0.00;0.00;2000.00;8.32;
"2019-09-02 09:16:00";23.60;23.80;24.20;0.00;0.00;0.00;0.00;0.00;0.00;0.00;18.65;87.93;16.61;0.00;0.00;2000.00;8.32;
"2019-09-02 09:21:00";24.10;23.80;24.20;0.00;0.00;0.00;0.00;0.00;0.00;0.00;18.95;87.93;16.90;0.00;0.00;2000.00;8.32;
"2019-09-02 09:26:00";24.50;23.80;24.10;0.00;0.00;0.00;0.00;0.00;0.00;0.00;19.06;87.10;16.87;0.00;0.00;2000.00;8.32;
"2019-09-02 09:31:00";25.00;23.80;24.10;0.00;0.00;0.00;0.00;0.00;0.00;0.00;19.21;86.38;16.88;0.00;0.00;2000.00;8.32;
"2019-09-02 09:36:00";25.70;23.70;24.10;0.00;0.00;0.00;0.00;0.00;0.00;3.68;19.20;85.42;16.70;0.00;0.00;2000.00;8.32;
"2019-09-02 09:41:00";25.70;23.80;24.10;0.00;0.00;0.00;0.00;0.00;0.00;2.02;19.07;85.17;16.51;0.00;0.00;2000.00;8.32;
"2019-09-02 09:46:00";26.00;23.70;24.10;0.00;0.00;0.00;0.00;0.00;0.00;0.00;19.39;84.14;16.64;0.00;0.00;2000.00;8.32;
"2019-09-02 09:51:00";25.70;23.70;24.10;0.00;0.00;0.00;0.00;0.00;0.00;0.00;19.26;83.92;16.47;0.00;0.00;2000.00;8.32;
"2019-09-02 09:56:00";26.30;23.80;24.10;0.00;0.00;0.00;0.00;0.00;0.00;0.00;19.60;84.00;16.82;0.00;0.00;2000.00;8.32;
"2019-09-02 10:01:00";26.90;23.80;24.10;0.00;0.00;0.00;0.00;0.00;0.00;0.00;20.10;83.40;17.19;0.00;0.00;2000.00;8.32;
"2019-09-02 10:06:00";27.50;23.80;24.10;0.00;0.00;0.00;0.00;0.00;0.00;0.00;20.32;82.93;17.32;0.00;0.00;2000.00;8.32;
"2019-09-02 10:11:00";28.00;23.80;24.10;0.00;0.00;0.00;0.00;0.00;0.00;0.00;20.55;81.53;17.28;0.00;0.00;2000.00;8.32;
"2019-09-02 10:16:00";28.40;23.80;24.10;0.00;0.00;0.00;0.00;0.00;0.00;0.00;20.96;81.59;17.69;0.00;0.00;2000.00;8.32;
"2019-09-02 10:21:00";28.80;23.80;24.10;0.00;0.00;0.00;0.00;0.00;0.00;0.00;21.37;80.59;17.89;0.00;0.00;2000.00;8.32;
"2019-09-02 10:26:00";29.30;23.80;24.10;0.00;0.00;0.00;0.00;0.00;0.00;0.00;21.83;79.86;18.20;0.00;0.00;2000.00;8.32;
"2019-09-02 10:31:00";29.60;23.80;24.10;0.00;0.00;0.00;0.00;0.00;0.00;0.00;22.10;78.40;18.17;0.00;0.00;2000.00;8.32;
"2019-09-02 10:36:00";30.10;23.90;24.20;0.00;0.00;0.00;0.00;0.00;0.00;0.00;22.19;76.68;17.90;0.00;0.00;2000.00;8.32;
"2019-09-02 10:41:00";30.40;23.90;24.20;0.00;0.00;0.00;0.00;0.00;0.00;0.00;22.03;75.96;17.59;0.00;0.00;2000.00;8.32;
"2019-09-02 10:46:00";30.70;23.90;24.20;0.00;0.00;0.00;0.00;0.00;0.00;0.00;21.75;74.18;16.95;0.00;0.00;2000.00;8.32;
"2019-09-02 10:51:00";31.00;24.10;24.20;0.00;0.00;0.00;0.00;0.00;0.00;0.00;21.52;74.04;16.70;0.00;0.00;2000.00;8.32;
"2019-09-02 10:56:00";31.30;24.10;24.30;0.00;0.00;0.00;0.00;0.00;0.00;0.00;21.75;74.49;17.01;0.00;0.00;2000.00;8.32;
"2019-09-02 11:01:00";31.70;24.10;24.30;0.00;0.00;0.00;0.00;0.00;0.00;0.00;22.10;72.85;17.00;0.00;0.00;2000.00;8.32;
"2019-09-02 11:06:00";31.90;24.20;24.30;0.00;0.00;0.00;0.00;0.00;0.00;0.00;22.22;73.14;17.18;0.00;0.00;2000.00;8.32;
"2019-09-02 11:11:00";32.40;24.20;24.30;0.00;0.00;0.00;0.00;0.00;0.00;0.00;22.67;72.95;17.57;0.00;0.00;2000.00;8.32;
"2019-09-02 11:16:00";32.80;24.30;24.40;0.00;0.00;0.00;0.00;0.00;0.00;0.00;22.70;71.46;17.27;0.00;0.00;2000.00;8.32;
"2019-09-02 11:21:00";33.20;24.30;24.40;0.00;0.00;0.00;0.00;0.00;0.00;0.00;22.83;70.46;17.17;0.00;0.00;2000.00;8.32;
"2019-09-02 11:26:00";33.60;24.40;24.40;0.00;0.00;0.00;0.00;2.26;210.18;2.26;22.69;69.89;16.91;0.00;0.00;2000.00;8.32;
"2019-09-02 11:31:00";34.00;24.40;24.50;0.00;0.00;0.00;0.00;0.00;0.00;0.00;22.83;70.24;17.12;0.00;0.00;2000.00;8.32;
"2019-09-02 11:36:00";34.30;24.40;24.50;0.00;0.00;0.00;0.00;0.00;0.00;0.00;22.96;69.31;17.04;0.00;0.00;2000.00;8.32;
"2019-09-02 11:41:00";34.50;24.50;24.50;0.00;0.00;0.00;0.00;0.00;0.00;2.79;22.94;68.62;16.86;0.00;0.00;2000.00;8.32;
"2019-09-02 11:46:00";34.50;24.50;24.60;0.00;0.00;0.00;0.00;0.00;0.00;0.00;23.16;69.04;17.16;0.00;0.00;2000.00;8.32;
"2019-09-02 11:51:00";34.90;24.60;24.60;0.00;0.00;0.00;0.00;0.00;0.00;0.00;23.26;68.89;17.23;0.00;0.00;2000.00;8.32;
"2019-09-02 11:56:00";35.00;24.60;24.70;0.00;0.00;0.00;0.00;2.13;200.46;2.76;22.97;68.41;16.84;0.00;0.00;2000.00;8.32;
"2019-09-02 12:01:00";33.70;24.70;24.70;0.00;0.00;0.00;0.00;1.87;194.20;2.41;22.90;68.22;16.73;0.00;0.00;2000.00;8.32;
"2019-09-02 12:06:00";33.10;24.70;24.70;0.00;0.00;0.00;0.00;0.00;0.00;0.86;23.39;68.29;17.22;0.00;0.00;2000.00;8.32;
"2019-09-02 12:11:00";32.80;24.80;24.80;0.00;0.00;0.00;0.00;0.00;0.00;1.64;23.62;67.69;17.29;0.00;0.00;2000.00;8.32;
"2019-09-02 12:16:00";33.40;25.00;24.80;0.00;0.00;0.00;0.00;0.00;0.00;1.07;23.68;67.28;17.25;0.00;0.00;2000.00;8.32;
"2019-09-02 12:21:00";34.30;25.00;25.00;0.00;0.00;0.00;0.00;0.00;0.00;1.40;23.96;66.59;17.36;0.00;0.00;2000.00;8.32;
"2019-09-02 12:26:00";34.90;25.10;25.00;0.00;0.00;0.00;0.00;0.94;276.35;3.10;23.97;65.82;17.18;0.00;0.00;2000.00;8.32;
"2019-09-02 12:31:00";35.50;25.10;25.10;0.00;0.00;0.00;0.00;0.00;0.00;0.00;24.13;65.11;17.16;0.00;0.00;2000.00;8.32;
"2019-09-02 12:36:00";35.90;25.20;25.10;0.00;0.00;0.00;0.00;1.31;189.23;2.74;23.92;64.94;16.92;0.00;0.00;2000.00;8.32;
"2019-09-02 12:41:00";36.10;25.20;25.20;0.00;0.00;0.00;0.00;1.73;226.03;3.63;23.92;65.03;16.95;0.00;0.00;2000.00;8.32;
"2019-09-02 12:46:00";36.30;25.30;25.20;0.00;0.00;0.00;0.00;1.56;197.91;2.92;23.86;64.89;16.85;0.00;0.00;2000.00;8.32;
"2019-09-02 12:51:00";36.90;25.40;25.30;0.00;0.00;0.00;0.00;0.00;0.00;0.00;24.21;65.20;17.26;0.00;0.00;2000.00;8.32;
"2019-09-02 12:56:00";37.50;25.40;25.30;0.00;0.00;0.00;0.00;0.00;0.00;3.55;24.51;64.75;17.43;0.00;0.00;2000.00;8.32;
"2019-09-02 13:01:00";36.70;25.50;25.40;0.00;0.00;0.00;0.00;0.00;0.00;0.00;24.42;63.98;17.16;0.00;0.00;2000.00;8.32;
"2019-09-02 13:06:00";36.10;25.50;25.40;0.00;0.00;0.00;0.00;0.00;0.00;1.58;24.16;64.29;16.99;0.00;0.00;2000.00;8.32;
"2019-09-02 13:11:00";35.70;25.60;25.50;0.00;0.00;0.00;0.00;0.00;0.00;0.00;24.25;64.79;17.19;0.00;0.00;2000.00;8.32;
"2019-09-02 13:16:00";36.70;25.80;25.50;0.00;0.00;0.00;0.00;1.09;245.69;2.40;24.47;65.02;17.46;0.00;0.00;2000.00;8.32;
"2019-09-02 13:21:00";37.60;25.80;25.60;0.00;0.00;0.00;0.00;4.95;239.39;4.95;24.46;64.38;17.30;0.00;0.00;2000.00;8.32;
"2019-09-02 13:26:00";37.60;25.90;25.60;0.00;0.00;0.00;0.00;3.33;286.63;4.36;24.41;64.18;17.20;0.00;0.00;2000.00;8.32;
"2019-09-02 13:31:00";36.80;25.90;25.80;0.00;0.00;0.00;0.00;3.40;254.74;6.61;24.03;64.37;16.88;0.00;0.00;2000.00;8.32;
"2019-09-02 13:36:00";36.00;26.00;25.80;0.00;0.00;0.00;0.00;3.98;286.74;4.37;23.96;64.98;16.97;0.00;0.00;2000.00;8.32;
"2019-09-02 13:41:00";35.90;26.10;25.90;0.00;0.00;0.00;0.00;2.07;273.10;2.47;23.93;65.14;16.98;0.00;0.00;2000.00;8.32;
"2019-09-02 13:46:00";35.90;26.10;25.90;0.00;0.00;0.00;0.00;2.46;258.36;2.56;24.15;64.89;17.13;0.00;0.00;2000.00;8.32;
"2019-09-02 13:51:00";35.50;26.20;26.00;0.00;0.00;0.00;0.00;3.15;262.37;3.80;24.05;64.95;17.05;0.00;0.00;2000.00;8.32;
"2019-09-02 13:56:00";35.10;26.20;26.00;0.00;0.00;0.00;0.00;2.01;323.53;2.74;23.99;65.12;17.03;0.00;0.00;2000.00;8.32;
"2019-09-02 14:01:00";34.70;26.30;26.10;0.00;0.00;0.00;0.00;2.43;238.60;4.89;23.92;65.47;17.05;0.00;0.00;2000.00;8.32;
"2019-09-02 14:06:00";34.50;26.30;26.10;0.00;0.00;0.00;0.00;1.36;247.33;1.68;24.12;64.95;17.12;0.00;0.00;2000.00;8.32;
"2019-09-02 14:11:00";35.10;26.50;26.20;0.00;0.00;0.00;0.00;4.18;258.47;4.28;24.28;63.95;17.02;0.00;0.00;2000.00;8.32;
"2019-09-02 14:16:00";35.00;26.50;26.20;0.00;0.00;0.00;0.00;3.95;280.79;5.31;24.05;64.35;16.90;0.00;0.00;2000.00;8.32;
"2019-09-02 14:21:00";34.60;26.60;26.30;0.00;0.00;0.00;0.00;2.54;289.88;4.38;24.03;64.92;17.02;0.00;0.00;2000.00;8.32;
"2019-09-02 14:26:00";34.60;26.60;26.30;0.00;0.00;0.00;0.00;3.91;277.19;4.51;23.97;65.26;17.05;0.00;0.00;2000.00;8.32;
"2019-09-02 14:31:00";34.30;26.70;26.50;0.00;0.00;0.00;0.00;2.80;287.62;3.25;24.02;65.77;17.22;0.00;0.00;2000.00;8.32;
"2019-09-02 14:36:00";33.10;26.70;26.50;0.00;0.00;0.00;0.00;3.03;325.80;4.00;23.57;66.28;16.92;0.00;0.00;2000.00;8.32;
"2019-09-02 14:41:00";32.20;26.80;26.60;0.00;0.00;0.00;0.00;2.38;288.02;3.57;23.23;67.34;16.84;0.00;0.00;2000.00;8.32;
"2019-09-02 14:46:00";29.90;26.80;26.60;0.00;59.00;0.00;1.00;1.39;302.39;2.39;23.11;68.07;16.89;0.16;60.00;2000.00;8.48;
"2019-09-02 14:51:00";27.90;26.90;26.70;0.00;199.00;0.00;1.00;2.48;303.99;3.42;22.85;69.05;16.88;0.38;60.00;2000.00;8.86;
"2019-09-02 14:56:00";26.70;26.90;26.70;0.00;114.00;0.00;1.00;2.26;280.14;2.91;22.37;70.27;16.69;0.21;60.00;2000.00;9.07;
"2019-09-02 15:01:00";26.30;26.90;26.70;0.00;109.00;0.00;1.00;2.10;282.82;2.48;22.17;71.10;16.68;0.01;60.00;2000.00;9.08;
"2019-09-02 15:06:00";25.90;27.10;26.80;0.00;187.00;0.00;1.00;0.00;0.00;0.00;22.09;72.44;16.90;0.21;60.00;2000.00;9.29;
"2019-09-02 15:11:00";25.60;27.10;26.80;0.00;137.00;0.00;1.00;0.60;260.72;2.09;22.01;73.86;17.13;0.01;0.00;2000.00;9.30;
"2019-09-02 15:16:00";25.30;27.10;26.80;0.00;166.00;0.00;1.00;0.00;0.00;1.82;22.01;75.14;17.40;0.00;0.00;2000.00;9.30;
"2019-09-02 15:21:00";25.20;27.10;26.90;0.00;87.00;0.00;1.00;0.00;0.00;0.00;21.88;76.12;17.48;0.01;60.00;2000.00;9.31;
"2019-09-02 15:26:00";25.00;27.20;26.90;0.00;74.00;0.00;1.00;0.00;0.00;0.00;21.78;77.39;17.65;0.00;0.00;2000.00;9.31;
"2019-09-02 15:31:00";24.80;27.20;26.90;0.00;85.00;0.00;1.00;0.00;0.00;0.00;21.96;78.43;18.04;0.00;0.00;2000.00;9.31;
"2019-09-02 15:36:00";25.00;27.20;26.90;0.00;46.00;0.00;1.00;0.00;0.00;0.00;22.00;79.10;18.20;0.00;0.00;2000.00;9.31;
"2019-09-02 15:41:00";25.20;27.20;26.90;0.00;41.00;0.00;1.00;0.00;0.00;0.00;21.96;80.22;18.40;0.00;0.00;2000.00;9.31;
"2019-09-02 15:46:00";25.10;27.20;26.90;0.00;51.00;0.00;1.00;0.00;0.00;0.00;22.00;80.58;18.51;0.02;60.00;2000.00;9.33;
"2019-09-02 15:51:00";24.70;27.20;26.90;0.00;51.00;0.00;1.00;0.00;0.00;1.59;21.84;80.69;18.37;0.02;60.00;2000.00;9.35;
"2019-09-02 15:56:00";24.40;27.10;26.90;0.00;33.00;0.00;1.00;2.89;298.56;2.89;22.03;81.76;18.77;0.01;0.00;2000.00;9.36;
"2019-09-02 16:01:00";23.70;27.10;26.90;0.00;33.00;0.00;1.00;7.44;255.89;8.66;21.70;80.39;18.18;0.04;60.00;2000.00;9.40;
"2019-09-02 16:06:00";23.20;27.10;26.90;0.00;142.00;0.00;1.00;3.06;311.46;4.99;20.50;81.15;17.15;0.28;60.00;2000.00;9.68;
"2019-09-02 16:11:00";22.80;27.10;26.90;0.00;257.00;0.00;1.00;3.95;334.29;5.54;19.91;82.08;16.76;0.62;60.00;2000.00;10.30;
"2019-09-02 16:16:00";22.50;27.10;26.90;0.00;247.00;0.00;1.00;2.92;310.31;6.47;19.39;83.06;16.43;1.14;60.00;2000.00;11.44;
"2019-09-02 16:21:00";22.30;27.10;26.90;0.00;227.00;0.00;1.00;4.37;316.71;4.64;19.12;84.53;16.45;0.85;60.00;2000.00;12.29;
"2019-09-02 16:26:00";22.10;26.90;26.90;0.00;264.00;0.00;1.00;2.35;305.81;3.87;19.05;85.60;16.57;0.13;60.00;2000.00;12.42;
"2019-09-02 16:31:00";22.10;26.90;26.80;0.00;193.00;0.00;1.00;3.61;299.69;5.12;18.97;86.54;16.67;0.01;60.00;2000.00;12.43;
"2019-09-02 16:36:00";21.80;26.90;26.80;0.00;237.00;0.00;1.00;3.81;301.14;6.70;18.89;87.20;16.72;0.39;60.00;2000.00;12.82;
"2019-09-02 16:41:00";21.70;26.90;26.80;0.00;234.00;0.00;1.00;3.66;301.88;7.35;18.79;87.99;16.76;0.09;60.00;2000.00;12.91;
"2019-09-02 16:46:00";21.60;26.80;26.80;0.00;423.00;0.00;2.00;2.97;306.84;3.45;18.78;88.52;16.84;0.07;60.00;2000.00;12.98;
"2019-09-02 16:51:00";21.50;26.80;26.80;0.00;137.00;0.00;1.00;3.30;340.35;4.07;18.68;89.12;16.85;0.02;0.00;2000.00;13.00;
"2019-09-02 16:56:00";21.50;26.80;26.80;0.00;260.00;0.00;1.00;4.17;309.96;4.90;18.60;89.34;16.81;0.03;60.00;2000.00;13.03;
"2019-09-02 17:01:00";21.40;26.70;26.70;0.00;317.00;0.00;2.00;2.02;329.32;5.19;18.53;90.18;16.89;0.31;60.00;2000.00;13.34;
"2019-09-02 17:06:00";21.40;26.70;26.70;0.00;237.00;0.00;1.00;3.49;333.53;3.49;18.52;90.58;16.95;0.22;60.00;2000.00;13.56;
"2019-09-02 17:11:00";21.30;26.70;26.70;0.00;187.00;0.00;1.00;3.27;310.86;3.88;18.47;91.01;16.97;0.21;60.00;2000.00;13.77;
"2019-09-02 17:16:00";21.30;26.60;26.70;0.00;163.00;0.00;1.00;3.18;284.51;3.57;18.63;91.56;17.23;0.00;0.00;2000.00;13.77;
"2019-09-02 17:21:00";21.20;26.60;26.60;0.00;123.00;0.00;1.00;3.06;312.68;3.73;18.52;91.69;17.14;0.01;60.00;2000.00;13.78;
"2019-09-02 17:26:00";21.00;26.60;26.60;0.00;112.00;0.00;1.00;4.41;300.92;5.95;18.27;91.85;16.92;0.59;60.00;2000.00;14.37;
"2019-09-02 17:31:00";20.70;26.50;26.60;0.00;160.00;0.00;1.00;4.82;281.30;7.32;18.01;91.96;16.68;0.32;60.00;2000.00;14.69;
"2019-09-02 17:36:00";20.60;26.50;26.50;0.00;98.00;0.00;1.00;5.98;307.88;7.72;17.95;92.55;16.72;0.00;0.00;2000.00;14.69;
"2019-09-02 17:41:00";20.40;26.30;26.50;0.00;101.00;0.00;1.00;4.79;309.61;9.26;17.77;92.67;16.57;0.01;0.00;2000.00;14.70;
"2019-09-02 17:46:00";20.10;26.30;26.50;0.00;134.00;0.00;1.00;4.27;325.48;9.91;17.64;92.75;16.45;0.01;60.00;2000.00;14.71;
"2019-09-02 17:51:00";19.90;26.30;26.30;0.00;117.00;0.00;1.00;3.48;300.27;7.35;17.44;92.81;16.27;0.02;60.00;2000.00;14.73;
"2019-09-02 17:56:00";19.90;26.20;26.30;0.00;87.00;0.00;1.00;4.77;309.17;6.30;17.45;92.82;16.28;0.00;0.00;2000.00;14.73;
"2019-09-02 18:01:00";19.90;26.20;26.30;0.00;69.00;0.00;1.00;4.14;322.38;5.02;17.47;92.94;16.31;0.00;0.00;2000.00;14.73;
"2019-09-02 18:06:00";19.90;26.10;26.20;0.00;82.00;0.00;1.00;3.37;301.93;5.00;17.42;92.78;16.24;0.00;0.00;2000.00;14.73;
"2019-09-02 18:11:00";19.90;26.10;26.20;0.00;85.00;0.00;1.00;4.31;340.31;4.31;17.41;92.61;16.20;0.00;0.00;2000.00;14.73;
"2019-09-02 18:16:00";19.80;26.10;26.20;0.00;54.00;0.00;1.00;2.68;319.24;3.89;17.35;92.61;16.14;0.00;0.00;2000.00;14.73;
"2019-09-02 18:21:00";19.70;26.00;26.10;0.00;56.00;0.00;1.00;1.97;309.58;2.86;17.36;92.69;16.16;0.00;0.00;2000.00;14.73;
"2019-09-02 18:26:00";19.70;26.00;26.10;0.00;51.00;0.00;1.00;4.94;304.64;4.94;17.22;92.13;15.93;0.00;0.00;2000.00;14.73;
"2019-09-02 18:31:00";19.60;25.90;26.10;0.00;41.00;0.00;1.00;1.97;328.79;3.74;17.23;92.00;15.92;0.00;0.00;2000.00;14.73;
"2019-09-02 18:36:00";19.60;25.90;26.00;0.00;28.00;0.00;0.00;2.50;334.57;3.29;17.29;91.78;15.94;0.00;0.00;2000.00;14.73;
"2019-09-02 18:41:00";19.50;25.90;26.00;0.00;24.00;0.00;0.00;2.06;320.49;3.68;17.13;91.61;15.76;0.00;0.00;2000.00;14.73;
"2019-09-02 18:46:00";19.40;25.80;26.00;0.00;36.00;0.00;1.00;1.93;315.41;3.43;17.11;91.30;15.68;0.00;0.00;2000.00;14.73;
"2019-09-02 18:51:00";19.30;25.80;25.90;0.00;19.00;0.00;0.00;2.48;291.77;4.02;17.09;91.00;15.61;0.00;0.00;2000.00;14.73;
"2019-09-02 18:56:00";19.30;25.60;25.90;0.00;0.00;0.00;0.00;2.38;303.75;2.90;17.10;90.76;15.57;0.00;0.00;2000.00;14.73;
"2019-09-02 19:01:00";19.50;25.60;25.90;0.00;0.00;0.00;0.00;1.39;325.35;3.17;17.04;90.57;15.49;0.00;0.00;2000.00;14.73;
"2019-09-02 19:06:00";19.70;25.60;25.80;0.00;0.00;0.00;0.00;1.85;303.47;4.52;17.04;90.23;15.42;0.00;0.00;2000.00;14.73;
"2019-09-02 19:11:00";19.90;25.50;25.80;0.00;0.00;0.00;0.00;4.09;301.86;4.09;17.03;89.98;15.37;0.00;0.00;2000.00;14.73;
"2019-09-02 19:16:00";20.10;25.50;25.60;0.00;0.00;0.00;0.00;2.56;280.59;3.25;16.99;89.53;15.25;0.00;0.00;2000.00;14.73;
"2019-09-02 19:21:00";20.20;25.40;25.60;0.00;0.00;0.00;0.00;2.10;303.34;3.09;16.99;89.19;15.20;0.00;0.00;2000.00;14.73;
"2019-09-02 19:26:00";20.10;25.40;25.60;0.00;0.00;0.00;0.00;3.90;307.97;4.37;16.87;88.71;15.00;0.00;0.00;2000.00;14.73;
"2019-09-02 19:31:00";20.20;25.30;25.50;0.00;0.00;0.00;0.00;4.23;307.67;4.46;16.84;88.26;14.88;0.00;0.00;2000.00;14.73;
"2019-09-02 19:36:00";20.20;25.30;25.50;0.00;0.00;0.00;0.00;3.09;298.13;4.45;16.75;87.91;14.74;0.00;0.00;2000.00;14.73;
"2019-09-02 19:41:00";20.10;25.30;25.40;0.00;0.00;0.00;0.00;3.57;329.51;3.57;16.70;87.41;14.59;0.00;0.00;2000.00;14.73;
"2019-09-02 19:46:00";20.10;25.20;25.40;0.00;0.00;0.00;0.00;2.05;318.04;3.58;16.67;86.77;14.46;0.00;0.00;2000.00;14.73;
"2019-09-02 19:51:00";20.10;25.20;25.40;0.00;0.00;0.00;0.00;2.84;314.31;3.18;16.60;85.99;14.25;0.00;0.00;2000.00;14.73;
"2019-09-02 19:56:00";20.10;25.10;25.30;0.00;0.00;0.00;0.00;3.07;309.13;5.40;16.57;85.24;14.08;0.00;0.00;2000.00;14.73;
"2019-09-02 20:01:00";20.00;25.10;25.30;0.00;0.00;0.00;0.00;1.65;326.24;3.69;16.56;84.77;13.99;0.00;0.00;2000.00;14.73;
"2019-09-02 20:06:00";20.00;25.10;25.30;0.00;0.00;0.00;0.00;2.27;305.89;4.08;16.51;83.97;13.79;0.00;0.00;2000.00;14.73;
"2019-09-02 20:11:00";20.00;25.00;25.20;0.00;0.00;0.00;0.00;1.63;323.81;2.32;16.45;83.58;13.66;0.00;0.00;2000.00;14.73;
"2019-09-02 20:16:00";20.00;25.00;25.20;0.00;0.00;0.00;0.00;2.32;299.29;2.78;16.43;83.16;13.56;0.00;0.00;2000.00;14.73;
"2019-09-02 20:21:00";19.90;25.00;25.20;0.00;0.00;0.00;0.00;1.24;317.08;1.82;16.37;82.69;13.41;0.00;0.00;2000.00;14.73;
"2019-09-02 20:26:00";19.90;24.80;25.20;0.00;0.00;0.00;0.00;2.28;299.66;2.28;16.31;82.52;13.33;0.00;0.00;2000.00;14.73;
"2019-09-02 20:31:00";19.80;24.80;25.10;0.00;0.00;0.00;0.00;2.39;291.48;2.63;16.23;82.36;13.22;0.00;0.00;2000.00;14.73;
"2019-09-02 20:36:00";19.60;24.80;25.10;0.00;0.00;0.00;0.00;1.72;298.49;2.39;16.17;82.10;13.11;0.00;0.00;2000.00;14.73;
"2019-09-02 20:41:00";19.60;24.70;25.10;0.00;0.00;0.00;0.00;0.00;0.00;1.00;16.07;81.89;12.97;0.00;0.00;2000.00;14.73;
"2019-09-02 20:46:00";19.60;24.70;25.00;0.00;0.00;0.00;0.00;0.00;0.00;0.95;16.04;81.82;12.93;0.00;0.00;2000.00;14.73;
"2019-09-02 20:51:00";19.60;24.70;25.00;0.00;0.00;0.00;0.00;0.00;0.00;0.82;16.08;81.76;12.96;0.00;0.00;2000.00;14.73;
"2019-09-02 20:56:00";19.50;24.60;25.00;0.00;0.00;0.00;0.00;0.00;0.00;0.81;16.05;81.45;12.87;0.00;0.00;2000.00;14.73;
"2019-09-02 21:01:00";19.50;24.60;25.00;0.00;0.00;0.00;0.00;0.00;0.00;0.64;16.01;81.37;12.82;0.00;0.00;2000.00;14.73;
"2019-09-02 21:06:00";19.50;24.60;24.80;0.00;0.00;0.00;0.00;0.00;0.00;0.00;15.98;81.26;12.77;0.00;0.00;2000.00;14.73;
"2019-09-02 21:11:00";19.30;24.50;24.80;0.00;0.00;0.00;0.00;0.00;0.00;0.00;15.98;81.04;12.73;0.00;0.00;2000.00;14.73;
"2019-09-02 21:16:00";19.20;24.50;24.80;0.00;0.00;0.00;0.00;0.00;0.00;0.00;15.92;80.80;12.62;0.00;0.00;2000.00;14.73;
"2019-09-02 21:21:00";19.00;24.50;24.70;0.00;0.00;0.00;0.00;0.00;0.00;0.00;15.83;80.66;12.51;0.00;0.00;2000.00;14.73;
"2019-09-02 21:26:00";18.90;24.50;24.70;0.00;0.00;0.00;0.00;0.00;0.00;0.00;15.72;80.54;12.38;0.00;0.00;2000.00;14.73;
"2019-09-02 21:31:00";18.80;24.40;24.70;0.00;0.00;0.00;0.00;0.00;0.00;0.00;15.54;80.68;12.23;0.00;0.00;2000.00;14.73;
"2019-09-02 21:36:00";18.70;24.40;24.70;0.00;0.00;0.00;0.00;0.00;0.00;0.00;15.54;80.73;12.24;0.00;0.00;2000.00;14.73;
"2019-09-02 21:41:00";18.60;24.40;24.60;0.00;0.00;0.00;0.00;0.00;0.00;0.00;15.54;80.69;12.23;0.00;0.00;2000.00;14.73;
"2019-09-02 21:46:00";18.50;24.40;24.60;0.00;0.00;0.00;0.00;0.00;0.00;0.00;15.42;80.76;12.13;0.00;0.00;2000.00;14.73;
"2019-09-02 21:51:00";18.30;24.30;24.60;0.00;0.00;0.00;0.00;0.00;0.00;0.00;15.28;80.77;11.99;0.00;0.00;2000.00;14.73;
"2019-09-02 21:56:00";18.20;24.30;24.60;0.00;0.00;0.00;0.00;0.00;0.00;0.00;15.10;81.01;11.86;0.00;0.00;2000.00;14.73;
"2019-09-02 22:01:00";18.10;24.30;24.50;0.00;0.00;0.00;0.00;0.00;0.00;0.00;14.98;81.19;11.78;0.00;0.00;2000.00;14.73;
"2019-09-02 22:06:00";18.10;24.20;24.50;0.00;0.00;0.00;0.00;0.00;0.00;0.00;14.76;81.38;11.60;0.00;0.00;2000.00;14.73;
"2019-09-02 22:11:00";18.00;24.20;24.50;0.00;0.00;0.00;0.00;0.00;0.00;0.00;14.58;81.75;11.49;0.00;0.00;2000.00;14.73;
"2019-09-02 22:16:00";17.90;24.20;24.40;0.00;0.00;0.00;0.00;0.00;0.00;0.00;14.44;82.07;11.41;0.00;0.00;2000.00;14.73;
"2019-09-02 22:21:00";17.80;24.20;24.40;0.00;0.00;0.00;0.00;0.00;0.00;0.00;14.34;82.53;11.40;0.00;0.00;2000.00;14.73;
"2019-09-02 22:26:00";17.70;24.10;24.40;0.00;0.00;0.00;0.00;0.00;0.00;0.00;14.23;82.96;11.38;0.00;0.00;2000.00;14.73;
"2019-09-02 22:31:00";17.60;24.10;24.40;0.00;0.00;0.00;0.00;0.00;0.00;0.00;14.09;83.31;11.31;0.00;0.00;2000.00;14.73;
"2019-09-02 22:36:00";17.50;24.10;24.30;0.00;0.00;0.00;0.00;0.00;0.00;0.00;13.93;83.77;11.23;0.00;0.00;2000.00;14.73;
"2019-09-02 22:41:00";17.40;23.90;24.30;0.00;0.00;0.00;0.00;0.00;0.00;0.00;13.86;84.23;11.24;0.00;0.00;2000.00;14.73;
"2019-09-02 22:46:00";17.30;23.90;24.30;0.00;0.00;0.00;0.00;0.00;0.00;0.00;13.80;84.65;11.26;0.00;0.00;2000.00;14.73;
"2019-09-02 22:51:00";17.30;23.90;24.30;0.00;0.00;0.00;0.00;0.00;0.00;0.00;13.83;85.14;11.37;0.00;0.00;2000.00;14.73;
"2019-09-02 22:56:00";17.20;23.90;24.20;0.00;0.00;0.00;0.00;0.00;0.00;0.00;13.74;85.30;11.31;0.00;0.00;2000.00;14.73;
"2019-09-02 23:01:00";17.10;23.80;24.20;0.00;0.00;0.00;0.00;0.00;0.00;0.00;13.64;85.73;11.29;0.00;0.00;2000.00;14.73;
"2019-09-02 23:06:00";17.10;23.80;24.20;0.00;0.00;0.00;0.00;0.00;0.00;0.00;13.61;86.14;11.34;0.00;0.00;2000.00;14.73;
"2019-09-02 23:11:00";17.00;23.80;24.20;0.00;0.00;0.00;0.00;0.00;0.00;0.00;13.47;86.41;11.24;0.00;0.00;2000.00;14.73;
"2019-09-02 23:16:00";17.00;23.70;24.10;0.00;0.00;0.00;0.00;0.00;0.00;0.00;13.47;86.94;11.33;0.00;0.00;2000.00;14.73;
"2019-09-02 23:21:00";16.90;23.70;24.10;0.00;0.00;0.00;0.00;0.00;0.00;0.00;13.43;87.17;11.34;0.00;0.00;2000.00;14.73;
"2019-09-02 23:26:00";16.90;23.70;24.10;0.00;0.00;0.00;0.00;0.00;0.00;0.00;13.40;87.42;11.35;0.00;0.00;2000.00;14.73;
"2019-09-02 23:31:00";16.90;23.60;23.90;0.00;0.00;0.00;0.00;0.00;0.00;0.00;13.26;87.68;11.25;0.00;0.00;2000.00;14.73;
"2019-09-02 23:36:00";16.90;23.60;23.90;0.00;0.00;0.00;0.00;0.00;0.00;0.00;13.23;88.05;11.29;0.00;0.00;2000.00;14.73;
"2019-09-02 23:41:00";17.00;23.60;23.90;0.00;0.00;0.00;0.00;0.00;0.00;0.00;13.37;88.74;11.55;0.00;0.00;2000.00;14.73;
"2019-09-02 23:46:00";17.20;23.60;23.90;0.00;0.00;0.00;0.00;0.00;0.00;0.00;13.66;88.81;11.85;0.00;0.00;2000.00;14.73;
"2019-09-02 23:51:00";17.30;23.50;23.80;0.00;0.00;0.00;0.00;0.00;0.00;0.00;13.89;88.94;12.10;0.00;0.00;2000.00;14.73;
"2019-09-02 23:56:00";17.50;23.50;23.80;0.00;0.00;0.00;0.00;0.00;0.00;0.00;14.09;88.93;12.29;0.00;0.00;2000.00;14.73;
"2019-09-03 00:01:00";17.60;23.50;23.80;0.00;0.00;0.00;0.00;0.00;0.00;0.00;14.15;88.97;12.36;0.00;0.00;2000.00;14.73;
"2019-09-03 00:06:00";17.60;23.40;23.80;0.00;0.00;0.00;0.00;0.00;0.00;0.00;14.21;88.96;12.42;0.00;0.00;2000.00;14.73;
"2019-09-03 00:11:00";17.70;23.40;23.70;0.00;0.00;0.00;0.00;0.00;0.00;0.00;14.22;88.94;12.42;0.00;0.00;2000.00;14.73;
"2019-09-03 00:16:00";17.60;23.40;23.70;0.00;0.00;0.00;0.00;0.00;0.00;0.00;14.13;88.85;12.32;0.00;0.00;2000.00;14.73;
"2019-09-03 00:21:00";17.60;23.30;23.70;0.00;0.00;0.00;0.00;0.00;0.00;0.00;13.98;88.92;12.18;0.00;0.00;2000.00;14.73;
"2019-09-03 00:26:00";17.50;23.30;23.60;0.00;0.00;0.00;0.00;0.00;0.00;0.00;14.10;89.01;12.31;0.00;0.00;2000.00;14.73;
"2019-09-03 00:31:00";17.40;23.30;23.60;0.00;0.00;0.00;0.00;0.00;0.00;0.00;14.11;88.82;12.29;0.00;0.00;2000.00;14.73;
"2019-09-03 00:36:00";17.30;23.30;23.60;0.00;0.00;0.00;0.00;0.00;0.00;0.00;14.06;88.84;12.25;0.00;0.00;2000.00;14.73;
"2019-09-03 00:41:00";17.30;23.20;23.50;0.00;0.00;0.00;0.00;0.00;0.00;0.00;14.09;88.92;12.29;0.00;0.00;2000.00;14.73;
"2019-09-03 00:46:00";17.20;23.20;23.50;0.00;0.00;0.00;0.00;0.00;0.00;0.00;14.04;88.81;12.22;0.00;0.00;2000.00;14.73;
"2019-09-03 00:51:00";17.00;23.20;23.50;0.00;0.00;0.00;0.00;0.00;0.00;0.00;13.93;88.53;12.07;0.00;0.00;2000.00;14.73;
"2019-09-03 00:56:00";16.90;23.20;23.50;0.00;0.00;0.00;0.00;0.00;0.00;0.00;13.69;88.52;11.83;0.00;0.00;2000.00;14.73;
"2019-09-03 01:01:00";16.90;23.20;23.50;0.00;0.00;0.00;0.00;0.00;0.00;0.00;13.48;88.56;11.63;0.00;0.00;2000.00;14.73;
"2019-09-03 01:06:00";16.90;23.10;23.40;0.00;0.00;0.00;0.00;0.00;0.00;0.00;13.31;88.73;11.49;0.00;0.00;2000.00;14.73;
"2019-09-03 01:11:00";17.00;23.10;23.40;0.00;0.00;0.00;0.00;0.00;0.00;0.00;13.23;88.73;11.41;0.00;0.00;2000.00;14.73;
"2019-09-03 01:16:00";17.10;23.10;23.40;0.00;0.00;0.00;0.00;0.00;0.00;0.00;13.15;88.90;11.36;0.00;0.00;2000.00;14.73;
"2019-09-03 01:21:00";17.20;23.00;23.30;0.00;0.00;0.00;0.00;0.00;0.00;0.00;13.16;89.05;11.40;0.00;0.00;2000.00;14.73;
"2019-09-03 01:26:00";17.20;23.00;23.30;0.00;0.00;0.00;0.00;0.00;0.00;0.00;13.15;89.26;11.42;0.00;0.00;2000.00;14.73;
"2019-09-03 01:31:00";17.30;23.00;23.30;0.00;0.00;0.00;0.00;0.00;0.00;0.00;13.11;89.40;11.40;0.00;0.00;2000.00;14.73;
"2019-09-03 01:36:00";17.30;22.80;23.30;0.00;0.00;0.00;0.00;0.00;0.00;0.00;13.15;89.56;11.47;0.00;0.00;2000.00;14.73;
"2019-09-03 01:41:00";17.30;22.80;23.30;0.00;0.00;0.00;0.00;0.00;0.00;0.00;13.13;89.79;11.49;0.00;0.00;2000.00;14.73;
"2019-09-03 01:46:00";17.40;22.80;23.20;0.00;0.00;0.00;0.00;0.00;0.00;0.00;13.26;90.08;11.67;0.00;0.00;2000.00;14.73;
"2019-09-03 01:51:00";17.40;22.80;23.20;0.00;0.00;0.00;0.00;0.00;0.00;0.00;13.46;90.15;11.87;0.00;0.00;2000.00;14.73;
"2019-09-03 01:56:00";17.50;22.70;23.20;0.00;0.00;0.00;0.00;0.00;0.00;0.00;13.59;90.24;12.02;0.00;0.00;2000.00;14.73;
"2019-09-03 02:01:00";17.50;22.70;23.20;0.00;0.00;0.00;0.00;0.00;0.00;0.00;13.69;90.32;12.13;0.00;0.00;2000.00;14.73;
"2019-09-03 02:06:00";17.60;22.70;23.20;0.00;0.00;0.00;0.00;0.00;0.00;0.00;13.71;90.31;12.15;0.00;0.00;2000.00;14.73;
"2019-09-03 02:11:00";17.60;22.70;23.10;0.00;0.00;0.00;0.00;0.00;0.00;0.00;13.73;90.33;12.17;0.00;0.00;2000.00;14.73;
"2019-09-03 02:16:00";17.60;22.70;23.10;0.00;0.00;0.00;0.00;0.00;0.00;0.00;13.76;90.37;12.21;0.00;0.00;2000.00;14.73;
"2019-09-03 02:21:00";17.70;22.70;23.10;0.00;0.00;0.00;0.00;0.00;0.00;0.00;13.79;90.33;12.23;0.00;0.00;2000.00;14.73;
"2019-09-03 02:26:00";17.70;22.60;23.10;0.00;0.00;0.00;0.00;0.00;0.00;0.00;13.91;90.41;12.37;0.00;0.00;2000.00;14.73;
"2019-09-03 02:31:00";17.80;22.60;23.00;0.00;0.00;0.00;0.00;0.00;0.00;0.00;14.11;90.28;12.54;0.00;0.00;2000.00;14.73;
"2019-09-03 02:36:00";17.80;22.60;23.00;0.00;0.00;0.00;0.00;0.00;0.00;0.00;14.22;90.05;12.61;0.00;0.00;2000.00;14.73;
"2019-09-03 02:41:00";17.80;22.60;23.00;0.00;0.00;0.00;0.00;0.00;0.00;0.00;14.19;89.86;12.55;0.00;0.00;2000.00;14.73;
"2019-09-03 02:46:00";17.80;22.60;23.00;0.00;0.00;0.00;0.00;0.00;0.00;0.00;14.14;89.69;12.47;0.00;0.00;2000.00;14.73;
"2019-09-03 02:51:00";17.80;22.50;23.00;0.00;0.00;0.00;0.00;0.00;0.00;0.00;14.10;89.38;12.38;0.00;0.00;2000.00;14.73;
"2019-09-03 02:56:00";17.80;22.50;22.80;0.00;0.00;0.00;0.00;0.00;0.00;0.00;14.06;89.23;12.32;0.00;0.00;2000.00;14.73;
"2019-09-03 03:01:00";17.80;22.50;22.80;0.00;0.00;0.00;0.00;0.00;0.00;0.00;14.04;89.03;12.26;0.00;0.00;2000.00;14.73;
"2019-09-03 03:06:00";17.80;22.50;22.80;0.00;0.00;0.00;0.00;0.00;0.00;0.00;14.01;88.79;12.19;0.00;0.00;2000.00;14.73;
"2019-09-03 03:11:00";17.80;22.50;22.80;0.00;0.00;0.00;0.00;0.00;0.00;0.00;14.06;88.72;12.23;0.00;0.00;2000.00;14.73;
"2019-09-03 03:16:00";17.80;22.50;22.80;0.00;0.00;0.00;0.00;0.00;0.00;0.00;14.07;88.44;12.18;0.00;0.00;2000.00;14.73;
"2019-09-03 03:21:00";17.80;22.40;22.80;0.00;0.00;0.00;0.00;0.00;0.00;0.00;14.14;88.31;12.24;0.00;0.00;2000.00;14.73;
"2019-09-03 03:26:00";17.80;22.40;22.70;0.00;0.00;0.00;0.00;0.00;0.00;0.00;14.18;88.03;12.22;0.00;0.00;2000.00;14.73;
"2019-09-03 03:31:00";17.80;22.40;22.70;0.00;0.00;0.00;0.00;0.00;0.00;0.00;14.19;87.79;12.19;0.00;0.00;2000.00;14.73;
"2019-09-03 03:36:00";17.80;22.40;22.70;0.00;0.00;0.00;0.00;0.00;0.00;0.00;14.24;87.59;12.20;0.00;0.00;2000.00;14.73;
"2019-09-03 03:41:00";17.80;22.40;22.70;0.00;0.00;0.00;0.00;0.00;0.00;0.00;14.17;87.31;12.09;0.00;0.00;2000.00;14.73;
"2019-09-03 03:46:00";17.80;22.30;22.70;0.00;0.00;0.00;0.00;0.00;0.00;0.00;14.09;87.07;11.97;0.00;0.00;2000.00;14.73;
"2019-09-03 03:51:00";17.70;22.30;22.70;0.00;0.00;0.00;0.00;0.00;0.00;0.00;13.99;86.88;11.84;0.00;0.00;2000.00;14.73;
"2019-09-03 03:56:00";17.70;22.30;22.60;0.00;0.00;0.00;0.00;0.00;0.00;0.00;13.86;86.77;11.69;0.00;0.00;2000.00;14.73;
"2019-09-03 04:01:00";17.70;22.30;22.60;0.00;0.00;0.00;0.00;0.00;0.00;0.00;13.85;86.80;11.69;0.00;0.00;2000.00;14.73;
"2019-09-03 04:06:00";17.70;22.30;22.60;0.00;0.00;0.00;0.00;0.00;0.00;0.00;13.82;86.72;11.65;0.00;0.00;2000.00;14.73;
"2019-09-03 04:11:00";17.70;22.20;22.60;0.00;0.00;0.00;0.00;0.00;0.00;0.00;13.77;86.75;11.60;0.00;0.00;2000.00;14.73;
"2019-09-03 04:16:00";17.70;22.20;22.60;0.00;0.00;0.00;0.00;0.00;0.00;0.00;13.75;86.80;11.59;0.00;0.00;2000.00;14.73;
"2019-09-03 04:21:00";17.70;22.20;22.60;0.00;0.00;0.00;0.00;0.00;0.00;0.00;13.73;86.83;11.57;0.00;0.00;2000.00;14.73;
"2019-09-03 04:26:00";17.70;22.20;22.50;0.00;0.00;0.00;0.00;0.00;0.00;0.00;13.67;86.83;11.52;0.00;0.00;2000.00;14.73;
"2019-09-03 04:31:00";17.70;22.20;22.50;0.00;0.00;0.00;0.00;0.00;0.00;0.00;13.60;86.97;11.47;0.00;0.00;2000.00;14.73;
"2019-09-03 04:36:00";17.60;22.20;22.50;0.00;0.00;0.00;0.00;0.00;0.00;0.00;13.59;87.12;11.49;0.00;0.00;2000.00;14.73;
"2019-09-03 04:41:00";17.60;22.20;22.50;0.00;0.00;0.00;0.00;0.00;0.00;0.00;13.65;87.21;11.56;0.00;0.00;2000.00;14.73;
"2019-09-03 04:46:00";17.60;22.20;22.50;0.00;0.00;0.00;0.00;0.00;0.00;0.00;13.69;87.26;11.61;0.00;0.00;2000.00;14.73;
"2019-09-03 04:51:00";17.60;22.10;22.50;0.00;0.00;0.00;0.00;0.00;0.00;0.00;13.68;87.36;11.62;0.00;0.00;2000.00;14.73;
"2019-09-03 04:56:00";17.60;22.10;22.40;0.00;0.00;0.00;0.00;0.00;0.00;0.00;13.78;87.37;11.71;0.00;0.00;2000.00;14.73;
"2019-09-03 05:01:00";17.60;22.10;22.40;0.00;0.00;0.00;0.00;0.00;0.00;0.00;13.78;87.33;11.71;0.00;0.00;2000.00;14.73;
"2019-09-03 05:06:00";17.50;22.10;22.40;0.00;0.00;0.00;0.00;0.00;0.00;0.00;13.77;87.35;11.70;0.00;0.00;2000.00;14.73;
"2019-09-03 05:11:00";17.50;22.10;22.40;0.00;0.00;0.00;0.00;0.00;0.00;0.00;13.79;87.36;11.73;0.00;0.00;2000.00;14.73;
"2019-09-03 05:16:00";17.50;22.10;22.40;0.00;0.00;0.00;0.00;0.00;0.00;0.00;13.78;87.25;11.70;0.00;0.00;2000.00;14.73;
"2019-09-03 05:21:00";17.50;22.00;22.40;0.00;0.00;0.00;0.00;0.00;0.00;0.00;13.77;87.23;11.68;0.00;0.00;2000.00;14.73;
"2019-09-03 05:26:00";17.50;22.00;22.40;0.00;0.00;0.00;0.00;0.00;0.00;0.00;13.74;87.20;11.64;0.00;0.00;2000.00;14.73;
"2019-09-03 05:31:00";17.50;22.00;22.30;0.00;0.00;0.00;0.00;0.00;0.00;0.00;13.79;87.14;11.68;0.00;0.00;2000.00;14.73;
"2019-09-03 05:36:00";17.40;22.00;22.30;0.00;0.00;0.00;0.00;0.00;0.00;0.00;13.79;87.18;11.69;0.00;0.00;2000.00;14.73;
"2019-09-03 05:41:00";17.40;22.00;22.30;0.00;0.00;0.00;0.00;0.00;0.00;0.00;13.77;87.10;11.66;0.00;0.00;2000.00;14.73;
"2019-09-03 05:46:00";17.40;22.00;22.30;0.00;0.00;0.00;0.00;0.00;0.00;0.00;13.79;87.05;11.67;0.00;0.00;2000.00;14.73;
"2019-09-03 05:51:00";17.40;22.00;22.30;0.00;0.00;0.00;0.00;0.00;0.00;0.00;13.72;86.98;11.59;0.00;0.00;2000.00;14.73;
"2019-09-03 05:56:00";17.30;22.00;22.30;0.00;0.00;0.00;0.00;0.00;0.00;0.00;13.74;86.92;11.60;0.00;0.00;2000.00;14.73;
"2019-09-03 06:01:00";17.30;21.90;22.30;0.00;0.00;0.00;0.00;0.00;0.00;0.00;13.72;86.89;11.58;0.00;0.00;2000.00;14.73;
"2019-09-03 06:06:00";17.30;21.90;22.20;0.00;0.00;0.00;0.00;0.00;0.00;0.00;13.78;86.85;11.62;0.00;0.00;2000.00;14.73;
"2019-09-03 06:11:00";17.30;21.90;22.20;0.00;0.00;0.00;0.00;0.00;0.00;0.00;13.80;86.85;11.64;0.00;0.00;2000.00;14.73;
"2019-09-03 06:16:00";17.30;21.90;22.20;0.00;0.00;0.00;0.00;0.00;0.00;0.00;13.74;86.77;11.57;0.00;0.00;2000.00;14.73;
"2019-09-03 06:21:00";17.30;21.90;22.20;0.00;0.00;0.00;0.00;0.00;0.00;0.00;13.73;86.69;11.55;0.00;0.00;2000.00;14.73;
"2019-09-03 06:26:00";17.20;21.90;22.20;0.00;0.00;0.00;0.00;0.00;0.00;0.00;13.73;86.72;11.56;0.00;0.00;2000.00;14.73;
"2019-09-03 06:31:00";17.20;21.80;22.20;0.00;0.00;0.00;0.00;0.00;0.00;0.00;13.73;86.79;11.56;0.00;0.00;2000.00;14.73;
"2019-09-03 06:36:00";17.20;21.80;22.10;0.00;0.00;0.00;0.00;2.23;240.10;2.23;13.77;86.55;11.57;0.00;0.00;2000.00;14.73;
"2019-09-03 06:41:00";17.20;21.80;22.20;0.00;0.00;0.00;0.00;0.00;0.00;0.00;13.84;86.55;11.63;0.00;0.00;2000.00;14.73;
"2019-09-03 06:46:00";17.20;21.80;22.10;0.00;0.00;0.00;0.00;0.76;250.08;0.76;13.84;86.46;11.62;0.00;0.00;2000.00;14.73;
"2019-09-03 06:51:00";17.10;21.80;22.10;0.00;0.00;0.00;0.00;0.00;0.00;0.00;13.82;86.34;11.58;0.00;0.00;2000.00;14.73;
"2019-09-03 06:56:00";17.20;21.80;22.10;0.00;0.00;0.00;0.00;0.00;0.00;0.00;13.85;86.36;11.61;0.00;0.00;2000.00;14.73;
"2019-09-03 07:01:00";17.20;21.80;22.10;0.00;0.00;0.00;0.00;0.00;0.00;0.00;13.81;86.18;11.54;0.00;0.00;2000.00;14.73;
"2019-09-03 07:06:00";17.20;21.70;22.10;0.00;0.00;0.00;0.00;0.00;0.00;0.00;13.73;86.18;11.46;0.00;0.00;2000.00;14.73;
"2019-09-03 07:11:00";17.20;21.70;22.00;0.00;0.00;0.00;0.00;1.59;248.34;1.59;13.83;86.30;11.58;0.00;0.00;2000.00;14.73;
"2019-09-03 07:16:00";17.30;21.70;22.10;0.00;0.00;0.00;0.00;0.00;0.00;1.16;13.81;86.24;11.55;0.00;0.00;2000.00;14.73;
"2019-09-03 07:21:00";17.30;21.70;22.00;0.00;0.00;0.00;0.00;0.00;0.00;0.00;13.92;86.12;11.64;0.00;0.00;2000.00;14.73;
"2019-09-03 07:26:00";17.30;21.70;22.00;0.00;0.00;0.00;0.00;0.00;0.00;0.00;13.83;85.98;11.52;0.00;0.00;2000.00;14.73;
"2019-09-03 07:31:00";17.30;21.70;22.00;0.00;0.00;0.00;0.00;0.00;0.00;0.00;13.66;86.14;11.39;0.00;0.00;2000.00;14.73;
"2019-09-03 07:36:00";17.30;21.70;22.00;0.00;0.00;0.00;0.00;0.00;0.00;0.00;13.63;86.19;11.37;0.00;0.00;2000.00;14.73;
"2019-09-03 07:41:00";17.40;21.60;22.00;0.00;0.00;0.00;0.00;0.00;0.00;0.00;13.69;86.40;11.46;0.00;0.00;2000.00;14.73;
"2019-09-03 07:46:00";17.50;21.60;22.00;0.00;0.00;0.00;0.00;0.00;0.00;0.00;13.72;86.50;11.50;0.00;0.00;2000.00;14.73;
"2019-09-03 07:51:00";17.60;21.60;22.00;0.00;0.00;0.00;0.00;0.00;0.00;0.00;13.97;86.58;11.76;0.00;0.00;2000.00;14.73;
"2019-09-03 07:56:00";17.70;21.60;21.90;0.00;0.00;0.00;0.00;0.00;0.00;0.00;13.88;86.39;11.64;0.00;0.00;2000.00;14.73;
"2019-09-03 08:01:00";17.80;21.60;21.90;0.00;0.00;0.00;0.00;0.00;0.00;0.00;13.85;86.53;11.64;0.00;0.00;2000.00;14.73;
"2019-09-03 08:06:00";17.90;21.60;21.90;0.00;0.00;0.00;0.00;0.00;0.00;1.91;13.95;86.49;11.73;0.00;0.00;2000.00;14.73;
"2019-09-03 08:11:00";18.00;21.40;21.90;0.00;0.00;0.00;0.00;0.00;0.00;1.63;14.10;86.80;11.93;0.00;0.00;2000.00;14.73;
"2019-09-03 08:16:00";18.10;21.40;21.90;0.00;0.00;0.00;0.00;0.73;272.65;1.68;14.18;86.46;11.96;0.00;0.00;2000.00;14.73;
"2019-09-03 08:21:00";18.10;21.40;21.80;0.00;0.00;0.00;0.00;0.00;0.00;1.78;14.24;86.39;12.00;0.00;0.00;2000.00;14.73;
"2019-09-03 08:26:00";18.20;21.40;21.80;0.00;0.00;0.00;0.00;1.39;277.69;2.12;14.28;86.17;12.00;0.00;0.00;2000.00;14.73;
"2019-09-03 08:31:00";18.30;21.40;21.80;0.00;0.00;0.00;0.00;2.46;265.22;3.27;14.26;85.99;11.95;0.00;0.00;2000.00;14.73;
"2019-09-03 08:36:00";18.30;21.40;21.80;0.00;0.00;0.00;0.00;0.00;0.00;2.36;14.23;85.93;11.91;0.00;0.00;2000.00;14.73;
"2019-09-03 08:41:00";18.50;21.40;21.80;0.00;0.00;0.00;0.00;0.00;0.00;0.77;14.35;85.58;11.96;0.00;0.00;2000.00;14.73;
"2019-09-03 08:46:00";18.60;21.40;21.80;0.00;0.00;0.00;0.00;1.16;284.07;2.51;14.46;85.35;12.03;0.00;0.00;2000.00;14.73;
"2019-09-03 08:51:00";18.70;21.40;21.80;0.00;0.00;0.00;0.00;0.00;0.00;0.87;14.55;85.11;12.08;0.00;0.00;2000.00;14.73;
"2019-09-03 08:56:00";18.80;21.40;21.80;0.00;0.00;0.00;0.00;0.71;289.25;1.17;14.58;84.95;12.07;0.00;0.00;2000.00;14.73;
"2019-09-03 09:01:00";18.90;21.30;21.80;0.00;0.00;0.00;0.00;0.00;0.00;1.40;14.70;84.93;12.19;0.00;0.00;2000.00;14.73;
"2019-09-03 09:06:00";19.10;21.30;21.80;0.00;0.00;0.00;0.00;0.00;0.00;1.17;14.77;84.52;12.19;0.00;0.00;2000.00;14.73;
"2019-09-03 09:11:00";19.30;21.30;21.80;0.00;0.00;0.00;0.00;0.00;0.00;0.88;14.86;84.11;12.19;0.00;0.00;2000.00;14.73;
"2019-09-03 09:16:00";19.30;21.30;21.80;0.00;0.00;0.00;0.00;0.00;0.00;0.00;14.87;83.70;12.14;0.00;0.00;2000.00;14.73;
"2019-09-03 09:21:00";19.40;21.30;21.70;0.00;0.00;0.00;0.00;0.00;0.00;1.09;14.96;83.50;12.19;0.00;0.00;2000.00;14.73;
"2019-09-03 09:26:00";19.40;21.30;21.70;0.00;0.00;0.00;0.00;0.62;303.28;0.62;15.00;83.30;12.19;0.00;0.00;2000.00;14.73;
"2019-09-03 09:31:00";19.60;21.30;21.70;0.00;0.00;0.00;0.00;1.04;264.83;1.15;15.10;83.06;12.24;0.00;0.00;2000.00;14.73;
"2019-09-03 09:36:00";19.80;21.30;21.70;0.00;0.00;0.00;0.00;0.00;0.00;1.11;15.22;82.94;12.34;0.00;0.00;2000.00;14.73;
"2019-09-03 09:41:00";19.90;21.30;21.70;0.00;0.00;0.00;0.00;0.00;0.00;0.00;15.26;82.45;12.29;0.00;0.00;2000.00;14.73;
"2019-09-03 09:46:00";20.00;21.30;21.70;0.00;0.00;0.00;0.00;1.50;236.15;1.51;15.36;82.05;12.31;0.00;0.00;2000.00;14.73;
"2019-09-03 09:51:00";20.20;21.30;21.70;0.00;0.00;0.00;0.00;0.00;0.00;0.80;15.39;82.20;12.37;0.00;0.00;2000.00;14.73;
"2019-09-03 09:56:00";20.40;21.30;21.70;0.00;0.00;0.00;0.00;0.72;255.88;0.72;15.51;82.00;12.45;0.00;0.00;2000.00;14.73;
"2019-09-03 10:01:00";20.70;21.30;21.70;0.00;0.00;0.00;0.00;0.00;0.00;0.00;15.52;81.65;12.39;0.00;0.00;2000.00;14.73;
"2019-09-03 10:06:00";20.90;21.30;21.70;0.00;0.00;0.00;0.00;0.00;0.00;1.41;15.61;81.18;12.40;0.00;0.00;2000.00;14.73;
"2019-09-03 10:11:00";21.20;21.30;21.70;0.00;0.00;0.00;0.00;1.24;260.46;2.06;15.68;81.30;12.49;0.00;0.00;2000.00;14.73;
"2019-09-03 10:16:00";21.30;21.30;21.70;0.00;0.00;0.00;0.00;0.65;273.31;0.99;15.72;80.82;12.43;0.00;0.00;2000.00;14.73;
"2019-09-03 10:21:00";21.50;21.30;21.70;0.00;0.00;0.00;0.00;0.00;0.00;0.00;15.83;80.51;12.48;0.00;0.00;2000.00;14.73;
"2019-09-03 10:26:00";21.80;21.30;21.70;0.00;0.00;0.00;0.00;0.00;0.00;0.00;16.03;80.26;12.63;0.00;0.00;2000.00;14.73;
"2019-09-03 10:31:00";22.00;21.30;21.70;0.00;0.00;0.00;0.00;0.66;294.87;1.51;16.07;79.92;12.60;0.00;0.00;2000.00;14.73;
"2019-09-03 10:36:00";22.20;21.30;21.70;0.00;0.00;0.00;0.00;0.00;0.00;0.00;16.10;79.97;12.64;0.00;0.00;2000.00;14.73;
"2019-09-03 10:41:00";22.30;21.30;21.70;0.00;0.00;0.00;0.00;0.00;0.00;0.00;16.40;79.49;12.84;0.00;0.00;2000.00;14.73;
"2019-09-03 10:46:00";22.60;21.30;21.70;0.00;0.00;0.00;0.00;0.00;0.00;0.00;16.54;79.07;12.89;0.00;0.00;2000.00;14.73;
"2019-09-03 10:51:00";23.00;21.30;21.70;0.00;0.00;0.00;0.00;0.00;0.00;0.58;16.78;78.80;13.07;0.00;0.00;2000.00;14.73;
"2019-09-03 10:56:00";23.60;21.40;21.70;0.00;0.00;0.00;0.00;0.00;0.00;1.92;16.93;77.90;13.05;0.00;0.00;2000.00;14.73;
"2019-09-03 11:01:00";23.80;21.40;21.70;0.00;0.00;0.00;0.00;0.99;323.99;1.09;16.95;77.43;12.98;0.00;0.00;2000.00;14.73;
"2019-09-03 11:06:00";23.90;21.40;21.70;0.00;0.00;0.00;0.00;1.39;293.34;2.17;17.08;76.80;12.97;0.00;0.00;2000.00;14.73;
"2019-09-03 11:11:00";24.00;21.40;21.70;0.00;0.00;0.00;0.00;0.00;0.00;0.93;17.02;76.53;12.86;0.00;0.00;2000.00;14.73;
"2019-09-03 11:16:00";24.20;21.40;21.70;0.00;0.00;0.00;0.00;1.01;263.78;1.01;17.12;76.44;12.94;0.00;0.00;2000.00;14.73;
"2019-09-03 11:21:00";24.30;21.40;21.80;0.00;0.00;0.00;0.00;0.59;298.21;1.56;17.26;76.04;13.00;0.00;0.00;2000.00;14.73;
"2019-09-03 11:26:00";24.50;21.60;21.80;0.00;0.00;0.00;0.00;1.20;316.98;1.47;17.24;76.20;13.01;0.00;0.00;2000.00;14.73;
"2019-09-03 11:31:00";24.50;21.40;21.80;0.00;0.00;0.00;0.00;0.00;0.00;1.30;17.36;76.04;13.09;0.00;0.00;2000.00;14.73;
"2019-09-03 11:36:00";24.60;21.60;21.80;0.00;0.00;0.00;0.00;1.14;340.83;2.19;17.45;75.91;13.15;0.00;0.00;2000.00;14.73;
"2019-09-03 11:41:00";24.80;21.60;21.80;0.00;0.00;0.00;0.00;0.00;0.00;1.02;17.54;75.39;13.14;0.00;0.00;2000.00;14.73;
"2019-09-03 11:46:00";25.00;21.70;21.80;0.00;0.00;0.00;0.00;2.11;257.65;2.42;17.62;75.42;13.21;0.00;0.00;2000.00;14.73;
"2019-09-03 11:51:00";25.20;21.70;21.80;0.00;0.00;0.00;0.00;0.00;0.00;0.00;17.70;74.74;13.16;0.00;0.00;2000.00;14.73;
"2019-09-03 11:56:00";25.30;21.70;21.90;0.00;0.00;0.00;0.00;1.60;308.55;1.60;17.79;74.24;13.14;0.00;0.00;2000.00;14.73;
"2019-09-03 12:01:00";25.20;21.70;21.90;0.00;0.00;0.00;0.00;0.00;0.00;2.36;17.72;73.51;12.92;0.00;0.00;2000.00;14.73;
"2019-09-03 12:06:00";25.20;21.70;21.90;0.00;0.00;0.00;0.00;1.25;248.89;1.79;17.81;72.87;12.88;0.00;0.00;2000.00;14.73;
"2019-09-03 12:11:00";25.20;21.80;21.90;0.00;0.00;0.00;0.00;0.00;0.00;1.99;17.92;71.65;12.72;0.00;0.00;2000.00;14.73;
"2019-09-03 12:16:00";25.60;21.80;22.00;0.00;0.00;0.00;0.00;0.00;0.00;0.00;18.07;71.27;12.79;0.00;0.00;2000.00;14.73;
"2019-09-03 12:21:00";25.80;21.80;22.00;0.00;0.00;0.00;0.00;0.00;0.00;1.08;17.94;70.29;12.45;0.00;0.00;2000.00;14.73;
"2019-09-03 12:26:00";26.10;21.80;22.00;0.00;0.00;0.00;0.00;0.00;0.00;0.00;18.19;70.05;12.63;0.00;0.00;2000.00;14.73;
"2019-09-03 12:31:00";26.50;21.90;22.00;0.00;0.00;0.00;0.00;0.00;0.00;1.93;18.25;69.50;12.57;0.00;0.00;2000.00;14.73;
"2019-09-03 12:36:00";28.10;21.90;22.10;0.00;0.00;0.00;0.00;0.00;0.00;0.00;18.46;68.99;12.66;0.00;0.00;2000.00;14.73;
"2019-09-03 12:41:00";29.50;21.90;22.10;0.00;0.00;0.00;0.00;2.47;327.94;2.98;18.77;68.51;12.85;0.00;0.00;2000.00;14.73;
"2019-09-03 12:46:00";29.40;22.00;22.10;0.00;0.00;0.00;0.00;1.11;312.64;3.62;18.72;67.15;12.50;0.00;0.00;2000.00;14.73;
"2019-09-03 12:51:00";29.00;22.00;22.10;0.00;0.00;0.00;0.00;0.79;268.77;1.58;18.78;66.25;12.35;0.00;0.00;2000.00;14.73;
"2019-09-03 12:56:00";28.80;22.00;22.20;0.00;0.00;0.00;0.00;0.00;0.00;0.00;18.66;65.22;12.00;0.00;0.00;2000.00;14.73;
"2019-09-03 13:01:00";28.90;22.10;22.20;0.00;0.00;0.00;0.00;0.00;0.00;0.00;18.78;65.38;12.15;0.00;0.00;2000.00;14.73;
"2019-09-03 13:06:00";28.20;22.10;22.20;0.00;0.00;0.00;0.00;2.12;292.06;2.90;18.75;64.57;11.92;0.00;0.00;2000.00;14.73;
"2019-09-03 13:11:00";28.10;22.10;22.20;0.00;0.00;0.00;0.00;0.00;0.00;0.00;18.59;64.19;11.68;0.00;0.00;2000.00;14.73;
"2019-09-03 13:16:00";27.80;22.20;22.30;0.00;0.00;0.00;0.00;1.17;309.03;3.91;18.83;64.05;11.88;0.00;0.00;2000.00;14.73;
"2019-09-03 13:21:00";28.30;22.20;22.30;0.00;0.00;0.00;0.00;3.45;261.95;4.78;18.94;62.43;11.60;0.00;0.00;2000.00;14.73;
"2019-09-03 13:26:00";28.40;22.30;22.30;0.00;0.00;0.00;0.00;1.82;289.52;4.69;18.94;60.82;11.21;0.00;0.00;2000.00;14.73;
"2019-09-03 13:31:00";28.30;22.30;22.40;0.00;0.00;0.00;0.00;2.08;261.93;4.04;18.97;58.62;10.68;0.00;0.00;2000.00;14.73;
"2019-09-03 13:36:00";28.00;22.40;22.40;0.00;0.00;0.00;0.00;3.84;305.08;4.72;18.91;57.01;10.21;0.00;0.00;2000.00;14.73;
"2019-09-03 13:41:00";28.10;22.40;22.50;0.00;0.00;0.00;0.00;1.64;222.21;1.72;18.95;56.89;10.21;0.00;0.00;2000.00;14.73;
"2019-09-03 13:46:00";28.20;22.40;22.50;0.00;0.00;0.00;0.00;2.59;267.70;2.91;19.16;56.35;10.26;0.00;0.00;2000.00;14.73;
"2019-09-03 13:51:00";28.30;22.50;22.50;0.00;0.00;0.00;0.00;2.23;268.55;2.44;19.15;56.66;10.33;0.00;0.00;2000.00;14.73;
"2019-09-03 13:56:00";28.50;22.50;22.60;0.00;0.00;0.00;0.00;2.53;280.14;3.82;19.11;55.51;9.99;0.00;0.00;2000.00;14.73;
"2019-09-03 14:01:00";28.80;22.60;22.60;0.00;0.00;0.00;0.00;0.00;0.00;1.60;19.11;55.31;9.93;0.00;0.00;2000.00;14.73;
"2019-09-03 14:06:00";28.80;22.60;22.60;0.00;0.00;0.00;0.00;0.00;0.00;0.00;19.17;55.53;10.05;0.00;0.00;2000.00;14.73;
"2019-09-03 14:11:00";28.90;22.60;22.70;0.00;0.00;0.00;0.00;0.00;0.00;2.35;19.40;56.00;10.39;0.00;0.00;2000.00;14.73;
"2019-09-03 14:16:00";28.90;22.70;22.70;0.00;0.00;0.00;0.00;0.00;0.00;0.00;19.40;55.90;10.37;0.00;0.00;2000.00;14.73;
"2019-09-03 14:21:00";28.80;22.70;22.70;0.00;0.00;0.00;0.00;0.00;0.00;2.46;19.26;54.76;9.93;0.00;0.00;2000.00;14.73;
"2019-09-03 14:26:00";28.50;22.80;22.80;0.00;0.00;0.00;0.00;0.00;0.00;0.00;19.28;54.89;9.97;0.00;0.00;2000.00;14.73;
"2019-09-03 14:31:00";28.20;22.80;22.80;0.00;0.00;0.00;0.00;2.54;255.78;3.34;19.34;55.42;10.18;0.00;0.00;2000.00;14.73;
"2019-09-03 14:36:00";27.90;23.00;23.00;0.00;0.00;0.00;0.00;3.48;242.75;4.50;19.31;54.53;9.91;0.00;0.00;2000.00;14.73;
"2019-09-03 14:41:00";28.00;23.00;23.00;0.00;0.00;0.00;0.00;0.56;286.89;1.18;19.25;54.50;9.84;0.00;0.00;2000.00;14.73;
"2019-09-03 14:46:00";28.30;23.00;23.00;0.00;0.00;0.00;0.00;0.00;0.00;0.00;19.42;53.82;9.82;0.00;0.00;2000.00;14.73;
"2019-09-03 14:51:00";28.40;23.10;23.10;0.00;0.00;0.00;0.00;2.33;256.40;2.33;19.56;53.85;9.95;0.00;0.00;2000.00;14.73;
"2019-09-03 14:56:00";28.50;23.10;23.10;0.00;0.00;0.00;0.00;1.62;276.56;2.77;19.75;54.54;10.32;0.00;0.00;2000.00;14.73;
"2019-09-03 15:01:00";28.50;23.10;23.10;0.00;0.00;0.00;0.00;0.00;0.00;0.00;19.67;52.45;9.66;0.00;0.00;2000.00;14.73;
"2019-09-03 15:06:00";28.50;23.20;23.20;0.00;0.00;0.00;0.00;2.24;281.03;2.74;19.64;51.78;9.44;0.00;0.00;2000.00;14.73;
"2019-09-03 15:11:00";28.50;23.20;23.20;0.00;0.00;0.00;0.00;0.00;0.00;0.00;19.55;51.99;9.42;0.00;0.00;2000.00;14.73;
"2019-09-03 15:16:00";28.70;23.20;23.20;0.00;0.00;0.00;0.00;0.00;0.00;0.00;19.59;53.10;9.77;0.00;0.00;2000.00;14.73;
"2019-09-03 15:21:00";28.50;23.30;23.20;0.00;0.00;0.00;0.00;0.00;0.00;0.00;19.53;52.86;9.65;0.00;0.00;2000.00;14.73;
"2019-09-03 15:26:00";28.50;23.30;23.30;0.00;0.00;0.00;0.00;1.03;281.81;1.97;19.70;52.23;9.62;0.00;0.00;2000.00;14.73;
"2019-09-03 15:31:00";28.30;23.30;23.30;0.00;0.00;0.00;0.00;0.00;0.00;0.00;19.78;49.85;9.01;0.00;0.00;2000.00;14.73;
"2019-09-03 15:36:00";28.30;23.40;23.30;0.00;0.00;0.00;0.00;0.00;0.00;0.00;19.89;50.50;9.30;0.00;0.00;2000.00;14.73;
"2019-09-03 15:41:00";28.20;23.40;23.40;0.00;0.00;0.00;0.00;0.00;0.00;0.00;19.92;50.60;9.36;0.00;0.00;2000.00;14.73;
"2019-09-03 15:46:00";28.40;23.40;23.40;0.00;0.00;0.00;0.00;0.00;0.00;0.00;20.02;51.75;9.79;0.00;0.00;2000.00;14.73;
"2019-09-03 15:51:00";28.50;23.50;23.40;0.00;0.00;0.00;0.00;0.00;0.00;0.00;20.00;51.05;9.57;0.00;0.00;2000.00;14.73;
"2019-09-03 15:56:00";28.80;23.50;23.40;0.00;0.00;0.00;0.00;1.15;305.75;1.68;20.06;49.04;9.03;0.00;0.00;2000.00;14.73;
"2019-09-03 16:01:00";28.80;23.50;23.50;0.00;0.00;0.00;0.00;0.80;219.27;1.81;20.22;48.44;8.99;0.00;0.00;2000.00;14.73;
"2019-09-03 16:06:00";28.70;23.50;23.50;0.00;0.00;0.00;0.00;0.00;0.00;1.59;20.17;47.57;8.67;0.00;0.00;2000.00;14.73;
"2019-09-03 16:11:00";28.20;23.60;23.50;0.00;0.00;0.00;0.00;0.00;0.00;1.41;20.17;48.11;8.84;0.00;0.00;2000.00;14.73;
"2019-09-03 16:16:00";27.80;23.60;23.60;0.00;0.00;0.00;0.00;0.00;0.00;0.00;20.12;48.50;8.91;0.00;0.00;2000.00;14.73;
"2019-09-03 16:21:00";27.30;23.60;23.60;0.00;0.00;0.00;0.00;0.00;0.00;2.40;20.04;48.87;8.96;0.00;0.00;2000.00;14.73;
"2019-09-03 16:26:00";26.90;23.70;23.60;0.00;0.00;0.00;0.00;0.00;0.00;1.70;19.80;50.24;9.14;0.00;0.00;2000.00;14.73;
"2019-09-03 16:31:00";26.80;23.70;23.60;0.00;0.00;0.00;0.00;0.00;0.00;0.00;19.80;51.98;9.65;0.00;0.00;2000.00;14.73;
"2019-09-03 16:36:00";26.60;23.70;23.70;0.00;0.00;0.00;0.00;0.00;0.00;0.00;19.89;51.21;9.51;0.00;0.00;2000.00;14.73;
"2019-09-03 16:41:00";26.50;23.70;23.70;0.00;0.00;0.00;0.00;0.00;0.00;0.00;20.00;50.04;9.27;0.00;0.00;2000.00;14.73;
"2019-09-03 16:46:00";26.50;23.80;23.70;0.00;0.00;0.00;0.00;0.00;0.00;0.00;20.01;50.96;9.55;0.00;0.00;2000.00;14.73;
"2019-09-03 16:51:00";26.40;23.80;23.70;0.00;0.00;0.00;0.00;0.00;0.00;0.00;20.04;49.68;9.19;0.00;0.00;2000.00;14.73;
"2019-09-03 16:56:00";26.30;23.80;23.70;0.00;0.00;0.00;0.00;0.00;0.00;0.93;20.08;48.31;8.82;0.00;0.00;2000.00;14.73;
"2019-09-03 17:01:00";26.20;23.80;23.80;0.00;0.00;0.00;0.00;0.00;0.00;0.00;20.18;49.79;9.35;0.00;0.00;2000.00;14.73;
"2019-09-03 17:06:00";26.00;23.80;23.80;0.00;0.00;0.00;0.00;0.00;0.00;0.00;20.28;47.95;8.89;0.00;0.00;2000.00;14.73;
"2019-09-03 17:11:00";25.90;23.90;23.80;0.00;0.00;0.00;0.00;0.00;0.00;0.00;20.26;49.14;9.23;0.00;0.00;2000.00;14.73;
"2019-09-03 17:16:00";25.90;23.90;23.80;0.00;0.00;0.00;0.00;0.00;0.00;0.00;20.29;49.56;9.38;0.00;0.00;2000.00;14.73;
"2019-09-03 17:21:00";25.90;23.90;23.80;0.00;0.00;0.00;0.00;0.00;0.00;0.00;20.17;51.40;9.82;0.00;0.00;2000.00;14.73;
"2019-09-03 17:26:00";25.90;23.90;23.80;0.00;0.00;0.00;0.00;0.00;0.00;0.00;20.07;50.96;9.60;0.00;0.00;2000.00;14.73;
"2019-09-03 17:31:00";25.80;23.90;23.90;0.00;0.00;0.00;0.00;1.30;312.82;1.41;20.06;49.39;9.13;0.00;0.00;2000.00;14.73;
"2019-09-03 17:36:00";25.70;23.90;23.90;0.00;0.00;0.00;0.00;2.72;338.81;2.72;19.89;52.77;9.95;0.00;0.00;2000.00;14.73;
"2019-09-03 17:41:00";25.60;23.90;23.90;0.00;0.00;0.00;0.00;0.00;0.00;1.97;19.82;54.01;10.24;0.00;0.00;2000.00;14.73;
"2019-09-03 17:46:00";25.50;23.90;23.90;0.00;0.00;0.00;0.00;0.00;0.00;0.00;19.83;54.24;10.32;0.00;0.00;2000.00;14.73;
"2019-09-03 17:51:00";25.70;24.10;23.90;0.00;0.00;0.00;0.00;0.00;0.00;0.00;19.95;54.03;10.37;0.00;0.00;2000.00;14.73;
"2019-09-03 17:56:00";25.90;24.10;23.90;0.00;0.00;0.00;0.00;0.00;0.00;0.00;20.31;52.89;10.38;0.00;0.00;2000.00;14.73;
"2019-09-03 18:01:00";25.70;24.10;23.90;0.00;0.00;0.00;0.00;0.00;0.00;0.00;20.00;51.22;9.61;0.00;0.00;2000.00;14.73;
"2019-09-03 18:06:00";25.60;24.10;23.90;0.00;0.00;0.00;0.00;0.00;0.00;0.00;20.06;51.13;9.64;0.00;0.00;2000.00;14.73;
"2019-09-03 18:11:00";25.60;24.10;24.10;0.00;0.00;0.00;0.00;0.00;0.00;0.00;19.87;53.21;10.06;0.00;0.00;2000.00;14.73;
"2019-09-03 18:16:00";26.30;24.10;23.90;0.00;0.00;0.00;0.00;0.00;0.00;0.00;19.96;53.51;10.23;0.00;0.00;2000.00;14.73;
"2019-09-03 18:21:00";26.70;24.10;24.10;0.00;0.00;0.00;0.00;0.00;0.00;0.00;20.42;53.56;10.68;0.00;0.00;2000.00;14.73;
"2019-09-03 18:26:00";27.10;24.10;23.90;0.00;0.00;0.00;0.00;0.00;0.00;0.00;20.55;50.62;9.95;0.00;0.00;2000.00;14.73;
"2019-09-03 18:31:00";27.40;24.10;24.10;0.00;0.00;0.00;0.00;0.00;0.00;0.00;20.78;52.71;10.76;0.00;0.00;2000.00;14.73;
"2019-09-03 18:36:00";27.30;24.10;24.10;0.00;0.00;0.00;0.00;0.00;0.00;0.00;20.70;51.84;10.44;0.00;0.00;2000.00;14.73;
"2019-09-03 18:41:00";26.90;24.10;24.10;0.00;0.00;0.00;0.00;0.00;0.00;0.00;20.96;50.63;10.33;0.00;0.00;2000.00;14.73;
"2019-09-03 18:46:00";26.70;24.10;24.10;0.00;0.00;0.00;0.00;0.00;0.00;0.00;21.00;49.37;9.98;0.00;0.00;2000.00;14.73;
"2019-09-03 18:51:00";26.40;24.10;24.10;0.00;0.00;0.00;0.00;0.00;0.00;0.00;21.18;50.00;10.34;0.00;0.00;2000.00;14.73;
"2019-09-03 18:56:00";26.00;24.10;24.10;0.00;0.00;0.00;0.00;0.00;0.00;1.52;20.91;42.28;7.61;0.00;0.00;2000.00;14.73;
"2019-09-03 19:01:00";25.60;24.10;24.10;0.00;0.00;0.00;0.00;0.55;301.85;3.27;20.58;39.60;6.36;0.00;0.00;2000.00;14.73;
"2019-09-03 19:06:00";25.30;24.10;24.10;0.00;0.00;0.00;0.00;2.49;306.12;2.49;20.44;40.48;6.55;0.00;0.00;2000.00;14.73;
"2019-09-03 19:11:00";24.80;24.10;24.10;0.00;0.00;0.00;0.00;1.01;301.34;2.39;20.04;42.01;6.72;0.00;0.00;2000.00;14.73;
"2019-09-03 19:16:00";24.50;24.20;24.10;0.00;0.00;0.00;0.00;0.00;0.00;0.00;19.71;45.23;7.51;0.10;60.00;2000.00;14.83;
"2019-09-03 19:21:00";24.10;24.20;24.10;0.00;0.00;0.00;0.00;0.71;300.12;1.03;19.57;44.17;7.04;0.00;0.00;2000.00;14.83;
"2019-09-03 19:26:00";23.70;24.20;24.10;0.00;0.00;0.00;0.00;0.88;295.21;2.09;19.44;43.84;6.81;0.00;0.00;2000.00;14.83;
"2019-09-03 19:31:00";23.40;24.20;24.10;0.00;0.00;0.00;0.00;0.00;0.00;0.77;19.33;44.55;6.94;0.00;0.00;2000.00;14.83;
"2019-09-03 19:36:00";23.00;24.20;24.10;0.00;0.00;0.00;0.00;0.00;0.00;0.00;19.19;44.96;6.95;0.00;0.00;2000.00;14.83;
"2019-09-03 19:41:00";22.80;24.20;24.20;0.00;0.00;0.00;0.00;0.00;0.00;0.00;18.96;45.57;6.93;0.00;0.00;2000.00;14.83;
"2019-09-03 19:46:00";22.60;24.20;24.20;0.00;0.00;0.00;0.00;0.00;0.00;0.00;18.84;45.87;6.92;0.00;0.00;2000.00;14.83;
"2019-09-03 19:51:00";22.30;24.20;24.20;0.00;0.00;0.00;0.00;0.00;0.00;0.00;18.74;46.58;7.06;0.00;0.00;2000.00;14.83;
"2019-09-03 19:56:00";22.00;24.20;24.20;0.00;0.00;0.00;0.00;0.00;0.00;0.00;18.57;48.05;7.35;0.00;0.00;2000.00;14.83;
"2019-09-03 20:01:00";21.70;24.20;24.20;0.00;0.00;0.00;0.00;0.00;0.00;0.00;18.33;49.78;7.65;0.00;0.00;2000.00;14.83;
"2019-09-03 20:06:00";21.40;24.20;24.20;0.00;0.00;0.00;0.00;0.00;0.00;0.00;18.04;50.69;7.65;0.00;0.00;2000.00;14.83;
"2019-09-03 20:11:00";21.20;24.20;24.20;0.00;0.00;0.00;0.00;0.00;0.00;0.00;17.76;52.30;7.85;0.00;0.00;2000.00;14.83;
"2019-09-03 20:16:00";21.00;24.20;24.10;0.00;0.00;0.00;0.00;0.00;0.00;0.00;17.44;54.06;8.04;0.00;0.00;2000.00;14.83;
"2019-09-03 20:21:00";20.60;24.10;24.20;0.00;0.00;0.00;0.00;0.00;0.00;0.00;17.04;55.10;7.95;0.00;0.00;2000.00;14.83;
"2019-09-03 20:26:00";20.40;24.10;24.20;0.00;0.00;0.00;0.00;0.00;0.00;0.00;16.52;57.01;7.97;0.00;0.00;2000.00;14.83;
"2019-09-03 20:31:00";20.10;24.10;24.10;0.00;0.00;0.00;0.00;0.00;0.00;0.00;16.19;59.41;8.26;0.00;0.00;2000.00;14.83;
"2019-09-03 20:36:00";19.90;24.10;24.10;0.00;0.00;0.00;0.00;0.00;0.00;0.00;15.86;60.55;8.24;0.00;0.00;2000.00;14.83;
"2019-09-03 20:41:00";19.80;24.10;24.10;0.00;0.00;0.00;0.00;0.00;0.00;0.00;15.59;61.45;8.20;0.00;0.00;2000.00;14.83;
"2019-09-03 20:46:00";19.70;23.90;24.10;0.00;0.00;0.00;0.00;0.00;0.00;0.00;15.42;62.58;8.31;0.00;0.00;2000.00;14.83;
"2019-09-03 20:51:00";19.50;24.10;24.10;0.00;0.00;0.00;0.00;0.00;0.00;0.00;15.24;63.09;8.25;0.00;0.00;2000.00;14.83;
"2019-09-03 20:56:00";19.40;23.90;24.10;0.00;0.00;0.00;0.00;0.00;0.00;0.00;15.08;63.72;8.25;0.00;0.00;2000.00;14.83;
"2019-09-03 21:01:00";19.40;23.90;24.10;0.00;0.00;0.00;0.00;0.00;0.00;0.00;14.96;64.16;8.24;0.00;0.00;2000.00;14.83;
"2019-09-03 21:06:00";19.40;23.90;23.90;0.00;0.00;0.00;0.00;0.00;0.00;0.00;14.80;64.98;8.27;0.00;0.00;2000.00;14.83;
"2019-09-03 21:11:00";19.50;23.80;23.90;0.00;0.00;0.00;0.00;0.00;0.00;0.00;14.70;65.61;8.32;0.00;0.00;2000.00;14.83;
"2019-09-03 21:16:00";19.40;23.80;23.90;0.00;0.00;0.00;0.00;0.00;0.00;0.00;14.78;66.14;8.51;0.00;0.00;2000.00;14.83;
"2019-09-03 21:21:00";19.40;23.80;23.90;0.00;0.00;0.00;0.00;0.00;0.00;0.00;14.75;66.59;8.59;0.00;0.00;2000.00;14.83;
"2019-09-03 21:26:00";19.20;23.80;23.90;0.00;0.00;0.00;0.00;0.00;0.00;0.00;14.76;67.12;8.72;0.00;0.00;2000.00;14.83;
"2019-09-03 21:31:00";19.10;23.70;23.80;0.00;0.00;0.00;0.00;0.00;0.00;0.00;14.67;67.62;8.74;0.00;0.00;2000.00;14.83;
"2019-09-03 21:36:00";18.90;23.70;23.80;0.00;0.00;0.00;0.00;0.00;0.00;0.00;14.55;68.19;8.75;0.00;0.00;2000.00;14.83;
"2019-09-03 21:41:00";18.80;23.70;23.80;0.00;0.00;0.00;0.00;0.00;0.00;0.00;14.47;68.78;8.80;0.00;0.00;2000.00;14.83;
"2019-09-03 21:46:00";18.70;23.60;23.70;0.00;0.00;0.00;0.00;0.00;0.00;0.00;14.40;69.20;8.82;0.00;0.00;2000.00;14.83;
"2019-09-03 21:51:00";18.50;23.60;23.70;0.00;0.00;0.00;0.00;0.00;0.00;0.00;14.28;69.53;8.78;0.00;0.00;2000.00;14.83;
"2019-09-03 21:56:00";18.40;23.60;23.70;0.00;0.00;0.00;0.00;0.00;0.00;0.00;14.20;69.85;8.77;0.00;0.00;2000.00;14.83;
"2019-09-03 22:01:00";18.30;23.60;23.70;0.00;0.00;0.00;0.00;0.00;0.00;0.00;14.05;70.25;8.71;0.00;0.00;2000.00;14.83;
"2019-09-03 22:06:00";18.10;23.50;23.70;0.00;0.00;0.00;0.00;0.00;0.00;0.00;14.02;70.50;8.74;0.00;0.00;2000.00;14.83;
"2019-09-03 22:11:00";18.10;23.50;23.60;0.00;0.00;0.00;0.00;0.00;0.00;0.00;13.91;70.74;8.68;0.00;0.00;2000.00;14.83;
"2019-09-03 22:16:00";17.90;23.50;23.60;0.00;0.00;0.00;0.00;0.00;0.00;0.00;13.88;71.08;8.72;0.00;0.00;2000.00;14.83;
"2019-09-03 22:21:00";17.80;23.40;23.60;0.00;0.00;0.00;0.00;0.00;0.00;0.00;13.77;71.22;8.64;0.00;0.00;2000.00;14.83;
"2019-09-03 22:26:00";17.80;23.40;23.50;0.00;0.00;0.00;0.00;0.00;0.00;0.00;13.57;71.39;8.49;0.00;0.00;2000.00;14.83;
"2019-09-03 22:31:00";17.90;23.40;23.50;0.00;0.00;0.00;0.00;0.00;0.00;0.00;13.57;71.70;8.55;0.00;0.00;2000.00;14.83;
"2019-09-03 22:36:00";18.00;23.30;23.50;0.00;0.00;0.00;0.00;0.00;0.00;0.00;13.68;72.11;8.74;0.00;0.00;2000.00;14.83;
"2019-09-03 22:41:00";18.10;23.30;23.50;0.00;0.00;0.00;0.00;0.00;0.00;0.00;13.99;72.16;9.05;0.00;0.00;2000.00;14.83;
"2019-09-03 22:46:00";18.10;23.30;23.40;0.00;0.00;0.00;0.00;0.00;0.00;0.00;14.37;71.69;9.32;0.00;0.00;2000.00;14.83;
"2019-09-03 22:51:00";18.20;23.30;23.40;0.00;0.00;0.00;0.00;0.00;0.00;0.00;14.70;71.13;9.52;0.00;0.00;2000.00;14.83;
"2019-09-03 22:56:00";18.20;23.20;23.40;0.00;0.00;0.00;0.00;0.00;0.00;0.00;14.84;70.20;9.46;0.00;0.00;2000.00;14.83;
"2019-09-03 23:01:00";18.30;23.20;23.40;0.00;0.00;0.00;0.00;0.00;0.00;0.00;14.82;69.29;9.25;0.00;0.00;2000.00;14.83;
"2019-09-03 23:06:00";18.20;23.20;23.30;0.00;0.00;0.00;0.00;0.00;0.00;0.00;14.96;68.13;9.13;0.00;0.00;2000.00;14.83;
"2019-09-03 23:11:00";18.10;23.10;23.30;0.00;0.00;0.00;0.00;0.00;0.00;0.00;14.98;66.85;8.87;0.00;0.00;2000.00;14.83;
"2019-09-03 23:16:00";18.10;23.10;23.30;0.00;0.00;0.00;0.00;0.00;0.00;0.00;14.95;66.26;8.71;0.00;0.00;2000.00;14.83;
"2019-09-03 23:21:00";17.90;23.10;23.30;0.00;0.00;0.00;0.00;0.00;0.00;0.00;14.99;65.86;8.66;0.00;0.00;2000.00;14.83;
"2019-09-03 23:26:00";17.70;23.00;23.20;0.00;0.00;0.00;0.00;0.00;0.00;0.00;15.03;65.35;8.58;0.00;0.00;2000.00;14.83;
"2019-09-03 23:31:00";17.60;23.00;23.20;0.00;0.00;0.00;0.00;0.00;0.00;0.00;15.01;65.21;8.53;0.00;0.00;2000.00;14.83;
"2019-09-03 23:36:00";17.40;23.00;23.20;0.00;0.00;0.00;0.00;0.00;0.00;0.00;14.97;65.30;8.51;0.00;0.00;2000.00;14.83;
"2019-09-03 23:41:00";17.30;23.00;23.20;0.00;0.00;0.00;0.00;0.00;0.00;0.00;15.00;65.15;8.50;0.00;0.00;2000.00;14.83;
"2019-09-03 23:46:00";17.30;22.80;23.10;0.00;0.00;0.00;0.00;0.00;0.00;0.00;14.83;65.32;8.38;0.00;0.00;2000.00;14.83;
"2019-09-03 23:51:00";17.20;22.80;23.10;0.00;0.00;0.00;0.00;0.00;0.00;0.00;14.63;65.96;8.34;0.00;0.00;2000.00;14.83;
"2019-09-03 23:56:00";17.00;22.80;23.10;0.00;0.00;0.00;0.00;0.00;0.00;0.71;14.42;66.61;8.28;0.00;0.00;2000.00;14.83;
"2019-09-04 00:01:00";16.90;22.80;23.10;0.00;0.00;0.00;0.00;0.00;0.00;0.00;14.14;67.10;8.12;0.00;0.00;2000.00;14.83;
"2019-09-04 00:06:00";16.80;22.70;23.00;0.00;0.00;0.00;0.00;0.00;0.00;0.00;13.80;67.65;7.92;0.00;0.00;2000.00;14.83;
"2019-09-04 00:11:00";16.70;22.70;23.00;0.00;0.00;0.00;0.00;0.00;0.00;0.00;13.44;68.40;7.74;0.00;0.00;2000.00;14.83;
"2019-09-04 00:16:00";16.60;22.60;23.00;0.00;0.00;0.00;0.00;0.00;0.00;0.00;13.22;69.11;7.68;0.00;0.00;2000.00;14.83;
"2019-09-04 00:21:00";16.60;22.60;23.00;0.00;0.00;0.00;0.00;0.00;0.00;0.00;12.98;69.75;7.58;0.00;0.00;2000.00;14.83;
"2019-09-04 00:26:00";16.50;22.60;22.80;0.00;0.00;0.00;0.00;0.00;0.00;0.00;12.81;70.34;7.55;0.00;0.00;2000.00;14.83;
"2019-09-04 00:31:00";16.50;22.60;22.80;0.00;0.00;0.00;0.00;0.00;0.00;0.00;12.65;70.85;7.50;0.00;0.00;2000.00;14.83;
"2019-09-04 00:36:00";16.50;22.50;22.80;0.00;0.00;0.00;0.00;0.00;0.00;0.00;12.55;71.33;7.50;0.00;0.00;2000.00;14.83;
"2019-09-04 00:41:00";16.50;22.50;22.70;0.00;0.00;0.00;0.00;0.00;0.00;0.00;12.43;71.77;7.47;0.00;0.00;2000.00;14.83;
"2019-09-04 00:46:00";16.40;22.40;22.70;0.00;0.00;0.00;0.00;0.00;0.00;0.00;12.38;72.27;7.53;0.00;0.00;2000.00;14.83;
"2019-09-04 00:51:00";16.40;22.40;22.70;0.00;0.00;0.00;0.00;0.00;0.00;0.00;12.39;72.73;7.63;0.00;0.00;2000.00;14.83;
"2019-09-04 00:56:00";16.40;22.40;22.70;0.00;0.00;0.00;0.00;0.00;0.00;0.00;12.33;73.34;7.69;0.00;0.00;2000.00;14.83;
"2019-09-04 01:01:00";16.40;22.40;22.70;0.00;0.00;0.00;0.00;0.00;0.00;0.00;12.24;74.04;7.75;0.00;0.00;2000.00;14.83;
"2019-09-04 01:06:00";16.30;22.30;22.60;0.00;0.00;0.00;0.00;0.00;0.00;0.00;12.18;74.76;7.83;0.00;0.00;2000.00;14.83;
"2019-09-04 01:11:00";16.20;22.30;22.60;0.00;0.00;0.00;0.00;0.00;0.00;0.00;12.25;75.60;8.07;0.00;0.00;2000.00;14.83;
"2019-09-04 01:16:00";16.20;22.30;22.50;0.00;0.00;0.00;0.00;0.00;0.00;0.00;12.58;76.56;8.57;0.00;0.00;2000.00;14.83;
"2019-09-04 01:21:00";16.10;22.30;22.50;0.00;0.00;0.00;0.00;0.00;0.00;0.00;13.08;76.87;9.11;0.00;0.00;2000.00;14.83;
"2019-09-04 01:26:00";16.10;22.20;22.50;0.00;0.00;0.00;0.00;0.60;207.55;1.11;13.29;76.68;9.28;0.00;0.00;2000.00;14.83;
"2019-09-04 01:31:00";16.00;22.20;22.50;0.00;0.00;0.00;0.00;0.00;0.00;0.00;13.33;76.39;9.26;0.00;0.00;2000.00;14.83;
"2019-09-04 01:36:00";16.00;22.20;22.40;0.00;0.00;0.00;0.00;0.00;0.00;0.00;13.31;75.97;9.16;0.00;0.00;2000.00;14.83;
"2019-09-04 01:41:00";15.90;22.10;22.40;0.00;0.00;0.00;0.00;0.00;0.00;0.00;13.04;75.63;8.84;0.00;0.00;2000.00;14.83;
"2019-09-04 01:46:00";15.80;22.10;22.40;0.00;0.00;0.00;0.00;0.00;0.00;0.00;12.74;75.67;8.54;0.00;0.00;2000.00;14.83;
"2019-09-04 01:51:00";15.70;22.10;22.30;0.00;0.00;0.00;0.00;0.00;0.00;0.00;12.43;75.99;8.31;0.00;0.00;2000.00;14.83;
"2019-09-04 01:56:00";15.70;22.00;22.30;0.00;0.00;0.00;0.00;0.00;0.00;0.00;12.20;76.50;8.19;0.00;0.00;2000.00;14.83;
"2019-09-04 02:01:00";15.60;22.00;22.30;0.00;0.00;0.00;0.00;0.00;0.00;0.00;12.02;76.99;8.11;0.00;0.00;2000.00;14.83;
"2019-09-04 02:06:00";15.50;22.00;22.30;0.00;0.00;0.00;0.00;0.00;0.00;0.00;11.89;77.55;8.08;0.00;0.00;2000.00;14.83;
"2019-09-04 02:11:00";15.40;22.00;22.20;0.00;0.00;0.00;0.00;0.00;0.00;0.00;11.77;78.13;8.08;0.00;0.00;2000.00;14.83;
"2019-09-04 02:16:00";15.40;21.90;22.20;0.00;0.00;0.00;0.00;0.00;0.00;0.00;11.65;78.57;8.05;0.00;0.00;2000.00;14.83;
"2019-09-04 02:21:00";15.40;21.90;22.20;0.00;0.00;0.00;0.00;0.00;0.00;0.00;11.50;79.09;7.99;0.00;0.00;2000.00;14.83;
"2019-09-04 02:26:00";15.40;21.90;22.20;0.00;0.00;0.00;0.00;0.00;0.00;0.00;11.35;79.58;7.94;0.00;0.00;2000.00;14.83;
"2019-09-04 02:31:00";15.30;21.80;22.10;0.00;0.00;0.00;0.00;0.00;0.00;0.00;11.20;80.13;7.90;0.00;0.00;2000.00;14.83;
"2019-09-04 02:36:00";15.30;21.80;22.10;0.00;0.00;0.00;0.00;0.00;0.00;0.00;11.08;80.68;7.89;0.00;0.00;2000.00;14.83;
"2019-09-04 02:41:00";15.20;21.80;22.10;0.00;0.00;0.00;0.00;0.00;0.00;0.00;11.04;81.21;7.94;0.00;0.00;2000.00;14.83;
"2019-09-04 02:46:00";15.20;21.70;22.10;0.00;0.00;0.00;0.00;0.00;0.00;0.00;11.00;81.68;7.99;0.00;0.00;2000.00;14.83;
"2019-09-04 02:51:00";15.10;21.70;22.00;0.00;0.00;0.00;0.00;0.00;0.00;0.00;11.00;82.13;8.06;0.00;0.00;2000.00;14.83;
"2019-09-04 02:56:00";15.10;21.70;22.00;0.00;0.00;0.00;0.00;0.00;0.00;0.00;11.00;82.63;8.16;0.00;0.00;2000.00;14.83;
"2019-09-04 03:01:00";15.00;21.70;22.00;0.00;0.00;0.00;0.00;0.00;0.00;0.00;10.97;82.91;8.17;0.00;0.00;2000.00;14.83;
"2019-09-04 03:06:00";14.90;21.60;22.00;0.00;0.00;0.00;0.00;0.00;0.00;0.00;10.92;83.31;8.19;0.00;0.00;2000.00;14.83;
"2019-09-04 03:11:00";14.90;21.60;21.90;0.00;0.00;0.00;0.00;0.00;0.00;0.00;10.83;83.65;8.18;0.00;0.00;2000.00;14.83;
"2019-09-04 03:16:00";14.90;21.60;21.90;0.00;0.00;0.00;0.00;0.00;0.00;0.00;10.79;83.90;8.17;0.00;0.00;2000.00;14.83;
"2019-09-04 03:21:00";14.80;21.40;21.90;0.00;0.00;0.00;0.00;0.00;0.00;0.00;10.72;84.18;8.16;0.00;0.00;2000.00;14.83;
"2019-09-04 03:26:00";14.80;21.40;21.90;0.00;0.00;0.00;0.00;0.00;0.00;0.00;10.63;84.46;8.12;0.00;0.00;2000.00;14.83;
"2019-09-04 03:31:00";14.80;21.40;21.80;0.00;0.00;0.00;0.00;0.00;0.00;0.00;10.53;84.73;8.07;0.00;0.00;2000.00;14.83;
"2019-09-04 03:36:00";14.80;21.30;21.80;0.00;0.00;0.00;0.00;0.00;0.00;0.00;10.49;85.11;8.09;0.00;0.00;2000.00;14.83;
"2019-09-04 03:41:00";14.70;21.30;21.80;0.00;0.00;0.00;0.00;0.00;0.00;0.00;10.46;85.32;8.10;0.00;0.00;2000.00;14.83;
"2019-09-04 03:46:00";14.70;21.30;21.70;0.00;0.00;0.00;0.00;0.00;0.00;0.00;10.43;85.64;8.13;0.00;0.00;2000.00;14.83;
"2019-09-04 03:51:00";14.60;21.30;21.70;0.00;0.00;0.00;0.00;0.00;0.00;0.00;10.37;85.84;8.10;0.00;0.00;2000.00;14.83;
"2019-09-04 03:56:00";14.60;21.30;21.70;0.00;0.00;0.00;0.00;0.00;0.00;0.00;10.35;86.17;8.13;0.00;0.00;2000.00;14.83;
"2019-09-04 04:01:00";14.60;21.20;21.60;0.00;0.00;0.00;0.00;0.00;0.00;0.00;10.33;86.39;8.16;0.00;0.00;2000.00;14.83;
"2019-09-04 04:06:00";14.50;21.20;21.60;0.00;0.00;0.00;0.00;0.00;0.00;0.00;10.29;86.79;8.18;0.00;0.00;2000.00;14.83;
"2019-09-04 04:11:00";14.50;21.20;21.60;0.00;0.00;0.00;0.00;0.00;0.00;0.00;10.31;86.94;8.23;0.00;0.00;2000.00;14.83;
"2019-09-04 04:16:00";14.50;21.10;21.60;0.00;0.00;0.00;0.00;0.00;0.00;0.00;10.28;87.22;8.25;0.00;0.00;2000.00;14.83;
"2019-09-04 04:21:00";14.60;21.10;21.40;0.00;0.00;0.00;0.00;0.00;0.00;0.00;10.27;87.43;8.27;0.00;0.00;2000.00;14.83;
"2019-09-04 04:26:00";14.70;21.10;21.40;0.00;0.00;0.00;0.00;0.00;0.00;0.00;10.30;87.63;8.34;0.00;0.00;2000.00;14.83;
"2019-09-04 04:31:00";14.80;21.10;21.40;0.00;0.00;0.00;0.00;0.00;0.00;0.00;10.33;87.87;8.41;0.00;0.00;2000.00;14.83;
"2019-09-04 04:36:00";14.90;21.00;21.30;0.00;0.00;0.00;0.00;0.00;0.00;0.00;10.43;88.14;8.55;0.00;0.00;2000.00;14.83;
"2019-09-04 04:41:00";14.90;21.00;21.30;0.00;0.00;0.00;0.00;0.00;0.00;0.00;10.51;88.39;8.67;0.00;0.00;2000.00;14.83;
"2019-09-04 04:46:00";14.90;21.00;21.30;0.00;0.00;0.00;0.00;0.00;0.00;0.00;10.54;88.50;8.72;0.00;0.00;2000.00;14.83;
"2019-09-04 04:51:00";14.90;20.90;21.30;0.00;0.00;0.00;0.00;0.00;0.00;0.00;10.59;88.71;8.80;0.00;0.00;2000.00;14.83;
"2019-09-04 04:56:00";15.00;20.90;21.30;0.00;0.00;0.00;0.00;0.00;0.00;0.00;10.66;88.93;8.91;0.00;0.00;2000.00;14.83;
"2019-09-04 05:01:00";15.00;20.90;21.20;0.00;0.00;0.00;0.00;0.00;0.00;0.00;10.72;89.09;8.99;0.00;0.00;2000.00;14.83;
"2019-09-04 05:06:00";15.10;20.90;21.20;0.00;0.00;0.00;0.00;0.00;0.00;0.00;10.79;89.38;9.11;0.00;0.00;2000.00;14.83;
"2019-09-04 05:11:00";15.20;20.80;21.20;0.00;0.00;0.00;0.00;0.00;0.00;0.00;10.86;89.42;9.19;0.00;0.00;2000.00;14.83;
"2019-09-04 05:16:00";15.20;20.80;21.20;0.00;0.00;0.00;0.00;0.00;0.00;0.00;10.88;89.57;9.23;0.00;0.00;2000.00;14.83;
"2019-09-04 05:21:00";15.30;20.80;21.10;0.00;0.00;0.00;0.00;0.00;0.00;0.00;10.95;89.75;9.33;0.00;0.00;2000.00;14.83;
"2019-09-04 05:26:00";15.40;20.80;21.10;0.00;0.00;0.00;0.00;0.00;0.00;0.00;10.99;89.89;9.40;0.00;0.00;2000.00;14.83;
"2019-09-04 05:31:00";15.40;20.80;21.10;0.00;0.00;0.00;0.00;0.00;0.00;0.00;11.04;89.98;9.46;0.00;0.00;2000.00;14.83;
"2019-09-04 05:36:00";15.40;20.70;21.00;0.00;0.00;0.00;0.00;0.00;0.00;0.00;11.10;90.09;9.54;0.00;0.00;2000.00;14.83;
"2019-09-04 05:41:00";15.40;20.70;21.10;0.00;0.00;0.00;0.00;0.00;0.00;0.00;11.16;90.17;9.61;0.00;0.00;2000.00;14.83;
"2019-09-04 05:46:00";15.40;20.70;21.00;0.00;0.00;0.00;0.00;0.00;0.00;0.00;11.14;90.25;9.60;0.00;0.00;2000.00;14.83;
"2019-09-04 05:51:00";15.30;20.70;21.00;0.00;0.00;0.00;0.00;0.00;0.00;0.00;11.19;90.34;9.67;0.00;0.00;2000.00;14.83;
"2019-09-04 05:56:00";15.20;20.60;21.00;0.00;0.00;0.00;0.00;0.00;0.00;0.00;11.17;90.33;9.64;0.00;0.00;2000.00;14.83;
"2019-09-04 06:01:00";15.10;20.60;20.90;0.00;0.00;0.00;0.00;0.00;0.00;0.00;11.12;90.39;9.60;0.00;0.00;2000.00;14.83;
"2019-09-04 06:06:00";15.00;20.60;20.90;0.00;0.00;0.00;0.00;0.00;0.00;0.00;11.11;90.51;9.61;0.00;0.00;2000.00;14.83;
"2019-09-04 06:11:00";15.00;20.60;20.90;0.00;0.00;0.00;0.00;0.00;0.00;0.00;11.07;90.64;9.60;0.00;0.00;2000.00;14.83;
"2019-09-04 06:16:00";14.90;20.50;20.90;0.00;0.00;0.00;0.00;0.00;0.00;0.00;11.08;90.72;9.62;0.00;0.00;2000.00;14.83;
"2019-09-04 06:21:00";15.00;20.50;20.90;0.00;0.00;0.00;0.00;0.00;0.00;0.00;11.11;90.80;9.67;0.00;0.00;2000.00;14.83;
"2019-09-04 06:26:00";15.10;20.50;20.90;0.00;0.00;0.00;0.00;0.00;0.00;0.00;11.14;90.87;9.70;0.00;0.00;2000.00;14.83;
"2019-09-04 06:31:00";15.20;20.50;20.80;0.00;0.00;0.00;0.00;0.00;0.00;0.00;11.19;91.01;9.78;0.00;0.00;2000.00;14.83;
"2019-09-04 06:36:00";15.20;20.40;20.80;0.00;0.00;0.00;0.00;0.00;0.00;0.00;11.29;91.05;9.89;0.00;0.00;2000.00;14.83;
"2019-09-04 06:41:00";15.30;20.40;20.80;0.00;0.00;0.00;0.00;0.00;0.00;0.00;11.36;91.07;9.96;0.00;0.00;2000.00;14.83;
"2019-09-04 06:46:00";15.30;20.40;20.80;0.00;0.00;0.00;0.00;0.00;0.00;0.00;11.43;91.14;10.04;0.00;0.00;2000.00;14.83;
"2019-09-04 06:51:00";15.40;20.40;20.80;0.00;0.00;0.00;0.00;0.00;0.00;0.00;11.52;91.20;10.13;0.00;0.00;2000.00;14.83;
"2019-09-04 06:56:00";15.40;20.40;20.80;0.00;0.00;0.00;0.00;0.00;0.00;0.00;11.59;91.27;10.21;0.00;0.00;2000.00;14.83;
"2019-09-04 07:01:00";15.50;20.40;20.70;0.00;0.00;0.00;0.00;0.00;0.00;0.00;11.72;91.33;10.35;0.00;0.00;2000.00;14.83;
"2019-09-04 07:06:00";15.60;20.30;20.70;0.00;0.00;0.00;0.00;0.00;0.00;0.00;11.82;91.40;10.46;0.00;0.00;2000.00;14.83;
"2019-09-04 07:11:00";15.70;20.30;20.70;0.00;0.00;0.00;0.00;0.00;0.00;0.00;11.87;91.38;10.51;0.00;0.00;2000.00;14.83;
"2019-09-04 07:16:00";15.70;20.30;20.70;0.00;0.00;0.00;0.00;0.00;0.00;0.00;11.93;91.39;10.57;0.00;0.00;2000.00;14.83;
"2019-09-04 07:21:00";15.90;20.30;20.60;0.00;0.00;0.00;0.00;0.00;0.00;0.00;12.02;91.40;10.66;0.00;0.00;2000.00;14.83;
"2019-09-04 07:26:00";16.00;20.30;20.70;0.00;0.00;0.00;0.00;0.00;0.00;0.00;12.07;91.39;10.70;0.00;0.00;2000.00;14.83;
"2019-09-04 07:31:00";16.00;20.30;20.60;0.00;0.00;0.00;0.00;0.00;0.00;0.00;12.12;91.45;10.77;0.00;0.00;2000.00;14.83;
"2019-09-04 07:36:00";16.10;20.20;20.60;0.00;0.00;0.00;0.00;0.00;0.00;0.00;12.20;91.46;10.85;0.00;0.00;2000.00;14.83;
"2019-09-04 07:41:00";16.30;20.20;20.60;0.00;0.00;0.00;0.00;0.00;0.00;0.00;12.28;91.49;10.94;0.00;0.00;2000.00;14.83;
"2019-09-04 07:46:00";16.40;20.20;20.60;0.00;0.00;0.00;0.00;0.00;0.00;0.00;12.33;91.41;10.97;0.00;0.00;2000.00;14.83;
"2019-09-04 07:51:00";16.60;20.20;20.50;0.00;0.00;0.00;0.00;0.00;0.00;0.00;12.37;91.42;11.01;0.00;0.00;2000.00;14.83;
"2019-09-04 07:56:00";16.60;20.20;20.50;0.00;0.00;0.00;0.00;0.00;0.00;0.00;12.47;91.42;11.11;0.00;0.00;2000.00;14.83;
"2019-09-04 08:01:00";16.70;20.20;20.50;0.00;0.00;0.00;0.00;0.00;0.00;0.00;12.52;91.36;11.15;0.00;0.00;2000.00;14.83;
"2019-09-04 08:06:00";16.80;20.10;20.50;0.00;0.00;0.00;0.00;0.00;0.00;0.00;12.59;91.36;11.22;0.00;0.00;2000.00;14.83;
"2019-09-04 08:11:00";17.00;20.20;20.50;0.00;0.00;0.00;0.00;0.00;0.00;0.00;12.72;91.38;11.36;0.00;0.00;2000.00;14.83;
"2019-09-04 08:16:00";17.30;20.10;20.50;0.00;0.00;0.00;0.00;0.00;0.00;0.00;12.95;91.66;11.63;0.00;0.00;2000.00;14.83;
"2019-09-04 08:21:00";17.60;20.10;20.50;0.00;0.00;0.00;0.00;0.00;0.00;0.00;13.25;91.43;11.89;0.00;0.00;2000.00;14.83;
"2019-09-04 08:26:00";17.70;20.10;20.40;0.00;0.00;0.00;0.00;0.00;0.00;0.00;13.35;91.18;11.94;0.00;0.00;2000.00;14.83;
"2019-09-04 08:31:00";17.90;20.10;20.40;0.00;0.00;0.00;0.00;0.00;0.00;0.00;13.48;91.18;12.07;0.00;0.00;2000.00;14.83;
"2019-09-04 08:36:00";18.00;20.10;20.40;0.00;0.00;0.00;0.00;0.00;0.00;1.95;13.60;90.91;12.14;0.00;0.00;2000.00;14.83;
"2019-09-04 08:41:00";18.00;20.10;20.40;0.00;0.00;0.00;0.00;0.00;0.00;0.00;13.73;90.84;12.26;0.00;0.00;2000.00;14.83;
"2019-09-04 08:46:00";17.80;20.10;20.40;0.00;0.00;0.00;0.00;0.00;0.00;0.00;13.82;90.83;12.35;0.00;0.00;2000.00;14.83;
"2019-09-04 08:51:00";17.80;20.10;20.40;0.00;0.00;0.00;0.00;0.00;0.00;0.00;13.90;90.76;12.42;0.00;0.00;2000.00;14.83;
"2019-09-04 08:56:00";18.00;20.10;20.40;0.00;0.00;0.00;0.00;0.00;0.00;0.00;14.11;90.76;12.63;0.00;0.00;2000.00;14.83;
"2019-09-04 09:01:00";18.10;20.10;20.40;0.00;0.00;0.00;0.00;0.00;0.00;0.00;14.45;90.48;12.91;0.00;0.00;2000.00;14.83;
"2019-09-04 09:06:00";18.80;20.00;20.40;0.00;0.00;0.00;0.00;0.00;0.00;1.97;14.65;90.22;13.07;0.00;0.00;2000.00;14.83;
"2019-09-04 09:11:00";19.60;20.10;20.40;0.00;0.00;0.00;0.00;1.36;190.24;1.38;14.98;89.57;13.28;0.00;0.00;2000.00;14.83;
"2019-09-04 09:16:00";20.70;20.10;20.40;0.00;0.00;0.00;0.00;1.98;209.61;2.49;15.27;89.56;13.56;0.00;0.00;2000.00;14.83;
"2019-09-04 09:21:00";21.20;20.00;20.40;0.00;0.00;0.00;0.00;1.09;225.10;4.76;15.42;88.67;13.56;0.00;0.00;2000.00;14.83;
"2019-09-04 09:26:00";21.60;20.10;20.40;0.00;0.00;0.00;0.00;0.00;0.00;1.71;15.57;88.16;13.61;0.00;0.00;2000.00;14.83;
"2019-09-04 09:31:00";22.00;20.10;20.40;0.00;0.00;0.00;0.00;1.26;185.35;1.72;15.70;87.42;13.62;0.00;0.00;2000.00;14.83;
"2019-09-04 09:36:00";22.30;20.10;20.40;0.00;0.00;0.00;0.00;0.69;180.00;2.01;15.78;86.93;13.61;0.00;0.00;2000.00;14.83;
"2019-09-04 09:41:00";22.70;20.10;20.40;0.00;0.00;0.00;0.00;3.68;202.69;4.26;15.84;86.13;13.52;0.00;0.00;2000.00;14.83;
"2019-09-04 09:46:00";23.30;20.10;20.40;0.00;0.00;0.00;0.00;3.26;202.63;4.00;15.92;85.33;13.45;0.00;0.00;2000.00;14.83;
"2019-09-04 09:51:00";23.80;20.10;20.40;0.00;0.00;0.00;0.00;1.67;180.00;3.56;16.10;84.91;13.56;0.00;0.00;2000.00;14.83;
"2019-09-04 09:56:00";23.70;20.10;20.40;0.00;0.00;0.00;0.00;0.00;0.00;1.70;15.97;84.36;13.33;0.00;0.00;2000.00;14.83;
"2019-09-04 10:01:00";23.30;20.10;20.40;0.00;0.00;0.00;0.00;0.00;0.00;0.00;15.98;83.77;13.23;0.00;0.00;2000.00;14.83;
"2019-09-04 10:06:00";23.50;20.10;20.40;0.00;0.00;0.00;0.00;3.59;186.61;4.41;16.09;83.41;13.27;0.00;0.00;2000.00;14.83;
"2019-09-04 10:11:00";24.60;20.20;20.40;0.00;0.00;0.00;0.00;2.17;181.53;3.48;16.58;83.19;13.72;0.00;0.00;2000.00;14.83;
"2019-09-04 10:16:00";25.70;20.20;20.40;0.00;0.00;0.00;0.00;2.01;178.32;4.82;16.89;82.69;13.92;0.00;0.00;2000.00;14.83;
"2019-09-04 10:21:00";26.50;20.20;20.40;0.00;0.00;0.00;0.00;1.77;180.00;1.77;16.94;81.68;13.79;0.00;0.00;2000.00;14.83;
"2019-09-04 10:26:00";26.50;20.30;20.50;0.00;0.00;0.00;0.00;1.91;204.88;1.91;17.20;81.83;14.06;0.00;0.00;2000.00;14.83;
"2019-09-04 10:31:00";26.90;20.30;20.50;0.00;0.00;0.00;0.00;0.00;0.00;1.84;17.37;81.16;14.11;0.00;0.00;2000.00;14.83;
"2019-09-04 10:36:00";27.10;20.30;20.50;0.00;0.00;0.00;0.00;0.00;0.00;2.67;17.41;80.60;14.03;0.00;0.00;2000.00;14.83;
"2019-09-04 10:41:00";27.30;20.40;20.60;0.00;0.00;0.00;0.00;3.12;217.81;3.12;17.36;79.98;13.87;0.00;0.00;2000.00;14.83;
"2019-09-04 10:46:00";26.80;20.40;20.60;0.00;0.00;0.00;0.00;1.56;191.73;3.80;17.34;79.72;13.80;0.00;0.00;2000.00;14.83;
"2019-09-04 10:51:00";26.40;20.40;20.60;0.00;0.00;0.00;0.00;3.88;214.85;4.10;17.34;79.64;13.79;0.00;0.00;2000.00;14.83;
"2019-09-04 10:56:00";26.30;20.50;20.60;0.00;0.00;0.00;0.00;0.00;0.00;1.63;17.40;79.60;13.83;0.00;0.00;2000.00;14.83;
"2019-09-04 11:01:00";26.30;20.50;20.70;0.00;0.00;0.00;0.00;3.46;276.29;4.25;17.58;79.12;13.91;0.00;0.00;2000.00;14.83;
"2019-09-04 11:06:00";26.00;20.60;20.70;0.00;0.00;0.00;0.00;1.65;229.15;3.45;17.67;79.22;14.02;0.00;0.00;2000.00;14.83;
"2019-09-04 11:11:00";25.90;20.60;20.70;0.00;0.00;0.00;0.00;1.02;232.46;3.63;17.67;78.54;13.89;0.00;0.00;2000.00;14.83;
"2019-09-04 11:16:00";25.90;20.70;20.80;0.00;0.00;0.00;0.00;3.38;238.38;3.38;17.88;78.84;14.15;0.00;0.00;2000.00;14.83;
"2019-09-04 11:21:00";25.80;20.70;20.80;0.00;0.00;0.00;0.00;1.71;233.79;3.24;17.89;78.57;14.11;0.00;0.00;2000.00;14.83;
"2019-09-04 11:26:00";25.70;20.80;20.90;0.00;0.00;0.00;0.00;4.36;17.01;4.36;17.86;78.09;13.99;0.00;0.00;2000.00;14.83;
"2019-09-04 11:31:00";25.70;20.80;20.90;0.00;0.00;0.00;0.00;2.45;180.00;4.38;17.86;78.04;13.98;0.00;0.00;2000.00;14.83;
"2019-09-04 11:36:00";25.60;20.90;20.90;0.00;0.00;0.00;0.00;3.08;198.89;3.08;18.05;78.02;14.16;0.00;0.00;2000.00;14.83;
"2019-09-04 11:41:00";26.40;20.90;21.00;0.00;0.00;0.00;0.00;0.00;0.00;3.99;18.27;77.86;14.34;0.00;0.00;2000.00;14.83;
"2019-09-04 11:46:00";27.20;21.00;21.00;0.00;0.00;0.00;0.00;0.85;207.01;3.28;18.39;77.43;14.37;0.00;0.00;2000.00;14.83;
"2019-09-04 11:51:00";28.10;21.00;21.10;0.00;0.00;0.00;0.00;2.50;287.06;3.34;18.96;76.55;14.75;0.00;0.00;2000.00;14.83;
"2019-09-04 11:56:00";27.70;21.00;21.10;0.00;0.00;0.00;0.00;3.06;232.25;4.41;18.98;76.32;14.71;0.00;0.00;2000.00;14.83;
"2019-09-04 12:01:00";27.10;21.10;21.20;0.00;0.00;0.00;0.00;3.47;258.26;3.69;19.11;75.50;14.68;0.00;0.00;2000.00;14.83;
"2019-09-04 12:06:00";26.70;21.10;21.20;0.00;0.00;0.00;0.00;4.06;285.34;4.06;18.86;74.02;14.13;0.00;0.00;2000.00;14.83;
"2019-09-04 12:11:00";26.80;21.20;21.20;0.00;0.00;0.00;0.00;3.80;251.61;6.38;19.01;73.45;14.15;0.00;0.00;2000.00;14.83;
"2019-09-04 12:16:00";26.30;21.20;21.30;0.00;0.00;0.00;0.00;2.31;195.30;6.20;19.00;72.35;13.91;0.00;0.00;2000.00;14.83;
"2019-09-04 12:21:00";26.40;21.30;21.30;0.00;0.00;0.00;0.00;0.00;0.00;3.35;18.92;71.92;13.75;0.00;0.00;2000.00;14.83;
"2019-09-04 12:26:00";27.60;21.30;21.30;0.00;0.00;0.00;0.00;3.00;220.94;3.00;19.10;71.68;13.87;0.00;0.00;2000.00;14.83;
"2019-09-04 12:31:00";28.10;21.30;21.40;0.00;0.00;0.00;0.00;3.30;283.17;3.58;19.45;70.85;14.02;0.00;0.00;2000.00;14.83;
"2019-09-04 12:36:00";27.60;21.40;21.40;0.00;0.00;0.00;0.00;0.00;0.00;0.84;19.52;70.32;13.97;0.00;0.00;2000.00;14.83;
"2019-09-04 12:41:00";28.30;21.40;21.60;0.00;0.00;0.00;0.00;2.01;291.58;2.98;19.72;70.33;14.16;0.00;0.00;2000.00;14.83;
"2019-09-04 12:46:00";29.80;21.40;21.60;0.00;0.00;0.00;0.00;1.40;311.81;4.47;19.96;68.93;14.08;0.00;0.00;2000.00;14.83;
"2019-09-04 12:51:00";31.10;21.60;21.60;0.00;0.00;0.00;0.00;4.87;275.23;4.87;20.32;68.28;14.28;0.00;0.00;2000.00;14.83;
"2019-09-04 12:56:00";31.90;21.60;21.70;0.00;0.00;0.00;0.00;3.09;237.72;4.73;20.48;66.72;14.08;0.00;0.00;2000.00;14.83;
"2019-09-04 13:01:00";32.80;21.60;21.70;0.00;0.00;0.00;0.00;0.00;0.00;2.38;20.66;65.04;13.85;0.00;0.00;2000.00;14.83;
"2019-09-04 13:06:00";33.80;21.70;21.70;0.00;0.00;0.00;0.00;1.33;195.46;2.12;20.82;64.78;13.94;0.00;0.00;2000.00;14.83;
"2019-09-04 13:11:00";32.80;21.80;21.80;0.00;0.00;0.00;0.00;2.90;301.57;4.02;20.96;64.00;13.89;0.00;0.00;2000.00;14.83;
"2019-09-04 13:16:00";31.00;21.80;21.80;0.00;0.00;0.00;0.00;4.65;237.97;6.31;20.22;63.91;13.16;0.00;0.00;2000.00;14.83;
"2019-09-04 13:21:00";30.10;21.80;21.90;0.00;0.00;0.00;0.00;3.30;257.20;5.36;20.15;64.23;13.17;0.00;0.00;2000.00;14.83;
"2019-09-04 13:26:00";30.10;21.90;21.90;0.00;0.00;0.00;0.00;2.07;249.67;2.95;20.33;64.58;13.43;0.00;0.00;2000.00;14.83;
"2019-09-04 13:31:00";29.60;22.00;21.90;0.00;0.00;0.00;0.00;2.53;267.99;4.24;20.24;63.79;13.16;0.00;0.00;2000.00;14.83;
"2019-09-04 13:36:00";29.30;22.00;22.00;0.00;0.00;0.00;0.00;3.70;239.54;4.30;20.32;64.11;13.31;0.00;0.00;2000.00;14.83;
"2019-09-04 13:41:00";29.20;22.10;22.10;0.00;0.00;0.00;0.00;2.69;258.44;5.10;20.25;63.32;13.05;0.00;0.00;2000.00;14.83;
"2019-09-04 13:46:00";29.50;22.10;22.10;0.00;0.00;0.00;0.00;1.42;204.55;3.39;20.31;62.94;13.02;0.00;0.00;2000.00;14.83;
"2019-09-04 13:51:00";30.20;22.20;22.10;0.00;0.00;0.00;0.00;2.56;244.38;4.65;20.42;62.37;12.99;0.00;0.00;2000.00;14.83;
"2019-09-04 13:56:00";31.00;22.20;22.20;0.00;0.00;0.00;0.00;3.54;263.06;5.48;20.50;62.18;13.01;0.00;0.00;2000.00;14.83;
"2019-09-04 14:01:00";31.10;22.30;22.20;0.00;0.00;0.00;0.00;3.48;238.87;3.48;20.75;60.60;12.85;0.00;0.00;2000.00;14.83;
"2019-09-04 14:06:00";30.80;22.30;22.30;0.00;0.00;0.00;0.00;3.86;261.21;5.85;20.79;59.21;12.53;0.00;0.00;2000.00;14.83;
"2019-09-04 14:11:00";30.70;22.40;22.30;0.00;0.00;0.00;0.00;4.56;240.28;6.27;20.62;58.61;12.22;0.00;0.00;2000.00;14.83;
"2019-09-04 14:16:00";30.50;22.50;22.40;0.00;0.00;0.00;0.00;1.20;237.81;4.68;20.53;58.10;12.01;0.00;0.00;2000.00;14.83;
"2019-09-04 14:21:00";30.70;22.50;22.40;0.00;0.00;0.00;0.00;1.50;180.00;2.16;20.68;57.88;12.09;0.00;0.00;2000.00;14.83;
"2019-09-04 14:26:00";31.80;22.60;22.50;0.00;0.00;0.00;0.00;3.12;274.67;6.57;20.93;56.81;12.04;0.00;0.00;2000.00;14.83;
"2019-09-04 14:31:00";31.20;22.60;22.50;0.00;0.00;0.00;0.00;4.27;256.34;5.28;20.93;55.36;11.65;0.00;0.00;2000.00;14.83;
"2019-09-04 14:36:00";31.30;22.60;22.50;0.00;0.00;0.00;0.00;3.07;202.83;5.42;20.90;55.42;11.63;0.00;0.00;2000.00;14.83;
"2019-09-04 14:41:00";30.90;22.70;22.60;0.00;0.00;0.00;0.00;0.77;239.01;5.36;20.94;55.49;11.68;0.00;0.00;2000.00;14.83;
"2019-09-04 14:46:00";30.00;22.70;22.70;0.00;0.00;0.00;0.00;3.63;235.17;4.12;20.72;55.36;11.45;0.00;0.00;2000.00;14.83;
"2019-09-04 14:51:00";30.00;22.80;22.70;0.00;0.00;0.00;0.00;4.32;258.89;4.32;20.87;53.53;11.08;0.00;0.00;2000.00;14.83;
"2019-09-04 14:56:00";30.20;22.80;22.70;0.00;0.00;0.00;0.00;4.54;271.34;6.25;21.12;51.12;10.62;0.00;0.00;2000.00;14.83;
"2019-09-04 15:01:00";29.50;23.00;22.80;0.00;0.00;0.00;0.00;3.25;249.19;5.43;21.00;50.32;10.27;0.00;0.00;2000.00;14.83;
"2019-09-04 15:06:00";29.10;23.10;22.80;0.00;0.00;0.00;0.00;2.88;234.34;5.08;20.98;50.29;10.24;0.00;0.00;2000.00;14.83;
"2019-09-04 15:11:00";29.80;23.10;23.00;0.00;0.00;0.00;0.00;1.90;281.26;4.12;21.14;50.19;10.36;0.00;0.00;2000.00;14.83;
"2019-09-04 15:16:00";30.00;23.10;23.00;0.00;0.00;0.00;0.00;2.83;237.46;4.85;21.16;50.89;10.59;0.00;0.00;2000.00;14.83;
"2019-09-04 15:21:00";31.30;23.20;23.10;0.00;0.00;0.00;0.00;5.87;296.82;6.11;21.36;50.72;10.73;0.00;0.00;2000.00;14.83;
"2019-09-04 15:26:00";31.20;23.20;23.10;0.00;0.00;0.00;0.00;2.84;227.90;4.27;21.52;50.69;10.86;0.00;0.00;2000.00;14.83;
"2019-09-04 15:31:00";31.10;23.20;23.10;0.00;0.00;0.00;0.00;0.00;0.00;2.40;21.57;51.11;11.03;0.00;0.00;2000.00;14.83;
"2019-09-04 15:36:00";30.10;23.30;23.10;0.00;0.00;0.00;0.00;3.33;297.99;5.10;21.27;49.01;10.13;0.00;0.00;2000.00;14.83;
"2019-09-04 15:41:00";29.50;23.30;23.20;0.00;0.00;0.00;0.00;3.06;292.68;3.51;21.17;50.26;10.41;0.00;0.00;2000.00;14.83;
"2019-09-04 15:46:00";31.30;23.40;23.20;0.00;0.00;0.00;0.00;5.51;281.09;6.12;21.35;51.52;10.95;0.00;0.00;2000.00;14.83;
"2019-09-04 15:51:00";31.60;23.40;23.20;0.00;0.00;0.00;0.00;3.38;330.56;4.57;21.29;52.18;11.08;0.00;0.00;2000.00;14.83;
"2019-09-04 15:56:00";32.20;23.40;23.30;0.00;0.00;0.00;0.00;1.13;254.21;4.44;21.41;50.80;10.79;0.00;0.00;2000.00;14.83;
"2019-09-04 16:01:00";32.50;23.50;23.30;0.00;0.00;0.00;0.00;4.07;281.27;4.07;21.51;50.96;10.93;0.00;0.00;2000.00;14.83;
"2019-09-04 16:06:00";32.20;23.50;23.30;0.00;0.00;0.00;0.00;3.69;287.37;5.21;21.41;47.51;9.79;0.00;0.00;2000.00;14.83;
"2019-09-04 16:11:00";32.80;23.50;23.40;0.00;0.00;0.00;0.00;4.35;283.57;5.60;21.78;47.52;10.13;0.00;0.00;2000.00;14.83;
"2019-09-04 16:16:00";32.90;23.60;23.40;0.00;0.00;0.00;0.00;2.49;268.62;4.41;21.88;47.67;10.26;0.00;0.00;2000.00;14.83;
"2019-09-04 16:21:00";33.00;23.60;23.50;0.00;0.00;0.00;0.00;1.69;284.76;3.47;21.96;47.00;10.12;0.00;0.00;2000.00;14.83;
"2019-09-04 16:26:00";33.00;23.70;23.50;0.00;0.00;0.00;0.00;2.38;235.49;4.72;21.82;46.89;9.96;0.00;0.00;2000.00;14.83;
"2019-09-04 16:31:00";32.80;23.70;23.50;0.00;0.00;0.00;0.00;4.12;226.18;4.12;21.82;47.20;10.06;0.00;0.00;2000.00;14.83;
"2019-09-04 16:36:00";32.80;23.80;23.60;0.00;0.00;0.00;0.00;3.02;311.42;5.08;21.67;47.64;10.06;0.00;0.00;2000.00;14.83;
"2019-09-04 16:41:00";32.20;23.80;23.60;0.00;0.00;0.00;0.00;2.18;273.13;4.68;21.61;48.10;10.15;0.00;0.00;2000.00;14.83;
"2019-09-04 16:46:00";32.30;23.80;23.60;0.00;0.00;0.00;0.00;1.47;268.11;4.16;21.75;48.11;10.28;0.00;0.00;2000.00;14.83;
"2019-09-04 16:51:00";32.50;23.90;23.70;0.00;0.00;0.00;0.00;6.30;284.26;6.30;21.74;47.35;10.03;0.00;0.00;2000.00;14.83;
"2019-09-04 16:56:00";31.70;23.90;23.70;0.00;0.00;0.00;0.00;3.49;286.51;5.44;21.83;47.23;10.09;0.00;0.00;2000.00;14.83;
"2019-09-04 17:01:00";31.10;24.10;23.80;0.00;0.00;0.00;0.00;1.82;243.64;4.98;21.42;48.51;10.10;0.00;0.00;2000.00;14.83;
"2019-09-04 17:06:00";31.60;24.10;23.80;0.00;0.00;0.00;0.00;2.23;267.22;4.66;21.62;47.75;10.05;0.00;0.00;2000.00;14.83;
"2019-09-04 17:11:00";31.30;24.10;23.80;0.00;0.00;0.00;0.00;1.61;316.58;3.91;21.66;48.82;10.42;0.00;0.00;2000.00;14.83;
"2019-09-04 17:16:00";30.10;24.20;23.90;0.00;0.00;0.00;0.00;2.62;273.63;2.98;21.18;50.68;10.55;0.00;0.00;2000.00;14.83;
"2019-09-04 17:21:00";30.50;24.20;23.90;0.00;0.00;0.00;0.00;0.00;0.00;0.00;21.55;48.81;10.32;0.00;0.00;2000.00;14.83;
"2019-09-04 17:26:00";30.90;24.30;24.10;0.00;0.00;0.00;0.00;1.41;194.64;2.41;21.91;48.01;10.40;0.00;0.00;2000.00;14.83;
"2019-09-04 17:31:00";29.80;24.30;24.10;0.00;0.00;0.00;0.00;2.04;322.93;3.56;21.60;48.01;10.11;0.00;0.00;2000.00;14.83;
"2019-09-04 17:36:00";29.40;24.30;24.10;0.00;0.00;0.00;0.00;0.00;0.00;3.36;21.47;48.60;10.18;0.00;0.00;2000.00;14.83;
"2019-09-04 17:41:00";30.00;24.40;24.20;0.00;0.00;0.00;0.00;2.26;258.47;3.33;21.86;46.70;9.94;0.00;0.00;2000.00;14.83;
"2019-09-04 17:46:00";30.10;24.40;24.20;0.00;0.00;0.00;0.00;2.06;275.63;2.78;21.85;46.49;9.87;0.00;0.00;2000.00;14.83;
"2019-09-04 17:51:00";30.00;24.40;24.20;0.00;0.00;0.00;0.00;2.55;257.02;4.94;21.92;46.76;10.02;0.00;0.00;2000.00;14.83;
"2019-09-04 17:56:00";29.80;24.50;24.20;0.00;0.00;0.00;0.00;0.00;0.00;6.60;21.73;45.79;9.53;0.00;0.00;2000.00;14.83;
"2019-09-04 18:01:00";29.50;24.50;24.30;0.00;0.00;0.00;0.00;3.15;281.32;3.28;21.68;46.14;9.60;0.00;0.00;2000.00;14.83;
"2019-09-04 18:06:00";29.30;24.50;24.30;0.00;0.00;0.00;0.00;2.31;244.17;4.96;21.62;46.09;9.52;0.00;0.00;2000.00;14.83;
"2019-09-04 18:11:00";29.10;24.50;24.30;0.00;0.00;0.00;0.00;2.61;266.04;3.09;21.76;46.37;9.74;0.00;0.00;2000.00;14.83;
"2019-09-04 18:16:00";28.40;24.60;24.40;0.00;0.00;0.00;0.00;4.09;318.03;4.86;21.66;45.79;9.46;0.00;0.00;2000.00;14.83;
"2019-09-04 18:21:00";28.10;24.60;24.40;0.00;0.00;0.00;0.00;3.31;293.06;5.01;21.32;45.52;9.07;0.00;0.00;2000.00;14.83;
"2019-09-04 18:26:00";28.00;24.60;24.40;0.00;0.00;0.00;0.00;3.89;236.53;3.89;21.40;45.01;8.97;0.00;0.00;2000.00;14.83;
"2019-09-04 18:31:00";27.80;24.60;24.40;0.00;0.00;0.00;0.00;3.88;229.50;4.34;21.32;43.83;8.51;0.00;0.00;2000.00;14.83;
"2019-09-04 18:36:00";27.60;24.60;24.40;0.00;0.00;0.00;0.00;4.08;231.15;4.13;21.22;43.00;8.13;0.00;0.00;2000.00;14.83;
"2019-09-04 18:41:00";27.30;24.70;24.50;0.00;0.00;0.00;0.00;4.69;273.52;7.11;21.10;42.41;7.82;0.00;0.00;2000.00;14.83;
"2019-09-04 18:46:00";26.90;24.70;24.50;0.00;0.00;0.00;0.00;3.82;273.09;3.84;20.99;42.32;7.69;0.00;0.00;2000.00;14.83;
"2019-09-04 18:51:00";26.60;24.70;24.50;0.00;0.00;0.00;0.00;1.38;291.75;4.43;20.98;40.54;7.05;0.00;0.00;2000.00;14.83;
"2019-09-04 18:56:00";26.30;24.70;24.50;0.00;0.00;0.00;0.00;2.72;286.76;3.59;20.74;41.75;7.27;0.00;0.00;2000.00;14.83;
"2019-09-04 19:01:00";26.00;24.70;24.50;0.00;0.00;0.00;0.00;3.37;258.32;6.99;20.77;42.32;7.49;0.00;0.00;2000.00;14.83;
"2019-09-04 19:06:00";25.70;24.70;24.50;0.00;0.00;0.00;0.00;2.46;283.53;3.28;20.70;43.23;7.74;0.00;0.00;2000.00;14.83;
"2019-09-04 19:11:00";25.40;24.70;24.60;0.00;0.00;0.00;0.00;1.94;237.35;4.34;20.61;43.80;7.85;0.00;0.00;2000.00;14.83;
"2019-09-04 19:16:00";25.20;24.70;24.60;0.00;0.00;0.00;0.00;0.00;0.00;2.44;20.54;44.69;8.09;0.00;0.00;2000.00;14.83;
"2019-09-04 19:21:00";24.80;24.80;24.60;0.00;0.00;0.00;0.00;0.00;0.00;0.00;20.27;45.34;8.05;0.00;0.00;2000.00;14.83;
"2019-09-04 19:26:00";24.50;24.70;24.60;0.00;0.00;0.00;0.00;0.00;0.00;0.00;20.21;45.41;8.02;0.00;0.00;2000.00;14.83;
"2019-09-04 19:31:00";24.20;24.80;24.60;0.00;0.00;0.00;0.00;0.00;0.00;0.00;20.11;45.74;8.04;0.00;0.00;2000.00;14.83;
"2019-09-04 19:36:00";23.90;24.70;24.60;0.00;0.00;0.00;0.00;2.74;290.51;2.92;19.95;46.00;7.97;0.00;0.00;2000.00;14.83;
"2019-09-04 19:41:00";23.60;24.80;24.60;0.00;0.00;0.00;0.00;2.93;278.10;2.93;19.76;46.28;7.89;0.00;0.00;2000.00;14.83;
"2019-09-04 19:46:00";23.30;24.70;24.60;0.00;0.00;0.00;0.00;0.00;0.00;2.65;19.54;47.09;7.95;0.00;0.00;2000.00;14.83;
"2019-09-04 19:51:00";23.10;24.70;24.60;0.00;0.00;0.00;0.00;1.90;323.81;1.90;19.37;47.52;7.93;0.00;0.00;2000.00;14.83;
"2019-09-04 19:56:00";22.80;24.70;24.60;0.00;0.00;0.00;0.00;0.00;0.00;0.00;19.35;47.54;7.91;0.00;0.00;2000.00;14.83;
"2019-09-04 20:01:00";22.60;24.70;24.60;0.00;0.00;0.00;0.00;0.00;0.00;0.00;19.08;48.79;8.05;0.00;0.00;2000.00;14.83;
"2019-09-04 20:06:00";22.40;24.70;24.60;0.00;0.00;0.00;0.00;0.00;0.00;0.00;18.89;49.57;8.11;0.00;0.00;2000.00;14.83;
"2019-09-04 20:11:00";22.20;24.70;24.60;0.00;0.00;0.00;0.00;0.00;0.00;0.00;18.85;49.69;8.10;0.00;0.00;2000.00;14.83;
"2019-09-04 20:16:00";22.00;24.70;24.60;0.00;0.00;0.00;0.00;0.00;0.00;0.00;18.76;50.07;8.13;0.00;0.00;2000.00;14.83;
"2019-09-04 20:21:00";21.80;24.60;24.60;0.00;0.00;0.00;0.00;0.00;0.00;0.00;18.64;50.72;8.21;0.00;0.00;2000.00;14.83;
"2019-09-04 20:26:00";21.60;24.60;24.60;0.00;0.00;0.00;0.00;0.00;0.00;0.00;18.48;50.77;8.08;0.00;0.00;2000.00;14.83;
"2019-09-04 20:31:00";21.40;24.60;24.50;0.00;0.00;0.00;0.00;0.00;0.00;0.00;18.38;51.37;8.16;0.00;0.00;2000.00;14.83;
"2019-09-04 20:36:00";21.20;24.60;24.50;0.00;0.00;0.00;0.00;0.00;0.00;2.46;18.24;51.67;8.12;0.00;0.00;2000.00;14.83;
"2019-09-04 20:41:00";21.00;24.60;24.50;0.00;0.00;0.00;0.00;0.00;0.00;0.00;18.22;51.54;8.07;0.00;0.00;2000.00;14.83;
"2019-09-04 20:46:00";20.90;24.50;24.50;0.00;0.00;0.00;0.00;0.00;0.00;0.00;18.00;52.07;8.01;0.00;0.00;2000.00;14.83;
"2019-09-04 20:51:00";20.80;24.50;24.50;0.00;0.00;0.00;0.00;0.00;0.00;0.00;17.81;52.91;8.07;0.00;0.00;2000.00;14.83;
"2019-09-04 20:56:00";20.60;24.50;24.50;0.00;0.00;0.00;0.00;0.00;0.00;0.00;17.77;52.87;8.02;0.00;0.00;2000.00;14.83;
"2019-09-04 21:01:00";20.50;24.50;24.40;0.00;0.00;0.00;0.00;0.00;0.00;0.00;17.63;53.21;7.99;0.00;0.00;2000.00;14.83;
"2019-09-04 21:06:00";20.30;24.40;24.40;0.00;0.00;0.00;0.00;0.00;0.00;0.00;17.53;53.60;8.00;0.00;0.00;2000.00;14.83;
"2019-09-04 21:11:00";20.20;24.40;24.40;0.00;0.00;0.00;0.00;0.00;0.00;0.00;17.51;53.62;7.99;0.00;0.00;2000.00;14.83;
"2019-09-04 21:16:00";20.10;24.40;24.40;0.00;0.00;0.00;0.00;0.00;0.00;0.00;17.36;54.14;7.99;0.00;0.00;2000.00;14.83;
"2019-09-04 21:21:00";19.90;24.30;24.30;0.00;0.00;0.00;0.00;0.00;0.00;0.00;17.25;54.59;8.01;0.00;0.00;2000.00;14.83;
"2019-09-04 21:26:00";19.90;24.30;24.30;0.00;0.00;0.00;0.00;0.00;0.00;0.00;17.10;55.12;8.01;0.00;0.00;2000.00;14.83;
"2019-09-04 21:31:00";19.70;24.30;24.30;0.00;0.00;0.00;0.00;1.46;276.26;1.46;16.86;55.84;7.98;0.00;0.00;2000.00;14.83;
"2019-09-04 21:36:00";19.60;24.30;24.30;0.00;0.00;0.00;0.00;0.00;0.00;0.00;16.65;56.49;7.96;0.00;0.00;2000.00;14.83;
"2019-09-04 21:41:00";19.40;24.20;24.20;0.00;0.00;0.00;0.00;0.00;0.00;0.00;16.55;56.82;7.95;0.00;0.00;2000.00;14.83;
"2019-09-04 21:46:00";19.20;24.20;24.20;0.00;0.00;0.00;0.00;0.00;0.00;0.00;16.19;57.98;7.91;0.00;0.00;2000.00;14.83;
"2019-09-04 21:51:00";19.00;24.10;24.20;0.00;0.00;0.00;0.00;0.00;0.00;0.00;15.71;59.24;7.77;0.00;0.00;2000.00;14.83;
"2019-09-04 21:56:00";18.90;24.10;24.20;0.00;0.00;0.00;0.00;0.00;0.00;0.00;15.25;60.45;7.64;0.00;0.00;2000.00;14.83;
"2019-09-04 22:01:00";18.70;24.10;24.10;0.00;0.00;0.00;0.00;0.00;0.00;0.00;14.96;61.45;7.61;0.00;0.00;2000.00;14.83;
"2019-09-04 22:06:00";18.50;23.90;24.10;0.00;0.00;0.00;0.00;0.00;0.00;0.00;14.71;62.40;7.60;0.00;0.00;2000.00;14.83;
"2019-09-04 22:11:00";18.40;23.90;24.10;0.00;0.00;0.00;0.00;0.00;0.00;0.00;14.76;63.84;7.97;0.00;0.00;2000.00;14.83;
"2019-09-04 22:16:00";18.20;23.90;23.90;0.00;0.00;0.00;0.00;0.00;0.00;0.00;14.93;64.43;8.28;0.00;0.00;2000.00;14.83;
"2019-09-04 22:21:00";18.10;23.80;23.90;0.00;0.00;0.00;0.00;0.00;0.00;0.00;14.74;64.56;8.12;0.00;0.00;2000.00;14.83;
"2019-09-04 22:26:00";18.10;23.80;23.90;0.00;0.00;0.00;0.00;0.00;0.00;0.00;14.81;64.73;8.23;0.00;0.00;2000.00;14.83;
"2019-09-04 22:31:00";18.00;23.70;23.80;0.00;0.00;0.00;0.00;0.00;0.00;0.00;14.80;64.28;8.11;0.00;0.00;2000.00;14.83;
"2019-09-04 22:36:00";18.00;23.70;23.80;0.00;0.00;0.00;0.00;0.00;0.00;0.00;14.74;64.46;8.10;0.00;0.00;2000.00;14.83;
"2019-09-04 22:41:00";17.90;23.70;23.80;0.00;0.00;0.00;0.00;0.00;0.00;0.00;15.04;64.03;8.28;0.00;0.00;2000.00;14.83;
"2019-09-04 22:46:00";17.90;23.70;23.80;0.00;0.00;0.00;0.00;0.00;0.00;0.00;14.97;63.68;8.14;0.00;0.00;2000.00;14.83;
"2019-09-04 22:51:00";17.70;23.60;23.70;0.00;0.00;0.00;0.00;0.00;0.00;0.00;14.67;63.65;7.85;0.00;0.00;2000.00;14.83;
"2019-09-04 22:56:00";17.60;23.60;23.70;0.00;0.00;0.00;0.00;0.00;0.00;0.00;14.53;64.32;7.86;0.00;0.00;2000.00;14.83;
"2019-09-04 23:01:00";17.50;23.50;23.60;0.00;0.00;0.00;0.00;0.00;0.00;0.00;14.28;64.63;7.70;0.00;0.00;2000.00;14.83;
"2019-09-04 23:06:00";17.40;23.50;23.60;0.00;0.00;0.00;0.00;0.00;0.00;0.00;14.08;65.35;7.67;0.00;0.00;2000.00;14.83;
"2019-09-04 23:11:00";17.30;23.50;23.60;0.00;0.00;0.00;0.00;0.00;0.00;0.00;14.06;65.80;7.76;0.00;0.00;2000.00;14.83;
"2019-09-04 23:16:00";17.20;23.40;23.60;0.00;0.00;0.00;0.00;0.00;0.00;0.00;13.72;66.04;7.49;0.00;0.00;2000.00;14.83;
"2019-09-04 23:21:00";17.10;23.40;23.50;0.00;0.00;0.00;0.00;0.00;0.00;0.00;13.35;66.74;7.29;0.00;0.00;2000.00;14.83;
"2019-09-04 23:26:00";17.00;23.30;23.50;0.00;0.00;0.00;0.00;0.00;0.00;0.00;13.09;67.44;7.20;0.00;0.00;2000.00;14.83;
"2019-09-04 23:31:00";16.80;23.30;23.50;0.00;0.00;0.00;0.00;0.00;0.00;0.00;12.88;68.04;7.12;0.00;0.00;2000.00;14.83;
"2019-09-04 23:36:00";16.70;23.30;23.40;0.00;0.00;0.00;0.00;0.00;0.00;0.00;12.72;68.65;7.09;0.00;0.00;2000.00;14.83;
"2019-09-04 23:41:00";16.60;23.20;23.40;0.00;0.00;0.00;0.00;0.00;0.00;0.00;12.67;69.17;7.16;0.00;0.00;2000.00;14.83;
"2019-09-04 23:46:00";16.60;23.20;23.40;0.00;0.00;0.00;0.00;0.00;0.00;0.00;12.57;69.57;7.15;0.00;0.00;2000.00;14.83;
"2019-09-04 23:51:00";16.60;23.10;23.30;0.00;0.00;0.00;0.00;0.00;0.00;0.00;12.49;69.96;7.15;0.00;0.00;2000.00;14.83;
"2019-09-04 23:56:00";16.50;23.10;23.30;0.00;0.00;0.00;0.00;0.00;0.00;0.00;12.41;70.33;7.16;0.00;0.00;2000.00;14.83;
"2019-09-05 00:01:00";16.40;23.10;23.20;0.00;0.00;0.00;0.00;0.00;0.00;0.00;12.33;70.66;7.15;0.00;0.00;2000.00;14.83;
"2019-09-05 00:06:00";16.30;23.10;23.20;0.00;0.00;0.00;0.00;0.00;0.00;0.00;12.28;71.05;7.19;0.00;0.00;2000.00;14.83;
"2019-09-05 00:11:00";16.20;23.00;23.20;0.00;0.00;0.00;0.00;0.00;0.00;0.00;12.15;71.30;7.10;0.00;0.00;2000.00;14.83;
"2019-09-05 00:16:00";16.20;23.00;23.10;0.00;0.00;0.00;0.00;0.00;0.00;0.00;12.08;71.71;7.12;0.00;0.00;2000.00;14.83;
"2019-09-05 00:21:00";16.10;22.80;23.10;0.00;0.00;0.00;0.00;0.00;0.00;0.00;12.03;72.04;7.14;0.00;0.00;2000.00;14.83;
"2019-09-05 00:26:00";16.00;22.80;23.10;0.00;0.00;0.00;0.00;0.00;0.00;0.00;11.94;72.46;7.13;0.00;0.00;2000.00;14.83;
"2019-09-05 00:31:00";16.00;22.80;23.10;0.00;0.00;0.00;0.00;0.00;0.00;0.00;11.86;72.99;7.17;0.00;0.00;2000.00;14.83;
"2019-09-05 00:36:00";16.00;22.70;23.00;0.00;0.00;0.00;0.00;0.00;0.00;0.00;11.77;73.60;7.20;0.00;0.00;2000.00;14.83;
"2019-09-05 00:41:00";16.00;22.70;23.00;0.00;0.00;0.00;0.00;0.00;0.00;0.00;11.69;74.25;7.26;0.00;0.00;2000.00;14.83;
"2019-09-05 00:46:00";15.90;22.60;23.00;0.00;0.00;0.00;0.00;0.00;0.00;0.00;11.71;74.95;7.41;0.00;0.00;2000.00;14.83;
"2019-09-05 00:51:00";15.80;22.60;22.80;0.00;0.00;0.00;0.00;0.00;0.00;0.00;11.67;75.61;7.50;0.00;0.00;2000.00;14.83;
"2019-09-05 00:56:00";15.80;22.60;22.80;0.00;0.00;0.00;0.00;0.00;0.00;0.00;11.56;76.09;7.49;0.00;0.00;2000.00;14.83;
"2019-09-05 01:01:00";15.70;22.50;22.80;0.00;0.00;0.00;0.00;0.00;0.00;0.00;11.44;76.66;7.48;0.00;0.00;2000.00;14.83;
"2019-09-05 01:06:00";15.70;22.50;22.70;0.00;0.00;0.00;0.00;0.00;0.00;0.00;11.38;77.29;7.54;0.00;0.00;2000.00;14.83;
"2019-09-05 01:11:00";15.60;22.50;22.70;0.00;0.00;0.00;0.00;0.00;0.00;0.00;11.35;77.78;7.60;0.00;0.00;2000.00;14.83;
"2019-09-05 01:16:00";15.60;22.40;22.70;0.00;0.00;0.00;0.00;0.00;0.00;0.00;11.28;78.27;7.63;0.00;0.00;2000.00;14.83;
"2019-09-05 01:21:00";15.50;22.40;22.60;0.00;0.00;0.00;0.00;0.00;0.00;0.00;11.22;78.64;7.65;0.00;0.00;2000.00;14.83;
"2019-09-05 01:26:00";15.40;22.40;22.60;0.00;0.00;0.00;0.00;0.00;0.00;0.00;11.06;79.07;7.57;0.00;0.00;2000.00;14.83;
"2019-09-05 01:31:00";15.40;22.30;22.60;0.00;0.00;0.00;0.00;0.00;0.00;0.00;11.04;79.68;7.66;0.00;0.00;2000.00;14.83;
"2019-09-05 01:36:00";15.40;22.30;22.50;0.00;0.00;0.00;0.00;0.00;0.00;0.00;10.98;80.28;7.71;0.00;0.00;2000.00;14.83;
"2019-09-05 01:41:00";15.30;22.20;22.50;0.00;0.00;0.00;0.00;0.00;0.00;0.00;10.90;80.84;7.74;0.00;0.00;2000.00;14.83;
"2019-09-05 01:46:00";15.30;22.20;22.50;0.00;0.00;0.00;0.00;0.00;0.00;0.00;10.85;81.24;7.76;0.00;0.00;2000.00;14.83;
"2019-09-05 01:51:00";15.30;22.20;22.40;0.00;0.00;0.00;0.00;0.00;0.00;0.00;10.69;81.73;7.69;0.00;0.00;2000.00;14.83;
"2019-09-05 01:56:00";15.20;22.10;22.40;0.00;0.00;0.00;0.00;0.00;0.00;0.00;10.62;82.28;7.72;0.00;0.00;2000.00;14.83;
"2019-09-05 02:01:00";15.20;22.10;22.30;0.00;0.00;0.00;0.00;0.00;0.00;0.00;10.56;82.73;7.74;0.00;0.00;2000.00;14.83;
"2019-09-05 02:06:00";15.10;22.00;22.30;0.00;0.00;0.00;0.00;0.00;0.00;0.00;10.50;83.13;7.76;0.00;0.00;2000.00;14.83;
"2019-09-05 02:11:00";15.10;22.00;22.30;0.00;0.00;0.00;0.00;0.00;0.00;0.00;10.42;83.49;7.75;0.00;0.00;2000.00;14.83;
"2019-09-05 02:16:00";15.10;22.00;22.30;0.00;0.00;0.00;0.00;0.00;0.00;0.00;10.38;83.86;7.76;0.00;0.00;2000.00;14.83;
"2019-09-05 02:21:00";15.00;22.00;22.20;0.00;0.00;0.00;0.00;0.00;0.00;0.00;10.38;84.26;7.83;0.00;0.00;2000.00;14.83;
"2019-09-05 02:26:00";14.90;21.90;22.20;0.00;0.00;0.00;0.00;0.00;0.00;0.00;10.35;84.57;7.86;0.00;0.00;2000.00;14.83;
"2019-09-05 02:31:00";14.90;21.90;22.20;0.00;0.00;0.00;0.00;0.00;0.00;0.00;10.31;84.85;7.87;0.00;0.00;2000.00;14.83;
"2019-09-05 02:36:00";14.90;21.80;22.10;0.00;0.00;0.00;0.00;0.00;0.00;0.00;10.30;85.14;7.91;0.00;0.00;2000.00;14.83;
"2019-09-05 02:41:00";14.90;21.80;22.10;0.00;0.00;0.00;0.00;0.00;0.00;0.00;10.31;85.41;7.97;0.00;0.00;2000.00;14.83;
"2019-09-05 02:46:00";14.80;21.80;22.10;0.00;0.00;0.00;0.00;0.00;0.00;0.00;10.33;85.68;8.03;0.00;0.00;2000.00;14.83;
"2019-09-05 02:51:00";14.80;21.70;22.00;0.00;0.00;0.00;0.00;0.00;0.00;0.00;10.35;85.90;8.09;0.00;0.00;2000.00;14.83;
"2019-09-05 02:56:00";14.80;21.70;22.00;0.00;0.00;0.00;0.00;0.00;0.00;0.00;10.31;86.04;8.08;0.00;0.00;2000.00;14.83;
"2019-09-05 03:01:00";14.80;21.70;22.00;0.00;0.00;0.00;0.00;0.00;0.00;0.00;10.33;86.36;8.15;0.00;0.00;2000.00;14.83;
"2019-09-05 03:06:00";14.80;21.60;21.90;0.00;0.00;0.00;0.00;0.00;0.00;0.00;10.35;86.60;8.21;0.00;0.00;2000.00;14.83;
"2019-09-05 03:11:00";14.80;21.60;21.90;0.00;0.00;0.00;0.00;0.00;0.00;0.00;10.40;86.70;8.28;0.00;0.00;2000.00;14.83;
"2019-09-05 03:16:00";14.80;21.60;21.90;0.00;0.00;0.00;0.00;0.00;0.00;0.00;10.42;86.86;8.32;0.00;0.00;2000.00;14.83;
"2019-09-05 03:21:00";14.80;21.40;21.80;0.00;0.00;0.00;0.00;0.00;0.00;0.00;10.41;86.94;8.33;0.00;0.00;2000.00;14.83;
"2019-09-05 03:26:00";14.90;21.40;21.80;0.00;0.00;0.00;0.00;0.00;0.00;0.00;10.38;87.14;8.33;0.00;0.00;2000.00;14.83;
"2019-09-05 03:31:00";15.00;21.40;21.80;0.00;0.00;0.00;0.00;0.00;0.00;0.00;10.43;87.41;8.43;0.00;0.00;2000.00;14.83;
"2019-09-05 03:36:00";15.00;21.30;21.70;0.00;0.00;0.00;0.00;0.00;0.00;0.00;10.45;87.44;8.45;0.00;0.00;2000.00;14.83;
"2019-09-05 03:41:00";15.00;21.30;21.70;0.00;0.00;0.00;0.00;0.00;0.00;0.00;10.44;87.59;8.47;0.00;0.00;2000.00;14.83;
"2019-09-05 03:46:00";15.10;21.30;21.70;0.00;0.00;0.00;0.00;0.00;0.00;0.00;10.44;87.77;8.50;0.00;0.00;2000.00;14.83;
"2019-09-05 03:51:00";15.10;21.20;21.70;0.00;0.00;0.00;0.00;0.00;0.00;0.00;10.50;87.96;8.59;0.00;0.00;2000.00;14.83;
"2019-09-05 03:56:00";15.10;21.20;21.60;0.00;0.00;0.00;0.00;0.00;0.00;0.00;10.54;88.08;8.65;0.00;0.00;2000.00;14.83;
"2019-09-05 04:01:00";15.10;21.20;21.60;0.00;0.00;0.00;0.00;0.00;0.00;0.00;10.60;88.26;8.73;0.00;0.00;2000.00;14.83;
"2019-09-05 04:06:00";15.10;21.20;21.60;0.00;0.00;0.00;0.00;0.00;0.00;0.00;10.64;88.40;8.80;0.00;0.00;2000.00;14.83;
"2019-09-05 04:11:00";15.00;21.10;21.40;0.00;0.00;0.00;0.00;0.00;0.00;0.00;10.67;88.54;8.85;0.00;0.00;2000.00;14.83;
"2019-09-05 04:16:00";15.00;21.10;21.40;0.00;0.00;0.00;0.00;0.00;0.00;0.00;10.66;88.63;8.86;0.00;0.00;2000.00;14.83;
"2019-09-05 04:21:00";15.00;21.10;21.40;0.00;0.00;0.00;0.00;0.00;0.00;0.00;10.64;88.79;8.87;0.00;0.00;2000.00;14.83;
"2019-09-05 04:26:00";14.90;21.00;21.40;0.00;0.00;0.00;0.00;0.00;0.00;0.00;10.60;88.96;8.85;0.00;0.00;2000.00;14.83;
"2019-09-05 04:31:00";14.90;21.00;21.30;0.00;0.00;0.00;0.00;0.00;0.00;0.00;10.62;89.15;8.91;0.00;0.00;2000.00;14.83;
"2019-09-05 04:36:00";14.80;21.00;21.30;0.00;0.00;0.00;0.00;0.00;0.00;0.00;10.61;89.24;8.91;0.00;0.00;2000.00;14.83;
"2019-09-05 04:41:00";14.80;21.00;21.30;0.00;0.00;0.00;0.00;0.00;0.00;0.00;10.55;89.40;8.88;0.00;0.00;2000.00;14.83;
"2019-09-05 04:46:00";14.80;20.90;21.30;0.00;0.00;0.00;0.00;0.00;0.00;0.00;10.48;89.51;8.82;0.00;0.00;2000.00;14.83;
"2019-09-05 04:51:00";14.70;20.90;21.20;0.00;0.00;0.00;0.00;0.00;0.00;0.00;10.47;89.72;8.85;0.00;0.00;2000.00;14.83;
"2019-09-05 04:56:00";14.60;20.90;21.20;0.00;0.00;0.00;0.00;0.00;0.00;0.00;10.45;89.86;8.85;0.00;0.00;2000.00;14.83;
"2019-09-05 05:01:00";14.60;20.80;21.20;0.00;0.00;0.00;0.00;0.00;0.00;0.00;10.42;90.06;8.86;0.00;0.00;2000.00;14.83;
"2019-09-05 05:06:00";14.50;20.80;21.20;0.00;0.00;0.00;0.00;0.00;0.00;0.00;10.40;90.17;8.86;0.00;0.00;2000.00;14.83;
"2019-09-05 05:11:00";14.50;20.80;21.20;0.00;0.00;0.00;0.00;0.00;0.00;0.00;10.36;90.41;8.86;0.00;0.00;2000.00;14.83;
"2019-09-05 05:16:00";14.40;20.80;21.10;0.00;0.00;0.00;0.00;0.00;0.00;0.00;10.33;90.47;8.84;0.00;0.00;2000.00;14.83;
"2019-09-05 05:21:00";14.40;20.80;21.10;0.00;0.00;0.00;0.00;0.00;0.00;0.00;10.35;90.61;8.88;0.00;0.00;2000.00;14.83;
"2019-09-05 05:26:00";14.30;20.70;21.10;0.00;0.00;0.00;0.00;0.00;0.00;0.00;10.36;90.89;8.93;0.00;0.00;2000.00;14.83;
"2019-09-05 05:31:00";14.30;20.70;21.00;0.00;0.00;0.00;0.00;0.00;0.00;0.00;10.43;91.24;9.06;0.00;0.00;2000.00;14.83;
"2019-09-05 05:36:00";14.20;20.70;21.00;0.00;0.00;0.00;0.00;0.00;0.00;0.00;10.43;91.15;9.05;0.00;0.00;2000.00;14.83;
"2019-09-05 05:41:00";14.20;20.60;21.00;0.00;0.00;0.00;0.00;0.00;0.00;0.00;10.42;91.32;9.06;0.00;0.00;2000.00;14.83;
"2019-09-05 05:46:00";14.20;20.60;20.90;0.00;0.00;0.00;0.00;0.00;0.00;0.00;10.41;91.56;9.09;0.00;0.00;2000.00;14.83;
"2019-09-05 05:51:00";14.20;20.60;20.90;0.00;0.00;0.00;0.00;0.00;0.00;0.00;10.45;91.66;9.15;0.00;0.00;2000.00;14.83;
"2019-09-05 05:56:00";14.20;20.60;20.90;0.00;0.00;0.00;0.00;0.00;0.00;0.00;10.40;91.88;9.14;0.00;0.00;2000.00;14.83;
"2019-09-05 06:01:00";14.20;20.50;20.90;0.00;0.00;0.00;0.00;0.00;0.00;0.00;10.40;92.05;9.16;0.00;0.00;2000.00;14.83;
"2019-09-05 06:06:00";14.10;20.50;20.90;0.00;0.00;0.00;0.00;0.00;0.00;0.00;10.41;92.15;9.19;0.00;0.00;2000.00;14.83;
"2019-09-05 06:11:00";14.10;20.50;20.80;0.00;0.00;0.00;0.00;0.00;0.00;0.00;10.38;92.35;9.19;0.00;0.00;2000.00;14.83;
"2019-09-05 06:16:00";14.10;20.50;20.80;0.00;0.00;0.00;0.00;0.00;0.00;0.00;10.36;92.40;9.18;0.00;0.00;2000.00;14.83;
"2019-09-05 06:21:00";14.10;20.40;20.80;0.00;0.00;0.00;0.00;0.00;0.00;0.00;10.34;92.52;9.18;0.00;0.00;2000.00;14.83;
"2019-09-05 06:26:00";14.10;20.40;20.70;0.00;0.00;0.00;0.00;0.00;0.00;0.00;10.31;92.71;9.18;0.00;0.00;2000.00;14.83;
"2019-09-05 06:31:00";14.00;20.40;20.80;0.00;0.00;0.00;0.00;0.00;0.00;0.00;10.29;92.87;9.19;0.00;0.00;2000.00;14.83;
"2019-09-05 06:36:00";14.00;20.30;20.70;0.00;0.00;0.00;0.00;0.00;0.00;0.00;10.31;92.95;9.22;0.00;0.00;2000.00;14.83;
"2019-09-05 06:41:00";14.00;20.30;20.70;0.00;0.00;0.00;0.00;0.00;0.00;0.00;10.31;93.12;9.25;0.00;0.00;2000.00;14.83;
"2019-09-05 06:46:00";14.00;20.30;20.70;0.00;0.00;0.00;0.00;0.00;0.00;0.00;10.31;93.36;9.29;0.00;0.00;2000.00;14.83;
"2019-09-05 06:51:00";14.00;20.30;20.70;0.00;0.00;0.00;0.00;0.00;0.00;0.00;10.35;93.43;9.34;0.00;0.00;2000.00;14.83;
"2019-09-05 06:56:00";14.00;20.30;20.60;0.00;0.00;0.00;0.00;0.00;0.00;0.00;10.41;93.61;9.43;0.00;0.00;2000.00;14.83;
"2019-09-05 07:01:00";14.10;20.30;20.60;0.00;0.00;0.00;0.00;0.00;0.00;0.00;10.51;93.93;9.58;0.00;0.00;2000.00;14.83;
"2019-09-05 07:06:00";14.20;20.20;20.60;0.00;0.00;0.00;0.00;0.00;0.00;0.00;10.62;94.02;9.70;0.00;0.00;2000.00;14.83;
"2019-09-05 07:11:00";14.20;20.20;20.50;0.00;0.00;0.00;0.00;0.00;0.00;0.00;10.72;94.05;9.80;0.00;0.00;2000.00;14.83;
"2019-09-05 07:16:00";14.20;20.20;20.50;0.00;0.00;0.00;0.00;0.00;0.00;0.00;10.86;94.35;9.99;0.00;0.00;2000.00;14.83;
"2019-09-05 07:21:00";14.30;20.10;20.50;0.00;0.00;0.00;0.00;0.00;0.00;0.00;11.08;94.61;10.25;0.00;0.00;2000.00;14.83;
"2019-09-05 07:26:00";14.40;20.10;20.50;0.00;0.00;0.00;0.00;0.00;0.00;0.00;11.25;94.53;10.40;0.00;0.00;2000.00;14.83;
"2019-09-05 07:31:00";14.50;20.10;20.50;0.00;0.00;0.00;0.00;0.00;0.00;0.00;11.45;94.83;10.65;0.00;0.00;2000.00;14.83;
"2019-09-05 07:36:00";14.50;20.00;20.40;0.00;0.00;0.00;0.00;0.00;0.00;0.00;11.58;94.67;10.75;0.00;0.00;2000.00;14.83;
"2019-09-05 07:41:00";14.70;20.00;20.40;0.00;0.00;0.00;0.00;0.00;0.00;0.00;11.70;94.76;10.89;0.00;0.00;2000.00;14.83;
"2019-09-05 07:46:00";14.80;20.00;20.40;0.00;0.00;0.00;0.00;0.00;0.00;0.00;11.89;94.84;11.09;0.00;0.00;2000.00;14.83;
"2019-09-05 07:51:00";14.90;20.00;20.40;0.00;0.00;0.00;0.00;0.00;0.00;0.00;12.08;94.98;11.30;0.00;0.00;2000.00;14.83;
"2019-09-05 07:56:00";15.10;20.00;20.30;0.00;0.00;0.00;0.00;0.00;0.00;0.00;12.28;95.15;11.53;0.00;0.00;2000.00;14.83;
"2019-09-05 08:01:00";15.20;19.90;20.30;0.00;0.00;0.00;0.00;0.00;0.00;0.00;12.57;95.15;11.82;0.00;0.00;2000.00;14.83;
"2019-09-05 08:06:00";15.40;19.90;20.30;0.00;0.00;0.00;0.00;0.00;0.00;0.00;12.90;95.47;12.19;0.00;0.00;2000.00;14.83;
"2019-09-05 08:11:00";15.40;19.90;20.30;0.00;0.00;0.00;0.00;0.00;0.00;0.00;13.11;94.58;12.26;0.00;0.00;2000.00;14.83;
"2019-09-05 08:16:00";15.60;19.90;20.20;0.00;0.00;0.00;0.00;0.00;0.00;0.00;13.29;95.05;12.52;0.00;0.00;2000.00;14.83;
"2019-09-05 08:21:00";15.70;19.90;20.20;0.00;0.00;0.00;0.00;0.00;0.00;0.00;13.57;94.78;12.75;0.00;0.00;2000.00;14.83;
"2019-09-05 08:26:00";15.90;19.80;20.20;0.00;0.00;0.00;0.00;0.00;0.00;0.00;13.73;95.15;12.96;0.00;0.00;2000.00;14.83;
"2019-09-05 08:31:00";16.00;19.80;20.20;0.00;0.00;0.00;0.00;0.00;0.00;0.00;14.06;94.43;13.18;0.00;0.00;2000.00;14.83;
"2019-09-05 08:36:00";16.00;19.80;20.20;0.00;0.00;0.00;0.00;0.00;0.00;0.00;14.23;94.33;13.33;0.00;0.00;2000.00;14.83;
"2019-09-05 08:41:00";16.20;19.80;20.20;0.00;0.00;0.00;0.00;0.00;0.00;1.87;14.18;94.47;13.30;0.00;0.00;2000.00;14.83;
"2019-09-05 08:46:00";16.50;19.80;20.20;0.00;0.00;0.00;0.00;0.00;0.00;0.00;14.41;94.54;13.54;0.00;0.00;2000.00;14.83;
"2019-09-05 08:51:00";16.90;19.80;20.10;0.00;0.00;0.00;0.00;0.00;0.00;0.00;14.73;94.13;13.80;0.00;0.00;2000.00;14.83;
"2019-09-05 08:56:00";17.00;19.80;20.10;0.00;0.00;0.00;0.00;0.00;0.00;0.00;15.03;94.25;14.11;0.00;0.00;2000.00;14.83;
"2019-09-05 09:01:00";17.30;19.70;20.10;0.00;0.00;0.00;0.00;0.00;0.00;0.00;15.38;93.94;14.41;0.00;0.00;2000.00;14.83;
"2019-09-05 09:06:00";17.90;19.80;20.10;0.00;0.00;0.00;0.00;0.00;0.00;0.00;15.52;92.99;14.39;0.00;0.00;2000.00;14.83;
"2019-09-05 09:11:00";18.40;19.70;20.10;0.00;0.00;0.00;0.00;0.00;0.00;0.00;15.60;93.12;14.49;0.00;0.00;2000.00;14.83;
"2019-09-05 09:16:00";19.00;19.70;20.10;0.00;0.00;0.00;0.00;0.00;0.00;0.00;15.85;93.32;14.77;0.00;0.00;2000.00;14.83;
"2019-09-05 09:21:00";19.50;19.70;20.00;0.00;0.00;0.00;0.00;0.00;0.00;0.00;16.18;92.50;14.96;0.00;0.00;2000.00;14.83;
"2019-09-05 09:26:00";19.80;19.70;20.00;0.00;0.00;0.00;0.00;0.00;0.00;0.00;16.26;91.90;14.94;0.00;0.00;2000.00;14.83;
"2019-09-05 09:31:00";20.30;19.70;20.10;0.00;0.00;0.00;0.00;0.00;0.00;1.00;16.42;91.46;15.02;0.00;0.00;2000.00;14.83;
"2019-09-05 09:36:00";20.90;19.70;20.00;0.00;0.00;0.00;0.00;2.18;173.90;2.18;16.63;90.86;15.13;0.00;0.00;2000.00;14.83;
"2019-09-05 09:41:00";21.10;19.70;20.00;0.00;0.00;0.00;0.00;0.00;0.00;0.00;16.80;90.55;15.24;0.00;0.00;2000.00;14.83;
"2019-09-05 09:46:00";21.80;19.70;20.00;0.00;0.00;0.00;0.00;0.00;0.00;0.58;17.19;89.67;15.48;0.00;0.00;2000.00;14.83;
"2019-09-05 09:51:00";22.40;19.70;20.00;0.00;0.00;0.00;0.00;0.00;0.00;2.98;17.26;88.85;15.40;0.00;0.00;2000.00;14.83;
"2019-09-05 09:56:00";22.90;19.70;20.00;0.00;0.00;0.00;0.00;2.02;180.00;2.48;17.67;87.57;15.58;0.00;0.00;2000.00;14.83;
"2019-09-05 10:01:00";23.40;19.70;20.00;0.00;0.00;0.00;0.00;0.00;0.00;0.00;17.78;86.91;15.57;0.00;0.00;2000.00;14.83;
"2019-09-05 10:06:00";23.90;19.70;20.00;0.00;0.00;0.00;0.00;0.00;0.00;0.00;17.93;86.30;15.61;0.00;0.00;2000.00;14.83;
"2019-09-05 10:11:00";24.40;19.80;20.00;0.00;0.00;0.00;0.00;0.00;0.00;0.00;18.23;85.60;15.78;0.00;0.00;2000.00;14.83;
"2019-09-05 10:16:00";24.70;19.80;20.00;0.00;0.00;0.00;0.00;0.00;0.00;0.00;18.48;84.06;15.74;0.00;0.00;2000.00;14.83;
"2019-09-05 10:21:00";24.60;19.80;20.10;0.00;0.00;0.00;0.00;0.00;0.00;4.20;18.50;82.87;15.53;0.00;0.00;2000.00;14.83;
"2019-09-05 10:26:00";25.20;19.80;20.10;0.00;0.00;0.00;0.00;0.00;0.00;2.52;18.79;81.85;15.62;0.00;0.00;2000.00;14.83;
"2019-09-05 10:31:00";25.80;19.80;20.10;0.00;0.00;0.00;0.00;0.00;0.00;0.00;19.17;80.93;15.82;0.00;0.00;2000.00;14.83;
"2019-09-05 10:36:00";26.30;19.90;20.10;0.00;0.00;0.00;0.00;0.00;0.00;1.72;19.37;79.45;15.72;0.00;0.00;2000.00;14.83;
"2019-09-05 10:41:00";26.70;19.90;20.10;0.00;0.00;0.00;0.00;0.00;0.00;0.00;19.32;77.98;15.38;0.00;0.00;2000.00;14.83;
"2019-09-05 10:46:00";26.90;20.00;20.20;0.00;0.00;0.00;0.00;0.00;0.00;1.61;19.59;77.07;15.46;0.00;0.00;2000.00;14.83;
"2019-09-05 10:51:00";27.50;20.00;20.20;0.00;0.00;0.00;0.00;0.00;0.00;1.53;19.54;76.13;15.22;0.00;0.00;2000.00;14.83;
"2019-09-05 10:56:00";28.00;20.00;20.20;0.00;0.00;0.00;0.00;0.00;0.00;1.57;19.95;74.99;15.38;0.00;0.00;2000.00;14.83;
"2019-09-05 11:01:00";28.40;20.10;20.30;0.00;0.00;0.00;0.00;0.00;0.00;0.00;20.19;74.12;15.43;0.00;0.00;2000.00;14.83;
"2019-09-05 11:06:00";28.90;20.10;20.30;0.00;0.00;0.00;0.00;0.00;0.00;0.00;20.55;72.86;15.51;0.00;0.00;2000.00;14.83;
"2019-09-05 11:11:00";29.40;20.20;20.30;0.00;0.00;0.00;0.00;0.00;0.00;1.57;20.79;71.75;15.50;0.05;60.00;2000.00;14.88;
"2019-09-05 11:16:00";29.90;20.20;20.40;0.00;0.00;0.00;0.00;1.23;205.92;1.36;21.14;70.56;15.58;0.00;0.00;2000.00;14.88;
"2019-09-05 11:21:00";30.30;20.30;20.40;0.00;0.00;0.00;0.00;0.00;0.00;3.38;21.21;68.76;15.24;0.00;0.00;2000.00;14.88;
"2019-09-05 11:26:00";30.40;20.30;20.50;0.00;0.00;0.00;0.00;0.00;0.00;0.00;21.04;67.86;14.87;0.00;0.00;2000.00;14.88;
"2019-09-05 11:31:00";30.90;20.40;20.50;0.00;0.00;0.00;0.00;0.00;0.00;0.00;21.06;67.15;14.73;0.00;0.00;2000.00;14.88;
"2019-09-05 11:36:00";31.20;20.50;20.60;0.00;0.00;0.00;0.00;0.00;0.00;0.00;21.38;66.13;14.80;0.00;0.00;2000.00;14.88;
"2019-09-05 11:41:00";31.60;20.50;20.60;0.00;0.00;0.00;0.00;3.02;163.89;3.81;21.44;65.45;14.69;0.00;0.00;2000.00;14.88;
"2019-09-05 11:46:00";31.90;20.60;20.60;0.00;0.00;0.00;0.00;0.00;0.00;0.00;21.74;65.33;14.95;0.00;0.00;2000.00;14.88;
"2019-09-05 11:51:00";31.60;20.70;20.70;0.00;0.00;0.00;0.00;0.00;0.00;0.00;21.89;64.70;14.94;0.00;0.00;2000.00;14.88;
"2019-09-05 11:56:00";30.00;20.70;20.70;0.00;0.00;0.00;0.00;1.80;139.40;2.79;22.10;63.37;14.81;0.00;0.00;2000.00;14.88;
"2019-09-05 12:01:00";29.10;20.80;20.80;0.00;0.00;0.00;0.00;0.00;0.00;0.00;22.26;61.82;14.58;0.00;0.00;2000.00;14.88;
"2019-09-05 12:06:00";29.50;20.80;20.90;0.00;0.00;0.00;0.00;1.72;180.00;3.96;22.13;58.99;13.74;0.00;0.00;2000.00;14.88;
"2019-09-05 12:11:00";30.70;20.90;20.90;0.00;0.00;0.00;0.00;3.35;194.50;3.68;22.35;58.61;13.84;0.00;0.00;2000.00;14.88;
"2019-09-05 12:16:00";31.50;21.00;21.00;0.00;0.00;0.00;0.00;3.69;180.00;4.31;22.44;56.61;13.39;0.00;0.00;2000.00;14.88;
"2019-09-05 12:21:00";32.20;21.10;21.00;0.00;0.00;0.00;0.00;0.00;0.00;0.00;22.54;55.87;13.28;0.00;0.00;2000.00;14.88;
"2019-09-05 12:26:00";32.60;21.10;21.10;0.00;0.00;0.00;0.00;2.37;180.00;4.63;22.70;54.27;12.98;0.00;0.00;2000.00;14.88;
"2019-09-05 12:31:00";33.10;21.20;21.20;0.00;0.00;0.00;0.00;2.94;162.19;4.09;22.71;53.53;12.79;0.00;0.00;2000.00;14.88;
"2019-09-05 12:36:00";33.60;21.30;21.20;0.00;0.00;0.00;0.00;2.12;180.00;2.61;22.79;53.49;12.85;0.00;0.00;2000.00;14.88;
"2019-09-05 12:41:00";34.00;21.30;21.30;0.00;0.00;0.00;0.00;1.44;192.58;4.59;23.14;52.97;13.02;0.00;0.00;2000.00;14.88;
"2019-09-05 12:46:00";34.20;21.40;21.30;0.00;0.00;0.00;0.00;2.15;179.10;4.19;22.99;51.19;12.36;0.00;0.00;2000.00;14.88;
"2019-09-05 12:51:00";34.50;21.40;21.40;0.00;0.00;0.00;0.00;2.25;129.19;3.87;23.09;51.53;12.56;0.00;0.00;2000.00;14.88;
"2019-09-05 12:56:00";34.70;21.60;21.60;0.00;0.00;0.00;0.00;1.64;169.10;1.95;23.37;51.36;12.76;0.00;0.00;2000.00;14.88;
"2019-09-05 13:01:00";35.20;21.70;21.60;0.00;0.00;0.00;0.00;4.37;156.98;5.39;23.41;49.12;12.11;0.00;0.00;2000.00;14.88;
"2019-09-05 13:06:00";35.40;21.70;21.70;0.00;0.00;0.00;0.00;2.36;180.00;3.27;23.43;50.02;12.42;0.00;0.00;2000.00;14.88;
"2019-09-05 13:11:00";35.60;21.80;21.70;0.00;0.00;0.00;0.00;3.97;180.00;7.36;23.44;47.07;11.50;0.00;0.00;2000.00;14.88;
"2019-09-05 13:16:00";35.70;21.90;21.80;0.00;0.00;0.00;0.00;2.40;161.78;4.31;23.58;47.72;11.83;0.00;0.00;2000.00;14.88;
"2019-09-05 13:21:00";35.90;22.00;21.80;0.00;0.00;0.00;0.00;3.88;180.00;5.23;23.67;46.25;11.44;0.00;0.00;2000.00;14.88;
"2019-09-05 13:26:00";35.90;22.00;21.90;0.00;0.00;0.00;0.00;3.07;200.77;7.54;23.71;46.15;11.45;0.00;0.00;2000.00;14.88;
"2019-09-05 13:31:00";36.00;22.10;22.00;0.00;0.00;0.00;0.00;2.92;185.48;7.34;23.66;45.27;11.12;0.00;0.00;2000.00;14.88;
"2019-09-05 13:36:00";36.10;22.20;22.10;0.00;0.00;0.00;0.00;6.42;205.13;9.90;23.68;45.24;11.13;0.00;0.00;2000.00;14.88;
"2019-09-05 13:41:00";36.40;22.30;22.10;0.00;0.00;0.00;0.00;3.33;180.00;3.48;23.75;45.72;11.35;0.00;0.00;2000.00;14.88;
"2019-09-05 13:46:00";36.50;22.40;22.20;0.00;0.00;0.00;0.00;4.00;180.00;6.95;23.97;45.54;11.48;0.00;0.00;2000.00;14.88;
"2019-09-05 13:51:00";36.80;22.50;22.30;0.00;0.00;0.00;0.00;3.58;178.19;4.89;23.93;44.91;11.24;0.00;0.00;2000.00;14.88;
"2019-09-05 13:56:00";36.80;22.50;22.30;0.00;0.00;0.00;0.00;2.24;189.81;3.86;23.92;45.15;11.31;0.00;0.00;2000.00;14.88;
"2019-09-05 14:01:00";37.20;22.60;22.40;0.00;0.00;0.00;0.00;4.25;207.97;4.85;24.28;44.48;11.41;0.00;0.00;2000.00;14.88;
"2019-09-05 14:06:00";36.90;22.70;22.50;0.00;0.00;0.00;0.00;1.90;144.58;4.01;24.24;45.63;11.75;0.00;0.00;2000.00;14.88;
"2019-09-05 14:11:00";36.90;22.80;22.60;0.00;0.00;0.00;0.00;1.61;226.20;3.45;24.20;44.43;11.32;0.00;0.00;2000.00;14.88;
"2019-09-05 14:16:00";37.20;22.80;22.60;0.00;0.00;0.00;0.00;2.28;180.00;5.22;24.33;43.80;11.22;0.00;0.00;2000.00;14.88;
"2019-09-05 14:21:00";37.30;23.00;22.70;0.00;0.00;0.00;0.00;3.07;204.98;7.89;24.62;43.57;11.40;0.00;0.00;2000.00;14.88;
"2019-09-05 14:26:00";37.50;23.10;22.70;0.00;0.00;0.00;0.00;6.17;217.87;6.17;24.71;42.31;11.04;0.00;0.00;2000.00;14.88;
"2019-09-05 14:31:00";37.50;23.20;22.80;0.00;0.00;0.00;0.00;4.69;10.37;4.69;24.74;42.86;11.26;0.00;0.00;2000.00;14.88;
"2019-09-05 14:36:00";37.30;23.20;23.00;0.00;0.00;0.00;0.00;1.00;188.99;3.18;24.78;42.05;11.01;0.00;0.00;2000.00;14.88;
"2019-09-05 14:41:00";37.80;23.30;23.10;0.00;0.00;0.00;0.00;3.80;188.35;3.80;24.65;42.40;11.02;0.00;0.00;2000.00;14.88;
"2019-09-05 14:46:00";37.90;23.40;23.10;0.00;0.00;0.00;0.00;1.50;178.17;3.95;24.69;42.74;11.17;0.00;0.00;2000.00;14.88;
"2019-09-05 14:51:00";38.00;23.50;23.20;0.00;0.00;0.00;0.00;1.50;129.49;2.64;24.70;42.90;11.24;0.00;0.00;2000.00;14.88;
"2019-09-05 14:56:00";38.00;23.60;23.30;0.00;0.00;0.00;0.00;1.28;180.00;3.71;24.90;42.34;11.22;0.00;0.00;2000.00;14.88;
"2019-09-05 15:01:00";37.80;23.60;23.30;0.00;0.00;0.00;0.00;2.34;180.00;5.35;24.80;41.88;10.97;0.00;0.00;2000.00;14.88;
"2019-09-05 15:06:00";37.30;23.70;23.40;0.00;0.00;0.00;0.00;0.00;0.00;2.87;24.57;43.68;11.39;0.00;0.00;2000.00;14.88;
"2019-09-05 15:11:00";37.30;23.80;23.50;0.00;0.00;0.00;0.00;0.00;0.00;3.31;24.66;43.19;11.31;0.00;0.00;2000.00;14.88;
"2019-09-05 15:16:00";37.50;23.90;23.50;0.00;0.00;0.00;0.00;2.07;179.79;3.36;25.02;43.93;11.89;0.00;0.00;2000.00;14.88;
"2019-09-05 15:21:00";36.70;23.90;23.60;0.00;0.00;0.00;0.00;1.45;189.99;3.46;24.90;43.80;11.74;0.00;0.00;2000.00;14.88;
"2019-09-05 15:26:00";36.50;24.10;23.70;0.00;0.00;0.00;0.00;2.84;180.00;4.38;24.79;43.59;11.56;0.00;0.00;2000.00;14.88;
"2019-09-05 15:31:00";36.00;24.20;23.80;0.00;0.00;0.00;0.00;2.64;189.86;3.25;24.83;42.21;11.12;0.00;0.00;2000.00;14.88;
"2019-09-05 15:36:00";36.00;24.30;23.80;0.00;0.00;0.00;0.00;1.97;174.98;3.54;25.05;42.81;11.52;0.00;0.00;2000.00;14.88;
"2019-09-05 15:41:00";36.10;24.30;23.90;0.00;0.00;0.00;0.00;2.73;173.95;4.74;24.90;42.41;11.25;0.00;0.00;2000.00;14.88;
"2019-09-05 15:46:00";35.60;24.40;23.90;0.00;0.00;0.00;0.00;2.79;176.27;4.85;24.72;42.35;11.07;0.00;0.00;2000.00;14.88;
"2019-09-05 15:51:00";35.60;24.50;24.10;0.00;0.00;0.00;0.00;2.73;12.89;4.27;24.45;44.38;11.53;0.00;0.00;2000.00;14.88;
"2019-09-05 15:56:00";35.90;24.50;24.20;0.00;0.00;0.00;0.00;3.43;180.00;3.43;25.03;44.16;11.98;0.00;0.00;2000.00;14.88;
"2019-09-05 16:01:00";34.70;24.60;24.20;0.00;0.00;0.00;0.00;0.00;0.00;1.01;24.53;44.49;11.63;0.00;0.00;2000.00;14.88;
"2019-09-05 16:06:00";33.80;24.60;24.30;0.00;0.00;0.00;0.00;3.81;178.47;3.89;24.25;44.09;11.25;0.00;0.00;2000.00;14.88;
"2019-09-05 16:11:00";33.50;24.70;24.30;0.00;0.00;0.00;0.00;3.20;180.00;3.20;24.16;45.46;11.63;0.00;0.00;2000.00;14.88;
"2019-09-05 16:16:00";33.10;24.80;24.40;0.00;0.00;0.00;0.00;3.00;214.98;3.68;24.14;44.03;11.13;0.00;0.00;2000.00;14.88;
"2019-09-05 16:21:00";32.50;24.80;24.50;0.00;0.00;0.00;0.00;3.18;181.43;3.77;24.22;43.99;11.18;0.00;0.00;2000.00;14.88;
"2019-09-05 16:26:00";32.00;25.00;24.50;0.00;0.00;0.00;0.00;3.94;179.96;5.72;24.04;44.59;11.23;0.00;0.00;2000.00;14.88;
"2019-09-05 16:31:00";31.60;25.00;24.60;0.00;0.00;0.00;0.00;0.00;0.00;2.33;23.88;45.75;11.47;0.00;0.00;2000.00;14.88;
"2019-09-05 16:36:00";31.30;25.00;24.60;0.00;0.00;0.00;0.00;0.00;0.00;5.37;23.95;44.64;11.17;0.00;0.00;2000.00;14.88;
"2019-09-05 16:41:00";31.10;25.10;24.70;0.00;0.00;0.00;0.00;1.97;180.00;1.97;23.95;45.64;11.49;0.00;0.00;2000.00;14.88;
"2019-09-05 16:46:00";30.90;25.20;24.70;0.00;0.00;0.00;0.00;0.00;0.00;0.00;23.97;45.65;11.53;0.00;0.00;2000.00;14.88;
"2019-09-05 16:51:00";30.70;25.20;24.70;0.00;0.00;0.00;0.00;0.00;0.00;0.00;23.95;44.98;11.27;0.00;0.00;2000.00;14.88;
"2019-09-05 16:56:00";30.30;25.20;24.80;0.00;0.00;0.00;0.00;0.00;0.00;2.98;24.11;43.96;11.07;0.00;0.00;2000.00;14.88;
"2019-09-05 17:01:00";30.00;25.20;24.80;0.00;0.00;0.00;0.00;0.00;0.00;1.71;24.14;44.11;11.15;0.00;0.00;2000.00;14.88;
"2019-09-05 17:06:00";30.40;25.30;24.80;0.00;0.00;0.00;0.00;0.00;0.00;0.00;24.16;45.82;11.75;0.00;0.00;2000.00;14.88;
"2019-09-05 17:11:00";30.20;25.30;25.00;0.00;0.00;0.00;0.00;1.06;7.70;1.06;24.07;45.99;11.72;0.00;0.00;2000.00;14.88;
"2019-09-05 17:16:00";30.10;25.30;25.00;0.00;0.00;0.00;0.00;0.00;0.00;0.00;23.83;46.23;11.58;0.00;0.00;2000.00;14.88;
"2019-09-05 17:21:00";29.90;25.30;25.00;0.00;0.00;0.00;0.00;0.00;0.00;5.49;23.87;45.78;11.47;0.00;0.00;2000.00;14.88;
"2019-09-05 17:26:00";29.90;25.40;25.10;0.00;0.00;0.00;0.00;0.00;0.00;3.82;24.02;44.66;11.24;0.01;0.00;2000.00;14.89;
"2019-09-05 17:31:00";29.90;25.40;25.10;0.00;0.00;0.00;0.00;0.00;0.00;0.00;23.98;45.41;11.45;0.00;0.00;2000.00;14.89;
"2019-09-05 17:36:00";29.50;25.40;25.10;0.00;0.00;0.00;0.00;3.64;196.46;5.44;24.01;44.71;11.24;0.00;0.00;2000.00;14.89;
"2019-09-05 17:41:00";29.30;25.40;25.10;0.00;0.00;0.00;0.00;3.59;221.76;3.59;24.08;44.63;11.28;0.00;0.00;2000.00;14.89;
"2019-09-05 17:46:00";29.20;25.40;25.10;0.00;0.00;0.00;0.00;1.44;211.95;2.29;23.87;46.17;11.60;0.00;0.00;2000.00;14.89;
"2019-09-05 17:51:00";29.00;25.40;25.10;0.00;0.00;0.00;0.00;0.00;0.00;2.29;23.82;45.65;11.39;0.00;0.00;2000.00;14.89;
"2019-09-05 17:56:00";28.80;25.40;25.10;0.00;0.00;0.00;0.00;0.00;0.00;2.84;23.85;45.36;11.32;0.00;0.00;2000.00;14.89;
"2019-09-05 18:01:00";28.50;25.40;25.20;0.00;0.00;0.00;0.00;0.00;0.00;2.65;23.81;45.92;11.46;0.00;0.00;2000.00;14.89;
"2019-09-05 18:06:00";28.30;25.40;25.20;0.00;0.00;0.00;0.00;0.83;213.62;1.44;23.79;45.63;11.35;0.00;0.00;2000.00;14.89;
"2019-09-05 18:11:00";28.10;25.40;25.20;0.00;0.00;0.00;0.00;2.94;193.59;6.85;23.86;44.61;11.07;0.00;0.00;2000.00;14.89;
"2019-09-05 18:16:00";27.90;25.40;25.20;0.00;0.00;0.00;0.00;1.71;180.00;3.11;23.94;44.45;11.09;0.00;0.00;2000.00;14.89;
"2019-09-05 18:21:00";27.80;25.40;25.20;0.00;0.00;0.00;0.00;0.00;0.00;1.67;23.82;45.27;11.26;0.02;0.00;2000.00;14.91;
"2019-09-05 18:26:00";27.60;25.40;25.20;0.00;0.00;0.00;0.00;0.00;0.00;0.00;23.48;47.06;11.53;0.00;0.00;2000.00;14.91;
"2019-09-05 18:31:00";27.50;25.40;25.20;0.00;0.00;0.00;0.00;1.53;180.00;3.18;23.47;46.37;11.30;0.01;60.00;2000.00;14.92;
"2019-09-05 18:36:00";27.30;25.40;25.20;0.00;0.00;0.00;0.00;2.82;201.49;4.61;23.74;45.02;11.10;0.01;0.00;2000.00;14.93;
"2019-09-05 18:41:00";26.90;25.40;25.20;0.00;0.00;0.00;0.00;1.76;180.00;3.62;23.76;44.89;11.07;0.00;0.00;2000.00;14.93;
"2019-09-05 18:46:00";26.80;25.40;25.20;0.00;0.00;0.00;0.00;2.58;180.00;3.02;23.63;45.27;11.09;0.00;0.00;2000.00;14.93;
"2019-09-05 18:51:00";26.70;25.40;25.20;0.00;0.00;0.00;0.00;0.00;0.00;2.00;23.56;45.95;11.25;0.00;0.00;2000.00;14.93;
"2019-09-05 18:56:00";26.50;25.40;25.20;0.00;0.00;0.00;0.00;0.00;0.00;0.00;23.28;47.51;11.49;0.00;0.00;2000.00;14.93;
"2019-09-05 19:01:00";26.40;25.40;25.20;0.00;0.00;0.00;0.00;0.00;0.00;0.00;22.98;48.56;11.55;0.00;0.00;2000.00;14.93;
"2019-09-05 19:06:00";26.20;25.40;25.20;0.00;0.00;0.00;0.00;0.00;0.00;0.00;22.85;49.09;11.59;0.00;0.00;2000.00;14.93;
"2019-09-05 19:11:00";26.10;25.40;25.20;0.00;0.00;0.00;0.00;0.00;0.00;0.00;22.76;49.76;11.72;0.00;0.00;2000.00;14.93;
"2019-09-05 19:16:00";26.10;25.40;25.20;0.00;0.00;0.00;0.00;0.00;0.00;0.00;22.84;49.38;11.68;0.00;0.00;2000.00;14.93;
"2019-09-05 19:21:00";26.00;25.40;25.20;0.00;0.00;0.00;0.00;0.00;0.00;0.00;22.72;50.31;11.85;0.00;0.00;2000.00;14.93;
"2019-09-05 19:26:00";25.90;25.40;25.20;0.00;0.00;0.00;0.00;0.00;0.00;0.00;22.61;50.89;11.92;0.00;0.00;2000.00;14.93;
"2019-09-05 19:31:00";25.80;25.40;25.20;0.00;0.00;0.00;0.00;0.00;0.00;0.00;22.63;50.68;11.88;0.00;0.00;2000.00;14.93;
"2019-09-05 19:36:00";25.60;25.40;25.20;0.00;0.00;0.00;0.00;0.00;0.00;0.00;22.58;51.34;12.03;0.00;0.00;2000.00;14.93;
"2019-09-05 19:41:00";25.50;25.40;25.20;0.00;0.00;0.00;0.00;0.00;0.00;0.00;22.79;50.15;11.86;0.00;0.00;2000.00;14.93;
"2019-09-05 19:46:00";25.40;25.30;25.20;0.00;0.00;0.00;0.00;0.00;0.00;2.79;22.98;49.54;11.86;0.00;0.00;2000.00;14.93;
"2019-09-05 19:51:00";25.30;25.30;25.20;0.00;0.00;0.00;0.00;0.00;0.00;0.00;22.83;50.06;11.88;0.01;0.00;2000.00;14.94;
"2019-09-05 19:56:00";25.20;25.30;25.20;0.00;0.00;0.00;0.00;0.00;0.00;0.00;22.77;50.13;11.84;0.00;0.00;2000.00;14.94;
"2019-09-05 20:01:00";25.10;25.30;25.10;0.00;0.00;0.00;0.00;0.00;0.00;0.00;22.69;50.82;11.97;0.17;60.00;2000.00;15.11;
"2019-09-05 20:06:00";24.80;25.30;25.20;0.00;0.00;0.00;0.00;0.00;0.00;0.00;22.55;51.24;11.97;0.00;0.00;2000.00;15.11;
"2019-09-05 20:11:00";24.80;25.20;25.10;0.00;0.00;0.00;0.00;1.85;188.32;1.85;22.63;51.27;12.06;0.00;0.00;2000.00;15.11;
"2019-09-05 20:16:00";24.70;25.20;25.10;0.00;0.00;0.00;0.00;0.00;0.00;0.00;22.72;51.56;12.22;0.00;0.00;2000.00;15.11;
"2019-09-05 20:21:00";24.70;25.20;25.10;0.00;0.00;0.00;0.00;1.26;285.23;1.26;22.73;52.06;12.38;0.00;0.00;2000.00;15.11;
"2019-09-05 20:26:00";24.60;25.20;25.10;0.00;0.00;0.00;0.00;0.00;0.00;0.00;22.56;53.04;12.51;0.00;0.00;2000.00;15.11;
"2019-09-05 20:31:00";24.60;25.20;25.10;0.00;0.00;0.00;0.00;3.24;248.35;3.24;22.50;53.53;12.59;0.00;0.00;2000.00;15.11;
"2019-09-05 20:36:00";24.50;25.20;25.10;0.00;0.00;0.00;0.00;1.26;294.32;2.39;22.26;54.72;12.71;0.00;0.00;2000.00;15.11;
"2019-09-05 20:41:00";24.40;25.20;25.10;0.00;0.00;0.00;0.00;1.18;284.31;1.97;21.88;56.60;12.87;0.00;0.00;2000.00;15.11;
"2019-09-05 20:46:00";24.30;25.10;25.00;0.00;0.00;0.00;0.00;1.67;245.10;4.32;21.77;57.23;12.94;0.00;0.00;2000.00;15.11;
"2019-09-05 20:51:00";24.20;25.10;25.00;0.00;0.00;0.00;0.00;2.05;233.33;3.58;21.82;56.80;12.87;0.00;0.00;2000.00;15.11;
"2019-09-05 20:56:00";24.20;25.10;25.00;0.00;0.00;0.00;0.00;2.69;265.48;4.47;21.73;56.81;12.78;0.00;0.00;2000.00;15.11;
"2019-09-05 21:01:00";24.10;25.10;25.00;0.00;0.00;0.00;0.00;1.47;274.60;2.93;21.67;56.83;12.74;0.00;0.00;2000.00;15.11;
"2019-09-05 21:06:00";24.00;25.10;25.00;0.00;0.00;0.00;0.00;1.45;247.64;2.28;21.57;57.13;12.72;0.00;0.00;2000.00;15.11;
"2019-09-05 21:11:00";24.00;25.00;25.00;0.00;0.00;0.00;0.00;2.86;248.72;2.86;21.54;57.22;12.71;0.00;0.00;2000.00;15.11;
"2019-09-05 21:16:00";23.90;25.00;25.00;0.00;0.00;0.00;0.00;2.75;273.26;3.03;21.32;58.01;12.72;0.00;0.00;2000.00;15.11;
"2019-09-05 21:21:00";23.80;25.00;25.00;0.00;0.00;0.00;0.00;2.19;288.18;3.71;21.20;58.46;12.72;0.00;0.00;2000.00;15.11;
"2019-09-05 21:26:00";23.70;25.00;24.80;0.00;0.00;0.00;0.00;1.09;239.88;3.94;21.09;59.03;12.77;0.00;0.00;2000.00;15.11;
"2019-09-05 21:31:00";23.60;25.00;24.80;0.00;0.00;0.00;0.00;0.93;238.18;2.89;21.01;59.39;12.79;0.00;0.00;2000.00;15.11;
"2019-09-05 21:36:00";23.60;25.00;24.80;0.00;0.00;0.00;0.00;3.53;284.18;3.53;20.88;60.02;12.83;0.00;0.00;2000.00;15.11;
"2019-09-05 21:41:00";23.30;24.80;24.80;0.00;0.00;0.00;0.00;1.22;239.94;4.51;20.82;60.72;12.95;0.01;60.00;2000.00;15.12;
"2019-09-05 21:46:00";20.90;24.80;24.80;0.00;419.00;0.00;2.00;1.08;240.60;2.72;19.04;63.57;11.97;3.70;60.00;2000.00;18.82;
"2019-09-05 21:51:00";21.00;24.80;24.80;0.00;247.00;0.00;1.00;0.00;0.00;0.00;18.02;66.77;11.74;0.03;0.00;2000.00;18.85;
"2019-09-05 21:56:00";20.90;24.80;24.70;0.00;172.00;0.00;1.00;1.58;260.27;3.27;17.74;68.77;11.93;0.00;0.00;2000.00;18.85;
"2019-09-05 22:01:00";20.70;24.70;24.70;0.00;202.00;0.00;1.00;2.74;283.55;3.31;17.77;70.57;12.35;0.00;0.00;2000.00;18.85;
"2019-09-05 22:06:00";20.30;24.70;24.70;0.00;123.00;0.00;1.00;5.37;312.86;5.37;17.99;72.09;12.88;0.00;0.00;2000.00;18.85;
"2019-09-05 22:11:00";20.00;24.70;24.70;0.00;187.00;0.00;1.00;3.20;289.86;4.32;18.30;72.84;13.34;0.00;0.00;2000.00;18.85;
"2019-09-05 22:16:00";19.90;24.70;24.70;0.00;142.00;0.00;1.00;0.00;0.00;2.40;18.29;73.28;13.43;0.05;60.00;2000.00;18.90;
"2019-09-05 22:21:00";19.80;24.70;24.60;0.00;221.00;0.00;1.00;1.72;286.67;3.19;18.04;73.42;13.21;0.15;60.00;2000.00;19.05;
"2019-09-05 22:26:00";19.80;24.60;24.60;0.00;131.00;0.00;1.00;0.88;294.31;2.18;17.85;74.34;13.22;0.00;0.00;2000.00;19.05;
"2019-09-05 22:31:00";19.70;24.60;24.60;0.00;260.00;0.00;1.00;0.00;0.00;1.82;17.64;75.09;13.17;0.01;0.00;2000.00;19.06;
"2019-09-05 22:36:00";19.70;24.60;24.60;0.00;250.00;0.00;1.00;0.00;0.00;0.00;17.54;76.08;13.28;0.00;0.00;2000.00;19.06;
"2019-09-05 22:41:00";19.80;24.60;24.60;0.00;260.00;0.00;1.00;0.00;0.00;0.00;17.54;77.16;13.49;0.00;0.00;2000.00;19.06;
"2019-09-05 22:46:00";19.80;24.50;24.50;0.00;106.00;0.00;1.00;0.00;0.00;0.00;17.41;77.91;13.52;0.00;0.00;2000.00;19.06;
"2019-09-05 22:51:00";19.70;24.50;24.50;0.00;112.00;0.00;1.00;0.00;0.00;0.00;17.21;78.82;13.50;0.00;0.00;2000.00;19.06;
"2019-09-05 22:56:00";19.60;24.40;24.50;0.00;254.00;0.00;1.00;0.00;0.00;0.00;17.00;79.93;13.51;0.05;60.00;2000.00;19.11;
"2019-09-05 23:01:00";19.70;24.40;24.50;0.00;106.00;0.00;1.00;0.00;0.00;0.00;16.84;80.89;13.54;0.04;60.00;2000.00;19.15;
"2019-09-05 23:06:00";19.60;24.40;24.40;0.00;181.00;0.00;1.00;0.00;0.00;0.00;16.72;81.95;13.63;0.02;60.00;2000.00;19.17;
"2019-09-05 23:11:00";19.60;24.30;24.40;0.00;237.00;0.00;1.00;0.00;0.00;0.00;16.70;82.97;13.79;0.06;60.00;2000.00;19.23;
"2019-09-05 23:16:00";19.60;24.30;24.40;0.00;187.00;0.00;1.00;0.00;0.00;0.00;16.61;83.73;13.84;0.00;0.00;2000.00;19.23;
"2019-09-05 23:21:00";19.60;24.30;24.30;0.00;109.00;0.00;1.00;0.00;0.00;0.00;16.55;84.63;13.95;0.00;0.00;2000.00;19.23;
"2019-09-05 23:26:00";19.50;24.20;24.30;0.00;109.00;0.00;1.00;0.00;0.00;0.00;16.57;85.41;14.11;0.00;0.00;2000.00;19.23;
"2019-09-05 23:31:00";19.40;24.20;24.30;0.00;131.00;0.00;1.00;0.00;0.00;0.00;16.65;85.97;14.29;0.00;0.00;2000.00;19.23;
"2019-09-05 23:36:00";19.40;24.20;24.20;0.00;106.00;0.00;1.00;0.00;0.00;0.00;16.58;86.41;14.30;0.00;0.00;2000.00;19.23;
"2019-09-05 23:41:00";19.40;24.10;24.20;0.00;101.00;0.00;1.00;0.00;0.00;0.00;16.66;87.05;14.49;0.00;0.00;2000.00;19.23;
"2019-09-05 23:46:00";19.40;24.10;24.20;0.00;227.00;0.00;1.00;0.00;0.00;0.00;16.62;87.47;14.53;0.00;0.00;2000.00;19.23;
"2019-09-05 23:51:00";19.20;23.90;24.20;0.00;199.00;0.00;1.00;1.36;246.56;1.62;16.74;87.51;14.66;0.00;0.00;2000.00;19.23;
"2019-09-05 23:56:00";19.30;23.90;24.10;0.00;193.00;0.00;1.00;0.00;0.00;0.00;16.85;87.98;14.84;0.00;0.00;2000.00;19.23;
"2019-09-06 00:01:00";19.30;23.90;24.10;0.00;196.00;0.00;1.00;0.00;0.00;0.00;16.79;88.14;14.81;0.00;0.00;2000.00;19.23;
"2019-09-06 00:06:00";19.30;23.80;23.90;0.00;131.00;0.00;1.00;0.00;0.00;0.00;16.69;88.44;14.77;0.00;0.00;2000.00;19.23;
"2019-09-06 00:11:00";19.20;23.80;23.90;0.00;126.00;0.00;1.00;1.86;250.31;1.86;16.65;88.71;14.78;0.00;0.00;2000.00;19.23;
"2019-09-06 00:16:00";18.90;23.80;23.90;0.00;257.00;0.00;1.00;2.61;288.77;3.79;16.75;88.44;14.82;0.12;60.00;2000.00;19.35;
"2019-09-06 00:21:00";18.80;23.70;23.90;0.00;491.00;0.00;2.00;0.00;0.00;1.04;16.71;89.07;14.90;0.07;60.00;2000.00;19.42;
"2019-09-06 00:26:00";18.80;23.70;23.80;0.00;520.00;0.00;2.00;0.00;0.00;0.79;16.48;88.85;14.63;0.10;60.00;2000.00;19.52;
"2019-09-06 00:31:00";18.70;23.70;23.80;0.00;178.00;0.00;1.00;0.00;0.00;0.00;16.27;88.91;14.44;0.00;0.00;2000.00;19.52;
"2019-09-06 00:36:00";18.80;23.70;23.80;0.00;128.00;0.00;1.00;0.00;0.00;0.00;15.98;89.07;14.17;0.00;0.00;2000.00;19.52;
"2019-09-06 00:41:00";18.70;23.60;23.70;0.00;120.00;0.00;1.00;0.00;0.00;0.00;15.84;89.21;14.07;0.00;0.00;2000.00;19.52;
"2019-09-06 00:46:00";18.70;23.60;23.70;0.00;103.00;0.00;1.00;0.00;0.00;0.00;15.75;89.20;13.97;0.00;0.00;2000.00;19.52;
"2019-09-06 00:51:00";18.70;23.50;23.70;0.00;126.00;0.00;1.00;0.00;0.00;0.00;15.60;89.42;13.86;0.00;0.00;2000.00;19.52;
"2019-09-06 00:56:00";18.70;23.50;23.70;0.00;145.00;0.00;1.00;0.00;0.00;0.00;15.60;89.75;13.92;0.00;0.00;2000.00;19.52;
"2019-09-06 01:01:00";18.60;23.50;23.60;0.00;199.00;0.00;1.00;0.00;0.00;0.00;15.51;89.99;13.88;0.00;0.00;2000.00;19.52;
"2019-09-06 01:06:00";18.70;23.40;23.60;0.00;160.00;0.00;1.00;0.00;0.00;0.00;15.46;90.21;13.86;0.00;0.00;2000.00;19.52;
"2019-09-06 01:11:00";18.60;23.40;23.60;0.00;117.00;0.00;1.00;0.00;0.00;0.00;15.45;90.48;13.90;0.00;0.00;2000.00;19.52;
"2019-09-06 01:16:00";18.60;23.40;23.60;0.00;117.00;0.00;1.00;0.00;0.00;0.00;15.40;90.78;13.90;0.00;0.00;2000.00;19.52;
"2019-09-06 01:21:00";18.60;23.40;23.50;0.00;98.00;0.00;1.00;0.00;0.00;0.00;15.39;91.16;13.95;0.00;0.00;2000.00;19.52;
"2019-09-06 01:26:00";18.60;23.30;23.50;0.00;90.00;0.00;1.00;0.00;0.00;0.00;15.34;91.39;13.94;0.00;0.00;2000.00;19.52;
"2019-09-06 01:31:00";18.60;23.30;23.50;0.00;85.00;0.00;1.00;0.00;0.00;0.00;15.26;91.70;13.91;0.00;0.00;2000.00;19.52;
"2019-09-06 01:36:00";18.50;23.30;23.40;0.00;95.00;0.00;1.00;0.00;0.00;0.00;15.18;91.96;13.89;0.01;60.00;2000.00;19.53;
"2019-09-06 01:41:00";18.50;23.20;23.40;0.00;106.00;0.00;1.00;0.00;0.00;0.00;15.13;92.33;13.89;0.00;0.00;2000.00;19.53;
"2019-09-06 01:46:00";18.50;23.20;23.40;0.00;101.00;0.00;1.00;0.00;0.00;0.00;15.14;92.66;13.96;0.00;0.00;2000.00;19.53;
"2019-09-06 01:51:00";18.40;23.20;23.40;0.00;93.00;0.00;1.00;0.00;0.00;0.00;15.13;92.93;14.00;0.00;0.00;2000.00;19.53;
"2019-09-06 01:56:00";18.40;23.20;23.30;0.00;90.00;0.00;1.00;0.00;0.00;0.00;15.09;93.19;13.99;0.00;0.00;2000.00;19.53;
"2019-09-06 02:01:00";18.30;23.10;23.30;0.00;98.00;0.00;1.00;0.00;0.00;0.00;15.04;93.43;13.99;0.02;60.00;2000.00;19.55;
"2019-09-06 02:06:00";18.30;23.10;23.30;0.00;95.00;0.00;1.00;0.00;0.00;0.00;15.04;93.65;14.02;0.00;0.00;2000.00;19.55;
"2019-09-06 02:11:00";18.20;23.10;23.20;0.00;98.00;0.00;1.00;0.00;0.00;0.00;15.01;93.93;14.04;0.00;0.00;2000.00;19.55;
"2019-09-06 02:16:00";18.20;23.10;23.20;0.00;95.00;0.00;1.00;0.00;0.00;0.00;14.92;94.14;13.99;0.00;0.00;2000.00;19.55;
"2019-09-06 02:21:00";18.10;23.00;23.20;0.00;95.00;0.00;1.00;0.00;0.00;0.00;14.90;94.31;13.99;0.00;0.00;2000.00;19.55;
"2019-09-06 02:26:00";18.10;23.00;23.20;0.00;90.00;0.00;1.00;0.00;0.00;0.00;14.88;94.55;14.01;0.00;0.00;2000.00;19.55;
"2019-09-06 02:31:00";18.10;23.00;23.20;0.00;95.00;0.00;1.00;0.00;0.00;0.00;14.86;94.76;14.03;0.01;60.00;2000.00;19.56;
"2019-09-06 02:36:00";18.10;22.80;23.10;0.00;93.00;0.00;1.00;0.00;0.00;0.00;14.84;94.94;14.03;0.00;0.00;2000.00;19.56;
"2019-09-06 02:41:00";18.10;22.80;23.10;0.00;87.00;0.00;1.00;0.00;0.00;0.00;14.83;95.17;14.06;0.00;0.00;2000.00;19.56;
"2019-09-06 02:46:00";18.00;22.80;23.10;0.00;103.00;0.00;1.00;0.00;0.00;0.00;14.82;95.37;14.09;0.00;0.00;2000.00;19.56;
"2019-09-06 02:51:00";18.00;22.80;23.10;0.00;120.00;0.00;1.00;0.00;0.00;0.00;14.79;95.54;14.08;0.00;0.00;2000.00;19.56;
"2019-09-06 02:56:00";18.00;22.70;23.00;0.00;117.00;0.00;1.00;0.00;0.00;0.00;14.77;95.68;14.09;0.00;0.00;2000.00;19.56;
"2019-09-06 03:01:00";18.00;22.70;23.00;0.00;114.00;0.00;1.00;0.00;0.00;0.00;14.79;95.90;14.14;0.00;0.00;2000.00;19.56;
"2019-09-06 03:06:00";18.00;22.70;23.00;0.00;112.00;0.00;1.00;0.00;0.00;0.00;14.77;96.09;14.15;0.00;0.00;2000.00;19.56;
"2019-09-06 03:11:00";17.90;22.60;22.80;0.00;109.00;0.00;1.00;0.00;0.00;0.00;14.76;96.24;14.16;0.00;0.00;2000.00;19.56;
"2019-09-06 03:16:00";17.80;22.60;22.80;0.00;114.00;0.00;1.00;0.00;0.00;0.00;14.75;96.30;14.17;0.00;0.00;2000.00;19.56;
"2019-09-06 03:21:00";17.80;22.60;22.80;0.00;114.00;0.00;1.00;0.00;0.00;0.00;14.75;96.45;14.19;0.00;0.00;2000.00;19.56;
"2019-09-06 03:26:00";17.80;22.60;22.80;0.00;112.00;0.00;1.00;0.00;0.00;0.00;14.70;96.60;14.16;0.00;0.00;2000.00;19.56;
"2019-09-06 03:31:00";17.70;22.50;22.80;0.00;103.00;0.00;1.00;0.00;0.00;1.05;14.65;96.58;14.11;0.00;0.00;2000.00;19.56;
"2019-09-06 03:36:00";17.60;22.50;22.70;0.00;95.00;0.00;1.00;0.00;0.00;0.00;14.54;96.56;14.00;0.00;0.00;2000.00;19.56;
"2019-09-06 03:41:00";17.60;22.50;22.70;0.00;87.00;0.00;1.00;0.00;0.00;0.00;14.37;96.54;13.82;0.00;0.00;2000.00;19.56;
"2019-09-06 03:46:00";17.50;22.50;22.70;0.00;79.00;0.00;1.00;0.00;0.00;0.00;14.17;96.65;13.65;0.00;0.00;2000.00;19.56;
"2019-09-06 03:51:00";17.30;22.50;22.60;0.00;72.00;0.00;1.00;0.00;0.00;0.00;13.99;96.68;13.47;0.00;0.00;2000.00;19.56;
"2019-09-06 03:56:00";17.30;22.40;22.70;0.00;66.00;0.00;1.00;0.00;0.00;0.00;13.90;96.93;13.42;0.00;0.00;2000.00;19.56;
"2019-09-06 04:01:00";17.10;22.40;22.60;0.00;61.00;0.00;1.00;0.00;0.00;0.00;13.81;96.94;13.34;0.00;0.00;2000.00;19.56;
"2019-09-06 04:06:00";17.10;22.40;22.60;0.00;56.00;0.00;1.00;0.00;0.00;0.00;13.73;97.11;13.28;0.00;0.00;2000.00;19.56;
"2019-09-06 04:11:00";17.00;22.30;22.60;0.00;51.00;0.00;1.00;0.00;0.00;0.00;13.65;97.23;13.22;0.00;0.00;2000.00;19.56;
"2019-09-06 04:16:00";16.90;22.30;22.50;0.00;48.00;0.00;1.00;0.00;0.00;0.00;13.61;97.22;13.18;0.00;0.00;2000.00;19.56;
"2019-09-06 04:21:00";16.90;22.30;22.50;0.00;48.00;0.00;1.00;0.00;0.00;0.00;13.53;97.26;13.10;0.00;0.00;2000.00;19.56;
"2019-09-06 04:26:00";16.80;22.30;22.50;0.00;46.00;0.00;1.00;0.00;0.00;0.00;13.45;97.27;13.03;0.00;0.00;2000.00;19.56;
"2019-09-06 04:31:00";16.70;22.20;22.50;0.00;43.00;0.00;1.00;0.00;0.00;0.00;13.36;97.33;12.94;0.00;0.00;2000.00;19.56;
"2019-09-06 04:36:00";16.80;22.20;22.40;0.00;41.00;0.00;1.00;0.00;0.00;0.00;13.34;97.41;12.94;0.00;0.00;2000.00;19.56;
"2019-09-06 04:41:00";16.90;22.20;22.40;0.00;69.00;0.00;1.00;0.00;0.00;0.00;13.42;97.46;13.02;0.00;0.00;2000.00;19.56;
"2019-09-06 04:46:00";16.90;22.20;22.40;0.00;61.00;0.00;1.00;0.00;0.00;1.21;13.32;97.44;12.92;0.00;0.00;2000.00;19.56;
"2019-09-06 04:51:00";16.80;22.10;22.40;0.00;66.00;0.00;1.00;0.00;0.00;0.00;13.39;97.46;12.99;0.00;0.00;2000.00;19.56;
"2019-09-06 04:56:00";16.60;22.10;22.30;0.00;61.00;0.00;1.00;0.00;0.00;1.35;13.36;97.24;12.94;0.00;0.00;2000.00;19.56;
"2019-09-06 05:01:00";16.50;22.10;22.30;0.00;66.00;0.00;1.00;0.00;0.00;1.14;13.37;97.36;12.96;0.00;0.00;2000.00;19.56;
"2019-09-06 05:06:00";16.40;22.10;22.30;0.00;61.00;0.00;1.00;0.00;0.00;0.00;13.36;97.22;12.93;0.00;0.00;2000.00;19.56;
"2019-09-06 05:11:00";16.30;22.00;22.30;0.00;69.00;0.00;1.00;0.00;0.00;0.00;13.34;97.20;12.91;0.00;0.00;2000.00;19.56;
"2019-09-06 05:16:00";16.30;22.00;22.30;0.00;64.00;0.00;1.00;0.00;0.00;0.00;13.27;97.32;12.86;0.00;0.00;2000.00;19.56;
"2019-09-06 05:21:00";16.40;22.00;22.20;0.00;56.00;0.00;1.00;0.00;0.00;0.00;13.26;97.24;12.83;0.00;0.00;2000.00;19.56;
"2019-09-06 05:26:00";16.40;22.00;22.20;0.00;56.00;0.00;1.00;0.00;0.00;0.00;13.22;97.34;12.81;0.00;0.00;2000.00;19.56;
"2019-09-06 05:31:00";16.50;21.90;22.20;0.00;51.00;0.00;1.00;0.00;0.00;0.00;13.20;97.21;12.77;0.00;0.00;2000.00;19.56;
"2019-09-06 05:36:00";16.30;21.90;22.20;0.00;51.00;0.00;1.00;0.00;0.00;0.00;13.16;97.24;12.73;0.00;0.00;2000.00;19.56;
"2019-09-06 05:41:00";16.20;21.90;22.10;0.00;54.00;0.00;1.00;0.00;0.00;0.00;13.10;97.19;12.66;0.00;0.00;2000.00;19.56;
"2019-09-06 05:46:00";16.00;21.90;22.10;0.00;46.00;0.00;1.00;0.00;0.00;0.00;13.04;97.11;12.60;0.00;0.00;2000.00;19.56;
"2019-09-06 05:51:00";15.80;21.80;22.10;0.00;48.00;0.00;1.00;0.00;0.00;0.00;13.01;97.08;12.56;0.00;0.00;2000.00;19.56;
"2019-09-06 05:56:00";15.50;21.80;22.10;0.00;46.00;0.00;1.00;0.00;0.00;0.00;12.95;96.98;12.48;0.00;0.00;2000.00;19.56;
"2019-09-06 06:01:00";15.40;21.80;22.00;0.00;43.00;0.00;1.00;0.00;0.00;0.00;12.88;97.04;12.42;0.00;0.00;2000.00;19.56;
"2019-09-06 06:06:00";15.40;21.80;22.00;0.00;0.00;0.00;0.00;0.00;0.00;0.00;12.76;96.97;12.29;0.00;0.00;2000.00;19.56;
"2019-09-06 06:11:00";15.40;21.80;22.00;0.00;0.00;0.00;0.00;0.00;0.00;0.00;12.68;96.95;12.20;0.00;0.00;2000.00;19.56;
"2019-09-06 06:16:00";15.40;21.70;22.00;0.00;0.00;0.00;0.00;0.00;0.00;0.00;12.60;97.05;12.14;0.00;0.00;2000.00;19.56;
"2019-09-06 06:21:00";15.30;21.70;22.00;0.00;0.00;0.00;0.00;0.00;0.00;0.00;12.58;97.04;12.12;0.00;0.00;2000.00;19.56;
"2019-09-06 06:26:00";15.30;21.60;21.90;0.00;0.00;0.00;0.00;0.00;0.00;0.00;12.44;96.98;11.97;0.00;0.00;2000.00;19.56;
"2019-09-06 06:31:00";15.20;21.60;21.90;0.00;0.00;0.00;0.00;0.00;0.00;0.00;12.39;96.97;11.93;0.00;0.00;2000.00;19.56;
"2019-09-06 06:36:00";15.20;21.60;21.90;0.00;0.00;0.00;0.00;0.00;0.00;0.00;12.33;97.01;11.87;0.00;0.00;2000.00;19.56;
"2019-09-06 06:41:00";15.30;21.60;21.90;0.00;0.00;0.00;0.00;0.00;0.00;0.00;12.29;97.11;11.84;0.00;0.00;2000.00;19.56;
"2019-09-06 06:46:00";15.30;21.40;21.80;0.00;0.00;0.00;0.00;0.00;0.00;0.00;12.32;97.13;11.87;0.00;0.00;2000.00;19.56;
"2019-09-06 06:51:00";15.20;21.40;21.80;0.00;0.00;0.00;0.00;0.00;0.00;0.00;12.23;97.04;11.77;0.00;0.00;2000.00;19.56;
"2019-09-06 06:56:00";15.20;21.40;21.70;0.00;0.00;0.00;0.00;0.00;0.00;0.00;12.23;97.12;11.79;0.00;0.00;2000.00;19.56;
"2019-09-06 07:01:00";15.20;21.30;21.70;0.00;0.00;0.00;0.00;0.00;0.00;0.00;12.17;97.11;11.73;0.00;0.00;2000.00;19.56;
"2019-09-06 07:06:00";15.10;21.30;21.70;0.00;0.00;0.00;0.00;0.00;0.00;0.00;12.18;97.14;11.74;0.00;0.00;2000.00;19.56;
"2019-09-06 07:11:00";15.10;21.30;21.70;0.00;0.00;0.00;0.00;0.00;0.00;0.00;12.16;97.18;11.73;0.00;0.00;2000.00;19.56;
"2019-09-06 07:16:00";15.10;21.30;21.70;0.00;0.00;0.00;0.00;0.00;0.00;0.00;12.24;97.59;11.87;0.00;0.00;2000.00;19.56;
"2019-09-06 07:21:00";15.10;21.20;21.60;0.00;0.00;0.00;0.00;0.00;0.00;0.00;12.32;97.36;11.91;0.00;0.00;2000.00;19.56;
"2019-09-06 07:26:00";15.10;21.20;21.60;0.00;0.00;0.00;0.00;0.00;0.00;0.00;12.39;97.50;12.01;0.00;0.00;2000.00;19.56;
"2019-09-06 07:31:00";15.20;21.20;21.60;0.00;0.00;0.00;0.00;1.22;195.85;1.48;12.72;98.03;12.41;0.00;0.00;2000.00;19.56;
"2019-09-06 07:36:00";15.30;21.10;21.40;0.00;0.00;0.00;0.00;1.63;210.51;1.90;13.01;97.85;12.68;0.00;0.00;2000.00;19.56;
"2019-09-06 07:41:00";15.40;21.10;21.40;0.00;0.00;0.00;0.00;1.13;214.36;1.92;13.23;97.72;12.87;0.00;0.00;2000.00;19.56;
"2019-09-06 07:46:00";15.50;21.10;21.40;0.00;0.00;0.00;0.00;1.72;180.00;2.51;13.43;97.53;13.04;0.00;0.00;2000.00;19.56;
"2019-09-06 07:51:00";15.50;21.00;21.40;0.00;0.00;0.00;0.00;3.06;202.67;3.57;13.58;97.75;13.23;0.00;0.00;2000.00;19.56;
"2019-09-06 07:56:00";15.70;21.00;21.30;0.00;0.00;0.00;0.00;1.97;222.95;2.03;13.72;97.54;13.34;0.00;0.00;2000.00;19.56;
"2019-09-06 08:01:00";15.80;21.00;21.30;0.00;0.00;0.00;0.00;1.53;200.52;1.53;13.88;97.62;13.51;0.00;0.00;2000.00;19.56;
"2019-09-06 08:06:00";16.00;20.90;21.30;0.00;0.00;0.00;0.00;1.65;215.58;2.37;14.05;97.48;13.65;0.00;0.00;2000.00;19.56;
"2019-09-06 08:11:00";16.00;20.90;21.20;0.00;0.00;0.00;0.00;3.79;190.13;5.83;14.18;97.40;13.77;0.00;0.00;2000.00;19.56;
"2019-09-06 08:16:00";16.10;20.90;21.20;0.00;0.00;0.00;0.00;1.16;226.15;2.38;14.33;97.45;13.93;0.00;0.00;2000.00;19.56;
"2019-09-06 08:21:00";16.10;20.90;21.20;0.00;0.00;0.00;0.00;2.74;216.25;2.74;14.30;97.34;13.88;0.00;0.00;2000.00;19.56;
"2019-09-06 08:26:00";16.30;20.80;21.20;0.00;0.00;0.00;0.00;1.24;202.76;1.60;14.37;97.65;14.01;0.00;0.00;2000.00;19.56;
"2019-09-06 08:31:00";16.50;20.80;21.20;0.00;0.00;0.00;0.00;2.63;201.76;3.32;14.44;97.25;14.01;0.00;0.00;2000.00;19.56;
"2019-09-06 08:36:00";16.90;20.80;21.10;0.00;0.00;0.00;0.00;0.00;0.00;3.54;14.52;97.45;14.12;0.00;0.00;2000.00;19.56;
"2019-09-06 08:41:00";17.50;20.80;21.10;0.00;0.00;0.00;0.00;2.42;220.24;3.21;14.75;97.51;14.36;0.00;0.00;2000.00;19.56;
"2019-09-06 08:46:00";17.60;20.70;21.10;0.00;0.00;0.00;0.00;2.00;201.95;2.92;14.78;97.10;14.32;0.00;0.00;2000.00;19.56;
"2019-09-06 08:51:00";18.00;20.70;21.00;0.00;0.00;0.00;0.00;0.81;209.33;3.06;14.84;97.19;14.40;0.00;0.00;2000.00;19.56;
"2019-09-06 08:56:00";18.10;20.70;21.00;0.00;0.00;0.00;0.00;2.43;207.23;3.17;14.95;97.06;14.49;0.00;0.00;2000.00;19.56;
"2019-09-06 09:01:00";18.20;20.70;21.00;0.00;0.00;0.00;0.00;0.00;0.00;2.13;15.02;96.76;14.51;0.00;0.00;2000.00;19.56;
"2019-09-06 09:06:00";18.50;20.60;21.00;0.00;0.00;0.00;0.00;2.31;246.23;3.37;15.10;96.98;14.62;0.00;0.00;2000.00;19.56;
"2019-09-06 09:11:00";18.70;20.60;21.00;0.00;0.00;0.00;0.00;2.44;210.55;4.02;15.27;96.12;14.65;0.00;0.00;2000.00;19.56;
"2019-09-06 09:16:00";18.70;20.60;21.00;0.00;0.00;0.00;0.00;2.22;283.80;2.81;15.30;96.03;14.67;0.00;0.00;2000.00;19.56;
"2019-09-06 09:21:00";18.50;20.60;20.90;0.00;0.00;0.00;0.00;0.00;0.00;2.62;15.36;95.60;14.66;0.00;0.00;2000.00;19.56;
"2019-09-06 09:26:00";18.30;20.60;20.90;0.00;0.00;0.00;0.00;0.00;0.00;1.86;15.22;95.62;14.53;0.00;0.00;2000.00;19.56;
"2019-09-06 09:31:00";19.60;20.60;20.90;0.00;0.00;0.00;0.00;2.27;221.70;5.73;15.50;95.11;14.72;0.00;0.00;2000.00;19.56;
"2019-09-06 09:36:00";20.40;20.60;20.90;0.00;0.00;0.00;0.00;1.05;247.79;3.07;15.61;94.98;14.81;0.00;0.00;2000.00;19.56;
"2019-09-06 09:41:00";21.10;20.50;20.90;0.00;0.00;0.00;0.00;1.71;260.81;3.18;15.94;94.40;15.04;0.00;0.00;2000.00;19.56;
"2019-09-06 09:46:00";21.30;20.60;20.90;0.00;0.00;0.00;0.00;2.59;240.36;5.15;15.99;93.53;14.95;0.00;0.00;2000.00;19.56;
"2019-09-06 09:51:00";21.00;20.60;20.90;0.00;0.00;0.00;0.00;2.35;219.48;6.63;15.92;92.74;14.75;0.00;0.00;2000.00;19.56;
"2019-09-06 09:56:00";21.00;20.50;20.90;0.00;0.00;0.00;0.00;2.77;246.22;6.12;16.02;92.46;14.80;0.00;0.00;2000.00;19.56;
"2019-09-06 10:01:00";20.80;20.60;20.90;0.00;0.00;0.00;0.00;3.81;241.41;7.12;16.04;91.14;14.59;0.10;60.00;2000.00;19.66;
"2019-09-06 10:06:00";19.70;20.60;20.90;0.00;131.00;0.00;1.00;4.16;218.82;5.39;15.92;90.22;14.32;0.19;60.00;2000.00;19.85;
"2019-09-06 10:11:00";19.70;20.60;20.90;0.00;103.00;0.00;1.00;3.64;230.40;5.99;15.74;89.30;13.98;0.08;0.00;2000.00;19.93;
"2019-09-06 10:16:00";19.90;20.60;20.90;0.00;64.00;0.00;1.00;3.87;205.28;4.03;15.66;89.28;13.90;0.00;0.00;2000.00;19.93;
"2019-09-06 10:21:00";20.50;20.60;20.90;0.00;31.00;0.00;1.00;4.29;209.22;4.87;15.86;88.77;14.01;0.00;0.00;2000.00;19.93;
"2019-09-06 10:26:00";20.10;20.60;20.90;0.00;0.00;0.00;0.00;2.31;190.05;4.09;15.81;88.53;13.91;0.00;0.00;2000.00;19.93;
"2019-09-06 10:31:00";21.10;20.60;20.90;0.00;0.00;0.00;0.00;1.20;263.22;3.68;15.84;87.88;13.84;0.00;0.00;2000.00;19.93;
"2019-09-06 10:36:00";22.20;20.60;20.90;0.00;0.00;0.00;0.00;4.84;260.95;6.61;15.92;87.40;13.82;0.00;0.00;2000.00;19.93;
"2019-09-06 10:41:00";23.10;20.60;20.90;0.00;0.00;0.00;0.00;2.72;258.69;4.92;16.05;86.71;13.83;0.00;0.00;2000.00;19.93;
"2019-09-06 10:46:00";23.80;20.60;20.90;0.00;0.00;0.00;0.00;3.06;287.28;4.25;16.22;85.78;13.84;0.00;0.00;2000.00;19.93;
"2019-09-06 10:51:00";24.30;20.70;20.90;0.00;0.00;0.00;0.00;3.37;268.02;4.44;16.33;84.49;13.71;0.00;0.00;2000.00;19.93;
"2019-09-06 10:56:00";24.90;20.70;20.90;0.00;0.00;0.00;0.00;2.23;261.78;4.03;16.45;83.46;13.63;0.00;0.00;2000.00;19.93;
"2019-09-06 11:01:00";25.40;20.70;20.90;0.00;0.00;0.00;0.00;4.68;256.95;5.19;16.70;82.32;13.67;0.00;0.00;2000.00;19.93;
"2019-09-06 11:06:00";25.80;20.70;20.90;0.00;0.00;0.00;0.00;3.79;188.29;4.43;16.74;81.39;13.53;0.00;0.00;2000.00;19.93;
"2019-09-06 11:11:00";26.20;20.70;20.90;0.00;0.00;0.00;0.00;3.39;246.78;5.44;16.89;79.84;13.39;0.00;0.00;2000.00;19.93;
"2019-09-06 11:16:00";26.50;20.70;21.00;0.00;0.00;0.00;0.00;4.02;276.80;6.02;17.12;78.79;13.40;0.00;0.00;2000.00;19.93;
"2019-09-06 11:21:00";26.90;20.70;21.00;0.00;0.00;0.00;0.00;3.59;275.40;5.22;17.24;77.48;13.27;0.00;0.00;2000.00;19.93;
"2019-09-06 11:26:00";27.10;20.80;21.00;0.00;0.00;0.00;0.00;6.28;288.91;7.21;17.39;75.63;13.04;0.00;0.00;2000.00;19.93;
"2019-09-06 11:31:00";26.30;20.80;21.00;0.00;0.00;0.00;0.00;3.75;302.12;6.78;17.41;74.50;12.83;0.00;0.00;2000.00;19.93;
"2019-09-06 11:36:00";25.70;20.80;21.00;0.00;0.00;0.00;0.00;2.61;246.98;5.42;17.30;73.54;12.52;0.00;0.00;2000.00;19.93;
"2019-09-06 11:41:00";25.30;20.90;21.00;0.00;0.00;0.00;0.00;2.47;265.49;4.23;17.46;72.71;12.50;0.00;0.00;2000.00;19.93;
"2019-09-06 11:46:00";24.90;20.90;21.10;0.00;0.00;0.00;0.00;4.25;241.54;5.25;17.49;71.79;12.34;0.00;0.00;2000.00;19.93;
"2019-09-06 11:51:00";24.20;21.00;21.10;0.00;0.00;0.00;0.00;5.43;278.25;6.25;17.25;71.02;11.95;0.00;0.00;2000.00;19.93;
"2019-09-06 11:56:00";23.80;21.00;21.10;0.00;0.00;0.00;0.00;3.88;310.82;6.32;17.27;70.24;11.80;0.00;0.00;2000.00;19.93;
"2019-09-06 12:01:00";23.90;21.00;21.20;0.00;0.00;0.00;0.00;5.22;309.42;6.39;17.42;69.34;11.74;0.00;0.00;2000.00;19.93;
"2019-09-06 12:06:00";24.60;21.10;21.20;0.00;0.00;0.00;0.00;3.52;275.62;3.52;17.79;69.11;12.05;0.00;0.00;2000.00;19.93;
"2019-09-06 12:11:00";24.60;21.10;21.20;0.00;0.00;0.00;0.00;3.72;249.88;6.46;17.83;68.02;11.85;0.00;0.00;2000.00;19.93;
"2019-09-06 12:16:00";24.50;21.10;21.20;0.00;0.00;0.00;0.00;5.23;297.04;5.23;17.71;67.54;11.62;0.00;0.00;2000.00;19.93;
"2019-09-06 12:21:00";24.70;21.20;21.30;0.00;0.00;0.00;0.00;3.80;240.96;6.44;17.73;66.67;11.45;0.00;0.00;2000.00;19.93;
"2019-09-06 12:26:00";25.50;21.20;21.30;0.00;0.00;0.00;0.00;3.32;261.73;5.18;17.58;66.65;11.30;0.00;0.00;2000.00;19.93;
"2019-09-06 12:31:00";25.50;21.20;21.30;0.00;0.00;0.00;0.00;4.55;228.47;6.28;17.58;66.64;11.30;0.00;0.00;2000.00;19.93;
"2019-09-06 12:36:00";26.70;21.30;21.40;0.00;0.00;0.00;0.00;4.69;231.21;4.69;17.72;67.54;11.63;0.00;0.00;2000.00;19.93;
"2019-09-06 12:41:00";27.80;21.30;21.40;0.00;0.00;0.00;0.00;0.57;244.97;4.21;17.91;67.66;11.84;0.00;0.00;2000.00;19.93;
"2019-09-06 12:46:00";28.70;21.40;21.40;0.00;0.00;0.00;0.00;3.15;256.38;4.99;17.91;66.92;11.68;0.00;0.00;2000.00;19.93;
"2019-09-06 12:51:00";29.20;21.40;21.60;0.00;0.00;0.00;0.00;4.62;292.00;8.79;17.97;65.88;11.50;0.00;0.00;2000.00;19.93;
"2019-09-06 12:56:00";29.80;21.40;21.60;0.00;0.00;0.00;0.00;3.41;240.10;7.16;18.37;65.43;11.77;0.00;0.00;2000.00;19.93;
"2019-09-06 13:01:00";30.20;21.40;21.60;0.00;0.00;0.00;0.00;3.30;197.10;6.02;18.49;64.13;11.58;0.00;0.00;2000.00;19.93;
"2019-09-06 13:06:00";29.30;21.40;21.60;0.00;0.00;0.00;0.00;3.23;252.68;4.89;18.70;62.79;11.46;0.00;0.00;2000.00;19.93;
"2019-09-06 13:11:00";28.70;21.60;21.70;0.00;0.00;0.00;0.00;4.95;244.44;5.24;18.47;62.40;11.15;0.00;0.00;2000.00;19.93;
"2019-09-06 13:16:00";28.20;21.60;21.70;0.00;0.00;0.00;0.00;6.18;245.53;7.82;18.55;61.58;11.03;0.00;0.00;2000.00;19.93;
"2019-09-06 13:21:00";28.10;21.70;21.70;0.00;0.00;0.00;0.00;6.40;275.05;7.42;18.46;62.02;11.05;0.00;0.00;2000.00;19.93;
"2019-09-06 13:26:00";29.00;21.70;21.80;0.00;0.00;0.00;0.00;0.61;196.74;2.59;18.76;62.09;11.34;0.00;0.00;2000.00;19.93;
"2019-09-06 13:31:00";30.00;21.80;21.80;0.00;0.00;0.00;0.00;3.43;264.57;6.87;19.00;59.21;10.85;0.00;0.00;2000.00;19.93;
"2019-09-06 13:36:00";30.80;21.80;21.80;0.00;0.00;0.00;0.00;2.96;292.65;4.42;19.32;57.73;10.77;0.00;0.00;2000.00;19.93;
"2019-09-06 13:41:00";31.00;21.90;21.90;0.00;0.00;0.00;0.00;2.84;313.19;6.88;19.32;56.86;10.54;0.00;0.00;2000.00;19.93;
"2019-09-06 13:46:00";31.20;21.90;21.90;0.00;0.00;0.00;0.00;6.68;293.70;6.68;19.38;55.73;10.30;0.00;0.00;2000.00;19.93;
"2019-09-06 13:51:00";31.70;22.00;22.00;0.00;0.00;0.00;0.00;3.70;293.90;4.95;19.51;55.44;10.34;0.00;0.00;2000.00;19.93;
"2019-09-06 13:56:00";32.30;22.00;22.00;0.00;0.00;0.00;0.00;5.25;266.87;5.25;19.83;54.06;10.27;0.00;0.00;2000.00;19.93;
"2019-09-06 14:01:00";32.60;22.10;22.00;0.00;0.00;0.00;0.00;5.00;288.10;6.67;19.92;52.32;9.86;0.00;0.00;2000.00;19.93;
"2019-09-06 14:06:00";33.00;22.10;22.10;0.00;0.00;0.00;0.00;3.50;207.19;4.91;19.88;52.29;9.81;0.00;0.00;2000.00;19.93;
"2019-09-06 14:11:00";33.20;22.20;22.10;0.00;0.00;0.00;0.00;3.13;249.60;5.73;19.96;50.43;9.35;0.00;0.00;2000.00;19.93;
"2019-09-06 14:16:00";33.50;22.20;22.20;0.00;0.00;0.00;0.00;3.74;238.49;6.07;20.16;47.76;8.72;0.00;0.00;2000.00;19.93;
"2019-09-06 14:21:00";33.50;22.30;22.20;0.00;0.00;0.00;0.00;5.85;317.12;5.85;20.12;48.18;8.82;0.00;0.00;2000.00;19.93;
"2019-09-06 14:26:00";33.50;22.30;22.30;0.00;0.00;0.00;0.00;4.83;281.54;5.84;20.23;48.68;9.07;0.00;0.00;2000.00;19.93;
"2019-09-06 14:31:00";33.80;22.40;22.30;0.00;0.00;0.00;0.00;5.07;243.54;6.02;20.35;46.88;8.62;0.00;0.00;2000.00;19.93;
"2019-09-06 14:36:00";34.10;22.50;22.40;0.00;0.00;0.00;0.00;4.17;257.81;6.14;20.51;46.30;8.58;0.00;0.00;2000.00;19.93;
"2019-09-06 14:41:00";34.10;22.50;22.40;0.00;0.00;0.00;0.00;3.15;239.77;6.42;20.32;45.54;8.16;0.00;0.00;2000.00;19.93;
"2019-09-06 14:46:00";34.20;22.60;22.50;0.00;0.00;0.00;0.00;3.02;267.06;6.78;20.21;45.14;7.94;0.00;0.00;2000.00;19.93;
"2019-09-06 14:51:00";33.50;22.60;22.50;0.00;0.00;0.00;0.00;4.23;314.19;4.23;20.32;46.42;8.45;0.00;0.00;2000.00;19.93;
"2019-09-06 14:56:00";33.60;22.70;22.60;0.00;0.00;0.00;0.00;3.60;257.48;5.22;20.35;45.48;8.18;0.00;0.00;2000.00;19.93;
"2019-09-06 15:01:00";34.70;22.80;22.60;0.00;0.00;0.00;0.00;3.48;276.62;4.57;20.71;47.37;9.10;0.00;0.00;2000.00;19.93;
"2019-09-06 15:06:00";35.20;22.80;22.70;0.00;0.00;0.00;0.00;5.13;305.86;5.59;20.78;44.73;8.32;0.00;0.00;2000.00;19.93;
"2019-09-06 15:11:00";34.90;23.00;22.80;0.00;0.00;0.00;0.00;2.71;281.42;4.89;20.56;45.94;8.52;0.00;0.00;2000.00;19.93;
"2019-09-06 15:16:00";34.70;23.10;22.80;0.00;0.00;0.00;0.00;2.95;260.97;4.25;20.47;45.61;8.32;0.00;0.00;2000.00;19.93;
"2019-09-06 15:21:00";34.60;23.10;23.00;0.00;0.00;0.00;0.00;4.63;220.85;5.12;20.32;46.92;8.60;0.00;0.00;2000.00;19.93;
"2019-09-06 15:26:00";34.50;23.20;23.00;0.00;0.00;0.00;0.00;5.39;241.24;5.39;20.63;47.13;8.95;0.00;0.00;2000.00;19.93;
"2019-09-06 15:31:00";34.30;23.30;23.10;0.00;0.00;0.00;0.00;1.55;5.32;4.06;20.39;47.36;8.81;0.00;0.00;2000.00;19.93;
"2019-09-06 15:36:00";34.20;23.30;23.10;0.00;0.00;0.00;0.00;3.58;306.90;6.77;20.52;45.97;8.49;0.00;0.00;2000.00;19.93;
"2019-09-06 15:41:00";34.20;23.40;23.20;0.00;0.00;0.00;0.00;4.44;273.93;6.37;20.43;42.65;7.30;0.00;0.00;2000.00;19.93;
"2019-09-06 15:46:00";33.10;23.40;23.30;0.00;0.00;0.00;0.00;3.86;234.50;7.19;20.27;41.99;6.93;0.00;0.00;2000.00;19.93;
"2019-09-06 15:51:00";33.20;23.50;23.30;0.00;0.00;0.00;0.00;3.15;239.09;5.49;20.48;42.16;7.18;0.00;0.00;2000.00;19.93;
"2019-09-06 15:56:00";33.40;23.60;23.40;0.00;0.00;0.00;0.00;4.77;235.21;6.81;20.64;41.68;7.15;0.00;0.00;2000.00;19.93;
"2019-09-06 16:01:00";33.00;23.60;23.50;0.00;0.00;0.00;0.00;1.85;264.19;4.63;20.60;42.25;7.32;0.00;0.00;2000.00;19.93;
"2019-09-06 16:06:00";33.10;23.70;23.50;0.00;0.00;0.00;0.00;5.82;284.83;5.82;20.74;41.69;7.25;0.00;0.00;2000.00;19.93;
"2019-09-06 16:11:00";33.40;23.80;23.50;0.00;0.00;0.00;0.00;3.63;224.53;5.97;20.81;41.41;7.21;0.00;0.00;2000.00;19.93;
"2019-09-06 16:16:00";33.50;23.80;23.60;0.00;0.00;0.00;0.00;4.69;295.75;5.63;21.05;42.20;7.71;0.00;0.00;2000.00;19.93;
"2019-09-06 16:21:00";33.60;23.90;23.70;0.00;0.00;0.00;0.00;2.69;274.18;5.81;20.81;42.03;7.43;0.00;0.00;2000.00;19.93;
"2019-09-06 16:26:00";33.80;23.90;23.70;0.00;0.00;0.00;0.00;3.18;264.50;5.75;20.96;42.80;7.83;0.00;0.00;2000.00;19.93;
"2019-09-06 16:31:00";34.00;24.10;23.70;0.00;0.00;0.00;0.00;2.67;229.51;2.67;20.95;43.94;8.21;0.00;0.00;2000.00;19.93;
"2019-09-06 16:36:00";33.70;24.10;23.80;0.00;0.00;0.00;0.00;2.29;236.14;3.40;20.71;42.85;7.63;0.00;0.00;2000.00;19.93;
"2019-09-06 16:41:00";33.00;24.20;23.90;0.00;0.00;0.00;0.00;3.15;299.77;4.39;20.61;43.80;7.85;0.00;0.00;2000.00;19.93;
"2019-09-06 16:46:00";32.90;24.20;23.90;0.00;0.00;0.00;0.00;2.14;302.10;4.59;20.68;42.64;7.52;0.00;0.00;2000.00;19.93;
"2019-09-06 16:51:00";32.90;24.30;23.90;0.00;0.00;0.00;0.00;1.33;319.98;4.28;20.53;43.35;7.63;0.00;0.00;2000.00;19.93;
"2019-09-06 16:56:00";32.90;24.30;24.10;0.00;0.00;0.00;0.00;0.00;0.00;2.07;20.70;42.08;7.35;0.00;0.00;2000.00;19.93;
"2019-09-06 17:01:00";31.10;24.40;24.20;0.00;0.00;0.00;0.00;4.30;246.09;6.83;20.13;43.10;7.19;0.00;0.00;2000.00;19.93;
"2019-09-06 17:06:00";30.30;24.40;24.20;0.00;0.00;0.00;0.00;2.51;235.42;3.25;20.15;43.87;7.46;0.00;0.00;2000.00;19.93;
"2019-09-06 17:11:00";29.90;24.50;24.20;0.00;0.00;0.00;0.00;5.01;242.09;5.95;19.98;44.25;7.44;0.00;0.00;2000.00;19.93;
"2019-09-06 17:16:00";30.00;24.50;24.30;0.00;0.00;0.00;0.00;4.17;280.54;4.72;20.23;43.84;7.52;0.00;0.00;2000.00;19.93;
"2019-09-06 17:21:00";30.40;24.60;24.30;0.00;0.00;0.00;0.00;3.95;314.07;5.56;20.55;44.48;8.03;0.00;0.00;2000.00;19.93;
"2019-09-06 17:26:00";30.40;24.60;24.40;0.00;0.00;0.00;0.00;5.32;260.84;5.32;20.30;45.05;7.98;0.00;0.00;2000.00;19.93;
"2019-09-06 17:31:00";30.00;24.60;24.40;0.00;0.00;0.00;0.00;6.21;285.93;6.21;20.30;43.94;7.62;0.00;0.00;2000.00;19.93;
"2019-09-06 17:36:00";28.80;24.70;24.40;0.00;0.00;0.00;0.00;3.67;303.54;7.12;19.73;44.39;7.25;0.00;0.00;2000.00;19.93;
"2019-09-06 17:41:00";28.70;24.70;24.50;0.00;0.00;0.00;0.00;2.60;307.54;4.03;19.86;45.66;7.78;0.00;0.00;2000.00;19.93;
"2019-09-06 17:46:00";29.10;24.70;24.50;0.00;0.00;0.00;0.00;1.95;287.95;2.86;20.03;45.78;7.98;0.00;0.00;2000.00;19.93;
"2019-09-06 17:51:00";29.50;24.80;24.50;0.00;0.00;0.00;0.00;2.52;257.50;3.33;20.53;45.35;8.29;0.00;0.00;2000.00;19.93;
"2019-09-06 17:56:00";28.80;24.80;24.60;0.00;0.00;0.00;0.00;6.78;272.68;8.41;20.06;43.44;7.24;0.00;0.00;2000.00;19.93;
"2019-09-06 18:01:00";28.70;24.80;24.60;0.00;0.00;0.00;0.00;4.21;272.31;5.86;20.03;42.79;6.99;0.00;0.00;2000.00;19.93;
"2019-09-06 18:06:00";28.50;24.80;24.60;0.00;0.00;0.00;0.00;2.95;240.72;3.51;20.22;43.46;7.39;0.00;0.00;2000.00;19.93;
"2019-09-06 18:11:00";28.20;25.00;24.60;0.00;0.00;0.00;0.00;5.59;268.30;5.59;20.07;41.74;6.66;0.00;0.00;2000.00;19.93;
"2019-09-06 18:16:00";27.80;25.00;24.70;0.00;0.00;0.00;0.00;4.30;248.51;6.57;19.98;42.55;6.86;0.00;0.00;2000.00;19.93;
"2019-09-06 18:21:00";27.10;25.00;24.70;0.00;0.00;0.00;0.00;5.61;271.56;5.61;19.63;43.85;6.99;0.00;0.00;2000.00;19.93;
"2019-09-06 18:26:00";26.90;25.00;24.70;0.00;0.00;0.00;0.00;4.38;247.72;4.38;19.67;44.86;7.35;0.00;0.00;2000.00;19.93;
"2019-09-06 18:31:00";26.40;25.00;24.70;0.00;0.00;0.00;0.00;4.92;247.05;4.92;19.43;44.89;7.14;0.00;0.00;2000.00;19.93;
"2019-09-06 18:36:00";26.30;25.00;24.70;0.00;0.00;0.00;0.00;3.03;217.74;5.55;19.51;45.40;7.38;0.00;0.00;2000.00;19.93;
"2019-09-06 18:41:00";26.20;25.00;24.70;0.00;0.00;0.00;0.00;3.62;268.57;4.95;19.47;46.47;7.69;0.00;0.00;2000.00;19.93;
"2019-09-06 18:46:00";26.00;25.00;24.70;0.00;0.00;0.00;0.00;3.93;245.48;5.57;19.19;48.16;7.96;0.00;0.00;2000.00;19.93;
"2019-09-06 18:51:00";25.60;25.00;24.80;0.00;0.00;0.00;0.00;5.46;268.93;6.66;19.03;48.40;7.88;0.00;0.00;2000.00;19.93;
"2019-09-06 18:56:00";25.10;25.00;24.80;0.00;0.00;0.00;0.00;3.77;251.78;5.41;18.74;49.22;7.87;0.00;0.00;2000.00;19.93;
"2019-09-06 19:01:00";24.70;25.00;24.80;0.00;0.00;0.00;0.00;4.90;268.49;8.99;18.69;49.01;7.75;0.00;0.00;2000.00;19.93;
"2019-09-06 19:06:00";24.40;25.00;24.80;0.00;0.00;0.00;0.00;4.85;235.09;5.50;18.63;49.32;7.79;0.00;0.00;2000.00;19.93;
"2019-09-06 19:11:00";24.00;25.00;24.80;0.00;0.00;0.00;0.00;4.57;284.92;8.17;18.50;48.08;7.30;0.00;0.00;2000.00;19.93;
"2019-09-06 19:16:00";23.60;25.00;24.80;0.00;0.00;0.00;0.00;4.08;282.55;4.93;18.41;47.63;7.09;0.00;0.00;2000.00;19.93;
"2019-09-06 19:21:00";23.30;25.00;24.80;0.00;0.00;0.00;0.00;3.99;279.70;4.14;18.29;47.29;6.87;0.00;0.00;2000.00;19.93;
"2019-09-06 19:26:00";23.00;25.00;24.80;0.00;0.00;0.00;0.00;3.89;241.54;5.96;18.21;46.76;6.63;0.00;0.00;2000.00;19.93;
"2019-09-06 19:31:00";22.70;25.00;24.80;0.00;0.00;0.00;0.00;7.13;261.15;7.13;18.03;46.30;6.31;0.00;0.00;2000.00;19.93;
"2019-09-06 19:36:00";22.50;25.00;24.80;0.00;0.00;0.00;0.00;4.14;251.07;6.68;17.92;46.12;6.16;0.00;0.00;2000.00;19.93;
"2019-09-06 19:41:00";22.20;25.00;24.80;0.00;0.00;0.00;0.00;4.61;294.53;5.48;17.72;46.88;6.22;0.00;0.00;2000.00;19.93;
"2019-09-06 19:46:00";22.00;25.00;24.80;0.00;0.00;0.00;0.00;5.49;262.19;5.49;17.64;46.76;6.11;0.00;0.00;2000.00;19.93;
"2019-09-06 19:51:00";21.70;25.00;24.80;0.00;0.00;0.00;0.00;3.52;253.86;4.93;17.49;47.15;6.09;0.00;0.00;2000.00;19.93;
"2019-09-06 19:56:00";21.50;24.80;24.80;0.00;0.00;0.00;0.00;1.26;278.54;3.18;17.41;47.48;6.12;0.00;0.00;2000.00;19.93;
"2019-09-06 20:01:00";21.20;24.80;24.70;0.00;0.00;0.00;0.00;2.17;283.40;2.91;17.25;48.35;6.23;0.00;0.00;2000.00;19.93;
"2019-09-06 20:06:00";21.00;24.80;24.70;0.00;0.00;0.00;0.00;2.14;251.81;4.25;17.14;48.61;6.21;0.00;0.00;2000.00;19.93;
"2019-09-06 20:11:00";20.90;24.80;24.70;0.00;0.00;0.00;0.00;0.00;0.00;0.00;17.11;48.91;6.28;0.00;0.00;2000.00;19.93;
"2019-09-06 20:16:00";20.70;24.70;24.70;0.00;0.00;0.00;0.00;0.00;0.00;0.00;16.97;49.33;6.27;0.00;0.00;2000.00;19.93;
"2019-09-06 20:21:00";20.60;24.70;24.70;0.00;0.00;0.00;0.00;0.00;0.00;0.87;16.88;49.97;6.37;0.00;0.00;2000.00;19.93;
"2019-09-06 20:26:00";20.40;24.70;24.60;0.00;0.00;0.00;0.00;0.00;0.00;0.00;16.56;50.82;6.32;0.00;0.00;2000.00;19.93;
"2019-09-06 20:31:00";20.10;24.70;24.60;0.00;0.00;0.00;0.00;0.00;0.00;0.00;16.19;52.15;6.36;0.00;0.00;2000.00;19.93;
"2019-09-06 20:36:00";20.00;24.60;24.60;0.00;0.00;0.00;0.00;0.00;0.00;0.00;16.18;52.28;6.39;0.00;0.00;2000.00;19.93;
"2019-09-06 20:41:00";19.90;24.60;24.60;0.00;0.00;0.00;0.00;0.00;0.00;0.00;15.96;52.80;6.32;0.00;0.00;2000.00;19.93;
"2019-09-06 20:46:00";19.70;24.60;24.50;0.00;0.00;0.00;0.00;0.00;0.00;0.00;15.99;52.83;6.36;0.00;0.00;2000.00;19.93;
"2019-09-06 20:51:00";19.60;24.50;24.50;0.00;0.00;0.00;0.00;0.00;0.00;0.00;15.94;53.03;6.37;0.00;0.00;2000.00;19.93;
"2019-09-06 20:56:00";19.50;24.50;24.50;0.00;0.00;0.00;0.00;0.00;0.00;0.00;15.99;52.59;6.29;0.00;0.00;2000.00;19.93;
"2019-09-06 21:01:00";19.30;24.50;24.50;0.00;0.00;0.00;0.00;0.00;0.00;0.00;15.87;53.02;6.30;0.00;0.00;2000.00;19.93;
"2019-09-06 21:06:00";19.20;24.40;24.40;0.00;0.00;0.00;0.00;0.00;0.00;0.00;15.72;53.75;6.36;0.00;0.00;2000.00;19.93;
"2019-09-06 21:11:00";19.10;24.40;24.40;0.00;0.00;0.00;0.00;0.00;0.00;0.00;15.59;54.18;6.35;0.00;0.00;2000.00;19.93;
"2019-09-06 21:16:00";18.90;24.40;24.40;0.00;0.00;0.00;0.00;0.00;0.00;0.00;15.36;54.79;6.30;0.00;0.00;2000.00;19.93;
"2019-09-06 21:21:00";18.90;24.30;24.30;0.00;0.00;0.00;0.00;0.00;0.00;0.00;15.17;55.38;6.28;0.00;0.00;2000.00;19.93;
"2019-09-06 21:26:00";18.70;24.30;24.30;0.00;0.00;0.00;0.00;0.00;0.00;0.00;14.90;56.46;6.31;0.00;0.00;2000.00;19.93;
"2019-09-06 21:31:00";18.50;24.20;24.30;0.00;0.00;0.00;0.00;0.00;0.00;0.00;14.68;57.30;6.32;0.00;0.00;2000.00;19.93;
"2019-09-06 21:36:00";18.40;24.20;24.30;0.00;0.00;0.00;0.00;0.00;0.00;0.00;14.58;57.89;6.38;0.00;0.00;2000.00;19.93;
"2019-09-06 21:41:00";18.20;24.20;24.20;0.00;0.00;0.00;0.00;0.00;0.00;0.00;14.50;58.60;6.48;0.00;0.00;2000.00;19.93;
"2019-09-06 21:46:00";18.10;24.10;24.20;0.00;0.00;0.00;0.00;2.24;274.41;3.78;14.76;58.48;6.69;0.00;0.00;2000.00;19.93;
"2019-09-06 21:51:00";18.10;24.10;24.20;0.00;0.00;0.00;0.00;0.00;0.00;0.00;14.70;58.36;6.60;0.00;0.00;2000.00;19.93;
"2019-09-06 21:56:00";18.00;23.90;24.10;0.00;0.00;0.00;0.00;0.00;0.00;0.00;14.43;59.04;6.52;0.00;0.00;2000.00;19.93;
"2019-09-06 22:01:00";17.80;23.90;24.10;0.00;0.00;0.00;0.00;0.00;0.00;0.00;14.16;59.96;6.49;0.00;0.00;2000.00;19.93;
"2019-09-06 22:06:00";17.80;23.90;24.10;0.00;0.00;0.00;0.00;0.00;0.00;0.00;14.06;60.72;6.58;0.00;0.00;2000.00;19.93;
"2019-09-06 22:11:00";17.70;23.80;23.90;0.00;0.00;0.00;0.00;0.00;0.00;0.00;14.09;60.88;6.65;0.00;0.00;2000.00;19.93;
"2019-09-06 22:16:00";17.60;23.80;23.90;0.00;0.00;0.00;0.00;0.00;0.00;0.00;13.94;61.43;6.63;0.00;0.00;2000.00;19.93;
"2019-09-06 22:21:00";17.50;23.70;23.80;0.00;0.00;0.00;0.00;0.00;0.00;0.00;13.85;61.83;6.65;0.00;0.00;2000.00;19.93;
"2019-09-06 22:26:00";17.40;23.70;23.80;0.00;0.00;0.00;0.00;0.00;0.00;0.00;13.86;62.34;6.77;0.00;0.00;2000.00;19.93;
"2019-09-06 22:31:00";17.30;23.60;23.80;0.00;0.00;0.00;0.00;0.00;0.00;0.00;13.78;62.44;6.72;0.00;0.00;2000.00;19.93;
"2019-09-06 22:36:00";17.20;23.60;23.70;0.00;0.00;0.00;0.00;0.00;0.00;0.00;13.53;63.17;6.66;0.00;0.00;2000.00;19.93;
"2019-09-06 22:41:00";17.10;23.60;23.70;0.00;0.00;0.00;0.00;0.00;0.00;0.00;13.39;63.73;6.65;0.00;0.00;2000.00;19.93;
"2019-09-06 22:46:00";16.90;23.50;23.60;0.00;0.00;0.00;0.00;0.00;0.00;0.00;13.19;64.36;6.61;0.00;0.00;2000.00;19.93;
"2019-09-06 22:51:00";16.80;23.50;23.60;0.00;0.00;0.00;0.00;0.00;0.00;0.00;13.18;65.16;6.78;0.00;0.00;2000.00;19.93;
"2019-09-06 22:56:00";16.70;23.40;23.60;0.00;0.00;0.00;0.00;0.00;0.00;0.00;13.02;65.40;6.68;0.00;0.00;2000.00;19.93;
"2019-09-06 23:01:00";16.60;23.40;23.60;0.00;0.00;0.00;0.00;0.00;0.00;0.00;12.79;65.71;6.53;0.00;0.00;2000.00;19.93;
"2019-09-06 23:06:00";16.50;23.30;23.50;0.00;0.00;0.00;0.00;0.00;0.00;0.00;12.33;66.37;6.24;0.00;0.00;2000.00;19.93;
"2019-09-06 23:11:00";16.30;23.30;23.50;0.00;0.00;0.00;0.00;0.00;0.00;0.00;11.93;67.16;6.03;0.00;0.00;2000.00;19.93;
"2019-09-06 23:16:00";16.20;23.30;23.40;0.00;0.00;0.00;0.00;0.00;0.00;0.00;11.64;67.99;5.93;0.00;0.00;2000.00;19.93;
"2019-09-06 23:21:00";16.10;23.20;23.40;0.00;0.00;0.00;0.00;0.00;0.00;0.00;11.44;68.77;5.90;0.00;0.00;2000.00;19.93;
"2019-09-06 23:26:00";16.00;23.20;23.40;0.00;0.00;0.00;0.00;0.00;0.00;0.00;11.31;69.44;5.92;0.00;0.00;2000.00;19.93;
"2019-09-06 23:31:00";16.00;23.20;23.40;0.00;0.00;0.00;0.00;0.00;0.00;0.00;11.23;69.99;5.96;0.00;0.00;2000.00;19.93;
"2019-09-06 23:36:00";15.90;23.10;23.30;0.00;0.00;0.00;0.00;0.00;0.00;0.00;11.20;70.45;6.01;0.00;0.00;2000.00;19.93;
"2019-09-06 23:41:00";15.90;23.10;23.30;0.00;0.00;0.00;0.00;0.00;0.00;0.00;11.09;70.92;6.01;0.00;0.00;2000.00;19.93;
"2019-09-06 23:46:00";15.80;23.00;23.20;0.00;0.00;0.00;0.00;0.00;0.00;0.00;11.04;71.45;6.07;0.00;0.00;2000.00;19.93;
"2019-09-06 23:51:00";15.70;23.00;23.20;0.00;0.00;0.00;0.00;0.00;0.00;0.00;11.02;71.87;6.13;0.00;0.00;2000.00;19.93;
"2019-09-06 23:56:00";15.60;23.00;23.20;0.00;0.00;0.00;0.00;0.00;0.00;0.00;11.02;72.26;6.21;0.00;0.00;2000.00;19.93;
"2019-09-07 00:01:00";15.50;22.80;23.10;0.00;0.00;0.00;0.00;0.00;0.00;0.00;10.95;72.71;6.23;0.00;0.00;2000.00;19.93;
"2019-09-07 00:06:00";15.50;22.80;23.10;0.00;0.00;0.00;0.00;0.00;0.00;0.00;10.84;73.30;6.25;0.00;0.00;2000.00;19.93;
"2019-09-07 00:11:00";15.40;22.70;23.10;0.00;0.00;0.00;0.00;0.00;0.00;0.00;10.77;74.06;6.33;0.00;0.00;2000.00;19.93;
"2019-09-07 00:16:00";15.40;22.70;23.00;0.00;0.00;0.00;0.00;0.00;0.00;0.00;10.66;74.76;6.36;0.00;0.00;2000.00;19.93;
"2019-09-07 00:21:00";15.40;22.70;23.00;0.00;0.00;0.00;0.00;0.00;0.00;0.00;10.58;75.42;6.41;0.00;0.00;2000.00;19.93;
"2019-09-07 00:26:00";15.30;22.60;22.80;0.00;0.00;0.00;0.00;0.00;0.00;0.00;10.52;76.10;6.48;0.00;0.00;2000.00;19.93;
"2019-09-07 00:31:00";15.20;22.60;22.80;0.00;0.00;0.00;0.00;0.00;0.00;0.00;10.44;76.68;6.52;0.00;0.00;2000.00;19.93;
"2019-09-07 00:36:00";15.20;22.50;22.80;0.00;0.00;0.00;0.00;0.00;0.00;0.00;10.42;77.30;6.61;0.00;0.00;2000.00;19.93;
"2019-09-07 00:41:00";15.10;22.50;22.70;0.00;0.00;0.00;0.00;0.00;0.00;0.00;10.42;77.90;6.73;0.00;0.00;2000.00;19.93;
"2019-09-07 00:46:00";15.10;22.40;22.70;0.00;0.00;0.00;0.00;0.00;0.00;0.00;10.36;78.33;6.75;0.00;0.00;2000.00;19.93;
"2019-09-07 00:51:00";15.00;22.40;22.60;0.00;0.00;0.00;0.00;0.00;0.00;0.00;10.30;78.84;6.78;0.00;0.00;2000.00;19.93;
"2019-09-07 00:56:00";15.00;22.30;22.60;0.00;0.00;0.00;0.00;0.00;0.00;0.00;10.29;79.23;6.85;0.00;0.00;2000.00;19.93;
"2019-09-07 01:01:00";14.90;22.30;22.60;0.00;0.00;0.00;0.00;0.00;0.00;0.00;10.30;79.68;6.94;0.00;0.00;2000.00;19.93;
"2019-09-07 01:06:00";14.90;22.30;22.50;0.00;0.00;0.00;0.00;0.00;0.00;0.00;10.38;80.19;7.11;0.00;0.00;2000.00;19.93;
"2019-09-07 01:11:00";14.80;22.20;22.50;0.00;0.00;0.00;0.00;0.00;0.00;0.00;10.46;80.47;7.24;0.00;0.00;2000.00;19.93;
"2019-09-07 01:16:00";14.80;22.20;22.50;0.00;0.00;0.00;0.00;0.00;0.00;0.00;10.61;80.92;7.47;0.00;0.00;2000.00;19.93;
"2019-09-07 01:21:00";14.80;22.10;22.40;0.00;0.00;0.00;0.00;0.00;0.00;0.00;10.82;80.82;7.66;0.00;0.00;2000.00;19.93;
"2019-09-07 01:26:00";14.80;22.10;22.40;0.00;0.00;0.00;0.00;0.00;0.00;0.00;10.78;80.78;7.61;0.00;0.00;2000.00;19.93;
"2019-09-07 01:31:00";14.70;22.10;22.40;0.00;0.00;0.00;0.00;0.00;0.00;0.00;10.70;80.77;7.53;0.00;0.00;2000.00;19.93;
"2019-09-07 01:36:00";14.70;22.00;22.30;0.00;0.00;0.00;0.00;0.00;0.00;0.00;10.58;80.80;7.42;0.00;0.00;2000.00;19.93;
"2019-09-07 01:41:00";14.60;22.00;22.30;0.00;0.00;0.00;0.00;0.00;0.00;0.00;10.48;80.81;7.32;0.00;0.00;2000.00;19.93;
"2019-09-07 01:46:00";14.50;22.00;22.30;0.00;0.00;0.00;0.00;0.00;0.00;0.00;10.35;80.88;7.21;0.00;0.00;2000.00;19.93;
"2019-09-07 01:51:00";14.50;21.90;22.20;0.00;0.00;0.00;0.00;0.00;0.00;0.00;10.35;81.14;7.25;0.00;0.00;2000.00;19.93;
"2019-09-07 01:56:00";14.40;21.90;22.20;0.00;0.00;0.00;0.00;0.00;0.00;0.00;10.39;81.31;7.32;0.00;0.00;2000.00;19.93;
"2019-09-07 02:01:00";14.40;21.80;22.10;0.00;0.00;0.00;0.00;0.00;0.00;0.00;10.45;81.43;7.41;0.00;0.00;2000.00;19.93;
"2019-09-07 02:06:00";14.40;21.80;22.10;0.00;0.00;0.00;0.00;0.00;0.00;0.00;10.39;81.39;7.34;0.00;0.00;2000.00;19.93;
"2019-09-07 02:11:00";14.30;21.80;22.10;0.00;0.00;0.00;0.00;0.00;0.00;0.00;10.25;81.46;7.22;0.00;0.00;2000.00;19.93;
"2019-09-07 02:16:00";14.20;21.80;22.10;0.00;0.00;0.00;0.00;0.00;0.00;0.00;10.11;81.54;7.10;0.00;0.00;2000.00;19.93;
"2019-09-07 02:21:00";14.20;21.70;22.00;0.00;0.00;0.00;0.00;0.00;0.00;0.00;9.97;81.67;6.98;0.00;0.00;2000.00;19.93;
"2019-09-07 02:26:00";14.20;21.60;21.90;0.00;0.00;0.00;0.00;0.00;0.00;0.00;9.81;81.85;6.86;0.00;0.00;2000.00;19.93;
"2019-09-07 02:31:00";14.20;21.60;21.90;0.00;0.00;0.00;0.00;0.00;0.00;0.00;9.71;82.00;6.78;0.00;0.00;2000.00;19.93;
"2019-09-07 02:36:00";14.10;21.60;21.90;0.00;0.00;0.00;0.00;0.00;0.00;0.00;9.57;82.31;6.70;0.00;0.00;2000.00;19.93;
"2019-09-07 02:41:00";14.10;21.40;21.80;0.00;0.00;0.00;0.00;0.00;0.00;0.00;9.55;82.58;6.73;0.00;0.00;2000.00;19.93;
"2019-09-07 02:46:00";14.00;21.40;21.80;0.00;0.00;0.00;0.00;0.00;0.00;0.00;9.48;82.84;6.70;0.00;0.00;2000.00;19.93;
"2019-09-07 02:51:00";14.00;21.40;21.80;0.00;0.00;0.00;0.00;0.00;0.00;0.00;9.44;83.00;6.69;0.00;0.00;2000.00;19.93;
"2019-09-07 02:56:00";13.90;21.40;21.80;0.00;0.00;0.00;0.00;0.00;0.00;0.00;9.36;83.25;6.66;0.00;0.00;2000.00;19.93;
"2019-09-07 03:01:00";13.90;21.30;21.80;0.00;0.00;0.00;0.00;0.00;0.00;0.00;9.31;83.51;6.66;0.00;0.00;2000.00;19.93;
"2019-09-07 03:06:00";13.80;21.30;21.70;0.00;0.00;0.00;0.00;0.00;0.00;0.00;9.33;83.73;6.72;0.00;0.00;2000.00;19.93;
"2019-09-07 03:11:00";13.80;21.20;21.70;0.00;0.00;0.00;0.00;0.00;0.00;0.00;9.26;83.94;6.68;0.00;0.00;2000.00;19.93;
"2019-09-07 03:16:00";13.80;21.20;21.60;0.00;0.00;0.00;0.00;0.00;0.00;0.00;9.22;84.17;6.69;0.00;0.00;2000.00;19.93;
"2019-09-07 03:21:00";13.70;21.20;21.60;0.00;0.00;0.00;0.00;0.00;0.00;0.00;9.18;84.35;6.68;0.00;0.00;2000.00;19.93;
"2019-09-07 03:26:00";13.70;21.10;21.40;0.00;0.00;0.00;0.00;0.00;0.00;0.00;9.11;84.54;6.64;0.00;0.00;2000.00;19.93;
"2019-09-07 03:31:00";13.70;21.10;21.40;0.00;0.00;0.00;0.00;0.00;0.00;0.00;9.05;84.75;6.62;0.00;0.00;2000.00;19.93;
"2019-09-07 03:36:00";13.70;21.10;21.40;0.00;0.00;0.00;0.00;0.00;0.00;0.00;9.01;84.96;6.62;0.00;0.00;2000.00;19.93;
"2019-09-07 03:41:00";13.70;21.00;21.40;0.00;0.00;0.00;0.00;0.00;0.00;0.00;9.00;85.20;6.64;0.00;0.00;2000.00;19.93;
"2019-09-07 03:46:00";13.70;21.00;21.30;0.00;0.00;0.00;0.00;0.00;0.00;0.00;8.99;85.37;6.67;0.00;0.00;2000.00;19.93;
"2019-09-07 03:51:00";13.70;21.00;21.30;0.00;0.00;0.00;0.00;0.00;0.00;0.00;8.99;85.58;6.70;0.00;0.00;2000.00;19.93;
"2019-09-07 03:56:00";13.70;20.90;21.30;0.00;0.00;0.00;0.00;0.00;0.00;0.00;8.96;85.77;6.70;0.00;0.00;2000.00;19.93;
"2019-09-07 04:01:00";13.60;20.90;21.30;0.00;0.00;0.00;0.00;0.00;0.00;0.00;8.97;85.88;6.73;0.00;0.00;2000.00;19.93;
"2019-09-07 04:06:00";13.60;20.80;21.20;0.00;0.00;0.00;0.00;0.00;0.00;0.00;8.93;86.01;6.71;0.00;0.00;2000.00;19.93;
"2019-09-07 04:11:00";13.50;20.80;21.20;0.00;0.00;0.00;0.00;0.00;0.00;0.00;8.87;86.15;6.68;0.00;0.00;2000.00;19.93;
"2019-09-07 04:16:00";13.50;20.80;21.10;0.00;0.00;0.00;0.00;0.00;0.00;0.00;8.86;86.37;6.71;0.00;0.00;2000.00;19.93;
"2019-09-07 04:21:00";13.60;20.70;21.10;0.00;0.00;0.00;0.00;0.00;0.00;0.00;8.85;86.52;6.72;0.00;0.00;2000.00;19.93;
"2019-09-07 04:26:00";13.50;20.70;21.10;0.00;0.00;0.00;0.00;0.00;0.00;0.00;8.82;86.62;6.70;0.00;0.00;2000.00;19.93;
"2019-09-07 04:31:00";13.50;20.70;21.10;0.00;0.00;0.00;0.00;0.00;0.00;0.00;8.77;86.74;6.68;0.00;0.00;2000.00;19.93;
"2019-09-07 04:36:00";13.40;20.70;21.10;0.00;0.00;0.00;0.00;0.00;0.00;0.00;8.70;86.80;6.62;0.00;0.00;2000.00;19.93;
"2019-09-07 04:41:00";13.30;20.60;21.00;0.00;0.00;0.00;0.00;0.00;0.00;0.00;8.63;87.00;6.59;0.00;0.00;2000.00;19.93;
"2019-09-07 04:46:00";13.20;20.60;21.00;0.00;0.00;0.00;0.00;0.00;0.00;0.00;8.61;87.22;6.60;0.00;0.00;2000.00;19.93;
"2019-09-07 04:51:00";13.20;20.60;20.90;0.00;0.00;0.00;0.00;0.00;0.00;0.00;8.56;87.42;6.59;0.00;0.00;2000.00;19.93;
"2019-09-07 04:56:00";13.20;20.50;20.90;0.00;0.00;0.00;0.00;0.00;0.00;0.00;8.56;87.57;6.62;0.00;0.00;2000.00;19.93;
"2019-09-07 05:01:00";13.20;20.50;20.90;0.00;0.00;0.00;0.00;0.00;0.00;0.00;8.59;87.81;6.68;0.00;0.00;2000.00;19.93;
"2019-09-07 05:06:00";13.20;20.50;20.80;0.00;0.00;0.00;0.00;0.00;0.00;0.00;8.60;87.94;6.72;0.00;0.00;2000.00;19.93;
"2019-09-07 05:11:00";13.10;20.40;20.80;0.00;0.00;0.00;0.00;0.00;0.00;0.00;8.62;88.09;6.76;0.00;0.00;2000.00;19.93;
"2019-09-07 05:16:00";13.10;20.40;20.80;0.00;0.00;0.00;0.00;0.00;0.00;0.00;8.62;88.23;6.79;0.00;0.00;2000.00;19.93;
"2019-09-07 05:21:00";13.10;20.40;20.80;0.00;0.00;0.00;0.00;0.00;0.00;0.00;8.61;88.33;6.79;0.00;0.00;2000.00;19.93;
"2019-09-07 05:26:00";13.00;20.40;20.70;0.00;0.00;0.00;0.00;0.00;0.00;0.00;8.64;88.61;6.86;0.00;0.00;2000.00;19.93;
"2019-09-07 05:31:00";13.00;20.30;20.70;0.00;0.00;0.00;0.00;0.00;0.00;0.00;8.62;88.67;6.86;0.00;0.00;2000.00;19.93;
"2019-09-07 05:36:00";12.90;20.30;20.70;0.00;0.00;0.00;0.00;0.00;0.00;0.00;8.56;88.79;6.81;0.00;0.00;2000.00;19.93;
"2019-09-07 05:41:00";12.80;20.30;20.60;0.00;0.00;0.00;0.00;0.00;0.00;0.00;8.53;88.87;6.79;0.00;0.00;2000.00;19.93;
"2019-09-07 05:46:00";12.80;20.20;20.60;0.00;0.00;0.00;0.00;0.00;0.00;0.00;8.48;89.04;6.78;0.00;0.00;2000.00;19.93;
"2019-09-07 05:51:00";12.80;20.20;20.60;0.00;0.00;0.00;0.00;0.00;0.00;0.00;8.45;89.20;6.77;0.00;0.00;2000.00;19.93;
"2019-09-07 05:56:00";12.70;20.20;20.60;0.00;0.00;0.00;0.00;0.00;0.00;0.00;8.43;89.38;6.79;0.00;0.00;2000.00;19.93;
"2019-09-07 06:01:00";12.70;20.10;20.50;0.00;0.00;0.00;0.00;0.00;0.00;0.00;8.38;89.38;6.73;0.00;0.00;2000.00;19.93;
"2019-09-07 06:06:00";12.70;20.10;20.50;0.00;0.00;0.00;0.00;0.00;0.00;0.00;8.33;89.50;6.71;0.00;0.00;2000.00;19.93;
"2019-09-07 06:11:00";12.70;20.10;20.50;0.00;0.00;0.00;0.00;0.00;0.00;0.00;8.29;89.76;6.70;0.00;0.00;2000.00;19.93;
"2019-09-07 06:16:00";12.60;20.00;20.40;0.00;0.00;0.00;0.00;0.00;0.00;0.00;8.32;89.87;6.75;0.00;0.00;2000.00;19.93;
"2019-09-07 06:21:00";12.60;20.00;20.40;0.00;0.00;0.00;0.00;0.00;0.00;0.00;8.31;89.93;6.75;0.00;0.00;2000.00;19.93;
"2019-09-07 06:26:00";12.60;20.00;20.40;0.00;0.00;0.00;0.00;0.00;0.00;0.00;8.30;90.07;6.77;0.00;0.00;2000.00;19.93;
"2019-09-07 06:31:00";12.50;20.00;20.40;0.00;0.00;0.00;0.00;0.00;0.00;0.00;8.28;90.10;6.75;0.00;0.00;2000.00;19.93;
"2019-09-07 06:36:00";12.50;19.90;20.30;0.00;0.00;0.00;0.00;0.00;0.00;0.00;8.22;90.25;6.72;0.00;0.00;2000.00;19.93;
"2019-09-07 06:41:00";12.50;19.90;20.30;0.00;0.00;0.00;0.00;0.00;0.00;0.00;8.25;90.41;6.77;0.00;0.00;2000.00;19.93;
"2019-09-07 06:46:00";12.50;19.80;20.30;0.00;0.00;0.00;0.00;0.00;0.00;0.00;8.23;90.53;6.77;0.00;0.00;2000.00;19.93;
"2019-09-07 06:51:00";12.50;19.90;20.20;0.00;0.00;0.00;0.00;0.00;0.00;0.00;8.22;90.61;6.78;0.00;0.00;2000.00;19.93;
"2019-09-07 06:56:00";12.50;19.80;20.20;0.00;0.00;0.00;0.00;0.00;0.00;0.00;8.16;90.67;6.72;0.00;0.00;2000.00;19.93;
"2019-09-07 07:01:00";12.50;19.80;20.20;0.00;0.00;0.00;0.00;0.00;0.00;0.00;8.16;90.80;6.75;0.00;0.00;2000.00;19.93;
"2019-09-07 07:06:00";12.60;19.80;20.20;0.00;0.00;0.00;0.00;0.00;0.00;0.00;8.19;90.94;6.80;0.00;0.00;2000.00;19.93;
"2019-09-07 07:11:00";12.60;19.70;20.10;0.00;0.00;0.00;0.00;0.00;0.00;0.00;8.20;91.03;6.82;0.00;0.00;2000.00;19.93;
"2019-09-07 07:16:00";12.70;19.70;20.10;0.00;0.00;0.00;0.00;0.00;0.00;0.00;8.27;91.26;6.93;0.00;0.00;2000.00;19.93;
"2019-09-07 07:21:00";12.80;19.70;20.10;0.00;0.00;0.00;0.00;0.00;0.00;0.00;8.39;91.37;7.07;0.00;0.00;2000.00;19.93;
"2019-09-07 07:26:00";13.00;19.60;20.00;0.00;0.00;0.00;0.00;0.00;0.00;0.00;8.55;91.54;7.25;0.00;0.00;2000.00;19.93;
"2019-09-07 07:31:00";13.30;19.60;20.00;0.00;0.00;0.00;0.00;0.00;0.00;0.00;8.76;91.67;7.48;0.00;0.00;2000.00;19.93;
"2019-09-07 07:36:00";13.60;19.60;20.00;0.00;0.00;0.00;0.00;0.00;0.00;0.00;8.98;91.60;7.69;0.00;0.00;2000.00;19.93;
"2019-09-07 07:41:00";13.70;19.60;20.00;0.00;0.00;0.00;0.00;0.00;0.00;0.00;9.12;91.55;7.82;0.00;0.00;2000.00;19.93;
"2019-09-07 07:46:00";13.90;19.50;19.90;0.00;0.00;0.00;0.00;0.00;0.00;0.00;9.28;91.82;8.02;0.00;0.00;2000.00;19.93;
"2019-09-07 07:51:00";14.00;19.50;19.90;0.00;0.00;0.00;0.00;0.00;0.00;0.00;9.45;91.79;8.18;0.00;0.00;2000.00;19.93;
"2019-09-07 07:56:00";14.00;19.50;19.90;0.00;0.00;0.00;0.00;0.00;0.00;0.00;9.60;91.65;8.30;0.00;0.00;2000.00;19.93;
"2019-09-07 08:01:00";14.00;19.40;19.80;0.00;0.00;0.00;0.00;0.00;0.00;0.00;9.74;91.85;8.48;0.00;0.00;2000.00;19.93;
"2019-09-07 08:06:00";13.90;19.40;19.80;0.00;0.00;0.00;0.00;0.00;0.00;0.00;9.91;91.64;8.61;0.00;0.00;2000.00;19.93;
"2019-09-07 08:11:00";13.90;19.40;19.80;0.00;0.00;0.00;0.00;0.00;0.00;0.00;10.03;91.88;8.77;0.00;0.00;2000.00;19.93;
"2019-09-07 08:16:00";13.90;19.40;19.80;0.00;0.00;0.00;0.00;0.00;0.00;0.00;10.18;91.55;8.87;0.00;0.00;2000.00;19.93;
"2019-09-07 08:21:00";14.00;19.40;19.80;0.00;0.00;0.00;0.00;0.00;0.00;0.00;10.40;91.93;9.14;0.00;0.00;2000.00;19.93;
"2019-09-07 08:26:00";14.00;19.30;19.70;0.00;0.00;0.00;0.00;0.00;0.00;0.00;10.80;91.75;9.51;0.00;0.00;2000.00;19.93;
"2019-09-07 08:31:00";14.10;19.30;19.70;0.00;0.00;0.00;0.00;0.00;0.00;0.00;11.16;91.53;9.83;0.00;0.00;2000.00;19.93;
"2019-09-07 08:36:00";14.20;19.30;19.70;0.00;0.00;0.00;0.00;0.00;0.00;0.00;11.67;91.22;10.29;0.00;0.00;2000.00;19.93;
"2019-09-07 08:41:00";14.50;19.30;19.70;0.00;0.00;0.00;0.00;0.00;0.00;0.00;11.91;91.30;10.54;0.00;0.00;2000.00;19.93;
"2019-09-07 08:46:00";14.60;19.30;19.70;0.00;0.00;0.00;0.00;0.00;0.00;0.00;12.26;90.54;10.75;0.00;0.00;2000.00;19.93;
"2019-09-07 08:51:00";14.80;19.20;19.70;0.00;0.00;0.00;0.00;0.00;0.00;0.00;12.57;90.26;11.01;0.00;0.00;2000.00;19.93;
"2019-09-07 08:56:00";14.90;19.20;19.60;0.00;0.00;0.00;0.00;0.00;0.00;0.00;12.97;89.57;11.29;0.00;0.00;2000.00;19.93;
"2019-09-07 09:01:00";15.30;19.20;19.60;0.00;0.00;0.00;0.00;0.00;0.00;0.00;13.39;89.22;11.65;0.00;0.00;2000.00;19.93;
"2019-09-07 09:06:00";16.10;19.20;19.60;0.00;0.00;0.00;0.00;0.00;0.00;0.00;13.59;88.28;11.69;0.00;0.00;2000.00;19.93;
"2019-09-07 09:11:00";16.90;19.20;19.60;0.00;0.00;0.00;0.00;0.00;0.00;0.00;13.88;87.32;11.81;0.00;0.00;2000.00;19.93;
"2019-09-07 09:16:00";17.60;19.20;19.60;0.00;0.00;0.00;0.00;0.00;0.00;0.00;14.17;85.95;11.85;0.00;0.00;2000.00;19.93;
"2019-09-07 09:21:00";18.20;19.20;19.60;0.00;0.00;0.00;0.00;0.00;0.00;0.00;14.48;85.03;11.99;0.00;0.00;2000.00;19.93;
"2019-09-07 09:26:00";18.80;19.10;19.50;0.00;0.00;0.00;0.00;0.00;0.00;0.00;14.86;84.34;12.24;0.00;0.00;2000.00;19.93;
"2019-09-07 09:31:00";19.40;19.10;19.50;0.00;0.00;0.00;0.00;0.00;0.00;0.00;15.00;82.36;12.02;0.00;0.00;2000.00;19.93;
"2019-09-07 09:36:00";19.90;19.10;19.50;0.00;0.00;0.00;0.00;0.00;0.00;0.00;14.86;81.08;11.65;0.00;0.00;2000.00;19.93;
"2019-09-07 09:41:00";20.40;19.10;19.50;0.00;0.00;0.00;0.00;0.00;0.00;0.00;15.06;79.54;11.54;0.00;0.00;2000.00;19.93;
"2019-09-07 09:46:00";20.90;19.10;19.50;0.00;0.00;0.00;0.00;0.00;0.00;0.00;15.24;78.22;11.47;0.00;0.00;2000.00;19.93;
"2019-09-07 09:51:00";21.30;19.10;19.50;0.00;0.00;0.00;0.00;0.00;0.00;0.00;15.44;76.74;11.38;0.00;0.00;2000.00;19.93;
"2019-09-07 09:56:00";21.30;19.10;19.50;0.00;0.00;0.00;0.00;0.00;0.00;0.00;15.68;76.26;11.51;0.00;0.00;2000.00;19.93;
"2019-09-07 10:01:00";21.90;19.10;19.50;0.00;0.00;0.00;0.00;0.00;0.00;0.00;15.72;74.44;11.19;0.00;0.00;2000.00;19.93;
"2019-09-07 10:06:00";22.50;19.20;19.50;0.00;0.00;0.00;0.00;0.00;0.00;0.00;15.96;73.56;11.23;0.00;0.00;2000.00;19.93;
"2019-09-07 10:11:00";22.90;19.20;19.50;0.00;0.00;0.00;0.00;1.04;245.04;1.09;16.26;71.80;11.16;0.00;0.00;2000.00;19.93;
"2019-09-07 10:16:00";23.40;19.20;19.50;0.00;0.00;0.00;0.00;0.00;0.00;0.00;16.23;70.90;10.94;0.00;0.00;2000.00;19.93;
"2019-09-07 10:21:00";23.80;19.20;19.50;0.00;0.00;0.00;0.00;0.00;0.00;0.00;16.11;70.48;10.73;0.00;0.00;2000.00;19.93;
"2019-09-07 10:26:00";24.30;19.20;19.50;0.00;0.00;0.00;0.00;0.00;0.00;0.00;16.47;70.20;11.02;0.00;0.00;2000.00;19.93;
"2019-09-07 10:31:00";24.80;19.30;19.60;0.00;0.00;0.00;0.00;0.00;0.00;1.48;16.63;69.10;10.93;0.00;0.00;2000.00;19.93;
"2019-09-07 10:36:00";25.30;19.30;19.60;0.00;0.00;0.00;0.00;0.00;0.00;0.00;16.71;68.24;10.82;0.00;0.00;2000.00;19.93;
"2019-09-07 10:41:00";25.70;19.30;19.60;0.00;0.00;0.00;0.00;0.00;0.00;0.00;17.23;68.06;11.28;0.00;0.00;2000.00;19.93;
"2019-09-07 10:46:00";26.10;19.40;19.60;0.00;0.00;0.00;0.00;0.00;0.00;0.00;17.12;66.47;10.82;0.00;0.00;2000.00;19.93;
"2019-09-07 10:51:00";26.40;19.40;19.60;0.00;0.00;0.00;0.00;0.00;0.00;0.00;17.17;66.46;10.86;0.00;0.00;2000.00;19.93;
"2019-09-07 10:56:00";26.70;19.50;19.70;0.00;0.00;0.00;0.00;0.00;0.00;0.00;17.74;66.24;11.36;0.00;0.00;2000.00;19.93;
"2019-09-07 11:01:00";27.30;19.50;19.70;0.00;0.00;0.00;0.00;0.00;0.00;0.00;17.70;64.71;10.96;0.00;0.00;2000.00;19.93;
"2019-09-07 11:06:00";27.70;19.50;19.70;0.00;0.00;0.00;0.00;0.00;0.00;0.00;17.93;64.53;11.14;0.00;0.00;2000.00;19.93;
"2019-09-07 11:11:00";28.10;19.60;19.80;0.00;0.00;0.00;0.00;0.00;0.00;0.00;18.02;63.42;10.97;0.00;0.00;2000.00;19.93;
"2019-09-07 11:16:00";27.90;19.60;19.80;0.00;0.00;0.00;0.00;0.00;0.00;0.00;17.81;62.89;10.64;0.00;0.00;2000.00;19.93;
"2019-09-07 11:21:00";28.50;19.70;19.80;0.00;0.00;0.00;0.00;0.00;0.00;0.00;17.99;61.58;10.49;0.00;0.00;2000.00;19.93;
"2019-09-07 11:26:00";28.90;19.70;19.90;0.00;0.00;0.00;0.00;0.00;0.00;0.00;17.73;60.25;9.92;0.00;0.00;2000.00;19.93;
"2019-09-07 11:31:00";29.20;19.80;19.90;0.00;0.00;0.00;0.00;0.00;0.00;0.00;17.64;60.59;9.92;0.00;0.00;2000.00;19.93;
"2019-09-07 11:36:00";29.40;19.80;20.00;0.00;0.00;0.00;0.00;0.00;0.00;0.00;18.21;60.62;10.46;0.00;0.00;2000.00;19.93;
"2019-09-07 11:41:00";29.80;19.90;20.00;0.00;0.00;0.00;0.00;0.00;0.00;0.00;18.00;59.97;10.11;0.00;0.00;2000.00;19.93;
"2019-09-07 11:46:00";30.10;19.90;20.10;0.00;0.00;0.00;0.00;0.00;0.00;0.00;18.32;60.21;10.47;0.00;0.00;2000.00;19.93;
"2019-09-07 11:51:00";29.10;20.00;20.10;0.00;0.00;0.00;0.00;0.00;0.00;2.17;18.63;60.28;10.77;0.00;0.00;2000.00;19.93;
"2019-09-07 11:56:00";27.80;20.10;20.20;0.00;0.00;0.00;0.00;0.00;0.00;0.00;18.94;58.79;10.69;0.00;0.00;2000.00;19.93;
"2019-09-07 12:01:00";26.90;20.10;20.20;0.00;0.00;0.00;0.00;0.00;0.00;1.79;19.02;56.70;10.23;0.00;0.00;2000.00;19.93;
"2019-09-07 12:06:00";26.20;20.20;20.30;0.00;0.00;0.00;0.00;0.00;0.00;1.60;18.82;56.32;9.94;0.00;0.00;2000.00;19.93;
"2019-09-07 12:11:00";27.20;20.30;20.40;0.00;0.00;0.00;0.00;0.00;0.00;0.00;19.12;57.02;10.40;0.00;0.00;2000.00;19.93;
"2019-09-07 12:16:00";28.40;20.40;20.40;0.00;0.00;0.00;0.00;0.00;0.00;0.00;19.18;56.31;10.27;0.00;0.00;2000.00;19.93;
"2019-09-07 12:21:00";29.40;20.40;20.50;0.00;0.00;0.00;0.00;0.00;0.00;0.00;19.18;54.48;9.77;0.00;0.00;2000.00;19.93;
"2019-09-07 12:26:00";30.20;20.50;20.50;0.00;0.00;0.00;0.00;0.00;0.00;0.00;19.35;55.34;10.17;0.01;60.00;2000.00;19.94;
"2019-09-07 12:31:00";30.70;20.50;20.60;0.00;0.00;0.00;0.00;0.00;0.00;0.00;19.43;54.03;9.88;0.00;0.00;2000.00;19.94;
"2019-09-07 12:36:00";31.00;20.60;20.60;0.00;0.00;0.00;0.00;0.00;0.00;2.23;19.40;53.66;9.76;0.00;0.00;2000.00;19.94;
"2019-09-07 12:41:00";31.30;20.70;20.70;0.00;0.00;0.00;0.00;0.00;0.00;0.00;19.54;53.38;9.80;0.00;0.00;2000.00;19.94;
"2019-09-07 12:46:00";31.10;20.70;20.70;0.00;0.00;0.00;0.00;0.00;0.00;0.00;19.51;53.01;9.68;0.00;0.00;2000.00;19.94;
"2019-09-07 12:51:00";31.50;20.80;20.80;0.00;0.00;0.00;0.00;0.00;0.00;1.02;19.44;52.16;9.37;0.00;0.00;2000.00;19.94;
"2019-09-07 12:56:00";32.20;20.80;20.80;0.00;0.00;0.00;0.00;0.00;0.00;0.00;19.62;52.01;9.49;0.00;0.00;2000.00;19.94;
"2019-09-07 13:01:00";32.50;20.90;20.90;0.00;0.00;0.00;0.00;0.00;0.00;0.00;19.87;51.48;9.57;0.00;0.00;2000.00;19.94;
"2019-09-07 13:06:00";32.50;21.00;21.00;0.00;0.00;0.00;0.00;0.00;0.00;0.00;19.73;49.85;8.96;0.00;0.00;2000.00;19.94;
"2019-09-07 13:11:00";33.20;21.00;21.00;0.00;0.00;0.00;0.00;0.00;0.00;0.00;19.73;47.82;8.35;0.00;0.00;2000.00;19.94;
"2019-09-07 13:16:00";33.60;21.10;21.10;0.00;0.00;0.00;0.00;0.00;0.00;2.07;20.00;49.13;8.99;0.00;0.00;2000.00;19.94;
"2019-09-07 13:21:00";32.80;21.20;21.10;0.00;0.00;0.00;0.00;0.00;0.00;0.00;19.86;47.52;8.38;0.00;0.00;2000.00;19.94;
"2019-09-07 13:26:00";31.60;21.30;21.20;0.00;0.00;0.00;0.00;0.00;0.00;1.43;19.62;46.50;7.83;0.00;0.00;2000.00;19.94;
"2019-09-07 13:31:00";32.40;21.30;21.30;0.00;0.00;0.00;0.00;0.00;0.00;1.04;19.66;46.52;7.87;0.00;0.00;2000.00;19.94;
"2019-09-07 13:36:00";33.10;21.40;21.30;0.00;0.00;0.00;0.00;0.00;0.00;0.00;19.89;43.96;7.26;0.00;0.00;2000.00;19.94;
"2019-09-07 13:41:00";33.60;21.40;21.40;0.00;0.00;0.00;0.00;0.00;0.00;0.00;19.90;43.34;7.06;0.00;0.00;2000.00;19.94;
"2019-09-07 13:46:00";34.30;21.60;21.40;0.00;0.00;0.00;0.00;0.00;0.00;0.00;20.16;44.56;7.70;0.00;0.00;2000.00;19.94;
"2019-09-07 13:51:00";34.60;21.70;21.60;0.00;0.00;0.00;0.00;0.00;0.00;1.71;20.03;41.20;6.44;0.00;0.00;2000.00;19.94;
"2019-09-07 13:56:00";34.70;21.80;21.60;0.00;0.00;0.00;0.00;0.00;0.00;0.00;20.18;42.03;6.87;0.00;0.00;2000.00;19.94;
"2019-09-07 14:01:00";35.10;21.80;21.70;0.00;0.00;0.00;0.00;0.00;0.00;0.00;20.07;42.49;6.92;0.00;0.00;2000.00;19.94;
"2019-09-07 14:06:00";35.20;21.90;21.80;0.00;0.00;0.00;0.00;0.00;0.00;0.00;20.07;42.76;7.02;0.00;0.00;2000.00;19.94;
"2019-09-07 14:11:00";35.40;22.00;21.80;0.00;0.00;0.00;0.00;0.00;0.00;0.00;20.51;43.41;7.63;0.00;0.00;2000.00;19.94;
"2019-09-07 14:16:00";35.60;22.00;21.90;0.00;0.00;0.00;0.00;0.00;0.00;0.00;20.59;42.26;7.31;0.00;0.00;2000.00;19.94;
"2019-09-07 14:21:00";36.00;22.10;21.90;0.00;0.00;0.00;0.00;0.00;0.00;0.00;20.48;42.44;7.27;0.00;0.00;2000.00;19.94;
"2019-09-07 14:26:00";36.40;22.20;22.00;0.00;0.00;0.00;0.00;0.00;0.00;0.00;20.83;40.76;7.00;0.00;0.00;2000.00;19.94;
"2019-09-07 14:31:00";34.50;22.30;22.10;0.00;0.00;0.00;0.00;0.00;0.00;0.00;20.25;40.22;6.28;0.00;0.00;2000.00;19.94;
"2019-09-07 14:36:00";33.40;22.30;22.10;0.00;0.00;0.00;0.00;0.00;0.00;0.00;19.67;42.78;6.66;0.00;0.00;2000.00;19.94;
"2019-09-07 14:41:00";32.90;22.40;22.20;0.00;0.00;0.00;0.00;0.00;0.00;0.00;19.76;43.05;6.83;0.00;0.00;2000.00;19.94;
"2019-09-07 14:46:00";32.60;22.50;22.30;0.00;0.00;0.00;0.00;0.00;0.00;0.00;19.94;43.31;7.08;0.00;0.00;2000.00;19.94;
"2019-09-07 14:51:00";32.80;22.60;22.40;0.00;0.00;0.00;0.00;0.00;0.00;1.51;20.22;43.70;7.47;0.00;0.00;2000.00;19.94;
"2019-09-07 14:56:00";32.00;22.60;22.40;0.00;0.00;0.00;0.00;0.00;0.00;0.00;19.80;43.25;6.94;0.00;0.00;2000.00;19.94;
"2019-09-07 15:01:00";32.20;22.70;22.50;0.00;0.00;0.00;0.00;0.00;0.00;0.00;19.93;44.38;7.43;0.00;0.00;2000.00;19.94;
"2019-09-07 15:06:00";34.00;22.80;22.60;0.00;0.00;0.00;0.00;0.00;0.00;0.00;20.41;41.21;6.78;0.00;0.00;2000.00;19.94;
"2019-09-07 15:11:00";34.90;22.80;22.60;0.00;0.00;0.00;0.00;0.00;0.00;0.00;20.79;40.65;6.92;0.00;0.00;2000.00;19.94;
"2019-09-07 15:16:00";34.90;23.00;22.70;0.00;0.00;0.00;0.00;0.00;0.00;0.00;20.60;40.33;6.64;0.00;0.00;2000.00;19.94;
"2019-09-07 15:21:00";34.90;23.10;22.70;0.00;0.00;0.00;0.00;0.00;0.00;0.00;20.45;40.66;6.62;0.00;0.00;2000.00;19.94;
"2019-09-07 15:26:00";35.10;23.10;22.80;0.00;0.00;0.00;0.00;0.00;0.00;1.76;20.58;41.37;6.99;0.00;0.00;2000.00;19.94;
"2019-09-07 15:31:00";35.10;23.20;22.80;0.00;0.00;0.00;0.00;0.00;0.00;0.00;20.76;40.26;6.76;0.00;0.00;2000.00;19.94;
"2019-09-07 15:36:00";34.90;23.20;23.00;0.00;0.00;0.00;0.00;0.00;0.00;0.00;20.77;40.42;6.82;0.00;0.00;2000.00;19.94;
"2019-09-07 15:41:00";33.80;23.30;23.10;0.00;0.00;0.00;0.00;0.00;0.00;0.00;20.47;39.28;6.14;0.00;0.00;2000.00;19.94;
"2019-09-07 15:46:00";32.90;23.40;23.10;0.00;0.00;0.00;0.00;0.00;0.00;0.92;20.12;40.80;6.38;0.00;0.00;2000.00;19.94;
"2019-09-07 15:51:00";32.90;23.40;23.20;0.00;0.00;0.00;0.00;0.00;0.00;1.44;20.02;40.75;6.27;0.00;0.00;2000.00;19.94;
"2019-09-07 15:56:00";33.20;23.50;23.20;0.00;0.00;0.00;0.00;2.38;180.00;2.39;20.68;41.55;7.15;0.00;0.00;2000.00;19.94;
"2019-09-07 16:01:00";32.50;23.50;23.30;0.00;0.00;0.00;0.00;0.00;0.00;1.04;20.30;42.80;7.23;0.00;0.00;2000.00;19.94;
"2019-09-07 16:06:00";33.40;23.60;23.30;0.00;0.00;0.00;0.00;0.00;0.00;2.02;20.66;41.49;7.11;0.00;0.00;2000.00;19.94;
"2019-09-07 16:11:00";32.60;23.60;23.40;0.00;0.00;0.00;0.00;0.00;0.00;0.00;20.94;41.08;7.21;0.00;0.00;2000.00;19.94;
"2019-09-07 16:16:00";32.50;23.70;23.40;0.00;0.00;0.00;0.00;0.00;0.00;0.00;20.49;39.87;6.37;0.00;0.00;2000.00;19.94;
"2019-09-07 16:21:00";33.00;23.70;23.50;0.00;0.00;0.00;0.00;0.00;0.00;0.00;20.68;38.51;6.04;0.00;0.00;2000.00;19.94;
"2019-09-07 16:26:00";32.40;23.80;23.50;0.00;0.00;0.00;0.00;0.00;0.00;0.00;20.64;39.54;6.39;0.00;0.00;2000.00;19.94;
"2019-09-07 16:31:00";32.60;23.80;23.60;0.00;0.00;0.00;0.00;0.00;0.00;0.00;20.75;40.86;6.96;0.00;0.00;2000.00;19.94;
"2019-09-07 16:36:00";33.00;23.90;23.60;0.00;0.00;0.00;0.00;0.00;0.00;0.00;21.18;42.19;7.82;0.00;0.00;2000.00;19.94;
"2019-09-07 16:41:00";33.60;23.90;23.70;0.00;0.00;0.00;0.00;0.00;0.00;0.00;21.45;40.62;7.51;0.00;0.00;2000.00;19.94;
"2019-09-07 16:46:00";33.80;24.10;23.70;0.00;0.00;0.00;0.00;0.00;0.00;0.00;21.33;39.80;7.10;0.00;0.00;2000.00;19.94;
"2019-09-07 16:51:00";33.80;24.10;23.80;0.00;0.00;0.00;0.00;0.00;0.00;0.00;21.27;38.59;6.60;0.00;0.00;2000.00;19.94;
"2019-09-07 16:56:00";33.70;24.20;23.80;0.00;0.00;0.00;0.00;0.00;0.00;0.00;21.49;40.86;7.63;0.00;0.00;2000.00;19.94;
"2019-09-07 17:01:00";32.90;24.20;23.80;0.00;0.00;0.00;0.00;0.00;0.00;0.00;21.18;41.10;7.43;0.00;0.00;2000.00;19.94;
"2019-09-07 17:06:00";32.20;24.20;23.80;0.00;0.00;0.00;0.00;0.00;0.00;0.00;20.89;40.72;7.04;0.00;0.00;2000.00;19.94;
"2019-09-07 17:11:00";31.80;24.30;23.90;0.00;0.00;0.00;0.00;0.00;0.00;0.00;20.45;42.81;7.37;0.00;0.00;2000.00;19.94;
"2019-09-07 17:16:00";31.80;24.30;23.90;0.00;0.00;0.00;0.00;0.00;0.00;0.00;20.65;44.05;7.97;0.00;0.00;2000.00;19.94;
"2019-09-07 17:21:00";31.70;24.30;24.10;0.00;0.00;0.00;0.00;0.00;0.00;0.00;20.69;44.38;8.12;0.00;0.00;2000.00;19.94;
"2019-09-07 17:26:00";31.50;24.40;24.10;0.00;0.00;0.00;0.00;0.00;0.00;0.00;20.99;42.76;7.85;0.00;0.00;2000.00;19.94;
"2019-09-07 17:31:00";31.10;24.40;24.20;0.00;0.00;0.00;0.00;1.62;110.85;2.26;21.19;41.67;7.65;0.00;0.00;2000.00;19.94;
"2019-09-07 17:36:00";30.80;24.50;24.20;0.00;0.00;0.00;0.00;0.00;0.00;0.00;21.15;43.51;8.25;0.00;0.00;2000.00;19.94;
"2019-09-07 17:41:00";30.20;24.50;24.20;0.00;0.00;0.00;0.00;0.00;0.00;0.00;21.11;43.49;8.20;0.00;0.00;2000.00;19.94;
"2019-09-07 17:46:00";30.10;24.60;24.30;0.00;0.00;0.00;0.00;0.00;0.00;0.00;21.12;45.09;8.74;0.00;0.00;2000.00;19.94;
"2019-09-07 17:51:00";29.60;24.60;24.30;0.00;0.00;0.00;0.00;0.00;0.00;0.00;20.57;44.40;8.02;0.00;0.00;2000.00;19.94;
"2019-09-07 17:56:00";29.10;24.60;24.30;0.00;0.00;0.00;0.00;0.00;0.00;0.00;20.31;45.85;8.25;0.00;0.00;2000.00;19.94;
"2019-09-07 18:01:00";29.00;24.60;24.30;0.00;0.00;0.00;0.00;0.00;0.00;0.00;20.26;48.32;8.99;0.00;0.00;2000.00;19.94;
"2019-09-07 18:06:00";28.70;24.70;24.40;0.00;0.00;0.00;0.00;0.00;0.00;0.00;20.33;47.70;8.86;0.00;0.00;2000.00;19.94;
"2019-09-07 18:11:00";28.50;24.70;24.40;0.00;0.00;0.00;0.00;0.00;0.00;1.26;20.45;47.30;8.84;0.00;0.00;2000.00;19.94;
"2019-09-07 18:16:00";28.20;24.70;24.40;0.00;0.00;0.00;0.00;0.00;0.00;0.00;20.47;47.29;8.86;0.00;0.00;2000.00;19.94;
"2019-09-07 18:21:00";28.00;24.70;24.50;0.00;0.00;0.00;0.00;0.00;0.00;0.00;20.47;47.88;9.04;0.00;0.00;2000.00;19.94;
"2019-09-07 18:26:00";27.90;24.70;24.50;0.00;0.00;0.00;0.00;0.00;0.00;0.00;20.60;47.85;9.15;0.00;0.00;2000.00;19.94;
"2019-09-07 18:31:00";27.70;24.70;24.50;0.00;0.00;0.00;0.00;0.00;0.00;0.00;20.60;48.21;9.26;0.00;0.00;2000.00;19.94;
"2019-09-07 18:36:00";27.20;24.80;24.50;0.00;0.00;0.00;0.00;0.00;0.00;0.00;20.45;48.50;9.21;0.00;0.00;2000.00;19.94;
"2019-09-07 18:41:00";26.50;24.80;24.50;0.00;0.00;0.00;0.00;0.00;0.00;0.00;20.04;49.79;9.23;0.00;0.00;2000.00;19.94;
"2019-09-07 18:46:00";26.10;24.80;24.50;0.00;0.00;0.00;0.00;0.00;0.00;0.00;19.80;50.87;9.33;0.00;0.00;2000.00;19.94;
"2019-09-07 18:51:00";25.70;24.80;24.60;0.00;0.00;0.00;0.00;0.00;0.00;0.00;19.52;51.17;9.15;0.00;0.00;2000.00;19.94;
"2019-09-07 18:56:00";25.40;24.80;24.60;0.00;0.00;0.00;0.00;0.00;0.00;0.00;19.29;51.97;9.18;0.00;0.00;2000.00;19.94;
"2019-09-07 19:01:00";25.00;24.80;24.60;0.00;0.00;0.00;0.00;0.00;0.00;0.00;19.07;52.92;9.24;0.00;0.00;2000.00;19.94;
"2019-09-07 19:06:00";24.70;24.80;24.60;0.00;0.00;0.00;0.00;0.00;0.00;0.00;18.84;53.81;9.27;0.00;0.00;2000.00;19.94;
"2019-09-07 19:11:00";24.40;24.80;24.60;0.00;0.00;0.00;0.00;0.00;0.00;0.00;18.66;54.78;9.37;0.00;0.00;2000.00;19.94;
"2019-09-07 19:16:00";24.10;24.80;24.60;0.00;0.00;0.00;0.00;0.00;0.00;0.00;18.48;55.46;9.39;0.00;0.00;2000.00;19.94;
"2019-09-07 19:21:00";23.90;24.80;24.60;0.00;0.00;0.00;0.00;0.00;0.00;0.00;18.33;56.11;9.43;0.00;0.00;2000.00;19.94;
"2019-09-07 19:26:00";23.70;24.80;24.60;0.00;0.00;0.00;0.00;0.00;0.00;0.00;18.15;56.79;9.43;0.00;0.00;2000.00;19.94;
"2019-09-07 19:31:00";23.50;24.80;24.60;0.00;0.00;0.00;0.00;0.00;0.00;0.00;18.02;57.28;9.44;0.00;0.00;2000.00;19.94;
"2019-09-07 19:36:00";23.30;24.80;24.60;0.00;0.00;0.00;0.00;0.00;0.00;0.00;17.94;57.58;9.44;0.00;0.00;2000.00;19.94;
"2019-09-07 19:41:00";23.10;24.80;24.60;0.00;0.00;0.00;0.00;0.00;0.00;0.00;17.83;57.92;9.43;0.00;0.00;2000.00;19.94;
"2019-09-07 19:46:00";22.90;24.70;24.60;0.00;0.00;0.00;0.00;0.00;0.00;0.00;17.71;58.42;9.45;0.00;0.00;2000.00;19.94;
"2019-09-07 19:51:00";22.70;24.70;24.60;0.00;0.00;0.00;0.00;0.00;0.00;0.00;17.59;59.17;9.52;0.00;0.00;2000.00;19.94;
"2019-09-07 19:56:00";22.60;24.70;24.60;0.00;0.00;0.00;0.00;0.00;0.00;0.00;17.46;59.85;9.57;0.00;0.00;2000.00;19.94;
"2019-09-07 20:01:00";22.50;24.70;24.60;0.00;0.00;0.00;0.00;0.00;0.00;0.00;17.32;60.59;9.62;0.00;0.00;2000.00;19.94;
"2019-09-07 20:06:00";22.30;24.70;24.50;0.00;0.00;0.00;0.00;0.00;0.00;0.00;17.16;61.13;9.60;0.00;0.00;2000.00;19.94;
"2019-09-07 20:11:00";22.20;24.60;24.50;0.00;0.00;0.00;0.00;0.00;0.00;0.00;17.06;61.62;9.63;0.00;0.00;2000.00;19.94;
"2019-09-07 20:16:00";22.10;24.60;24.50;0.00;0.00;0.00;0.00;0.00;0.00;0.00;16.99;61.98;9.65;0.00;0.00;2000.00;19.94;
"2019-09-07 20:21:00";22.00;24.60;24.50;0.00;0.00;0.00;0.00;0.00;0.00;0.00;16.95;62.30;9.69;0.00;0.00;2000.00;19.94;
"2019-09-07 20:26:00";21.90;24.50;24.50;0.00;0.00;0.00;0.00;0.00;0.00;0.00;16.93;62.55;9.73;0.00;0.00;2000.00;19.94;
"2019-09-07 20:31:00";21.80;24.50;24.40;0.00;0.00;0.00;0.00;0.00;0.00;0.00;16.86;62.97;9.77;0.01;60.00;2000.00;19.95;
"2019-09-07 20:36:00";21.70;24.50;24.40;0.00;0.00;0.00;0.00;0.00;0.00;0.00;16.81;63.29;9.79;0.00;0.00;2000.00;19.95;
"2019-09-07 20:41:00";21.50;24.50;24.40;0.00;0.00;0.00;0.00;0.00;0.00;0.00;16.74;63.61;9.80;0.00;0.00;2000.00;19.95;
"2019-09-07 20:46:00";21.30;24.40;24.40;0.00;0.00;0.00;0.00;0.00;0.00;0.00;16.62;63.85;9.74;0.00;0.00;2000.00;19.95;
"2019-09-07 20:51:00";21.20;24.40;24.40;0.00;0.00;0.00;0.00;0.00;0.00;0.00;16.49;64.16;9.69;0.00;0.00;2000.00;19.95;
"2019-09-07 20:56:00";21.00;24.40;24.30;0.00;0.00;0.00;0.00;0.00;0.00;0.00;16.40;64.48;9.68;0.00;0.00;2000.00;19.95;
"2019-09-07 21:01:00";20.90;24.30;24.30;0.00;0.00;0.00;0.00;0.00;0.00;0.00;16.30;64.76;9.65;0.00;0.00;2000.00;19.95;
"2019-09-07 21:06:00";20.80;24.40;24.30;0.00;0.00;0.00;0.00;0.00;0.00;0.00;16.26;64.96;9.65;0.00;0.00;2000.00;19.95;
"2019-09-07 21:11:00";20.70;24.30;24.30;0.00;0.00;0.00;0.00;0.00;0.00;0.00;16.17;65.16;9.61;0.00;0.00;2000.00;19.95;
"2019-09-07 21:16:00";20.50;24.30;24.20;0.00;0.00;0.00;0.00;0.00;0.00;0.00;16.16;65.42;9.67;0.00;0.00;2000.00;19.95;
"2019-09-07 21:21:00";20.50;24.20;24.20;0.00;0.00;0.00;0.00;0.00;0.00;0.00;16.08;65.64;9.64;0.00;0.00;2000.00;19.95;
"2019-09-07 21:26:00";20.30;24.20;24.20;0.00;0.00;0.00;0.00;0.00;0.00;0.00;16.05;65.81;9.66;0.00;0.00;2000.00;19.95;
"2019-09-07 21:31:00";20.30;24.20;24.20;0.00;0.00;0.00;0.00;0.00;0.00;0.00;16.03;65.99;9.67;0.00;0.00;2000.00;19.95;
"2019-09-07 21:36:00";20.20;24.10;24.20;0.00;0.00;0.00;0.00;0.00;0.00;0.00;15.95;66.25;9.65;0.00;0.00;2000.00;19.95;
"2019-09-07 21:41:00";20.20;24.10;24.10;0.00;0.00;0.00;0.00;0.00;0.00;0.00;15.88;66.53;9.65;0.00;0.00;2000.00;19.95;
"2019-09-07 21:46:00";20.20;24.10;24.10;0.00;0.00;0.00;0.00;0.00;0.00;0.00;15.82;66.84;9.66;0.00;0.00;2000.00;19.95;
"2019-09-07 21:51:00";20.20;23.90;24.10;0.00;0.00;0.00;0.00;0.00;0.00;0.00;15.78;67.20;9.70;0.00;0.00;2000.00;19.95;
"2019-09-07 21:56:00";20.20;23.90;23.90;0.00;0.00;0.00;0.00;0.00;0.00;0.00;15.78;67.51;9.77;0.00;0.00;2000.00;19.95;
"2019-09-07 22:01:00";20.20;23.90;23.90;0.00;0.00;0.00;0.00;0.00;0.00;0.00;15.81;67.76;9.86;0.00;0.00;2000.00;19.95;
"2019-09-07 22:06:00";20.20;23.90;23.90;0.00;0.00;0.00;0.00;0.00;0.00;0.00;15.82;67.94;9.91;0.00;0.00;2000.00;19.95;
"2019-09-07 22:11:00";20.10;23.80;23.90;0.00;0.00;0.00;0.00;0.00;0.00;0.00;15.81;68.13;9.94;0.00;0.00;2000.00;19.95;
"2019-09-07 22:16:00";20.10;23.80;23.80;0.00;0.00;0.00;0.00;0.00;0.00;0.00;15.81;68.18;9.95;0.00;0.00;2000.00;19.95;
"2019-09-07 22:21:00";20.10;23.70;23.80;0.00;0.00;0.00;0.00;0.00;0.00;0.00;15.78;68.26;9.94;0.00;0.00;2000.00;19.95;
"2019-09-07 22:26:00";20.10;23.70;23.80;0.00;0.00;0.00;0.00;0.00;0.00;0.00;15.77;68.42;9.97;0.00;0.00;2000.00;19.95;
"2019-09-07 22:31:00";20.10;23.70;23.80;0.00;0.00;0.00;0.00;0.00;0.00;0.00;15.76;68.50;9.97;0.00;0.00;2000.00;19.95;
"2019-09-07 22:36:00";20.00;23.70;23.70;0.00;0.00;0.00;0.00;0.00;0.00;0.00;15.75;68.58;9.98;0.00;0.00;2000.00;19.95;
"2019-09-07 22:41:00";19.90;23.60;23.70;0.00;0.00;0.00;0.00;0.00;0.00;0.00;15.71;68.62;9.95;0.00;0.00;2000.00;19.95;
"2019-09-07 22:46:00";19.90;23.60;23.70;0.00;0.00;0.00;0.00;0.00;0.00;0.00;15.71;68.68;9.97;0.00;0.00;2000.00;19.95;
"2019-09-07 22:51:00";19.90;23.60;23.60;0.00;0.00;0.00;0.00;0.00;0.00;0.00;15.64;68.74;9.91;0.00;0.00;2000.00;19.95;
"2019-09-07 22:56:00";19.90;23.50;23.60;0.00;0.00;0.00;0.00;0.00;0.00;0.00;15.64;68.89;9.94;0.00;0.00;2000.00;19.95;
"2019-09-07 23:01:00";19.80;23.50;23.60;0.00;0.00;0.00;0.00;0.00;0.00;0.00;15.58;68.92;9.89;0.00;0.00;2000.00;19.95;
"2019-09-07 23:06:00";19.80;23.50;23.60;0.00;0.00;0.00;0.00;0.00;0.00;0.00;15.55;69.03;9.89;0.00;0.00;2000.00;19.95;
"2019-09-07 23:11:00";19.80;23.40;23.50;0.00;0.00;0.00;0.00;0.00;0.00;0.00;15.52;69.18;9.89;0.00;0.00;2000.00;19.95;
"2019-09-07 23:16:00";19.70;23.40;23.50;0.00;0.00;0.00;0.00;0.00;0.00;0.00;15.49;69.30;9.89;0.00;0.00;2000.00;19.95;
"2019-09-07 23:21:00";19.60;23.40;23.50;0.00;0.00;0.00;0.00;0.00;0.00;0.00;15.41;69.43;9.84;0.00;0.00;2000.00;19.95;
"2019-09-07 23:26:00";19.60;23.30;23.50;0.00;0.00;0.00;0.00;0.00;0.00;0.00;15.39;69.58;9.86;0.00;0.00;2000.00;19.95;
"2019-09-07 23:31:00";19.60;23.30;23.40;0.00;0.00;0.00;0.00;0.00;0.00;0.00;15.36;69.77;9.86;0.00;0.00;2000.00;19.95;
"2019-09-07 23:36:00";19.60;23.30;23.40;0.00;0.00;0.00;0.00;0.00;0.00;0.00;15.36;69.91;9.89;0.00;0.00;2000.00;19.95;
"2019-09-07 23:41:00";19.60;23.30;23.40;0.00;0.00;0.00;0.00;0.00;0.00;0.00;15.34;70.08;9.91;0.00;0.00;2000.00;19.95;
"2019-09-07 23:46:00";19.50;23.20;23.40;0.00;0.00;0.00;0.00;0.00;0.00;0.00;15.33;70.15;9.92;0.00;0.00;2000.00;19.95;
"2019-09-07 23:51:00";19.50;23.20;23.30;0.00;0.00;0.00;0.00;0.00;0.00;0.00;15.31;70.27;9.93;0.00;0.00;2000.00;19.95;
"2019-09-07 23:56:00";19.50;23.20;23.30;0.00;0.00;0.00;0.00;0.00;0.00;0.00;15.27;70.38;9.91;0.00;0.00;2000.00;19.95;
"2019-09-08 00:01:00";19.50;23.20;23.30;0.00;0.00;0.00;0.00;0.00;0.00;0.00;15.26;70.50;9.92;0.00;0.00;2000.00;19.95;
"2019-09-08 00:06:00";19.40;23.20;23.30;0.00;0.00;0.00;0.00;0.00;0.00;0.00;15.23;70.63;9.92;0.00;0.00;2000.00;19.95;
"2019-09-08 00:11:00";19.40;23.10;23.20;0.00;0.00;0.00;0.00;0.00;0.00;0.00;15.22;70.82;9.96;0.00;0.00;2000.00;19.95;
"2019-09-08 00:16:00";19.10;23.10;23.20;0.00;0.00;0.00;0.00;0.00;0.00;0.00;15.21;70.89;9.96;0.00;0.00;2000.00;19.95;
"2019-09-08 00:21:00";18.90;23.10;23.20;0.00;0.00;0.00;0.00;0.00;0.00;0.00;15.19;71.03;9.97;0.00;0.00;2000.00;19.95;
"2019-09-08 00:26:00";19.00;23.00;23.20;0.00;0.00;0.00;0.00;0.00;0.00;0.00;15.14;71.09;9.93;0.00;0.00;2000.00;19.95;
"2019-09-08 00:31:00";19.00;23.00;23.20;0.00;0.00;0.00;0.00;0.00;0.00;0.00;15.12;71.35;9.97;0.01;60.00;2000.00;19.96;
"2019-09-08 00:36:00";18.50;23.00;23.10;0.00;21.00;0.00;0.00;0.00;0.00;0.00;15.10;71.56;10.00;0.04;60.00;2000.00;20.00;
"2019-09-08 00:41:00";18.30;23.00;23.10;0.00;36.00;0.00;1.00;0.00;0.00;0.00;15.00;71.50;9.89;0.01;60.00;2000.00;20.01;
"2019-09-08 00:46:00";18.10;22.80;23.10;0.00;31.00;0.00;1.00;0.00;0.00;0.00;14.91;71.88;9.88;0.00;0.00;2000.00;20.01;
"2019-09-08 00:51:00";18.00;22.80;23.10;0.00;28.00;0.00;0.00;0.00;0.00;0.00;14.80;72.12;9.82;0.00;0.00;2000.00;20.01;
"2019-09-08 00:56:00";18.10;22.80;23.00;0.00;0.00;0.00;0.00;0.00;0.00;0.00;14.80;72.39;9.88;0.00;0.00;2000.00;20.01;
"2019-09-08 01:01:00";18.10;22.70;23.00;0.00;0.00;0.00;0.00;0.00;0.00;0.00;14.89;72.83;10.05;0.00;0.00;2000.00;20.01;
"2019-09-08 01:06:00";18.30;22.70;23.00;0.00;0.00;0.00;0.00;0.00;0.00;1.15;14.88;73.04;10.09;0.00;0.00;2000.00;20.01;
"2019-09-08 01:11:00";18.40;22.70;23.00;0.00;0.00;0.00;0.00;0.00;0.00;0.00;14.96;73.17;10.19;0.00;0.00;2000.00;20.01;
"2019-09-08 01:16:00";18.40;22.70;23.00;0.00;0.00;0.00;0.00;0.00;0.00;0.00;15.05;73.37;10.32;0.00;0.00;2000.00;20.01;
"2019-09-08 01:21:00";18.40;22.70;22.80;0.00;0.00;0.00;0.00;0.00;0.00;0.00;15.07;73.25;10.31;0.00;0.00;2000.00;20.01;
"2019-09-08 01:26:00";18.50;22.60;22.80;0.00;0.00;0.00;0.00;0.00;0.00;0.00;15.02;73.26;10.27;0.00;0.00;2000.00;20.01;
"2019-09-08 01:31:00";18.40;22.60;22.80;0.00;0.00;0.00;0.00;0.00;0.00;0.00;14.93;73.33;10.20;0.00;0.00;2000.00;20.01;
"2019-09-08 01:36:00";18.10;22.60;22.70;0.00;114.00;0.00;1.00;0.00;0.00;0.00;14.90;73.44;10.19;0.05;60.00;2000.00;20.06;
"2019-09-08 01:41:00";17.80;22.50;22.70;0.00;77.00;0.00;1.00;0.00;0.00;0.00;14.79;73.73;10.14;0.01;0.00;2000.00;20.07;
"2019-09-08 01:46:00";17.60;22.50;22.70;0.00;74.00;0.00;1.00;0.00;0.00;1.10;14.81;74.37;10.29;0.00;0.00;2000.00;20.07;
"2019-09-08 01:51:00";17.40;22.50;22.70;0.00;66.00;0.00;1.00;0.00;0.00;0.00;14.82;74.58;10.35;0.00;0.00;2000.00;20.07;
"2019-09-08 01:56:00";17.30;22.40;22.60;0.00;19.00;0.00;0.00;0.00;0.00;0.00;14.78;74.71;10.33;0.00;0.00;2000.00;20.07;
"2019-09-08 02:01:00";17.40;22.40;22.60;0.00;0.00;0.00;0.00;0.00;0.00;0.00;14.74;75.03;10.35;0.00;0.00;2000.00;20.07;
"2019-09-08 02:06:00";17.50;22.40;22.60;0.00;0.00;0.00;0.00;0.00;0.00;0.00;14.82;75.34;10.49;0.00;0.00;2000.00;20.07;
"2019-09-08 02:11:00";17.50;22.40;22.60;0.00;0.00;0.00;0.00;0.00;0.00;0.00;14.88;75.53;10.59;0.00;0.00;2000.00;20.07;
"2019-09-08 02:16:00";17.40;22.30;22.50;0.00;0.00;0.00;0.00;0.00;0.00;0.00;15.02;75.62;10.75;0.00;0.00;2000.00;20.07;
"2019-09-08 02:21:00";17.50;22.30;22.50;0.00;0.00;0.00;0.00;1.13;93.85;2.73;15.04;75.66;10.77;0.00;0.00;2000.00;20.07;
"2019-09-08 02:26:00";17.50;22.30;22.50;0.00;0.00;0.00;0.00;0.00;0.00;0.00;14.98;75.64;10.71;0.00;0.00;2000.00;20.07;
"2019-09-08 02:31:00";17.60;22.20;22.50;0.00;0.00;0.00;0.00;0.00;0.00;2.33;14.97;75.79;10.73;0.00;0.00;2000.00;20.07;
"2019-09-08 02:36:00";17.60;22.20;22.40;0.00;0.00;0.00;0.00;0.00;0.00;0.00;14.97;75.64;10.70;0.00;0.00;2000.00;20.07;
"2019-09-08 02:41:00";17.60;22.20;22.40;0.00;0.00;0.00;0.00;0.00;0.00;0.00;14.90;75.59;10.62;0.00;0.00;2000.00;20.07;
"2019-09-08 02:46:00";17.60;22.20;22.40;0.00;0.00;0.00;0.00;0.00;0.00;0.00;14.90;75.49;10.60;0.00;0.00;2000.00;20.07;
"2019-09-08 02:51:00";17.60;22.20;22.30;0.00;0.00;0.00;0.00;0.00;0.00;1.05;14.84;75.54;10.55;0.00;0.00;2000.00;20.07;
"2019-09-08 02:56:00";17.60;22.10;22.40;0.00;0.00;0.00;0.00;0.00;0.00;0.00;14.85;75.25;10.51;0.00;0.00;2000.00;20.07;
"2019-09-08 03:01:00";17.60;22.10;22.30;0.00;0.00;0.00;0.00;0.00;0.00;0.00;14.82;75.21;10.47;0.00;0.00;2000.00;20.07;
"2019-09-08 03:06:00";17.70;22.00;22.30;0.00;0.00;0.00;0.00;0.60;105.82;1.77;14.90;75.15;10.54;0.00;0.00;2000.00;20.07;
"2019-09-08 03:11:00";17.70;22.00;22.30;0.00;0.00;0.00;0.00;0.00;0.00;0.00;14.93;74.86;10.50;0.00;0.00;2000.00;20.07;
"2019-09-08 03:16:00";17.70;22.00;22.20;0.00;0.00;0.00;0.00;0.79;62.78;1.65;14.88;74.81;10.45;0.00;0.00;2000.00;20.07;
"2019-09-08 03:21:00";17.70;22.00;22.20;0.00;0.00;0.00;0.00;0.00;0.00;2.31;14.90;74.71;10.44;0.00;0.00;2000.00;20.07;
"2019-09-08 03:26:00";17.70;21.90;22.20;0.00;0.00;0.00;0.00;0.00;0.00;0.00;14.83;74.63;10.36;0.00;0.00;2000.00;20.07;
"2019-09-08 03:31:00";17.70;21.90;22.20;0.00;0.00;0.00;0.00;0.55;85.47;0.81;14.71;74.69;10.26;0.00;0.00;2000.00;20.07;
"2019-09-08 03:36:00";17.70;21.90;22.10;0.00;0.00;0.00;0.00;0.00;0.00;0.00;14.74;74.78;10.30;0.00;0.00;2000.00;20.07;
"2019-09-08 03:41:00";17.70;21.90;22.10;0.00;0.00;0.00;0.00;2.26;58.18;3.18;14.71;74.79;10.28;0.00;0.00;2000.00;20.07;
"2019-09-08 03:46:00";17.70;21.90;22.10;0.00;0.00;0.00;0.00;0.00;0.00;0.83;14.71;74.78;10.28;0.00;0.00;2000.00;20.07;
"2019-09-08 03:51:00";17.40;21.90;22.10;0.00;0.00;0.00;0.00;0.00;0.00;0.00;14.67;74.85;10.25;0.01;60.00;2000.00;20.08;
"2019-09-08 03:56:00";17.30;21.80;22.00;0.00;0.00;0.00;0.00;0.00;0.00;0.00;14.60;74.91;10.20;0.00;0.00;2000.00;20.08;
"2019-09-08 04:01:00";17.30;21.80;22.00;0.00;0.00;0.00;0.00;1.76;77.57;2.61;14.66;75.22;10.32;0.01;60.00;2000.00;20.09;
"2019-09-08 04:06:00";16.80;21.80;22.00;0.00;112.00;0.00;1.00;2.10;68.10;2.33;14.64;75.11;10.28;0.16;60.00;2000.00;20.25;
"2019-09-08 04:11:00";16.60;21.70;22.00;0.00;163.00;0.00;1.00;0.00;0.00;0.00;14.42;75.35;10.11;0.06;60.00;2000.00;20.31;
"2019-09-08 04:16:00";16.50;21.70;22.00;0.00;178.00;0.00;1.00;0.00;0.00;0.00;14.16;75.85;9.96;0.01;0.00;2000.00;20.32;
"2019-09-08 04:21:00";16.40;21.70;21.90;0.00;163.00;0.00;1.00;0.00;0.00;1.07;14.05;76.87;10.05;0.00;0.00;2000.00;20.32;
"2019-09-08 04:26:00";16.20;21.70;21.90;0.00;56.00;0.00;1.00;0.00;0.00;1.59;14.08;77.58;10.22;0.00;0.00;2000.00;20.32;
"2019-09-08 04:31:00";16.20;21.70;21.90;0.00;43.00;0.00;1.00;0.00;0.00;0.00;14.08;77.87;10.28;0.00;0.00;2000.00;20.32;
"2019-09-08 04:36:00";16.10;21.60;21.90;0.00;38.00;0.00;1.00;2.15;61.94;2.62;14.06;78.47;10.37;0.00;0.00;2000.00;20.32;
"2019-09-08 04:41:00";16.00;21.60;21.90;0.00;36.00;0.00;1.00;0.00;0.00;0.00;14.08;78.58;10.41;0.00;0.00;2000.00;20.32;
"2019-09-08 04:46:00";16.00;21.60;21.80;0.00;28.00;0.00;0.00;0.00;0.00;1.52;13.99;78.91;10.39;0.00;0.00;2000.00;20.32;
"2019-09-08 04:51:00";16.00;21.60;21.80;0.00;21.00;0.00;0.00;0.00;0.00;0.00;14.00;79.28;10.46;0.00;0.00;2000.00;20.32;
"2019-09-08 04:56:00";16.10;21.40;21.80;0.00;16.00;0.00;0.00;0.00;0.00;0.00;13.94;79.40;10.43;0.00;0.00;2000.00;20.32;
"2019-09-08 05:01:00";16.20;21.40;21.80;0.00;0.00;0.00;0.00;0.00;0.00;0.98;13.93;79.68;10.48;0.00;0.00;2000.00;20.32;
"2019-09-08 05:06:00";16.30;21.40;21.80;0.00;0.00;0.00;0.00;0.00;0.00;0.00;13.92;79.84;10.50;0.00;0.00;2000.00;20.32;
"2019-09-08 05:11:00";16.40;21.40;21.70;0.00;0.00;0.00;0.00;0.00;0.00;1.17;13.91;80.01;10.52;0.00;0.00;2000.00;20.32;
"2019-09-08 05:16:00";16.40;21.30;21.70;0.00;0.00;0.00;0.00;0.00;0.00;0.00;14.06;80.25;10.70;0.00;0.00;2000.00;20.32;
"2019-09-08 05:21:00";16.40;21.30;21.70;0.00;0.00;0.00;0.00;0.00;0.00;0.00;14.06;80.15;10.69;0.00;0.00;2000.00;20.32;
"2019-09-08 05:26:00";16.30;21.30;21.70;0.00;0.00;0.00;0.00;0.00;0.00;0.73;14.07;80.12;10.69;0.00;0.00;2000.00;20.32;
"2019-09-08 05:31:00";16.30;21.30;21.60;0.00;0.00;0.00;0.00;0.00;0.00;0.00;14.04;80.07;10.66;0.00;0.00;2000.00;20.32;
"2019-09-08 05:36:00";16.30;21.20;21.60;0.00;0.00;0.00;0.00;0.00;0.00;0.00;14.03;80.00;10.63;0.00;0.00;2000.00;20.32;
"2019-09-08 05:41:00";16.40;21.20;21.60;0.00;0.00;0.00;0.00;0.00;0.00;0.00;14.01;80.05;10.62;0.00;0.00;2000.00;20.32;
"2019-09-08 05:46:00";16.50;21.20;21.60;0.00;0.00;0.00;0.00;0.00;0.00;0.00;14.08;80.11;10.70;0.00;0.00;2000.00;20.32;
"2019-09-08 05:51:00";16.60;21.20;21.40;0.00;0.00;0.00;0.00;0.00;0.00;2.43;14.14;80.14;10.77;0.00;0.00;2000.00;20.32;
"2019-09-08 05:56:00";16.60;21.10;21.40;0.00;0.00;0.00;0.00;0.68;166.80;0.68;14.19;79.95;10.78;0.00;0.00;2000.00;20.32;
"2019-09-08 06:01:00";16.60;21.10;21.40;0.00;0.00;0.00;0.00;0.00;0.00;0.00;14.22;79.89;10.79;0.00;0.00;2000.00;20.32;
"2019-09-08 06:06:00";16.60;21.10;21.40;0.00;0.00;0.00;0.00;0.00;0.00;0.00;14.22;79.74;10.77;0.00;0.00;2000.00;20.32;
"2019-09-08 06:11:00";16.70;21.10;21.30;0.00;0.00;0.00;0.00;0.75;90.04;2.12;14.34;79.79;10.90;0.00;0.00;2000.00;20.32;
"2019-09-08 06:16:00";16.60;21.00;21.30;0.00;0.00;0.00;0.00;0.00;0.00;0.00;14.37;79.44;10.85;0.03;60.00;2000.00;20.35;
"2019-09-08 06:21:00";16.30;21.00;21.30;0.00;43.00;0.00;1.00;0.00;0.00;0.00;14.23;79.36;10.70;0.00;0.00;2000.00;20.35;
"2019-09-08 06:26:00";16.10;21.00;21.30;0.00;36.00;0.00;1.00;0.00;0.00;0.00;14.14;79.47;10.64;0.01;0.00;2000.00;20.36;
"2019-09-08 06:31:00";16.00;21.00;21.20;0.00;0.00;0.00;0.00;0.00;0.00;0.00;14.16;79.72;10.71;0.00;0.00;2000.00;20.36;
"2019-09-08 06:36:00";16.10;20.90;21.20;0.00;0.00;0.00;0.00;0.00;0.00;0.96;14.09;79.89;10.67;0.00;0.00;2000.00;20.36;
"2019-09-08 06:41:00";16.30;20.90;21.20;0.00;0.00;0.00;0.00;0.00;0.00;0.00;14.05;80.12;10.67;0.00;0.00;2000.00;20.36;
"2019-09-08 06:46:00";16.40;20.90;21.20;0.00;0.00;0.00;0.00;0.00;0.00;0.00;14.08;80.43;10.76;0.00;0.00;2000.00;20.36;
"2019-09-08 06:51:00";16.60;20.80;21.20;0.00;0.00;0.00;0.00;0.00;0.00;0.00;14.09;80.56;10.79;0.00;0.00;2000.00;20.36;
"2019-09-08 06:56:00";16.60;20.80;21.10;0.00;0.00;0.00;0.00;0.00;0.00;1.51;14.11;80.84;10.87;0.00;0.00;2000.00;20.36;
"2019-09-08 07:01:00";16.60;20.80;21.10;0.00;0.00;0.00;0.00;0.00;0.00;2.06;14.17;81.02;10.96;0.00;0.00;2000.00;20.36;
"2019-09-08 07:06:00";16.60;20.80;21.10;0.00;0.00;0.00;0.00;0.00;0.00;0.00;14.22;81.00;11.00;0.00;0.00;2000.00;20.36;
"2019-09-08 07:11:00";16.70;20.80;21.10;0.00;0.00;0.00;0.00;0.00;0.00;0.69;14.28;81.05;11.07;0.00;0.00;2000.00;20.36;
"2019-09-08 07:16:00";16.70;20.80;21.00;0.00;0.00;0.00;0.00;0.00;0.00;1.54;14.32;81.08;11.12;0.00;0.00;2000.00;20.36;
"2019-09-08 07:21:00";16.80;20.80;21.00;0.00;0.00;0.00;0.00;0.00;0.00;0.00;14.38;81.07;11.17;0.00;0.00;2000.00;20.36;
"2019-09-08 07:26:00";16.90;20.70;21.00;0.00;0.00;0.00;0.00;0.00;0.00;0.00;14.35;81.06;11.14;0.00;0.00;2000.00;20.36;
"2019-09-08 07:31:00";16.90;20.70;21.00;0.00;0.00;0.00;0.00;1.32;96.41;2.33;14.40;81.11;11.20;0.00;0.00;2000.00;20.36;
"2019-09-08 07:36:00";17.00;20.70;21.00;0.00;0.00;0.00;0.00;0.00;0.00;0.00;14.43;81.02;11.21;0.00;0.00;2000.00;20.36;
"2019-09-08 07:41:00";17.10;20.60;21.00;0.00;0.00;0.00;0.00;0.00;0.00;0.00;14.47;81.11;11.27;0.00;0.00;2000.00;20.36;
"2019-09-08 07:46:00";17.10;20.60;20.90;0.00;0.00;0.00;0.00;0.00;0.00;1.04;14.47;80.98;11.24;0.00;0.00;2000.00;20.36;
"2019-09-08 07:51:00";17.20;20.60;20.90;0.00;0.00;0.00;0.00;0.00;0.00;0.00;14.45;81.03;11.23;0.00;0.00;2000.00;20.36;
"2019-09-08 07:56:00";17.20;20.60;20.90;0.00;0.00;0.00;0.00;0.00;0.00;0.00;14.51;81.14;11.31;0.00;0.00;2000.00;20.36;
"2019-09-08 08:01:00";17.30;20.60;20.90;0.00;0.00;0.00;0.00;0.00;0.00;0.00;14.55;81.13;11.35;0.00;0.00;2000.00;20.36;
"2019-09-08 08:06:00";17.30;20.60;20.90;0.00;0.00;0.00;0.00;0.00;0.00;1.26;14.61;81.25;11.43;0.00;0.00;2000.00;20.36;
"2019-09-08 08:11:00";17.50;20.50;20.80;0.00;0.00;0.00;0.00;0.00;0.00;0.99;14.71;81.27;11.53;0.00;0.00;2000.00;20.36;
"2019-09-08 08:16:00";17.70;20.50;20.80;0.00;0.00;0.00;0.00;0.87;144.22;0.94;14.75;81.27;11.57;0.00;0.00;2000.00;20.36;
"2019-09-08 08:21:00";17.90;20.50;20.80;0.00;0.00;0.00;0.00;0.00;0.00;1.42;14.87;81.31;11.69;0.00;0.00;2000.00;20.36;
"2019-09-08 08:26:00";18.10;20.50;20.80;0.00;0.00;0.00;0.00;0.00;0.00;1.11;14.96;81.30;11.78;0.00;0.00;2000.00;20.36;
"2019-09-08 08:31:00";18.20;20.50;20.80;0.00;0.00;0.00;0.00;0.00;0.00;0.00;15.09;81.21;11.89;0.00;0.00;2000.00;20.36;
"2019-09-08 08:36:00";18.40;20.50;20.80;0.00;0.00;0.00;0.00;2.10;117.18;2.10;15.16;81.31;11.97;0.00;0.00;2000.00;20.36;
"2019-09-08 08:41:00";18.60;20.50;20.70;0.00;0.00;0.00;0.00;0.51;145.33;1.49;15.29;81.14;12.07;0.00;0.00;2000.00;20.36;
"2019-09-08 08:46:00";18.90;20.40;20.80;0.00;0.00;0.00;0.00;0.00;0.00;0.00;15.51;81.30;12.31;0.00;0.00;2000.00;20.36;
"2019-09-08 08:51:00";19.00;20.40;20.70;0.00;0.00;0.00;0.00;0.00;0.00;0.00;15.65;81.07;12.41;0.00;0.00;2000.00;20.36;
"2019-09-08 08:56:00";19.10;20.40;20.70;0.00;0.00;0.00;0.00;0.00;0.00;1.89;15.60;80.73;12.30;0.00;0.00;2000.00;20.36;
"2019-09-08 09:01:00";19.30;20.40;20.70;0.00;0.00;0.00;0.00;1.50;62.31;1.71;15.67;80.54;12.33;0.00;0.00;2000.00;20.36;
"2019-09-08 09:06:00";19.50;20.40;20.70;0.00;0.00;0.00;0.00;0.00;0.00;1.56;15.75;80.58;12.42;0.00;0.00;2000.00;20.36;
"2019-09-08 09:11:00";19.70;20.40;20.70;0.00;0.00;0.00;0.00;0.00;0.00;1.35;15.82;80.57;12.48;0.00;0.00;2000.00;20.36;
"2019-09-08 09:16:00";19.90;20.40;20.70;0.00;0.00;0.00;0.00;1.38;64.79;1.38;15.92;80.31;12.53;0.00;0.00;2000.00;20.36;
"2019-09-08 09:21:00";20.00;20.40;20.70;0.00;0.00;0.00;0.00;0.00;0.00;0.00;16.02;80.31;12.63;0.00;0.00;2000.00;20.36;
"2019-09-08 09:26:00";20.20;20.40;20.70;0.00;0.00;0.00;0.00;0.00;0.00;1.70;16.19;80.19;12.77;0.00;0.00;2000.00;20.36;
"2019-09-08 09:31:00";20.60;20.40;20.70;0.00;0.00;0.00;0.00;0.00;0.00;0.00;16.33;80.35;12.93;0.00;0.00;2000.00;20.36;
"2019-09-08 09:36:00";20.90;20.40;20.60;0.00;0.00;0.00;0.00;0.00;0.00;0.00;16.56;80.11;13.11;0.00;0.00;2000.00;20.36;
"2019-09-08 09:41:00";21.10;20.40;20.70;0.00;0.00;0.00;0.00;0.77;160.37;2.19;16.63;79.85;13.14;0.00;0.00;2000.00;20.36;
"2019-09-08 09:46:00";21.60;20.40;20.70;0.00;0.00;0.00;0.00;0.00;0.00;0.77;16.85;79.72;13.32;0.00;0.00;2000.00;20.36;
"2019-09-08 09:51:00";21.80;20.40;20.60;0.00;0.00;0.00;0.00;2.27;77.54;2.29;16.98;79.14;13.33;0.00;0.00;2000.00;20.36;
"2019-09-08 09:56:00";22.00;20.40;20.60;0.00;0.00;0.00;0.00;0.00;0.00;1.60;17.08;78.99;13.41;0.00;0.00;2000.00;20.36;
"2019-09-08 10:01:00";22.60;20.40;20.60;0.00;0.00;0.00;0.00;0.00;0.00;0.59;17.37;78.85;13.66;0.00;0.00;2000.00;20.36;
"2019-09-08 10:06:00";23.00;20.40;20.70;0.00;0.00;0.00;0.00;0.00;0.00;1.92;17.69;78.18;13.84;0.00;0.00;2000.00;20.36;
"2019-09-08 10:11:00";23.70;20.40;20.70;0.00;0.00;0.00;0.00;0.00;0.00;3.12;17.88;77.69;13.93;0.00;0.00;2000.00;20.36;
"2019-09-08 10:16:00";24.20;20.40;20.70;0.00;0.00;0.00;0.00;0.00;0.00;0.72;18.15;77.21;14.09;0.00;0.00;2000.00;20.36;
"2019-09-08 10:21:00";24.70;20.40;20.70;0.00;0.00;0.00;0.00;2.15;77.05;3.89;18.45;76.24;14.18;0.00;0.00;2000.00;20.36;
"2019-09-08 10:26:00";24.70;20.50;20.70;0.00;0.00;0.00;0.00;0.00;0.00;2.39;18.61;75.87;14.26;0.00;0.00;2000.00;20.36;
"2019-09-08 10:31:00";24.40;20.50;20.70;0.00;0.00;0.00;0.00;0.00;0.00;0.00;18.66;75.41;14.22;0.00;0.00;2000.00;20.36;
"2019-09-08 10:36:00";24.20;20.50;20.70;0.00;0.00;0.00;0.00;0.00;0.00;0.97;18.60;74.86;14.05;0.00;0.00;2000.00;20.36;
"2019-09-08 10:41:00";24.40;20.50;20.70;0.00;0.00;0.00;0.00;1.86;127.47;3.10;18.67;74.70;14.08;0.00;0.00;2000.00;20.36;
"2019-09-08 10:46:00";25.10;20.50;20.70;0.00;0.00;0.00;0.00;0.00;0.00;1.11;18.87;75.12;14.37;0.00;0.00;2000.00;20.36;
"2019-09-08 10:51:00";25.80;20.60;20.70;0.00;0.00;0.00;0.00;0.95;49.98;2.11;19.19;74.18;14.48;0.00;0.00;2000.00;20.36;
"2019-09-08 10:56:00";26.20;20.60;20.80;0.00;0.00;0.00;0.00;0.00;0.00;2.62;19.26;73.36;14.37;0.00;0.00;2000.00;20.36;
"2019-09-08 11:01:00";26.70;20.60;20.80;0.00;0.00;0.00;0.00;0.00;0.00;0.00;19.65;73.18;14.71;0.00;0.00;2000.00;20.36;
"2019-09-08 11:06:00";27.20;20.60;20.80;0.00;0.00;0.00;0.00;1.21;169.97;1.40;19.82;72.41;14.71;0.00;0.00;2000.00;20.36;
"2019-09-08 11:11:00";27.40;20.70;20.80;0.00;0.00;0.00;0.00;1.20;51.21;2.12;20.00;72.00;14.80;0.00;0.00;2000.00;20.36;
"2019-09-08 11:16:00";27.60;20.70;20.80;0.00;0.00;0.00;0.00;1.14;180.00;3.51;20.03;71.09;14.63;0.00;0.00;2000.00;20.36;
"2019-09-08 11:21:00";27.80;20.80;20.90;0.00;0.00;0.00;0.00;0.00;0.00;3.68;20.16;70.31;14.58;0.00;0.00;2000.00;20.36;
"2019-09-08 11:26:00";27.80;20.80;20.90;0.00;0.00;0.00;0.00;0.00;0.00;1.65;20.25;70.02;14.60;0.00;0.00;2000.00;20.36;
"2019-09-08 11:31:00";27.60;20.80;20.90;0.00;0.00;0.00;0.00;0.00;0.00;1.69;20.17;69.78;14.47;0.00;0.00;2000.00;20.36;
"2019-09-08 11:36:00";27.40;20.90;21.00;0.00;0.00;0.00;0.00;0.00;0.00;0.67;20.12;69.59;14.38;0.00;0.00;2000.00;20.36;
"2019-09-08 11:41:00";27.30;20.90;21.00;0.00;0.00;0.00;0.00;0.00;0.00;0.00;20.19;69.37;14.40;0.00;0.00;2000.00;20.36;
"2019-09-08 11:46:00";27.30;20.90;21.00;0.00;0.00;0.00;0.00;0.00;0.00;2.98;20.18;69.25;14.36;0.00;0.00;2000.00;20.36;
"2019-09-08 11:51:00";27.30;21.00;21.10;0.00;0.00;0.00;0.00;0.00;0.00;0.00;20.32;69.55;14.57;0.00;0.00;2000.00;20.36;
"2019-09-08 11:56:00";27.30;21.00;21.10;0.00;0.00;0.00;0.00;0.00;0.00;2.64;20.40;69.09;14.54;0.00;0.00;2000.00;20.36;
"2019-09-08 12:01:00";27.40;21.00;21.10;0.00;0.00;0.00;0.00;0.00;0.00;0.83;20.62;69.15;14.77;0.00;0.00;2000.00;20.36;
"2019-09-08 12:06:00";27.50;21.10;21.20;0.00;0.00;0.00;0.00;0.00;0.00;0.70;20.64;68.87;14.72;0.00;0.00;2000.00;20.36;
"2019-09-08 12:11:00";27.60;21.10;21.20;0.00;0.00;0.00;0.00;0.97;63.43;0.97;20.80;68.58;14.81;0.00;0.00;2000.00;20.36;
"2019-09-08 12:16:00";27.90;21.20;21.20;0.00;0.00;0.00;0.00;1.17;63.19;3.30;20.84;68.15;14.75;0.00;0.00;2000.00;20.36;
"2019-09-08 12:21:00";28.40;21.20;21.30;0.00;0.00;0.00;0.00;0.00;0.00;1.66;21.12;67.99;14.98;0.00;0.00;2000.00;20.36;
"2019-09-08 12:26:00";28.70;21.30;21.30;0.00;0.00;0.00;0.00;0.00;0.00;0.00;21.35;67.69;15.13;0.00;0.00;2000.00;20.36;
"2019-09-08 12:31:00";28.80;21.30;21.40;0.00;0.00;0.00;0.00;1.78;138.90;2.52;21.58;67.05;15.19;0.00;0.00;2000.00;20.36;
"2019-09-08 12:36:00";29.00;21.40;21.40;0.00;0.00;0.00;0.00;0.00;0.00;3.00;21.61;66.72;15.16;0.00;0.00;2000.00;20.36;
"2019-09-08 12:41:00";29.50;21.40;21.40;0.00;0.00;0.00;0.00;2.98;78.42;2.98;21.93;66.35;15.37;0.00;0.00;2000.00;20.36;
"2019-09-08 12:46:00";30.00;21.40;21.60;0.00;0.00;0.00;0.00;2.23;180.00;2.66;22.03;65.21;15.20;0.00;0.00;2000.00;20.36;
"2019-09-08 12:51:00";30.30;21.60;21.60;0.00;0.00;0.00;0.00;0.00;0.00;0.00;22.16;64.55;15.16;0.00;0.00;2000.00;20.36;
"2019-09-08 12:56:00";30.20;21.60;21.60;0.00;0.00;0.00;0.00;0.00;0.00;0.00;22.41;64.10;15.29;0.00;0.00;2000.00;20.36;
"2019-09-08 13:01:00";30.00;21.70;21.70;0.00;0.00;0.00;0.00;1.33;347.97;1.33;22.32;63.65;15.09;0.00;0.00;2000.00;20.36;
"2019-09-08 13:06:00";30.00;21.70;21.70;0.00;0.00;0.00;0.00;0.86;86.80;1.63;22.35;63.41;15.06;0.00;0.00;2000.00;20.36;
"2019-09-08 13:11:00";30.30;21.80;21.70;0.00;0.00;0.00;0.00;0.00;0.00;0.00;22.49;63.18;15.13;0.00;0.00;2000.00;20.36;
"2019-09-08 13:16:00";30.70;21.80;21.80;0.00;0.00;0.00;0.00;0.00;0.00;1.73;22.73;62.88;15.29;0.00;0.00;2000.00;20.36;
"2019-09-08 13:21:00";30.80;21.90;21.80;0.00;0.00;0.00;0.00;0.00;0.00;2.74;22.81;62.47;15.27;0.00;0.00;2000.00;20.36;
"2019-09-08 13:26:00";30.80;21.90;21.90;0.00;0.00;0.00;0.00;1.40;142.61;3.62;22.96;62.38;15.38;0.00;0.00;2000.00;20.36;
"2019-09-08 13:31:00";31.00;22.00;21.90;0.00;0.00;0.00;0.00;0.00;0.00;1.59;22.99;61.68;15.23;0.00;0.00;2000.00;20.36;
"2019-09-08 13:36:00";31.50;22.00;21.90;0.00;0.00;0.00;0.00;0.00;0.00;2.07;23.22;61.30;15.36;0.00;0.00;2000.00;20.36;
"2019-09-08 13:41:00";31.90;22.10;22.00;0.00;0.00;0.00;0.00;0.00;0.00;0.00;23.48;60.57;15.41;0.00;0.00;2000.00;20.36;
"2019-09-08 13:46:00";32.40;22.10;22.00;0.00;0.00;0.00;0.00;2.10;177.82;2.10;23.69;59.57;15.35;0.00;0.00;2000.00;20.36;
"2019-09-08 13:51:00";32.30;22.20;22.10;0.00;0.00;0.00;0.00;0.63;101.36;2.04;23.84;58.47;15.20;0.00;0.00;2000.00;20.36;
"2019-09-08 13:56:00";32.20;22.20;22.10;0.00;0.00;0.00;0.00;1.60;144.13;2.99;23.74;57.72;14.91;0.00;0.00;2000.00;20.36;
"2019-09-08 14:01:00";32.00;22.20;22.20;0.00;0.00;0.00;0.00;0.00;0.00;0.00;23.71;57.56;14.83;0.00;0.00;2000.00;20.36;
"2019-09-08 14:06:00";32.00;22.30;22.20;0.00;0.00;0.00;0.00;0.00;0.00;0.00;23.76;58.04;15.01;0.00;0.00;2000.00;20.36;
"2019-09-08 14:11:00";31.30;22.40;22.30;0.00;0.00;0.00;0.00;0.00;0.00;1.04;23.77;56.07;14.49;0.00;0.00;2000.00;20.36;
"2019-09-08 14:16:00";31.90;22.40;22.30;0.00;0.00;0.00;0.00;0.00;0.00;3.24;23.83;56.14;14.56;0.00;0.00;2000.00;20.36;
"2019-09-08 14:21:00";32.30;22.50;22.30;0.00;0.00;0.00;0.00;0.00;0.00;2.22;23.93;56.23;14.68;0.00;0.00;2000.00;20.36;
"2019-09-08 14:26:00";32.50;22.50;22.40;0.00;0.00;0.00;0.00;0.00;0.00;1.01;24.04;55.91;14.69;0.00;0.00;2000.00;20.36;
"2019-09-08 14:31:00";32.50;22.60;22.40;0.00;0.00;0.00;0.00;0.00;0.00;0.95;23.99;56.25;14.74;0.00;0.00;2000.00;20.36;
"2019-09-08 14:36:00";32.40;22.60;22.50;0.00;0.00;0.00;0.00;0.00;0.00;0.92;24.09;55.76;14.69;0.00;0.00;2000.00;20.36;
"2019-09-08 14:41:00";32.40;22.70;22.50;0.00;0.00;0.00;0.00;0.00;0.00;0.00;24.03;57.08;15.01;0.00;0.00;2000.00;20.36;
"2019-09-08 14:46:00";32.30;22.70;22.60;0.00;0.00;0.00;0.00;0.00;0.00;2.66;24.06;56.45;14.86;0.00;0.00;2000.00;20.36;
"2019-09-08 14:51:00";32.80;22.80;22.60;0.00;0.00;0.00;0.00;0.00;0.00;1.61;24.30;56.00;14.96;0.00;0.00;2000.00;20.36;
"2019-09-08 14:56:00";32.60;23.00;22.70;0.00;0.00;0.00;0.00;0.00;0.00;0.00;24.53;56.27;15.25;0.00;0.00;2000.00;20.36;
"2019-09-08 15:01:00";32.50;23.00;22.70;0.00;0.00;0.00;0.00;1.33;179.25;2.47;24.55;55.26;14.98;0.00;0.00;2000.00;20.36;
"2019-09-08 15:06:00";32.00;23.00;22.80;0.00;0.00;0.00;0.00;0.54;192.99;1.42;24.41;54.62;14.67;0.00;0.00;2000.00;20.36;
"2019-09-08 15:11:00";31.30;23.10;22.80;0.00;0.00;0.00;0.00;0.00;0.00;0.00;24.12;54.45;14.36;0.00;0.00;2000.00;20.36;
"2019-09-08 15:16:00";30.80;23.10;23.00;0.00;0.00;0.00;0.00;0.00;0.00;2.73;23.94;54.62;14.24;0.00;0.00;2000.00;20.36;
"2019-09-08 15:21:00";30.20;23.20;23.00;0.00;0.00;0.00;0.00;0.00;0.00;0.00;23.81;55.06;14.24;0.00;0.00;2000.00;20.36;
"2019-09-08 15:26:00";30.00;23.20;23.00;0.00;0.00;0.00;0.00;0.00;0.00;0.00;23.63;55.53;14.21;0.00;0.00;2000.00;20.36;
"2019-09-08 15:31:00";30.00;23.30;23.10;0.00;0.00;0.00;0.00;0.00;0.00;0.00;23.70;55.35;14.22;0.00;0.00;2000.00;20.36;
"2019-09-08 15:36:00";30.50;23.30;23.20;0.00;0.00;0.00;0.00;0.00;0.00;1.22;23.97;55.59;14.53;0.00;0.00;2000.00;20.36;
"2019-09-08 15:41:00";31.10;23.40;23.20;0.00;0.00;0.00;0.00;0.00;0.00;1.46;24.32;55.43;14.81;0.00;0.00;2000.00;20.36;
"2019-09-08 15:46:00";31.30;23.40;23.20;0.00;0.00;0.00;0.00;2.46;184.34;2.46;24.47;55.13;14.87;0.00;0.00;2000.00;20.36;
"2019-09-08 15:51:00";31.30;23.40;23.30;0.00;0.00;0.00;0.00;0.00;0.00;0.00;24.55;54.87;14.88;0.00;0.00;2000.00;20.36;
"2019-09-08 15:56:00";31.20;23.50;23.30;0.00;0.00;0.00;0.00;0.00;0.00;0.00;24.46;54.59;14.71;0.00;0.00;2000.00;20.36;
"2019-09-08 16:01:00";31.10;23.50;23.30;0.00;0.00;0.00;0.00;0.00;0.00;0.00;24.44;54.67;14.71;0.00;0.00;2000.00;20.36;
"2019-09-08 16:06:00";31.00;23.60;23.40;0.00;0.00;0.00;0.00;0.00;0.00;0.00;24.33;55.50;14.85;0.00;0.00;2000.00;20.36;
"2019-09-08 16:11:00";30.90;23.60;23.40;0.00;0.00;0.00;0.00;0.00;0.00;0.00;24.34;55.62;14.89;0.00;0.00;2000.00;20.36;
"2019-09-08 16:16:00";30.80;23.60;23.40;0.00;0.00;0.00;0.00;0.00;0.00;0.00;24.29;55.65;14.86;0.00;0.00;2000.00;20.36;
"2019-09-08 16:21:00";30.50;23.70;23.50;0.00;0.00;0.00;0.00;1.37;29.48;1.64;24.14;54.74;14.46;0.00;0.00;2000.00;20.36;
"2019-09-08 16:26:00";30.50;23.70;23.50;0.00;0.00;0.00;0.00;0.00;0.00;1.79;24.08;54.60;14.36;0.00;0.00;2000.00;20.36;
"2019-09-08 16:31:00";30.30;23.70;23.50;0.00;0.00;0.00;0.00;0.00;0.00;2.20;24.03;53.33;13.95;0.00;0.00;2000.00;20.36;
"2019-09-08 16:36:00";30.20;23.80;23.60;0.00;0.00;0.00;0.00;0.00;0.00;1.62;24.10;53.25;13.99;0.00;0.00;2000.00;20.36;
"2019-09-08 16:41:00";30.10;23.80;23.60;0.00;0.00;0.00;0.00;1.90;60.83;1.90;24.00;54.41;14.24;0.00;0.00;2000.00;20.36;
"2019-09-08 16:46:00";30.00;23.80;23.60;0.00;0.00;0.00;0.00;0.00;0.00;2.05;23.88;54.93;14.26;0.00;0.00;2000.00;20.36;
"2019-09-08 16:51:00";29.80;23.80;23.60;0.00;0.00;0.00;0.00;0.95;87.59;2.15;23.81;55.09;14.25;0.00;0.00;2000.00;20.36;
"2019-09-08 16:56:00";29.60;23.90;23.70;0.00;0.00;0.00;0.00;0.00;0.00;0.00;23.75;56.08;14.47;0.00;0.00;2000.00;20.36;
"2019-09-08 17:01:00";29.60;23.90;23.70;0.00;0.00;0.00;0.00;0.00;0.00;1.28;23.75;56.47;14.57;0.00;0.00;2000.00;20.36;
"2019-09-08 17:06:00";29.60;23.90;23.70;0.00;0.00;0.00;0.00;2.04;127.10;2.04;23.75;56.50;14.59;0.00;0.00;2000.00;20.36;
"2019-09-08 17:11:00";29.50;24.10;23.80;0.00;0.00;0.00;0.00;1.75;162.58;1.75;23.68;56.71;14.58;0.00;0.00;2000.00;20.36;
"2019-09-08 17:16:00";29.40;24.10;23.80;0.00;0.00;0.00;0.00;0.00;0.00;0.97;23.61;57.44;14.71;0.00;0.00;2000.00;20.36;
"2019-09-08 17:21:00";29.20;24.10;23.80;0.00;0.00;0.00;0.00;0.00;0.00;3.47;23.56;57.22;14.60;0.00;0.00;2000.00;20.36;
"2019-09-08 17:26:00";29.00;24.10;23.80;0.00;0.00;0.00;0.00;0.00;0.00;0.00;23.49;57.06;14.50;0.00;0.00;2000.00;20.36;
"2019-09-08 17:31:00";28.80;24.10;23.90;0.00;0.00;0.00;0.00;0.00;0.00;2.82;23.40;57.70;14.58;0.00;0.00;2000.00;20.36;
"2019-09-08 17:36:00";28.50;24.20;23.90;0.00;0.00;0.00;0.00;0.94;131.09;2.65;23.28;58.55;14.70;0.00;0.00;2000.00;20.36;
"2019-09-08 17:41:00";28.30;24.20;23.90;0.00;0.00;0.00;0.00;1.28;122.30;6.28;23.17;58.57;14.60;0.00;0.00;2000.00;20.36;
"2019-09-08 17:46:00";28.10;24.20;23.90;0.00;0.00;0.00;0.00;0.00;0.00;0.00;23.10;59.07;14.67;0.00;0.00;2000.00;20.36;
"2019-09-08 17:51:00";28.10;24.20;23.90;0.00;0.00;0.00;0.00;0.00;0.00;1.41;23.02;59.89;14.80;0.00;0.00;2000.00;20.36;
"2019-09-08 17:56:00";28.00;24.30;24.10;0.00;0.00;0.00;0.00;1.35;128.35;1.35;22.97;59.92;14.77;0.00;0.00;2000.00;20.36;
"2019-09-08 18:01:00";27.90;24.30;24.10;0.00;0.00;0.00;0.00;0.00;0.00;1.18;22.99;60.54;14.94;0.00;0.00;2000.00;20.36;
"2019-09-08 18:06:00";27.90;24.20;24.10;0.00;0.00;0.00;0.00;0.00;0.00;0.00;23.04;60.50;14.98;0.00;0.00;2000.00;20.36;
"2019-09-08 18:11:00";27.90;24.30;24.10;0.00;0.00;0.00;0.00;0.00;0.00;0.00;23.09;60.58;15.05;0.00;0.00;2000.00;20.36;
"2019-09-08 18:16:00";27.70;24.30;24.10;0.00;0.00;0.00;0.00;0.00;0.00;2.33;23.03;60.92;15.08;0.00;0.00;2000.00;20.36;
"2019-09-08 18:21:00";27.40;24.30;24.10;0.00;0.00;0.00;0.00;0.86;142.38;4.06;22.90;61.35;15.06;0.00;0.00;2000.00;20.36;
"2019-09-08 18:26:00";27.20;24.30;24.10;0.00;0.00;0.00;0.00;0.00;0.00;0.00;22.79;61.97;15.12;0.00;0.00;2000.00;20.36;
"2019-09-08 18:31:00";27.10;24.30;24.20;0.00;0.00;0.00;0.00;0.00;0.00;2.80;22.73;62.34;15.16;0.00;0.00;2000.00;20.36;
"2019-09-08 18:36:00";26.80;24.30;24.20;0.00;0.00;0.00;0.00;0.00;0.00;1.83;22.67;62.74;15.20;0.00;0.00;2000.00;20.36;
"2019-09-08 18:41:00";26.70;24.30;24.20;0.00;0.00;0.00;0.00;0.00;0.00;0.00;22.59;63.27;15.26;0.00;0.00;2000.00;20.36;
"2019-09-08 18:46:00";26.60;24.30;24.20;0.00;0.00;0.00;0.00;0.00;0.00;0.54;22.59;63.62;15.34;0.00;0.00;2000.00;20.36;
"2019-09-08 18:51:00";26.50;24.30;24.20;0.00;0.00;0.00;0.00;0.00;0.00;0.00;22.57;64.04;15.42;0.00;0.00;2000.00;20.36;
"2019-09-08 18:56:00";26.40;24.30;24.20;0.00;0.00;0.00;0.00;0.00;0.00;0.00;22.60;64.04;15.45;0.00;0.00;2000.00;20.36;
"2019-09-08 19:01:00";26.20;24.40;24.20;0.00;0.00;0.00;0.00;0.00;0.00;2.79;22.54;64.20;15.43;0.00;0.00;2000.00;20.36;
"2019-09-08 19:06:00";26.00;24.30;24.20;0.00;0.00;0.00;0.00;1.64;113.61;2.27;22.46;64.50;15.43;0.00;0.00;2000.00;20.36;
"2019-09-08 19:11:00";25.80;24.40;24.20;0.00;0.00;0.00;0.00;0.00;0.00;0.00;22.35;64.78;15.40;0.00;0.00;2000.00;20.36;
"2019-09-08 19:16:00";25.60;24.40;24.20;0.00;0.00;0.00;0.00;0.00;0.00;1.16;22.27;65.20;15.42;0.00;0.00;2000.00;20.36;
"2019-09-08 19:21:00";25.50;24.40;24.20;0.00;0.00;0.00;0.00;0.00;0.00;2.49;22.20;65.52;15.43;0.00;0.00;2000.00;20.36;
"2019-09-08 19:26:00";25.30;24.40;24.20;0.00;0.00;0.00;0.00;0.00;0.00;0.00;22.10;65.80;15.40;0.00;0.00;2000.00;20.36;
"2019-09-08 19:31:00";25.20;24.40;24.20;0.00;0.00;0.00;0.00;0.00;0.00;0.89;21.96;66.30;15.39;0.00;0.00;2000.00;20.36;
"2019-09-08 19:36:00";25.00;24.40;24.30;0.00;0.00;0.00;0.00;0.00;0.00;0.00;21.90;66.67;15.42;0.00;0.00;2000.00;20.36;
"2019-09-08 19:41:00";24.90;24.30;24.20;0.00;0.00;0.00;0.00;0.00;0.00;0.00;21.89;66.79;15.44;0.00;0.00;2000.00;20.36;
"2019-09-08 19:46:00";24.10;24.30;24.20;0.00;101.00;0.00;1.00;0.00;0.00;0.00;21.83;67.07;15.44;0.07;60.00;2000.00;20.43;
"2019-09-08 19:51:00";23.30;24.30;24.20;0.00;126.00;0.00;1.00;0.00;0.00;1.19;21.46;67.72;15.24;0.03;0.00;2000.00;20.46;
"2019-09-08 19:56:00";22.70;24.30;24.20;0.00;33.00;0.00;1.00;0.00;0.00;0.00;21.19;68.78;15.22;0.00;0.00;2000.00;20.46;
"2019-09-08 20:01:00";22.40;24.30;24.20;0.00;21.00;0.00;0.00;0.00;0.00;0.00;21.03;69.62;15.26;0.00;0.00;2000.00;20.46;
"2019-09-08 20:06:00";22.60;24.30;24.20;0.00;0.00;0.00;0.00;0.00;0.00;1.03;21.04;70.23;15.40;0.00;0.00;2000.00;20.46;
"2019-09-08 20:11:00";22.70;24.30;24.20;0.00;0.00;0.00;0.00;0.00;0.00;0.00;21.10;70.46;15.52;0.00;0.00;2000.00;20.46;
"2019-09-08 20:16:00";22.70;24.30;24.20;0.00;0.00;0.00;0.00;0.00;0.00;0.00;21.11;70.60;15.55;0.00;0.00;2000.00;20.46;
"2019-09-08 20:21:00";22.70;24.30;24.20;0.00;0.00;0.00;0.00;0.00;0.00;2.02;21.05;70.72;15.53;0.00;0.00;2000.00;20.46;
"2019-09-08 20:26:00";22.70;24.30;24.20;0.00;0.00;0.00;0.00;0.00;0.00;0.00;21.11;70.78;15.60;0.00;0.00;2000.00;20.46;
"2019-09-08 20:31:00";22.70;24.30;24.20;0.00;0.00;0.00;0.00;0.00;0.00;0.00;21.03;70.81;15.52;0.00;0.00;2000.00;20.46;
"2019-09-08 20:36:00";22.70;24.20;24.20;0.00;0.00;0.00;0.00;0.00;0.00;0.00;21.08;70.84;15.58;0.01;0.00;2000.00;20.47;
"2019-09-08 20:41:00";22.70;24.20;24.20;0.00;0.00;0.00;0.00;1.29;129.73;2.19;21.12;70.85;15.62;0.00;0.00;2000.00;20.47;
"2019-09-08 20:46:00";22.60;24.20;24.20;0.00;0.00;0.00;0.00;0.00;0.00;0.00;21.10;70.76;15.58;0.00;0.00;2000.00;20.47;
"2019-09-08 20:51:00";22.60;24.20;24.10;0.00;0.00;0.00;0.00;0.00;0.00;0.00;21.08;70.74;15.56;0.00;0.00;2000.00;20.47;
"2019-09-08 20:56:00";22.60;24.20;24.10;0.00;0.00;0.00;0.00;1.17;114.97;2.60;21.11;70.83;15.61;0.00;0.00;2000.00;20.47;
"2019-09-08 21:01:00";22.60;24.10;24.10;0.00;0.00;0.00;0.00;0.00;0.00;1.00;21.13;70.67;15.59;0.00;0.00;2000.00;20.47;
"2019-09-08 21:06:00";22.60;24.10;24.10;0.00;0.00;0.00;0.00;0.00;0.00;0.00;21.06;70.61;15.51;0.00;0.00;2000.00;20.47;
"2019-09-08 21:11:00";22.60;24.10;24.10;0.00;0.00;0.00;0.00;0.00;0.00;0.78;21.02;70.75;15.50;0.00;0.00;2000.00;20.47;
"2019-09-08 21:16:00";22.60;23.90;23.90;0.00;0.00;0.00;0.00;0.00;0.00;0.00;20.98;70.76;15.46;0.00;0.00;2000.00;20.47;
"2019-09-08 21:21:00";22.50;23.90;23.90;0.00;0.00;0.00;0.00;0.00;0.00;2.28;20.95;70.91;15.47;0.00;0.00;2000.00;20.47;
"2019-09-08 21:26:00";22.50;23.90;23.90;0.00;0.00;0.00;0.00;0.00;0.00;0.00;20.87;70.95;15.40;0.00;0.00;2000.00;20.47;
"2019-09-08 21:31:00";22.50;23.90;23.90;0.00;0.00;0.00;0.00;0.00;0.00;0.00;20.84;71.14;15.41;0.00;0.00;2000.00;20.47;
"2019-09-08 21:36:00";22.40;23.90;23.90;0.00;0.00;0.00;0.00;0.00;0.00;0.00;20.86;71.25;15.46;0.00;0.00;2000.00;20.47;
"2019-09-08 21:41:00";22.40;23.80;23.80;0.00;0.00;0.00;0.00;0.00;0.00;0.00;20.81;71.48;15.46;0.00;0.00;2000.00;20.47;
"2019-09-08 21:46:00";22.40;23.80;23.80;0.00;0.00;0.00;0.00;0.00;0.00;2.08;20.79;71.64;15.48;0.00;0.00;2000.00;20.47;
"2019-09-08 21:51:00";22.40;23.80;23.80;0.00;0.00;0.00;0.00;0.00;0.00;2.85;20.84;71.70;15.54;0.00;0.00;2000.00;20.47;
"2019-09-08 21:56:00";22.20;23.80;23.80;0.00;0.00;0.00;0.00;0.60;20.82;1.75;20.72;71.77;15.44;0.00;0.00;2000.00;20.47;
"2019-09-08 22:01:00";22.10;23.70;23.80;0.00;0.00;0.00;0.00;0.00;0.00;0.00;20.67;71.94;15.42;0.00;0.00;2000.00;20.47;
"2019-09-08 22:06:00";21.90;23.70;23.80;0.00;0.00;0.00;0.00;0.00;0.00;0.00;20.57;72.12;15.37;0.00;0.00;2000.00;20.47;
"2019-09-08 22:11:00";21.80;23.70;23.70;0.00;0.00;0.00;0.00;0.00;0.00;0.00;20.48;72.29;15.32;0.00;0.00;2000.00;20.47;
"2019-09-08 22:16:00";21.70;23.70;23.70;0.00;0.00;0.00;0.00;0.00;0.00;0.00;20.38;72.44;15.26;0.00;0.00;2000.00;20.47;
"2019-09-08 22:21:00";21.60;23.70;23.70;0.00;0.00;0.00;0.00;0.00;0.00;0.00;20.31;72.68;15.24;0.00;0.00;2000.00;20.47;
"2019-09-08 22:26:00";21.40;23.60;23.70;0.00;0.00;0.00;0.00;0.00;0.00;0.00;20.29;73.06;15.30;0.00;0.00;2000.00;20.47;
"2019-09-08 22:31:00";21.30;23.60;23.70;0.00;0.00;0.00;0.00;0.00;0.00;0.00;20.35;73.32;15.42;0.00;0.00;2000.00;20.47;
"2019-09-08 22:36:00";21.20;23.60;23.60;0.00;0.00;0.00;0.00;0.00;0.00;0.00;20.23;73.46;15.33;0.00;0.00;2000.00;20.47;
"2019-09-08 22:41:00";21.10;23.60;23.60;0.00;0.00;0.00;0.00;0.00;0.00;0.00;20.14;74.06;15.37;0.00;0.00;2000.00;20.47;
"2019-09-08 22:46:00";21.00;23.60;23.60;0.00;0.00;0.00;0.00;0.00;0.00;0.00;20.09;74.46;15.40;0.00;0.00;2000.00;20.47;
"2019-09-08 22:51:00";21.00;23.60;23.60;0.00;0.00;0.00;0.00;0.00;0.00;0.00;20.06;74.87;15.47;0.00;0.00;2000.00;20.47;
"2019-09-08 22:56:00";20.90;23.50;23.60;0.00;0.00;0.00;0.00;0.00;0.00;0.00;19.97;75.30;15.46;0.00;0.00;2000.00;20.47;
"2019-09-08 23:01:00";20.80;23.50;23.60;0.00;0.00;0.00;0.00;0.00;0.00;0.00;19.96;75.72;15.54;0.00;0.00;2000.00;20.47;
"2019-09-08 23:06:00";20.80;23.50;23.50;0.00;0.00;0.00;0.00;0.00;0.00;0.00;19.93;75.97;15.57;0.00;0.00;2000.00;20.47;
"2019-09-08 23:11:00";20.70;23.40;23.50;0.00;0.00;0.00;0.00;0.00;0.00;2.10;19.89;76.39;15.62;0.00;0.00;2000.00;20.47;
"2019-09-08 23:16:00";20.60;23.40;23.50;0.00;0.00;0.00;0.00;0.00;0.00;0.00;19.84;76.63;15.61;0.00;0.00;2000.00;20.47;
"2019-09-08 23:21:00";20.50;23.40;23.50;0.00;0.00;0.00;0.00;0.00;0.00;0.00;19.75;76.95;15.59;0.00;0.00;2000.00;20.47;
"2019-09-08 23:26:00";20.50;23.40;23.50;0.00;0.00;0.00;0.00;0.00;0.00;0.00;19.67;77.29;15.59;0.00;0.00;2000.00;20.47;
"2019-09-08 23:31:00";20.40;23.40;23.40;0.00;0.00;0.00;0.00;0.00;0.00;0.81;19.60;77.69;15.60;0.00;0.00;2000.00;20.47;
"2019-09-08 23:36:00";20.30;23.30;23.40;0.00;0.00;0.00;0.00;0.00;0.00;0.00;19.57;77.95;15.61;0.00;0.00;2000.00;20.47;
"2019-09-08 23:41:00";20.20;23.30;23.40;0.00;0.00;0.00;0.00;0.00;0.00;0.00;19.48;78.32;15.60;0.00;0.00;2000.00;20.47;
"2019-09-08 23:46:00";20.10;23.30;23.40;0.00;0.00;0.00;0.00;0.00;0.00;0.00;19.34;78.58;15.52;0.00;0.00;2000.00;20.47;
"2019-09-08 23:51:00";20.00;23.30;23.40;0.00;0.00;0.00;0.00;0.00;0.00;0.00;19.24;79.02;15.51;0.00;0.00;2000.00;20.47;
"2019-09-08 23:56:00";19.90;23.20;23.30;0.00;0.00;0.00;0.00;0.00;0.00;0.00;19.08;79.25;15.40;0.00;0.00;2000.00;20.47;
"2019-09-09 00:01:00";19.90;23.20;23.30;0.00;0.00;0.00;0.00;0.00;0.00;0.00;18.96;79.70;15.37;0.00;0.00;2000.00;20.47;
"2019-09-09 00:06:00";19.90;23.20;23.30;0.00;0.00;0.00;0.00;0.00;0.00;0.00;18.85;80.24;15.37;0.00;0.00;2000.00;20.47;
"2019-09-09 00:11:00";19.80;23.20;23.30;0.00;0.00;0.00;0.00;0.00;0.00;0.00;18.81;80.67;15.41;0.00;0.00;2000.00;20.47;
"2019-09-09 00:16:00";19.80;23.10;23.30;0.00;0.00;0.00;0.00;0.00;0.00;0.00;18.76;81.13;15.45;0.00;0.00;2000.00;20.47;
"2019-09-09 00:21:00";19.70;23.10;23.20;0.00;0.00;0.00;0.00;0.00;0.00;0.00;18.61;81.39;15.36;0.00;0.00;2000.00;20.47;
"2019-09-09 00:26:00";19.60;23.10;23.20;0.00;0.00;0.00;0.00;0.00;0.00;0.00;18.47;81.72;15.29;0.00;0.00;2000.00;20.47;
"2019-09-09 00:31:00";19.60;23.10;23.20;0.00;0.00;0.00;0.00;0.00;0.00;0.00;18.25;82.17;15.16;0.00;0.00;2000.00;20.47;
"2019-09-09 00:36:00";19.60;23.10;23.20;0.00;0.00;0.00;0.00;0.00;0.00;0.00;18.17;82.60;15.16;0.00;0.00;2000.00;20.47;
"2019-09-09 00:41:00";19.70;23.00;23.10;0.00;0.00;0.00;0.00;0.00;0.00;0.00;18.10;83.09;15.18;0.00;0.00;2000.00;20.47;
"2019-09-09 00:46:00";19.80;23.00;23.20;0.00;0.00;0.00;0.00;0.00;0.00;0.00;18.05;83.62;15.23;0.00;0.00;2000.00;20.47;
"2019-09-09 00:51:00";19.90;23.00;23.10;0.00;0.00;0.00;0.00;0.00;0.00;0.00;18.08;84.03;15.34;0.00;0.00;2000.00;20.47;
"2019-09-09 00:56:00";19.90;23.00;23.10;0.00;0.00;0.00;0.00;0.00;0.00;0.00;18.18;84.52;15.53;0.00;0.00;2000.00;20.47;
"2019-09-09 01:01:00";19.90;22.80;23.10;0.00;0.00;0.00;0.00;0.00;0.00;0.00;18.28;84.65;15.64;0.00;0.00;2000.00;20.47;
"2019-09-09 01:06:00";19.90;22.80;23.10;0.00;0.00;0.00;0.00;0.00;0.00;0.00;18.36;84.81;15.76;0.00;0.00;2000.00;20.47;
"2019-09-09 01:11:00";19.80;22.80;23.00;0.00;0.00;0.00;0.00;0.00;0.00;0.00;18.31;84.78;15.70;0.00;0.00;2000.00;20.47;
"2019-09-09 01:16:00";19.70;22.80;23.00;0.00;0.00;0.00;0.00;0.00;0.00;0.00;18.27;84.81;15.67;0.00;0.00;2000.00;20.47;
"2019-09-09 01:21:00";19.60;22.80;23.00;0.00;0.00;0.00;0.00;0.00;0.00;0.00;18.16;84.76;15.55;0.00;0.00;2000.00;20.47;
"2019-09-09 01:26:00";19.40;22.70;23.00;0.00;0.00;0.00;0.00;0.00;0.00;0.00;18.04;84.75;15.43;0.00;0.00;2000.00;20.47;
"2019-09-09 01:31:00";19.40;22.70;23.00;0.00;0.00;0.00;0.00;0.00;0.00;0.00;17.89;84.84;15.30;0.00;0.00;2000.00;20.47;
"2019-09-09 01:36:00";19.40;22.70;22.80;0.00;0.00;0.00;0.00;0.00;0.00;0.00;17.86;85.05;15.31;0.00;0.00;2000.00;20.47;
"2019-09-09 01:41:00";19.40;22.70;22.80;0.00;0.00;0.00;0.00;0.00;0.00;0.00;17.92;85.12;15.38;0.00;0.00;2000.00;20.47;
"2019-09-09 01:46:00";19.30;22.60;22.80;0.00;0.00;0.00;0.00;0.00;0.00;0.00;17.91;85.01;15.35;0.00;0.00;2000.00;20.47;
"2019-09-09 01:51:00";19.20;22.60;22.80;0.00;0.00;0.00;0.00;0.00;0.00;0.00;17.85;84.96;15.28;0.00;0.00;2000.00;20.47;
"2019-09-09 01:56:00";19.10;22.60;22.80;0.00;0.00;0.00;0.00;0.00;0.00;0.00;17.80;85.04;15.25;0.00;0.00;2000.00;20.47;
"2019-09-09 02:01:00";19.00;22.60;22.80;0.00;0.00;0.00;0.00;0.00;0.00;0.00;17.72;84.85;15.13;0.00;0.00;2000.00;20.47;
"2019-09-09 02:06:00";18.90;22.60;22.70;0.00;0.00;0.00;0.00;0.00;0.00;0.00;17.72;84.65;15.10;0.00;0.00;2000.00;20.47;
"2019-09-09 02:11:00";18.90;22.60;22.70;0.00;0.00;0.00;0.00;0.00;0.00;0.00;17.59;84.58;14.96;0.00;0.00;2000.00;20.47;
"2019-09-09 02:16:00";18.80;22.50;22.70;0.00;0.00;0.00;0.00;0.00;0.00;0.00;17.48;84.55;14.85;0.00;0.00;2000.00;20.47;
"2019-09-09 02:21:00";18.70;22.50;22.70;0.00;0.00;0.00;0.00;0.00;0.00;0.00;17.38;84.55;14.74;0.00;0.00;2000.00;20.47;
"2019-09-09 02:26:00";18.60;22.50;22.60;0.00;0.00;0.00;0.00;0.00;0.00;0.00;17.27;84.61;14.65;0.00;0.00;2000.00;20.47;
"2019-09-09 02:31:00";18.60;22.50;22.60;0.00;0.00;0.00;0.00;0.00;0.00;0.00;17.14;84.65;14.53;0.00;0.00;2000.00;20.47;
"2019-09-09 02:36:00";18.50;22.40;22.60;0.00;0.00;0.00;0.00;0.00;0.00;0.00;17.09;84.88;14.52;0.00;0.00;2000.00;20.47;
"2019-09-09 02:41:00";18.40;22.40;22.60;0.00;0.00;0.00;0.00;0.00;0.00;0.00;16.98;84.99;14.44;0.00;0.00;2000.00;20.47;
"2019-09-09 02:46:00";18.30;22.40;22.60;0.00;0.00;0.00;0.00;0.00;0.00;0.00;16.86;85.15;14.34;0.00;0.00;2000.00;20.47;
"2019-09-09 02:51:00";18.30;22.40;22.50;0.00;0.00;0.00;0.00;0.00;0.00;0.00;16.73;85.37;14.26;0.00;0.00;2000.00;20.47;
"2019-09-09 02:56:00";18.20;22.30;22.50;0.00;0.00;0.00;0.00;0.00;0.00;0.00;16.62;85.69;14.21;0.00;0.00;2000.00;20.47;
"2019-09-09 03:01:00";18.10;22.30;22.50;0.00;0.00;0.00;0.00;0.00;0.00;0.00;16.57;85.96;14.21;0.00;0.00;2000.00;20.47;
"2019-09-09 03:06:00";18.10;22.30;22.50;0.00;0.00;0.00;0.00;0.00;0.00;0.00;16.58;86.29;14.28;0.00;0.00;2000.00;20.47;
"2019-09-09 03:11:00";18.10;22.30;22.40;0.00;0.00;0.00;0.00;0.00;0.00;0.00;16.64;86.47;14.37;0.00;0.00;2000.00;20.47;
"2019-09-09 03:16:00";18.00;22.30;22.40;0.00;0.00;0.00;0.00;0.00;0.00;0.00;16.50;86.51;14.24;0.00;0.00;2000.00;20.47;
"2019-09-09 03:21:00";18.00;22.20;22.40;0.00;0.00;0.00;0.00;0.00;0.00;0.00;16.38;86.72;14.16;0.00;0.00;2000.00;20.47;
"2019-09-09 03:26:00";17.90;22.20;22.40;0.00;0.00;0.00;0.00;0.00;0.00;0.00;16.25;86.95;14.07;0.00;0.00;2000.00;20.47;
"2019-09-09 03:31:00";17.80;22.20;22.40;0.00;0.00;0.00;0.00;0.00;0.00;0.00;16.13;87.18;14.00;0.00;0.00;2000.00;20.47;
"2019-09-09 03:36:00";17.80;22.20;22.40;0.00;0.00;0.00;0.00;0.00;0.00;0.00;15.98;87.39;13.88;0.00;0.00;2000.00;20.47;
"2019-09-09 03:41:00";17.70;22.10;22.30;0.00;0.00;0.00;0.00;0.00;0.00;0.00;15.85;87.65;13.80;0.00;0.00;2000.00;20.47;
"2019-09-09 03:46:00";17.70;22.10;22.30;0.00;0.00;0.00;0.00;0.00;0.00;0.00;15.75;88.07;13.78;0.00;0.00;2000.00;20.47;
"2019-09-09 03:51:00";17.60;22.10;22.30;0.00;0.00;0.00;0.00;0.00;0.00;0.00;15.64;88.17;13.69;0.00;0.00;2000.00;20.47;
"2019-09-09 03:56:00";17.60;22.00;22.30;0.00;0.00;0.00;0.00;0.00;0.00;0.00;15.57;88.46;13.66;0.00;0.00;2000.00;20.47;
"2019-09-09 04:01:00";17.50;22.00;22.20;0.00;0.00;0.00;0.00;0.00;0.00;0.00;15.45;88.73;13.60;0.00;0.00;2000.00;20.47;
"2019-09-09 04:06:00";17.40;22.00;22.20;0.00;0.00;0.00;0.00;0.00;0.00;0.00;15.36;88.99;13.55;0.00;0.00;2000.00;20.47;
"2019-09-09 04:11:00";17.40;22.00;22.20;0.00;0.00;0.00;0.00;0.00;0.00;0.00;15.29;89.30;13.54;0.00;0.00;2000.00;20.47;
"2019-09-09 04:16:00";17.30;22.00;22.20;0.00;0.00;0.00;0.00;0.00;0.00;0.00;15.25;89.62;13.55;0.00;0.00;2000.00;20.47;
"2019-09-09 04:21:00";17.30;22.00;22.20;0.00;0.00;0.00;0.00;0.00;0.00;0.00;15.25;89.83;13.59;0.00;0.00;2000.00;20.47;
"2019-09-09 04:26:00";17.30;21.90;22.10;0.00;0.00;0.00;0.00;0.00;0.00;0.00;15.17;90.14;13.57;0.00;0.00;2000.00;20.47;
"2019-09-09 04:31:00";17.30;21.90;22.10;0.00;0.00;0.00;0.00;0.00;0.00;0.00;15.17;90.31;13.60;0.00;0.00;2000.00;20.47;
"2019-09-09 04:36:00";17.30;21.90;22.10;0.00;0.00;0.00;0.00;0.00;0.00;0.00;15.11;90.45;13.56;0.00;0.00;2000.00;20.47;
"2019-09-09 04:41:00";17.20;21.90;22.10;0.00;0.00;0.00;0.00;0.00;0.00;0.00;14.98;90.58;13.45;0.00;0.00;2000.00;20.47;
"2019-09-09 04:46:00";17.10;21.80;22.00;0.00;0.00;0.00;0.00;0.00;0.00;0.00;14.88;90.87;13.40;0.00;0.00;2000.00;20.47;
"2019-09-09 04:51:00";17.10;21.80;22.00;0.00;0.00;0.00;0.00;0.00;0.00;0.00;14.80;91.05;13.35;0.00;0.00;2000.00;20.47;
"2019-09-09 04:56:00";17.00;21.80;22.00;0.00;0.00;0.00;0.00;0.00;0.00;0.00;14.74;91.31;13.34;0.00;0.00;2000.00;20.47;
"2019-09-09 05:01:00";17.00;21.80;22.00;0.00;0.00;0.00;0.00;0.00;0.00;0.00;14.70;91.57;13.34;0.00;0.00;2000.00;20.47;
"2019-09-09 05:06:00";16.90;21.70;22.00;0.00;0.00;0.00;0.00;0.00;0.00;0.00;14.68;91.68;13.34;0.00;0.00;2000.00;20.47;
"2019-09-09 05:11:00";16.90;21.70;21.90;0.00;0.00;0.00;0.00;0.00;0.00;0.00;14.58;91.89;13.28;0.00;0.00;2000.00;20.47;
"2019-09-09 05:16:00";16.80;21.70;21.90;0.00;0.00;0.00;0.00;0.00;0.00;0.00;14.62;92.13;13.35;0.00;0.00;2000.00;20.47;
"2019-09-09 05:21:00";16.70;21.70;21.90;0.00;0.00;0.00;0.00;0.00;0.00;0.00;14.54;92.23;13.29;0.00;0.00;2000.00;20.47;
"2019-09-09 05:26:00";16.70;21.60;21.90;0.00;0.00;0.00;0.00;0.00;0.00;0.00;14.44;92.31;13.20;0.00;0.00;2000.00;20.47;
"2019-09-09 05:31:00";16.60;21.60;21.80;0.00;0.00;0.00;0.00;0.00;0.00;0.00;14.31;92.51;13.11;0.00;0.00;2000.00;20.47;
"2019-09-09 05:36:00";16.60;21.60;21.80;0.00;0.00;0.00;0.00;0.00;0.00;0.00;14.33;92.79;13.17;0.00;0.00;2000.00;20.47;
"2019-09-09 05:41:00";16.60;21.40;21.80;0.00;0.00;0.00;0.00;0.00;0.00;0.00;14.24;92.85;13.10;0.00;0.00;2000.00;20.47;
"2019-09-09 05:46:00";16.60;21.40;21.80;0.00;0.00;0.00;0.00;0.00;0.00;0.00;14.18;93.20;13.09;0.00;0.00;2000.00;20.47;
"2019-09-09 05:51:00";16.50;21.40;21.80;0.00;0.00;0.00;0.00;0.00;0.00;0.00;14.12;93.22;13.04;0.00;0.00;2000.00;20.47;
"2019-09-09 05:56:00";16.50;21.40;21.70;0.00;0.00;0.00;0.00;0.00;0.00;0.00;14.11;93.50;13.07;0.00;0.00;2000.00;20.47;
"2019-09-09 06:01:00";16.40;21.40;21.70;0.00;0.00;0.00;0.00;0.00;0.00;0.00;14.11;93.66;13.11;0.00;0.00;2000.00;20.47;
"2019-09-09 06:06:00";16.40;21.30;21.70;0.00;0.00;0.00;0.00;0.00;0.00;0.00;14.10;93.83;13.12;0.00;0.00;2000.00;20.47;
"2019-09-09 06:11:00";16.30;21.30;21.70;0.00;0.00;0.00;0.00;0.00;0.00;0.00;14.06;93.92;13.09;0.00;0.00;2000.00;20.47;
"2019-09-09 06:16:00";16.30;21.30;21.70;0.00;0.00;0.00;0.00;0.00;0.00;0.00;14.01;94.21;13.09;0.00;0.00;2000.00;20.47;
"2019-09-09 06:21:00";16.20;21.30;21.60;0.00;0.00;0.00;0.00;0.00;0.00;0.00;14.01;94.30;13.11;0.00;0.00;2000.00;20.47;
"2019-09-09 06:26:00";16.20;21.20;21.60;0.00;0.00;0.00;0.00;0.00;0.00;0.00;13.95;94.71;13.12;0.00;0.00;2000.00;20.47;
"2019-09-09 06:31:00";16.10;21.20;21.60;0.00;0.00;0.00;0.00;0.00;0.00;0.00;13.94;94.66;13.10;0.00;0.00;2000.00;20.47;
"2019-09-09 06:36:00";16.20;21.20;21.60;0.00;0.00;0.00;0.00;0.00;0.00;0.00;13.89;94.89;13.09;0.00;0.00;2000.00;20.47;
"2019-09-09 06:41:00";16.20;21.20;21.60;0.00;0.00;0.00;0.00;0.00;0.00;0.00;13.92;94.89;13.12;0.00;0.00;2000.00;20.47;
"2019-09-09 06:46:00";16.10;21.20;21.40;0.00;0.00;0.00;0.00;0.00;0.00;0.00;13.89;95.03;13.11;0.00;0.00;2000.00;20.47;
"2019-09-09 06:51:00";16.10;21.10;21.40;0.00;0.00;0.00;0.00;0.00;0.00;0.00;13.83;95.16;13.06;0.00;0.00;2000.00;20.47;
"2019-09-09 06:56:00";16.10;21.10;21.40;0.00;0.00;0.00;0.00;0.00;0.00;0.00;13.84;95.39;13.12;0.00;0.00;2000.00;20.47;
"2019-09-09 07:01:00";16.10;21.10;21.30;0.00;0.00;0.00;0.00;0.00;0.00;0.00;13.83;95.67;13.15;0.00;0.00;2000.00;20.47;
"2019-09-09 07:06:00";16.10;21.00;21.30;0.00;0.00;0.00;0.00;0.00;0.00;0.00;13.86;95.76;13.20;0.00;0.00;2000.00;20.47;
"2019-09-09 07:11:00";16.20;21.00;21.30;0.00;0.00;0.00;0.00;0.00;0.00;0.00;13.85;95.77;13.18;0.00;0.00;2000.00;20.47;
"2019-09-09 07:16:00";16.20;21.00;21.30;0.00;0.00;0.00;0.00;0.00;0.00;0.00;13.86;95.93;13.22;0.00;0.00;2000.00;20.47;
"2019-09-09 07:21:00";16.30;21.00;21.30;0.00;0.00;0.00;0.00;0.00;0.00;0.00;13.92;96.17;13.32;0.00;0.00;2000.00;20.47;
"2019-09-09 07:26:00";16.40;21.00;21.20;0.00;0.00;0.00;0.00;0.00;0.00;0.00;13.99;96.36;13.42;0.00;0.00;2000.00;20.47;
"2019-09-09 07:31:00";16.40;21.00;21.20;0.00;0.00;0.00;0.00;0.00;0.00;0.00;14.00;96.35;13.43;0.00;0.00;2000.00;20.47;
"2019-09-09 07:36:00";16.50;20.90;21.20;0.00;0.00;0.00;0.00;0.00;0.00;0.00;14.10;96.52;13.55;0.00;0.00;2000.00;20.47;
"2019-09-09 07:41:00";16.60;20.90;21.20;0.00;0.00;0.00;0.00;0.00;0.00;0.00;14.17;96.61;13.64;0.00;0.00;2000.00;20.47;
"2019-09-09 07:46:00";16.60;20.90;21.10;0.00;0.00;0.00;0.00;0.00;0.00;0.00;14.28;96.76;13.78;0.00;0.00;2000.00;20.47;
"2019-09-09 07:51:00";16.70;20.80;21.10;0.00;0.00;0.00;0.00;0.00;0.00;0.00;14.36;96.89;13.87;0.00;0.00;2000.00;20.47;
"2019-09-09 07:56:00";16.80;20.80;21.10;0.00;0.00;0.00;0.00;0.00;0.00;0.00;14.49;97.07;14.03;0.00;0.00;2000.00;20.47;
"2019-09-09 08:01:00";16.90;20.80;21.10;0.00;0.00;0.00;0.00;0.00;0.00;0.00;14.72;97.41;14.32;0.00;0.00;2000.00;20.47;
"2019-09-09 08:06:00";17.00;20.80;21.10;0.00;0.00;0.00;0.00;0.00;0.00;0.00;15.01;97.61;14.63;0.00;0.00;2000.00;20.47;
"2019-09-09 08:11:00";17.00;20.80;21.10;0.00;0.00;0.00;0.00;0.00;0.00;0.00;15.20;96.93;14.72;0.00;0.00;2000.00;20.47;
"2019-09-09 08:16:00";17.10;20.70;21.00;0.00;0.00;0.00;0.00;0.00;0.00;0.00;15.19;97.12;14.73;0.00;0.00;2000.00;20.47;
"2019-09-09 08:21:00";17.20;20.70;21.00;0.00;0.00;0.00;0.00;0.00;0.00;0.00;15.35;97.37;14.94;0.00;0.00;2000.00;20.47;
"2019-09-09 08:26:00";17.30;20.70;21.00;0.00;0.00;0.00;0.00;0.00;0.00;0.00;15.33;97.13;14.87;0.00;0.00;2000.00;20.47;
"2019-09-09 08:31:00";17.30;20.70;21.00;0.00;0.00;0.00;0.00;0.00;0.00;0.00;15.23;97.06;14.77;0.00;0.00;2000.00;20.47;
"2019-09-09 08:36:00";17.40;20.70;21.00;0.00;0.00;0.00;0.00;0.00;0.00;0.00;15.40;97.73;15.04;0.00;0.00;2000.00;20.47;
"2019-09-09 08:41:00";17.60;20.70;20.90;0.00;0.00;0.00;0.00;0.00;0.00;0.00;15.61;97.11;15.15;0.00;0.00;2000.00;20.47;
"2019-09-09 08:46:00";17.70;20.60;20.90;0.00;0.00;0.00;0.00;0.00;0.00;0.87;15.71;97.02;15.24;0.00;0.00;2000.00;20.47;
"2019-09-09 08:51:00";17.90;20.60;20.90;0.00;0.00;0.00;0.00;0.00;0.00;0.00;15.91;97.64;15.54;0.00;0.00;2000.00;20.47;
"2019-09-09 08:56:00";18.10;20.60;20.90;0.00;0.00;0.00;0.00;0.00;0.00;0.00;16.25;96.80;15.74;0.00;0.00;2000.00;20.47;
"2019-09-09 09:01:00";18.20;20.60;20.90;0.00;0.00;0.00;0.00;0.00;0.00;0.00;16.37;96.49;15.81;0.00;0.00;2000.00;20.47;
"2019-09-09 09:06:00";18.90;20.60;20.90;0.00;0.00;0.00;0.00;0.00;0.00;0.00;16.36;96.41;15.79;0.00;0.00;2000.00;20.47;
"2019-09-09 09:11:00";19.00;20.50;20.80;0.00;0.00;0.00;0.00;0.00;0.00;0.00;16.40;96.45;15.84;0.00;0.00;2000.00;20.47;
"2019-09-09 09:16:00";19.90;20.60;20.80;0.00;0.00;0.00;0.00;0.00;0.00;0.00;16.63;97.35;16.21;0.00;0.00;2000.00;20.47;
"2019-09-09 09:21:00";20.60;20.50;20.80;0.00;0.00;0.00;0.00;0.00;0.00;0.00;16.82;96.55;16.27;0.00;0.00;2000.00;20.47;
"2019-09-09 09:26:00";21.00;20.50;20.80;0.00;0.00;0.00;0.00;0.00;0.00;0.00;16.83;96.41;16.26;0.00;0.00;2000.00;20.47;
"2019-09-09 09:31:00";21.50;20.50;20.80;0.00;0.00;0.00;0.00;0.00;0.00;0.00;16.98;96.54;16.43;0.00;0.00;2000.00;20.47;
"2019-09-09 09:36:00";22.00;20.50;20.80;0.00;0.00;0.00;0.00;0.00;0.00;0.00;17.03;96.50;16.47;0.00;0.00;2000.00;20.47;
"2019-09-09 09:41:00";22.60;20.50;20.80;0.00;0.00;0.00;0.00;0.00;0.00;0.00;17.57;95.81;16.89;0.00;0.00;2000.00;20.47;
"2019-09-09 09:46:00";22.90;20.50;20.80;0.00;0.00;0.00;0.00;0.00;0.00;0.00;17.42;95.15;16.63;0.00;0.00;2000.00;20.47;
"2019-09-09 09:51:00";23.20;20.50;20.70;0.00;0.00;0.00;0.00;0.00;0.00;0.00;17.47;94.85;16.64;0.00;0.00;2000.00;20.47;
"2019-09-09 09:56:00";22.60;20.50;20.80;0.00;0.00;0.00;0.00;0.00;0.00;0.00;17.51;94.99;16.70;0.00;0.00;2000.00;20.47;
"2019-09-09 10:01:00";23.40;20.50;20.80;0.00;0.00;0.00;0.00;0.00;0.00;0.00;18.04;94.53;17.15;0.00;0.00;2000.00;20.47;
"2019-09-09 10:06:00";24.10;20.50;20.80;0.00;0.00;0.00;0.00;0.00;0.00;2.04;18.33;91.98;17.00;0.00;0.00;2000.00;20.47;
"2019-09-09 10:11:00";24.70;20.50;20.80;0.00;0.00;0.00;0.00;0.00;0.00;0.00;18.15;92.44;16.90;0.00;0.00;2000.00;20.47;
"2019-09-09 10:16:00";25.20;20.60;20.80;0.00;0.00;0.00;0.00;0.00;0.00;0.00;18.61;92.03;17.29;0.00;0.00;2000.00;20.47;
"2019-09-09 10:21:00";25.70;20.60;20.80;0.00;0.00;0.00;0.00;0.00;0.00;0.00;19.02;90.58;17.44;0.00;0.00;2000.00;20.47;
"2019-09-09 10:26:00";26.10;20.60;20.80;0.00;0.00;0.00;0.00;0.00;0.00;0.00;19.32;89.15;17.49;0.00;0.00;2000.00;20.47;
"2019-09-09 10:31:00";26.60;20.60;20.80;0.00;0.00;0.00;0.00;0.00;0.00;0.00;19.40;87.94;17.35;0.00;0.00;2000.00;20.47;
"2019-09-09 10:36:00";26.90;20.70;20.80;0.00;0.00;0.00;0.00;0.00;0.00;0.00;19.37;86.08;16.98;0.00;0.00;2000.00;20.47;
"2019-09-09 10:41:00";27.30;20.70;20.90;0.00;0.00;0.00;0.00;0.00;0.00;0.00;19.57;86.06;17.17;0.00;0.00;2000.00;20.47;
"2019-09-09 10:46:00";27.50;20.70;20.90;0.00;0.00;0.00;0.00;0.00;0.00;0.00;19.74;84.72;17.09;0.00;0.00;2000.00;20.47;
"2019-09-09 10:51:00";27.30;20.70;20.90;0.00;0.00;0.00;0.00;0.00;0.00;0.00;19.71;83.06;16.75;0.00;0.00;2000.00;20.47;
"2019-09-09 10:56:00";27.80;20.70;20.90;0.00;0.00;0.00;0.00;0.00;0.00;2.36;19.96;81.75;16.75;0.00;0.00;2000.00;20.47;
"2019-09-09 11:01:00";28.20;20.80;20.90;0.00;0.00;0.00;0.00;0.00;0.00;1.75;20.02;81.18;16.69;0.00;0.00;2000.00;20.47;
"2019-09-09 11:06:00";28.90;20.80;21.00;0.00;0.00;0.00;0.00;0.00;0.00;1.68;20.21;79.97;16.64;0.00;0.00;2000.00;20.47;
"2019-09-09 11:11:00";29.30;20.90;21.00;0.00;0.00;0.00;0.00;0.00;0.00;0.00;20.20;79.60;16.56;0.00;0.00;2000.00;20.47;
"2019-09-09 11:16:00";29.60;20.90;21.00;0.00;0.00;0.00;0.00;0.00;0.00;0.00;20.45;79.00;16.69;0.00;0.00;2000.00;20.47;
"2019-09-09 11:21:00";29.60;21.00;21.10;0.00;0.00;0.00;0.00;0.00;0.00;0.00;20.44;78.14;16.50;0.00;0.00;2000.00;20.47;
"2019-09-09 11:26:00";30.00;21.00;21.10;0.00;0.00;0.00;0.00;0.00;0.00;0.00;20.40;77.30;16.29;0.00;0.00;2000.00;20.47;
"2019-09-09 11:31:00";30.30;21.10;21.10;0.00;0.00;0.00;0.00;1.07;144.81;1.07;20.40;76.91;16.21;0.00;0.00;2000.00;20.47;
"2019-09-09 11:36:00";30.70;21.10;21.20;0.00;0.00;0.00;0.00;0.00;0.00;0.00;20.62;76.93;16.43;0.00;0.00;2000.00;20.47;
"2019-09-09 11:41:00";31.20;21.20;21.20;0.00;0.00;0.00;0.00;0.00;0.00;0.00;21.00;76.05;16.62;0.00;0.00;2000.00;20.47;
"2019-09-09 11:46:00";31.50;21.20;21.30;0.00;0.00;0.00;0.00;0.00;0.00;1.11;21.11;75.25;16.55;0.00;0.00;2000.00;20.47;
"2019-09-09 11:51:00";29.90;21.30;21.30;0.00;0.00;0.00;0.00;0.00;0.00;1.06;21.08;74.29;16.32;0.00;0.00;2000.00;20.47;
"2019-09-09 11:56:00";28.90;21.30;21.30;0.00;0.00;0.00;0.00;0.00;0.00;0.00;21.15;73.87;16.31;0.00;0.00;2000.00;20.47;
"2019-09-09 12:01:00";28.20;21.40;21.40;0.00;0.00;0.00;0.00;0.00;0.00;1.51;21.31;74.09;16.50;0.00;0.00;2000.00;20.47;
"2019-09-09 12:06:00";27.70;21.40;21.40;0.00;0.00;0.00;0.00;0.00;0.00;0.73;21.68;73.83;16.80;0.00;0.00;2000.00;20.47;
"2019-09-09 12:11:00";29.00;21.60;21.60;0.00;0.00;0.00;0.00;0.00;0.00;0.00;21.95;72.81;16.84;0.00;0.00;2000.00;20.47;
"2019-09-09 12:16:00";30.10;21.70;21.60;0.00;0.00;0.00;0.00;0.00;0.00;0.00;21.96;71.87;16.65;0.00;0.00;2000.00;20.47;
"2019-09-09 12:21:00";31.00;21.70;21.70;0.00;0.00;0.00;0.00;0.00;0.00;0.00;22.21;70.88;16.67;0.00;0.00;2000.00;20.47;
"2019-09-09 12:26:00";31.70;21.80;21.70;0.00;0.00;0.00;0.00;0.00;0.00;1.19;22.36;70.29;16.68;0.00;0.00;2000.00;20.47;
"2019-09-09 12:31:00";32.30;21.80;21.80;0.00;0.00;0.00;0.00;0.00;0.00;1.21;22.23;69.83;16.45;0.00;0.00;2000.00;20.47;
"2019-09-09 12:36:00";32.80;21.90;21.80;0.00;0.00;0.00;0.00;0.00;0.00;0.00;22.34;69.35;16.45;0.00;0.00;2000.00;20.47;
"2019-09-09 12:41:00";32.90;21.90;21.90;0.00;0.00;0.00;0.00;0.00;0.00;0.00;22.34;69.04;16.38;0.00;0.00;2000.00;20.47;
"2019-09-09 12:46:00";33.20;22.00;21.90;0.00;0.00;0.00;0.00;0.00;0.00;0.00;22.35;69.13;16.41;0.00;0.00;2000.00;20.47;
"2019-09-09 12:51:00";33.60;22.00;22.00;0.00;0.00;0.00;0.00;0.00;0.00;0.00;22.27;68.55;16.21;0.00;0.00;2000.00;20.47;
"2019-09-09 12:56:00";34.00;22.10;22.00;0.00;0.00;0.00;0.00;0.00;0.00;0.00;22.60;69.05;16.63;0.00;0.00;2000.00;20.47;
"2019-09-09 13:01:00";34.20;22.20;22.10;0.00;0.00;0.00;0.00;0.00;0.00;0.00;22.66;68.02;16.46;0.00;0.00;2000.00;20.47;
"2019-09-09 13:06:00";34.50;22.20;22.10;0.00;0.00;0.00;0.00;0.00;0.00;0.00;22.82;67.89;16.58;0.00;0.00;2000.00;20.47;
"2019-09-09 13:11:00";34.70;22.30;22.20;0.00;0.00;0.00;0.00;0.00;0.00;0.00;22.80;67.62;16.49;0.00;0.00;2000.00;20.47;
"2019-09-09 13:16:00";35.00;22.30;22.20;0.00;0.00;0.00;0.00;0.00;0.00;1.57;22.72;66.81;16.23;0.00;0.00;2000.00;20.47;
"2019-09-09 13:21:00";35.10;22.40;22.30;0.00;0.00;0.00;0.00;1.87;50.82;2.96;22.68;66.35;16.09;0.00;0.00;2000.00;20.47;
"2019-09-09 13:26:00";35.10;22.40;22.30;0.00;0.00;0.00;0.00;0.00;0.00;0.00;22.66;67.27;16.28;0.00;0.00;2000.00;20.47;
"2019-09-09 13:31:00";35.40;22.50;22.40;0.00;0.00;0.00;0.00;0.00;0.00;0.00;23.29;67.62;16.96;0.00;0.00;2000.00;20.47;
"2019-09-09 13:36:00";35.50;22.60;22.50;0.00;0.00;0.00;0.00;0.00;0.00;2.27;23.14;66.46;16.55;0.00;0.00;2000.00;20.47;
"2019-09-09 13:41:00";35.90;22.70;22.50;0.00;0.00;0.00;0.00;0.00;0.00;0.53;23.32;66.23;16.67;0.00;0.00;2000.00;20.47;
"2019-09-09 13:46:00";36.10;22.70;22.60;0.00;0.00;0.00;0.00;0.00;0.00;0.00;23.41;66.38;16.79;0.00;0.00;2000.00;20.47;
"2019-09-09 13:51:00";36.10;22.80;22.60;0.00;0.00;0.00;0.00;1.31;84.04;1.85;23.53;65.61;16.71;0.00;0.00;2000.00;20.47;
"2019-09-09 13:56:00";36.30;22.80;22.70;0.00;0.00;0.00;0.00;0.00;0.00;2.12;23.53;64.76;16.51;0.00;0.00;2000.00;20.47;
"2019-09-09 14:01:00";36.40;23.00;22.70;0.00;0.00;0.00;0.00;0.00;0.00;0.85;23.40;64.84;16.41;0.00;0.00;2000.00;20.47;
"2019-09-09 14:06:00";35.70;23.10;22.80;0.00;0.00;0.00;0.00;0.00;0.00;0.00;23.73;64.55;16.65;0.00;0.00;2000.00;20.47;
"2019-09-09 14:11:00";36.10;23.20;22.80;0.00;0.00;0.00;0.00;0.00;0.00;0.00;23.80;64.04;16.59;0.00;0.00;2000.00;20.47;
"2019-09-09 14:16:00";36.40;23.20;23.00;0.00;0.00;0.00;0.00;0.74;98.18;2.82;23.93;64.30;16.78;0.00;0.00;2000.00;20.47;
"2019-09-09 14:21:00";36.70;23.30;23.10;0.00;0.00;0.00;0.00;3.19;80.07;3.19;24.14;64.09;16.92;0.00;0.00;2000.00;20.47;
"2019-09-09 14:26:00";36.90;23.40;23.10;0.00;0.00;0.00;0.00;0.00;0.00;0.00;24.19;63.50;16.82;0.00;0.00;2000.00;20.47;
"2019-09-09 14:31:00";37.10;23.40;23.20;0.00;0.00;0.00;0.00;0.00;0.00;0.00;24.49;63.52;17.11;0.00;0.00;2000.00;20.47;
"2019-09-09 14:36:00";37.10;23.50;23.30;0.00;0.00;0.00;0.00;0.00;0.00;1.85;24.66;61.84;16.85;0.00;0.00;2000.00;20.47;
"2019-09-09 14:41:00";37.20;23.60;23.30;0.00;0.00;0.00;0.00;0.00;0.00;0.67;24.65;62.04;16.89;0.00;0.00;2000.00;20.47;
"2019-09-09 14:46:00";37.20;23.60;23.40;0.00;0.00;0.00;0.00;0.00;0.00;0.91;24.73;61.46;16.81;0.00;0.00;2000.00;20.47;
"2019-09-09 14:51:00";37.20;23.70;23.40;0.00;0.00;0.00;0.00;0.00;0.00;0.00;24.88;61.17;16.88;0.00;0.00;2000.00;20.47;
"2019-09-09 14:56:00";37.20;23.80;23.50;0.00;0.00;0.00;0.00;0.00;0.00;0.00;25.07;60.76;16.95;0.00;0.00;2000.00;20.47;
"2019-09-09 15:01:00";37.50;23.80;23.60;0.00;0.00;0.00;0.00;0.00;0.00;0.00;25.24;60.55;17.06;0.00;0.00;2000.00;20.47;
"2019-09-09 15:06:00";37.50;23.90;23.60;0.00;0.00;0.00;0.00;0.00;0.00;0.00;25.37;60.97;17.29;0.00;0.00;2000.00;20.47;
"2019-09-09 15:11:00";37.60;24.10;23.70;0.00;0.00;0.00;0.00;0.00;0.00;0.00;25.60;59.60;17.15;0.00;0.00;2000.00;20.47;
"2019-09-09 15:16:00";37.50;24.10;23.70;0.00;0.00;0.00;0.00;2.34;68.57;2.34;25.39;58.63;16.69;0.00;0.00;2000.00;20.47;
"2019-09-09 15:21:00";37.60;24.20;23.80;0.00;0.00;0.00;0.00;0.00;0.00;0.00;25.51;58.91;16.88;0.00;0.00;2000.00;20.47;
"2019-09-09 15:26:00";37.60;24.30;23.90;0.00;0.00;0.00;0.00;0.00;0.00;1.54;25.70;58.35;16.91;0.00;0.00;2000.00;20.47;
"2019-09-09 15:31:00";37.60;24.40;23.90;0.00;0.00;0.00;0.00;0.73;143.30;2.41;25.52;58.06;16.66;0.00;0.00;2000.00;20.47;
"2019-09-09 15:36:00";37.50;24.40;24.10;0.00;0.00;0.00;0.00;0.00;0.00;0.00;25.48;59.08;16.90;0.00;0.00;2000.00;20.47;
"2019-09-09 15:41:00";37.50;24.50;24.20;0.00;0.00;0.00;0.00;0.00;0.00;1.43;25.63;58.47;16.88;0.00;0.00;2000.00;20.47;
"2019-09-09 15:46:00";37.30;24.60;24.20;0.00;0.00;0.00;0.00;1.00;155.39;3.68;25.57;58.12;16.73;0.00;0.00;2000.00;20.47;
"2019-09-09 15:51:00";37.30;24.60;24.30;0.00;0.00;0.00;0.00;0.00;0.00;1.41;25.79;57.90;16.87;0.00;0.00;2000.00;20.47;
"2019-09-09 15:56:00";37.20;24.70;24.30;0.00;0.00;0.00;0.00;0.00;0.00;1.61;25.77;57.80;16.82;0.00;0.00;2000.00;20.47;
"2019-09-09 16:01:00";37.20;24.70;24.40;0.00;0.00;0.00;0.00;0.00;0.00;1.26;25.89;57.37;16.82;0.00;0.00;2000.00;20.47;
"2019-09-09 16:06:00";36.90;24.80;24.50;0.00;0.00;0.00;0.00;1.42;77.69;2.87;26.13;56.23;16.72;0.00;0.00;2000.00;20.47;
"2019-09-09 16:11:00";36.80;25.00;24.50;0.00;0.00;0.00;0.00;1.70;77.95;1.70;26.16;56.81;16.92;0.00;0.00;2000.00;20.47;
"2019-09-09 16:16:00";36.40;25.00;24.60;0.00;0.00;0.00;0.00;0.00;0.00;0.00;26.20;56.32;16.82;0.00;0.00;2000.00;20.47;
"2019-09-09 16:21:00";36.10;25.10;24.60;0.00;0.00;0.00;0.00;0.00;0.00;2.29;26.24;56.00;16.76;0.00;0.00;2000.00;20.47;
"2019-09-09 16:26:00";36.00;25.10;24.70;0.00;0.00;0.00;0.00;0.00;0.00;0.00;26.10;55.70;16.55;0.00;0.00;2000.00;20.47;
"2019-09-09 16:31:00";36.00;25.20;24.70;0.00;0.00;0.00;0.00;0.00;0.00;0.00;26.34;56.57;17.02;0.00;0.00;2000.00;20.47;
"2019-09-09 16:36:00";35.70;25.20;24.80;0.00;0.00;0.00;0.00;0.00;0.00;0.00;26.45;55.24;16.74;0.00;0.00;2000.00;20.47;
"2019-09-09 16:41:00";35.70;25.30;24.80;0.00;0.00;0.00;0.00;0.00;0.00;0.00;26.38;54.65;16.51;0.00;0.00;2000.00;20.47;
"2019-09-09 16:46:00";35.50;25.30;25.00;0.00;0.00;0.00;0.00;0.00;0.00;0.00;26.49;55.41;16.84;0.00;0.00;2000.00;20.47;
"2019-09-09 16:51:00";35.40;25.40;25.00;0.00;0.00;0.00;0.00;0.00;0.00;0.00;26.76;55.47;17.10;0.00;0.00;2000.00;20.47;
"2019-09-09 16:56:00";35.10;25.40;25.10;0.00;0.00;0.00;0.00;1.56;68.24;1.56;26.68;54.09;16.63;0.00;0.00;2000.00;20.47;
"2019-09-09 17:01:00";35.00;25.50;25.10;0.00;0.00;0.00;0.00;0.00;0.00;0.00;26.50;54.93;16.70;0.00;0.00;2000.00;20.47;
"2019-09-09 17:06:00";34.60;25.50;25.20;0.00;0.00;0.00;0.00;3.67;66.39;3.67;26.61;54.14;16.58;0.00;0.00;2000.00;20.47;
"2019-09-09 17:11:00";33.80;25.60;25.20;0.00;0.00;0.00;0.00;0.00;0.00;1.80;26.43;54.99;16.66;0.00;0.00;2000.00;20.47;
"2019-09-09 17:16:00";33.50;25.60;25.30;0.00;0.00;0.00;0.00;0.00;0.00;0.00;26.25;55.16;16.54;0.00;0.00;2000.00;20.47;
"2019-09-09 17:21:00";33.20;25.80;25.30;0.00;0.00;0.00;0.00;0.00;0.00;1.05;26.21;55.90;16.71;0.00;0.00;2000.00;20.47;
"2019-09-09 17:26:00";32.80;25.80;25.40;0.00;0.00;0.00;0.00;0.00;0.00;0.00;26.24;55.88;16.73;0.00;0.00;2000.00;20.47;
"2019-09-09 17:31:00";32.40;25.80;25.40;0.00;0.00;0.00;0.00;0.00;0.00;0.00;26.07;56.37;16.71;0.00;0.00;2000.00;20.47;
"2019-09-09 17:36:00";32.30;25.90;25.40;0.00;0.00;0.00;0.00;0.00;0.00;1.83;26.08;56.68;16.80;0.00;0.00;2000.00;20.47;
"2019-09-09 17:41:00";32.30;25.90;25.50;0.00;0.00;0.00;0.00;0.00;0.00;0.00;26.27;56.45;16.92;0.00;0.00;2000.00;20.47;
"2019-09-09 17:46:00";31.90;25.90;25.50;0.00;0.00;0.00;0.00;0.00;0.00;0.00;26.35;56.48;17.00;0.00;0.00;2000.00;20.47;
"2019-09-09 17:51:00";31.50;26.00;25.50;0.00;0.00;0.00;0.00;0.00;0.00;0.00;26.17;56.92;16.96;0.00;0.00;2000.00;20.47;
"2019-09-09 17:56:00";31.30;26.00;25.50;0.00;0.00;0.00;0.00;0.00;0.00;0.96;26.12;57.29;17.01;0.00;0.00;2000.00;20.47;
"2019-09-09 18:01:00";30.50;26.00;25.60;0.00;0.00;0.00;0.00;0.00;0.00;0.90;26.01;57.39;16.94;0.00;0.00;2000.00;20.47;
"2019-09-09 18:06:00";30.20;26.00;25.60;0.00;0.00;0.00;0.00;0.00;0.00;0.00;25.78;57.85;16.85;0.01;0.00;2000.00;20.48;
"2019-09-09 18:11:00";30.00;26.00;25.60;0.00;0.00;0.00;0.00;0.00;0.00;0.00;25.55;58.42;16.79;0.00;0.00;2000.00;20.48;
"2019-09-09 18:16:00";30.10;26.10;25.60;0.00;0.00;0.00;0.00;0.00;0.00;0.00;25.54;58.62;16.83;0.00;0.00;2000.00;20.48;
"2019-09-09 18:21:00";30.10;26.10;25.80;0.00;0.00;0.00;0.00;0.00;0.00;0.00;25.72;58.40;16.95;0.00;0.00;2000.00;20.48;
"2019-09-09 18:26:00";30.00;26.10;25.80;0.00;0.00;0.00;0.00;0.00;0.00;0.00;25.87;57.02;16.71;0.00;0.00;2000.00;20.48;
"2019-09-09 18:31:00";29.80;26.10;25.80;0.00;0.00;0.00;0.00;0.00;0.00;0.53;25.94;56.80;16.71;0.00;0.00;2000.00;20.48;
"2019-09-09 18:36:00";29.50;26.10;25.80;0.00;0.00;0.00;0.00;0.00;0.00;0.00;25.94;56.40;16.60;0.00;0.00;2000.00;20.48;
"2019-09-09 18:41:00";29.30;26.10;25.80;0.00;0.00;0.00;0.00;0.00;0.00;0.00;25.85;55.37;16.22;0.00;0.00;2000.00;20.48;
"2019-09-09 18:46:00";29.10;26.10;25.90;0.00;0.00;0.00;0.00;0.00;0.00;0.00;25.72;53.74;15.63;0.00;0.00;2000.00;20.48;
"2019-09-09 18:51:00";28.90;26.10;25.80;0.00;0.00;0.00;0.00;0.00;0.00;0.00;25.61;52.84;15.27;0.00;0.00;2000.00;20.48;
"2019-09-09 18:56:00";28.70;26.10;25.90;0.00;0.00;0.00;0.00;0.00;0.00;0.00;25.53;51.67;14.85;0.00;0.00;2000.00;20.48;
"2019-09-09 19:01:00";28.40;26.10;25.90;0.00;0.00;0.00;0.00;0.00;0.00;0.00;25.51;49.95;14.30;0.00;0.00;2000.00;20.48;
"2019-09-09 19:06:00";28.10;26.10;25.90;0.00;0.00;0.00;0.00;0.00;0.00;0.00;25.42;49.35;14.03;0.00;0.00;2000.00;20.48;
"2019-09-09 19:11:00";27.90;26.10;25.90;0.00;0.00;0.00;0.00;0.00;0.00;0.00;25.29;49.59;14.00;0.02;60.00;2000.00;20.50;
"2019-09-09 19:16:00";27.60;26.10;25.90;0.00;0.00;0.00;0.00;0.00;0.00;0.00;25.05;48.86;13.54;0.00;0.00;2000.00;20.50;
"2019-09-09 19:21:00";27.40;26.10;25.90;0.00;0.00;0.00;0.00;0.00;0.00;0.00;24.93;48.40;13.29;0.00;0.00;2000.00;20.50;
"2019-09-09 19:26:00";27.10;26.10;25.90;0.00;0.00;0.00;0.00;0.00;0.00;0.00;24.71;47.64;12.85;0.00;0.00;2000.00;20.50;
"2019-09-09 19:31:00";26.80;26.10;25.90;0.00;0.00;0.00;0.00;0.00;0.00;0.00;24.58;47.51;12.68;0.00;0.00;2000.00;20.50;
"2019-09-09 19:36:00";26.60;26.10;25.90;0.00;0.00;0.00;0.00;0.00;0.00;0.00;24.31;48.00;12.60;0.00;0.00;2000.00;20.50;
"2019-09-09 19:41:00";26.40;26.10;25.90;0.00;0.00;0.00;0.00;0.00;0.00;0.00;24.12;48.14;12.46;0.10;0.00;2000.00;20.60;
"2019-09-09 19:46:00";26.20;26.10;25.90;0.00;0.00;0.00;0.00;0.00;0.00;0.00;23.90;48.23;12.29;0.02;60.00;2000.00;20.62;
"2019-09-09 19:51:00";26.00;26.10;25.90;0.00;0.00;0.00;0.00;0.00;0.00;0.00;23.76;48.39;12.21;0.01;60.00;2000.00;20.63;
"2019-09-09 19:56:00";25.80;26.10;25.90;0.00;0.00;0.00;0.00;0.00;0.00;0.00;23.68;48.44;12.16;0.00;0.00;2000.00;20.63;
"2019-09-09 20:01:00";25.60;26.00;25.90;0.00;0.00;0.00;0.00;0.00;0.00;0.00;23.44;48.82;12.05;0.08;0.00;2000.00;20.71;
"2019-09-09 20:06:00";25.40;26.00;25.80;0.00;0.00;0.00;0.00;0.00;0.00;0.00;23.29;49.32;12.07;0.04;60.00;2000.00;20.75;
"2019-09-09 20:11:00";25.20;26.00;25.80;0.00;0.00;0.00;0.00;0.00;0.00;0.00;23.10;49.63;11.99;0.07;60.00;2000.00;20.82;
"2019-09-09 20:16:00";25.00;26.00;25.80;0.00;0.00;0.00;0.00;0.00;0.00;0.00;22.97;49.96;11.98;0.02;60.00;2000.00;20.84;
"2019-09-09 20:21:00";24.80;26.00;25.80;0.00;0.00;0.00;0.00;0.00;0.00;0.00;22.79;50.22;11.88;0.01;60.00;2000.00;20.85;
"2019-09-09 20:26:00";24.60;26.00;25.80;0.00;0.00;0.00;0.00;0.00;0.00;0.00;22.68;50.41;11.84;0.00;0.00;2000.00;20.85;
"2019-09-09 20:31:00";24.50;25.90;25.80;0.00;0.00;0.00;0.00;0.00;0.00;0.00;22.54;51.04;11.90;0.00;0.00;2000.00;20.85;
"2019-09-09 20:36:00";24.30;25.90;25.80;0.00;0.00;0.00;0.00;0.00;0.00;0.00;22.31;51.62;11.86;0.00;0.00;2000.00;20.85;
"2019-09-09 20:41:00";24.20;25.90;25.80;0.00;0.00;0.00;0.00;0.00;0.00;0.00;22.19;51.81;11.81;0.00;0.00;2000.00;20.85;
"2019-09-09 20:46:00";24.00;25.90;25.80;0.00;0.00;0.00;0.00;0.00;0.00;0.00;22.07;52.31;11.84;0.00;0.00;2000.00;20.85;
"2019-09-09 20:51:00";23.90;25.80;25.60;0.00;0.00;0.00;0.00;0.00;0.00;0.00;21.91;52.80;11.84;0.00;0.00;2000.00;20.85;
"2019-09-09 20:56:00";23.70;25.80;25.60;0.00;0.00;0.00;0.00;0.00;0.00;0.00;21.77;53.50;11.90;0.00;0.00;2000.00;20.85;
"2019-09-09 21:01:00";23.60;25.80;25.60;0.00;0.00;0.00;0.00;0.00;0.00;0.00;21.51;54.37;11.91;0.00;0.00;2000.00;20.85;
"2019-09-09 21:06:00";23.40;25.80;25.60;0.00;0.00;0.00;0.00;0.00;0.00;0.00;21.38;54.89;11.94;0.00;0.00;2000.00;20.85;
"2019-09-09 21:11:00";23.30;25.60;25.60;0.00;0.00;0.00;0.00;0.00;0.00;0.00;21.27;55.06;11.88;0.00;0.00;2000.00;20.85;
"2019-09-09 21:16:00";23.20;25.60;25.50;0.00;0.00;0.00;0.00;0.00;0.00;0.00;21.17;55.40;11.88;0.00;0.00;2000.00;20.85;
"2019-09-09 21:21:00";23.10;25.60;25.50;0.00;0.00;0.00;0.00;0.00;0.00;0.00;21.03;55.68;11.83;0.00;0.00;2000.00;20.85;
"2019-09-09 21:26:00";23.00;25.60;25.50;0.00;0.00;0.00;0.00;0.00;0.00;0.00;20.92;56.04;11.82;0.00;0.00;2000.00;20.85;
"2019-09-09 21:31:00";22.90;25.50;25.50;0.00;0.00;0.00;0.00;0.00;0.00;0.00;20.82;56.41;11.82;0.00;0.00;2000.00;20.85;
"2019-09-09 21:36:00";22.70;25.50;25.40;0.00;0.00;0.00;0.00;0.00;0.00;0.00;20.72;56.87;11.86;0.00;0.00;2000.00;20.85;
"2019-09-09 21:41:00";22.70;25.50;25.40;0.00;0.00;0.00;0.00;0.00;0.00;0.00;20.65;57.25;11.90;0.00;0.00;2000.00;20.85;
"2019-09-09 21:46:00";22.60;25.40;25.40;0.00;0.00;0.00;0.00;0.00;0.00;0.00;20.58;57.59;11.91;0.00;0.00;2000.00;20.85;
"2019-09-09 21:51:00";22.50;25.40;25.40;0.00;0.00;0.00;0.00;0.00;0.00;0.00;20.51;58.11;11.99;0.00;0.00;2000.00;20.85;
"2019-09-09 21:56:00";22.40;25.40;25.30;0.00;0.00;0.00;0.00;0.00;0.00;0.00;20.41;58.67;12.04;0.00;0.00;2000.00;20.85;
"2019-09-09 22:01:00";22.40;25.30;25.30;0.00;0.00;0.00;0.00;0.00;0.00;0.00;20.37;58.60;11.98;0.00;0.00;2000.00;20.85;
"2019-09-09 22:06:00";22.30;25.30;25.30;0.00;0.00;0.00;0.00;0.00;0.00;0.00;20.32;58.83;12.00;0.00;0.00;2000.00;20.85;
"2019-09-09 22:11:00";22.20;25.30;25.30;0.00;0.00;0.00;0.00;0.00;0.00;0.00;20.36;58.73;12.01;0.00;0.00;2000.00;20.85;
"2019-09-09 22:16:00";22.10;25.30;25.30;0.00;0.00;0.00;0.00;0.00;0.00;0.00;20.40;58.48;11.98;0.00;0.00;2000.00;20.85;
"2019-09-09 22:21:00";22.00;25.20;25.20;0.00;0.00;0.00;0.00;0.00;0.00;0.00;20.50;58.27;12.02;0.00;0.00;2000.00;20.85;
"2019-09-09 22:26:00";22.00;25.20;25.20;0.00;0.00;0.00;0.00;0.00;0.00;0.00;20.53;57.95;11.97;0.00;0.00;2000.00;20.85;
"2019-09-09 22:31:00";21.90;25.20;25.20;0.00;0.00;0.00;0.00;0.00;0.00;0.00;20.50;58.13;11.99;0.00;0.00;2000.00;20.85;
"2019-09-09 22:36:00";21.80;25.10;25.10;0.00;0.00;0.00;0.00;0.00;0.00;0.00;20.51;58.05;11.97;0.00;0.00;2000.00;20.85;
"2019-09-09 22:41:00";21.70;25.10;25.10;0.00;0.00;0.00;0.00;0.00;0.00;0.00;20.46;58.17;11.96;0.00;0.00;2000.00;20.85;
"2019-09-09 22:46:00";21.60;25.10;25.10;0.00;0.00;0.00;0.00;0.00;0.00;0.00;20.39;58.52;11.99;0.00;0.00;2000.00;20.85;
"2019-09-09 22:51:00";21.60;25.00;25.10;0.00;0.00;0.00;0.00;0.00;0.00;0.00;20.27;58.80;11.94;0.00;0.00;2000.00;20.85;
"2019-09-09 22:56:00";21.50;25.00;25.00;0.00;0.00;0.00;0.00;0.00;0.00;0.00;20.18;59.15;11.95;0.00;0.00;2000.00;20.85;
"2019-09-09 23:01:00";21.40;25.00;25.00;0.00;0.00;0.00;0.00;0.00;0.00;0.00;20.15;59.33;11.96;0.00;0.00;2000.00;20.85;
"2019-09-09 23:06:00";21.40;25.00;25.00;0.00;0.00;0.00;0.00;0.00;0.00;0.00;20.13;59.42;11.97;0.00;0.00;2000.00;20.85;
"2019-09-09 23:11:00";21.30;24.80;25.00;0.00;0.00;0.00;0.00;0.00;0.00;0.00;20.05;59.68;11.96;0.00;0.00;2000.00;20.85;
"2019-09-09 23:16:00";20.60;24.80;24.80;0.00;26.00;0.00;0.00;0.00;0.00;0.00;19.95;59.91;11.92;0.00;0.00;2000.00;20.85;
"2019-09-09 23:21:00";19.90;24.70;24.80;0.00;0.00;0.00;0.00;0.00;0.00;0.00;19.90;60.18;11.95;0.00;0.00;2000.00;20.85;
"2019-09-09 23:26:00";20.10;24.70;24.80;0.00;0.00;0.00;0.00;0.00;0.00;0.00;19.79;60.56;11.94;0.00;0.00;2000.00;20.85;
"2019-09-09 23:31:00";20.30;24.70;24.80;0.00;0.00;0.00;0.00;0.00;0.00;0.00;19.62;61.12;11.92;0.00;0.00;2000.00;20.85;
"2019-09-09 23:36:00";20.40;24.70;24.70;0.00;0.00;0.00;0.00;0.00;0.00;0.00;19.50;61.59;11.92;0.00;0.00;2000.00;20.85;
"2019-09-09 23:41:00";20.50;24.60;24.70;0.00;0.00;0.00;0.00;0.00;0.00;0.00;19.49;61.74;11.95;0.00;0.00;2000.00;20.85;
"2019-09-09 23:46:00";20.50;24.60;24.70;0.00;0.00;0.00;0.00;0.00;0.00;0.00;19.48;61.75;11.94;0.00;0.00;2000.00;20.85;
"2019-09-09 23:51:00";20.50;24.60;24.60;0.00;0.00;0.00;0.00;0.00;0.00;0.00;19.39;61.89;11.90;0.00;0.00;2000.00;20.85;
"2019-09-09 23:56:00";20.40;24.50;24.60;0.00;0.00;0.00;0.00;0.00;0.00;0.00;19.31;62.21;11.90;0.00;0.00;2000.00;20.85;
"2019-09-10 00:01:00";20.40;24.50;24.60;0.00;0.00;0.00;0.00;0.00;0.00;0.00;19.19;62.54;11.86;0.00;0.00;2000.00;20.85;
"2019-09-10 00:06:00";20.40;24.50;24.60;0.00;0.00;0.00;0.00;0.00;0.00;0.00;19.06;62.95;11.83;0.00;0.00;2000.00;20.85;
"2019-09-10 00:11:00";20.30;24.50;24.50;0.00;0.00;0.00;0.00;0.00;0.00;0.00;18.99;63.23;11.84;0.00;0.00;2000.00;20.85;
"2019-09-10 00:16:00";20.20;24.40;24.50;0.00;0.00;0.00;0.00;0.00;0.00;0.00;18.86;63.55;11.79;0.00;0.00;2000.00;20.85;
"2019-09-10 00:21:00";20.10;24.40;24.50;0.00;0.00;0.00;0.00;0.00;0.00;0.00;18.76;63.91;11.78;0.00;0.00;2000.00;20.85;
"2019-09-10 00:26:00";20.00;24.30;24.40;0.00;0.00;0.00;0.00;0.00;0.00;0.00;18.64;64.20;11.74;0.00;0.00;2000.00;20.85;
"2019-09-10 00:31:00";20.00;24.30;24.40;0.00;0.00;0.00;0.00;0.00;0.00;0.00;18.52;64.52;11.70;0.00;0.00;2000.00;20.85;
"2019-09-10 00:36:00";19.90;24.30;24.40;0.00;0.00;0.00;0.00;0.00;0.00;0.00;18.44;64.73;11.68;0.00;0.00;2000.00;20.85;
"2019-09-10 00:41:00";19.90;24.30;24.40;0.00;0.00;0.00;0.00;0.00;0.00;0.00;18.34;65.07;11.66;0.00;0.00;2000.00;20.85;
"2019-09-10 00:46:00";19.80;24.30;24.40;0.00;0.00;0.00;0.00;0.00;0.00;0.00;18.35;65.08;11.67;0.00;0.00;2000.00;20.85;
"2019-09-10 00:51:00";19.80;24.20;24.30;0.00;0.00;0.00;0.00;0.00;0.00;0.00;18.28;65.08;11.60;0.00;0.00;2000.00;20.85;
"2019-09-10 00:56:00";19.70;24.20;24.30;0.00;0.00;0.00;0.00;0.00;0.00;0.00;18.22;65.23;11.58;0.00;0.00;2000.00;20.85;
"2019-09-10 01:01:00";19.60;24.10;24.30;0.00;0.00;0.00;0.00;0.00;0.00;0.00;18.11;65.36;11.51;0.00;0.00;2000.00;20.85;
"2019-09-10 01:06:00";19.50;24.10;24.20;0.00;0.00;0.00;0.00;0.00;0.00;0.00;18.04;65.63;11.50;0.00;0.00;2000.00;20.85;
"2019-09-10 01:11:00";19.50;24.10;24.20;0.00;0.00;0.00;0.00;0.00;0.00;0.00;17.95;65.78;11.45;0.00;0.00;2000.00;20.85;
"2019-09-10 01:16:00";19.40;24.10;24.20;0.00;0.00;0.00;0.00;0.00;0.00;0.00;17.85;65.94;11.40;0.00;0.00;2000.00;20.85;
"2019-09-10 01:21:00";19.30;23.90;24.10;0.00;0.00;0.00;0.00;0.00;0.00;0.00;17.79;66.38;11.44;0.00;0.00;2000.00;20.85;
"2019-09-10 01:26:00";19.30;23.90;24.10;0.00;0.00;0.00;0.00;0.00;0.00;0.00;17.74;66.56;11.43;0.00;0.00;2000.00;20.85;
"2019-09-10 01:31:00";19.30;23.90;24.10;0.00;0.00;0.00;0.00;0.00;0.00;0.00;17.61;66.67;11.33;0.00;0.00;2000.00;20.85;
"2019-09-10 01:36:00";19.20;23.80;24.10;0.00;0.00;0.00;0.00;0.00;0.00;0.00;17.55;66.81;11.31;0.00;0.00;2000.00;20.85;
"2019-09-10 01:41:00";19.10;23.80;23.90;0.00;0.00;0.00;0.00;0.00;0.00;0.00;17.48;66.94;11.27;0.00;0.00;2000.00;20.85;
"2019-09-10 01:46:00";19.10;23.80;23.90;0.00;0.00;0.00;0.00;0.00;0.00;0.00;17.49;67.06;11.30;0.00;0.00;2000.00;20.85;
"2019-09-10 01:51:00";19.00;23.80;23.90;0.00;0.00;0.00;0.00;0.00;0.00;0.00;17.46;67.00;11.26;0.00;0.00;2000.00;20.85;
"2019-09-10 01:56:00";18.90;23.70;23.80;0.00;0.00;0.00;0.00;0.00;0.00;0.00;17.41;66.99;11.22;0.00;0.00;2000.00;20.85;
"2019-09-10 02:01:00";18.90;23.70;23.80;0.00;0.00;0.00;0.00;0.00;0.00;0.00;17.30;67.03;11.12;0.00;0.00;2000.00;20.85;
"2019-09-10 02:06:00";18.80;23.60;23.80;0.00;0.00;0.00;0.00;0.00;0.00;0.00;17.21;67.10;11.05;0.00;0.00;2000.00;20.85;
"2019-09-10 02:11:00";18.80;23.60;23.80;0.00;0.00;0.00;0.00;0.00;0.00;0.00;17.13;67.21;11.00;0.00;0.00;2000.00;20.85;
"2019-09-10 02:16:00";18.70;23.60;23.70;0.00;0.00;0.00;0.00;0.00;0.00;0.00;17.10;67.33;11.00;0.00;0.00;2000.00;20.85;
"2019-09-10 02:21:00";18.60;23.50;23.70;0.00;0.00;0.00;0.00;0.00;0.00;0.00;17.03;67.43;10.95;0.00;0.00;2000.00;20.85;
"2019-09-10 02:26:00";18.60;23.50;23.70;0.00;0.00;0.00;0.00;0.00;0.00;0.00;16.99;67.53;10.93;0.00;0.00;2000.00;20.85;
"2019-09-10 02:31:00";18.50;23.50;23.70;0.00;0.00;0.00;0.00;0.00;0.00;0.00;16.95;67.64;10.92;0.00;0.00;2000.00;20.85;
"2019-09-10 02:36:00";18.40;23.40;23.60;0.00;0.00;0.00;0.00;0.00;0.00;0.00;16.88;67.74;10.87;0.00;0.00;2000.00;20.85;
"2019-09-10 02:41:00";18.40;23.40;23.60;0.00;0.00;0.00;0.00;0.00;0.00;0.00;16.88;67.81;10.89;0.00;0.00;2000.00;20.85;
"2019-09-10 02:46:00";18.30;23.40;23.60;0.00;0.00;0.00;0.00;0.00;0.00;0.00;16.81;67.86;10.84;0.00;0.00;2000.00;20.85;
"2019-09-10 02:51:00";18.20;23.40;23.60;0.00;28.00;0.00;0.00;0.00;0.00;0.00;16.74;68.01;10.80;0.00;0.00;2000.00;20.85;
"2019-09-10 02:56:00";17.70;23.30;23.50;0.00;11.00;0.00;0.00;0.00;0.00;0.00;16.70;68.16;10.80;0.00;0.00;2000.00;20.85;
"2019-09-10 03:01:00";17.60;23.30;23.50;0.00;0.00;0.00;0.00;0.00;0.00;0.00;16.61;68.32;10.75;0.00;0.00;2000.00;20.85;
"2019-09-10 03:06:00";17.60;23.30;23.50;0.00;0.00;0.00;0.00;0.00;0.00;0.00;16.59;68.47;10.76;0.00;0.00;2000.00;20.85;
"2019-09-10 03:11:00";17.70;23.30;23.40;0.00;0.00;0.00;0.00;0.00;0.00;0.00;16.58;68.62;10.78;0.00;0.00;2000.00;20.85;
"2019-09-10 03:16:00";17.70;23.20;23.40;0.00;0.00;0.00;0.00;0.00;0.00;0.00;16.54;68.77;10.78;0.00;0.00;2000.00;20.85;
"2019-09-10 03:21:00";17.70;23.20;23.40;0.00;0.00;0.00;0.00;0.00;0.00;0.00;16.54;68.88;10.80;0.00;0.00;2000.00;20.85;
"2019-09-10 03:26:00";17.70;23.20;23.40;0.00;0.00;0.00;0.00;0.00;0.00;0.00;16.53;69.00;10.82;0.00;0.00;2000.00;20.85;
"2019-09-10 03:31:00";17.70;23.20;23.40;0.00;0.00;0.00;0.00;0.00;0.00;0.00;16.51;69.09;10.82;0.00;0.00;2000.00;20.85;
"2019-09-10 03:36:00";17.70;23.10;23.30;0.00;0.00;0.00;0.00;0.00;0.00;0.00;16.57;69.18;10.90;0.00;0.00;2000.00;20.85;
"2019-09-10 03:41:00";17.70;23.10;23.30;0.00;0.00;0.00;0.00;0.00;0.00;0.00;16.57;69.19;10.90;0.00;0.00;2000.00;20.85;
"2019-09-10 03:46:00";17.70;23.00;23.20;0.00;0.00;0.00;0.00;0.00;0.00;0.00;16.56;69.21;10.90;0.00;0.00;2000.00;20.85;
"2019-09-10 03:51:00";17.60;23.00;23.20;0.00;0.00;0.00;0.00;0.00;0.00;0.00;16.55;69.37;10.92;0.00;0.00;2000.00;20.85;
"2019-09-10 03:56:00";17.60;23.00;23.20;0.00;0.00;0.00;0.00;0.00;0.00;0.00;16.53;69.39;10.90;0.00;0.00;2000.00;20.85;
"2019-09-10 04:01:00";17.60;23.00;23.20;0.00;0.00;0.00;0.00;0.00;0.00;0.00;16.49;69.49;10.89;0.00;0.00;2000.00;20.85;
"2019-09-10 04:06:00";17.50;22.80;23.10;0.00;0.00;0.00;0.00;0.00;0.00;0.00;16.42;69.60;10.85;0.00;0.00;2000.00;20.85;
"2019-09-10 04:11:00";17.50;22.80;23.10;0.00;0.00;0.00;0.00;0.00;0.00;0.00;16.37;69.73;10.82;0.00;0.00;2000.00;20.85;
"2019-09-10 04:16:00";17.50;22.80;23.10;0.00;0.00;0.00;0.00;0.00;0.00;0.00;16.39;69.90;10.88;0.00;0.00;2000.00;20.85;
"2019-09-10 04:21:00";17.50;22.80;23.10;0.00;0.00;0.00;0.00;0.00;0.00;0.00;16.38;70.01;10.89;0.00;0.00;2000.00;20.85;
"2019-09-10 04:26:00";17.50;22.70;23.10;0.00;0.00;0.00;0.00;0.00;0.00;0.00;16.35;70.09;10.88;0.00;0.00;2000.00;20.85;
"2019-09-10 04:31:00";17.40;22.70;23.00;0.00;0.00;0.00;0.00;0.00;0.00;0.00;16.41;70.21;10.96;0.00;0.00;2000.00;20.85;
"2019-09-10 04:36:00";17.50;22.70;23.00;0.00;0.00;0.00;0.00;0.00;0.00;0.00;16.39;70.24;10.96;0.00;0.00;2000.00;20.85;
"2019-09-10 04:41:00";17.50;22.60;23.00;0.00;0.00;0.00;0.00;0.00;0.00;0.00;16.36;70.34;10.95;0.00;0.00;2000.00;20.85;
"2019-09-10 04:46:00";17.50;22.60;22.80;0.00;0.00;0.00;0.00;0.00;0.00;0.00;16.36;70.50;10.98;0.00;0.00;2000.00;20.85;
"2019-09-10 04:51:00";17.50;22.60;22.80;0.00;0.00;0.00;0.00;0.63;111.43;0.63;16.41;70.65;11.06;0.00;0.00;2000.00;20.85;
"2019-09-10 04:56:00";17.50;22.60;22.80;0.00;0.00;0.00;0.00;0.00;0.00;0.00;16.55;70.58;11.18;0.00;0.00;2000.00;20.85;
"2019-09-10 05:01:00";17.50;22.50;22.80;0.00;0.00;0.00;0.00;0.00;0.00;0.00;16.58;70.48;11.18;0.00;0.00;2000.00;20.85;
"2019-09-10 05:06:00";17.50;22.50;22.70;0.00;0.00;0.00;0.00;0.00;0.00;0.00;16.54;70.33;11.12;0.00;0.00;2000.00;20.85;
"2019-09-10 05:11:00";17.50;22.50;22.70;0.00;0.00;0.00;0.00;0.00;0.00;0.00;16.56;70.25;11.12;0.00;0.00;2000.00;20.85;
"2019-09-10 05:16:00";17.40;22.50;22.70;0.00;0.00;0.00;0.00;0.00;0.00;0.00;16.55;70.28;11.12;0.00;0.00;2000.00;20.85;
"2019-09-10 05:21:00";17.40;22.40;22.70;0.00;0.00;0.00;0.00;0.00;0.00;0.00;16.51;70.20;11.06;0.00;0.00;2000.00;20.85;
"2019-09-10 05:26:00";17.40;22.40;22.60;0.00;0.00;0.00;0.00;0.00;0.00;0.00;16.55;70.23;11.10;0.00;0.00;2000.00;20.85;
"2019-09-10 05:31:00";17.40;22.40;22.60;0.00;0.00;0.00;0.00;0.00;0.00;0.00;16.52;70.23;11.08;0.00;0.00;2000.00;20.85;
"2019-09-10 05:36:00";17.40;22.30;22.60;0.00;0.00;0.00;0.00;0.00;0.00;0.82;16.59;70.25;11.15;0.00;0.00;2000.00;20.85;
"2019-09-10 05:41:00";17.30;22.30;22.60;0.00;0.00;0.00;0.00;0.00;0.00;0.75;16.52;70.13;11.06;0.00;0.00;2000.00;20.85;
"2019-09-10 05:46:00";17.30;22.30;22.50;0.00;0.00;0.00;0.00;0.00;0.00;0.00;16.45;70.29;11.02;0.00;0.00;2000.00;20.85;
"2019-09-10 05:51:00";17.30;22.30;22.50;0.00;0.00;0.00;0.00;0.00;0.00;1.54;16.47;70.40;11.06;0.00;0.00;2000.00;20.85;
"2019-09-10 05:56:00";17.30;22.20;22.50;0.00;0.00;0.00;0.00;0.00;0.00;0.00;16.38;70.46;10.99;0.00;0.00;2000.00;20.85;
"2019-09-10 06:01:00";17.30;22.20;22.50;0.00;0.00;0.00;0.00;0.00;0.00;0.00;16.39;70.54;11.02;0.00;0.00;2000.00;20.85;
"2019-09-10 06:06:00";17.30;22.20;22.40;0.00;0.00;0.00;0.00;1.88;132.70;1.88;16.35;70.76;11.03;0.00;0.00;2000.00;20.85;
"2019-09-10 06:11:00";17.30;22.10;22.40;0.00;0.00;0.00;0.00;0.00;0.00;0.00;16.38;70.76;11.05;0.00;0.00;2000.00;20.85;
"2019-09-10 06:16:00";17.30;22.10;22.40;0.00;0.00;0.00;0.00;0.00;0.00;0.00;16.39;70.86;11.08;0.00;0.00;2000.00;20.85;
"2019-09-10 06:21:00";17.30;22.10;22.40;0.00;0.00;0.00;0.00;0.00;0.00;0.00;16.39;70.87;11.09;0.00;0.00;2000.00;20.85;
"2019-09-10 06:26:00";17.30;22.10;22.30;0.00;0.00;0.00;0.00;0.00;0.00;0.00;16.42;70.93;11.13;0.00;0.00;2000.00;20.85;
"2019-09-10 06:31:00";17.30;22.00;22.30;0.00;0.00;0.00;0.00;0.00;0.00;0.00;16.31;70.95;11.03;0.00;0.00;2000.00;20.85;
"2019-09-10 06:36:00";17.30;22.00;22.30;0.00;0.00;0.00;0.00;0.00;0.00;2.77;16.27;71.15;11.03;0.07;0.00;2000.00;20.92;
"2019-09-10 06:41:00";17.30;22.00;22.30;0.00;0.00;0.00;0.00;0.00;0.00;0.00;16.18;71.15;10.94;0.00;0.00;2000.00;20.92;
"2019-09-10 06:46:00";17.30;22.00;22.30;0.00;0.00;0.00;0.00;0.00;0.00;0.00;16.12;71.29;10.92;0.00;0.00;2000.00;20.92;
"2019-09-10 06:51:00";17.30;22.00;22.20;0.00;0.00;0.00;0.00;0.00;0.00;0.00;16.06;71.48;10.90;0.00;0.00;2000.00;20.92;
"2019-09-10 06:56:00";17.30;21.90;22.20;0.00;0.00;0.00;0.00;0.00;0.00;1.17;16.05;71.65;10.93;0.00;0.00;2000.00;20.92;
"2019-09-10 07:01:00";17.30;21.90;22.20;0.00;0.00;0.00;0.00;0.00;0.00;0.00;15.98;71.67;10.86;0.00;0.00;2000.00;20.92;
"2019-09-10 07:06:00";17.30;21.90;22.20;0.00;0.00;0.00;0.00;0.00;0.00;0.00;15.98;71.93;10.92;0.00;0.00;2000.00;20.92;
"2019-09-10 07:11:00";17.30;21.90;22.20;0.00;0.00;0.00;0.00;0.00;0.00;0.00;15.99;72.03;10.95;0.00;0.00;2000.00;20.92;
"2019-09-10 07:16:00";17.30;21.90;22.10;0.00;0.00;0.00;0.00;0.00;0.00;0.00;16.07;72.21;11.06;0.00;0.00;2000.00;20.92;
"2019-09-10 07:21:00";17.50;21.80;22.10;0.00;0.00;0.00;0.00;0.00;0.00;0.00;16.12;72.18;11.11;0.00;0.00;2000.00;20.92;
"2019-09-10 07:26:00";17.60;21.80;22.10;0.00;0.00;0.00;0.00;0.00;0.00;0.00;16.14;72.27;11.14;0.00;0.00;2000.00;20.92;
"2019-09-10 07:31:00";17.70;21.80;22.10;0.00;0.00;0.00;0.00;0.00;0.00;0.00;16.16;72.30;11.17;0.00;0.00;2000.00;20.92;
"2019-09-10 07:36:00";17.80;21.80;22.00;0.00;0.00;0.00;0.00;0.00;0.00;0.76;16.19;72.40;11.22;0.00;0.00;2000.00;20.92;
"2019-09-10 07:41:00";17.80;21.70;22.00;0.00;0.00;0.00;0.00;0.00;0.00;0.00;16.32;72.37;11.33;0.00;0.00;2000.00;20.92;
"2019-09-10 07:46:00";17.90;21.70;22.00;0.00;0.00;0.00;0.00;0.00;0.00;0.00;16.34;72.26;11.34;0.00;0.00;2000.00;20.92;
"2019-09-10 07:51:00";18.10;21.70;22.00;0.00;0.00;0.00;0.00;0.00;0.00;0.00;16.39;72.37;11.41;0.00;0.00;2000.00;20.92;
"2019-09-10 07:56:00";18.10;21.70;22.00;0.00;0.00;0.00;0.00;2.86;39.15;2.86;16.49;72.38;11.50;0.00;0.00;2000.00;20.92;
"2019-09-10 08:01:00";18.30;21.70;21.90;0.00;0.00;0.00;0.00;0.00;0.00;1.23;16.67;72.30;11.66;0.00;0.00;2000.00;20.92;
"2019-09-10 08:06:00";18.40;21.60;21.90;0.00;0.00;0.00;0.00;0.00;0.00;0.00;16.76;72.11;11.71;0.00;0.00;2000.00;20.92;
"2019-09-10 08:11:00";18.60;21.60;21.90;0.00;0.00;0.00;0.00;0.00;0.00;0.00;16.84;72.07;11.78;0.00;0.00;2000.00;20.92;
"2019-09-10 08:16:00";18.70;21.60;21.90;0.00;0.00;0.00;0.00;0.00;0.00;1.27;16.96;71.99;11.87;0.00;0.00;2000.00;20.92;
"2019-09-10 08:21:00";18.80;21.60;21.90;0.00;0.00;0.00;0.00;0.00;0.00;0.00;17.09;71.87;11.97;0.00;0.00;2000.00;20.92;
"2019-09-10 08:26:00";18.90;21.60;21.90;0.00;0.00;0.00;0.00;0.00;0.00;2.84;17.25;71.76;12.10;0.00;0.00;2000.00;20.92;
"2019-09-10 08:31:00";19.10;21.60;21.80;0.00;0.00;0.00;0.00;0.00;0.00;0.00;17.48;71.58;12.29;0.00;0.00;2000.00;20.92;
"2019-09-10 08:36:00";19.20;21.40;21.80;0.00;0.00;0.00;0.00;0.00;0.00;0.00;17.63;71.11;12.32;0.00;0.00;2000.00;20.92;
"2019-09-10 08:41:00";19.30;21.60;21.80;0.00;0.00;0.00;0.00;0.00;0.00;0.65;17.76;70.69;12.36;0.00;0.00;2000.00;20.92;
"2019-09-10 08:46:00";19.40;21.40;21.80;0.00;0.00;0.00;0.00;0.00;0.00;2.55;17.83;70.21;12.33;0.00;0.00;2000.00;20.92;
"2019-09-10 08:51:00";19.60;21.40;21.80;0.00;0.00;0.00;0.00;0.00;0.00;0.00;17.92;69.93;12.35;0.00;0.00;2000.00;20.92;
"2019-09-10 08:56:00";19.80;21.40;21.80;0.00;0.00;0.00;0.00;0.00;0.00;1.00;18.04;69.42;12.36;0.00;0.00;2000.00;20.92;
"2019-09-10 09:01:00";19.90;21.40;21.70;0.00;0.00;0.00;0.00;0.00;0.00;0.00;18.10;68.97;12.31;0.00;0.00;2000.00;20.92;
"2019-09-10 09:06:00";20.10;21.40;21.70;0.00;0.00;0.00;0.00;0.00;0.00;2.20;18.07;68.56;12.19;0.00;0.00;2000.00;20.92;
"2019-09-10 09:11:00";20.30;21.40;21.70;0.00;0.00;0.00;0.00;0.00;0.00;1.07;18.06;68.16;12.10;0.00;0.00;2000.00;20.92;
"2019-09-10 09:16:00";20.50;21.40;21.70;0.00;0.00;0.00;0.00;0.00;0.00;0.00;18.01;68.13;12.04;0.00;0.00;2000.00;20.92;
"2019-09-10 09:21:00";20.70;21.40;21.70;0.00;0.00;0.00;0.00;0.00;0.00;0.00;18.00;68.11;12.03;0.00;0.00;2000.00;20.92;
"2019-09-10 09:26:00";21.00;21.40;21.70;0.00;0.00;0.00;0.00;0.00;0.00;0.00;18.06;68.18;12.10;0.00;0.00;2000.00;20.92;
"2019-09-10 09:31:00";21.70;21.40;21.70;0.00;0.00;0.00;0.00;0.00;0.00;0.00;18.42;67.94;12.39;0.00;0.00;2000.00;20.92;
"2019-09-10 09:36:00";22.50;21.40;21.70;0.00;0.00;0.00;0.00;0.84;194.93;1.32;18.88;67.23;12.67;0.00;0.00;2000.00;20.92;
"2019-09-10 09:41:00";23.20;21.30;21.70;0.00;0.00;0.00;0.00;0.00;0.00;2.32;19.35;65.85;12.80;0.00;0.00;2000.00;20.92;
"2019-09-10 09:46:00";23.70;21.30;21.70;0.00;0.00;0.00;0.00;0.00;0.00;2.85;19.63;64.48;12.74;0.00;0.00;2000.00;20.92;
"2019-09-10 09:51:00";23.40;21.40;21.70;0.00;0.00;0.00;0.00;0.00;0.00;1.20;19.63;63.38;12.48;0.00;0.00;2000.00;20.92;
"2019-09-10 09:56:00";23.10;21.30;21.70;0.00;0.00;0.00;0.00;0.00;0.00;0.64;19.58;62.60;12.25;0.00;0.00;2000.00;20.92;
"2019-09-10 10:01:00";23.10;21.30;21.70;0.00;0.00;0.00;0.00;0.00;0.00;0.00;19.67;61.88;12.16;0.00;0.00;2000.00;20.92;
"2019-09-10 10:06:00";23.40;21.40;21.70;0.00;0.00;0.00;0.00;0.99;161.11;1.78;19.69;62.06;12.21;0.00;0.00;2000.00;20.92;
"2019-09-10 10:11:00";23.60;21.40;21.70;0.00;0.00;0.00;0.00;0.00;0.00;2.24;19.69;61.50;12.08;0.00;0.00;2000.00;20.92;
"2019-09-10 10:16:00";23.70;21.40;21.70;0.00;0.00;0.00;0.00;0.70;147.28;0.70;19.80;61.13;12.09;0.00;0.00;2000.00;20.92;
"2019-09-10 10:21:00";24.00;21.40;21.70;0.00;0.00;0.00;0.00;0.00;0.00;0.90;19.92;60.74;12.10;0.00;0.00;2000.00;20.92;
"2019-09-10 10:26:00";24.10;21.40;21.70;0.00;0.00;0.00;0.00;0.73;159.83;2.31;19.98;59.20;11.78;0.00;0.00;2000.00;20.92;
"2019-09-10 10:31:00";24.50;21.40;21.70;0.00;0.00;0.00;0.00;1.50;134.87;2.18;20.06;59.26;11.87;0.00;0.00;2000.00;20.92;
"2019-09-10 10:36:00";25.10;21.40;21.70;0.00;0.00;0.00;0.00;0.00;0.00;0.00;20.42;58.37;11.97;0.00;0.00;2000.00;20.92;
"2019-09-10 10:41:00";25.60;21.60;21.70;0.00;0.00;0.00;0.00;0.00;0.00;0.00;20.68;58.06;12.14;0.00;0.00;2000.00;20.92;
"2019-09-10 10:46:00";26.80;21.60;21.70;0.00;0.00;0.00;0.00;0.00;0.00;0.98;21.20;56.78;12.28;0.00;0.00;2000.00;20.92;
"2019-09-10 10:51:00";27.60;21.60;21.80;0.00;0.00;0.00;0.00;0.00;0.00;2.66;21.81;53.90;12.06;0.00;0.00;2000.00;20.92;
"2019-09-10 10:56:00";27.70;21.60;21.70;0.00;0.00;0.00;0.00;0.00;0.00;2.40;21.68;53.71;11.88;0.00;0.00;2000.00;20.92;
"2019-09-10 11:01:00";27.80;21.60;21.80;0.00;0.00;0.00;0.00;0.00;0.00;1.41;21.73;52.77;11.66;0.00;0.00;2000.00;20.92;
"2019-09-10 11:06:00";28.30;21.60;21.80;0.00;0.00;0.00;0.00;0.00;0.00;1.69;21.74;52.35;11.55;0.00;0.00;2000.00;20.92;
"2019-09-10 11:11:00";29.10;21.70;21.80;0.00;0.00;0.00;0.00;0.00;0.00;0.95;22.02;52.11;11.74;0.00;0.00;2000.00;20.92;
"2019-09-10 11:16:00";29.00;21.70;21.80;0.00;0.00;0.00;0.00;1.12;156.79;1.12;22.00;50.91;11.37;0.00;0.00;2000.00;20.92;
"2019-09-10 11:21:00";29.30;21.70;21.80;0.00;0.00;0.00;0.00;0.00;0.00;1.23;22.02;49.64;11.00;0.00;0.00;2000.00;20.92;
"2019-09-10 11:26:00";29.10;21.80;21.90;0.00;0.00;0.00;0.00;0.00;0.00;2.65;21.93;49.39;10.85;0.00;0.00;2000.00;20.92;
"2019-09-10 11:31:00";29.60;21.80;21.90;0.00;0.00;0.00;0.00;0.76;277.25;3.58;22.10;48.61;10.76;0.00;0.00;2000.00;20.92;
"2019-09-10 11:36:00";29.00;21.80;21.90;0.00;0.00;0.00;0.00;0.00;0.00;3.80;21.86;49.74;10.89;0.00;0.00;2000.00;20.92;
"2019-09-10 11:41:00";28.80;21.90;22.00;0.00;0.00;0.00;0.00;0.00;0.00;1.34;21.70;48.89;10.48;0.00;0.00;2000.00;20.92;
"2019-09-10 11:46:00";28.30;21.90;22.00;0.00;0.00;0.00;0.00;1.80;86.22;3.28;21.39;49.00;10.23;0.00;0.00;2000.00;20.92;
"2019-09-10 11:51:00";28.10;22.00;22.00;0.00;0.00;0.00;0.00;0.00;0.00;1.43;21.38;50.22;10.59;0.00;0.00;2000.00;20.92;
"2019-09-10 11:56:00";28.00;22.00;22.10;0.00;0.00;0.00;0.00;0.00;0.00;2.13;21.41;49.16;10.30;0.00;0.00;2000.00;20.92;
"2019-09-10 12:01:00";27.90;22.00;22.10;0.00;0.00;0.00;0.00;0.00;0.00;1.77;21.44;50.83;10.83;0.00;0.00;2000.00;20.92;
"2019-09-10 12:06:00";27.80;22.10;22.10;0.00;0.00;0.00;0.00;2.05;180.00;3.97;21.49;51.22;10.99;0.00;0.00;2000.00;20.92;
"2019-09-10 12:11:00";27.80;22.20;22.20;0.00;0.00;0.00;0.00;0.00;0.00;0.00;21.50;50.05;10.65;0.00;0.00;2000.00;20.92;
"2019-09-10 12:16:00";28.00;22.20;22.20;0.00;0.00;0.00;0.00;1.91;157.85;2.27;21.61;49.04;10.45;0.00;0.00;2000.00;20.92;
"2019-09-10 12:21:00";27.80;22.20;22.20;0.00;0.00;0.00;0.00;1.86;180.00;2.18;21.53;48.43;10.18;0.00;0.00;2000.00;20.92;
"2019-09-10 12:26:00";27.70;22.30;22.30;0.00;0.00;0.00;0.00;0.00;0.00;3.12;21.41;48.47;10.08;0.00;0.00;2000.00;20.92;
"2019-09-10 12:31:00";27.60;22.30;22.30;0.00;0.00;0.00;0.00;1.05;150.55;3.51;21.38;47.52;9.76;0.00;0.00;2000.00;20.92;
"2019-09-10 12:36:00";28.00;22.30;22.30;0.00;0.00;0.00;0.00;0.00;0.00;3.98;21.46;47.58;9.85;0.00;0.00;2000.00;20.92;
"2019-09-10 12:41:00";28.20;22.40;22.40;0.00;0.00;0.00;0.00;0.00;0.00;0.00;21.54;47.94;10.04;0.00;0.00;2000.00;20.92;
"2019-09-10 12:46:00";28.30;22.40;22.40;0.00;0.00;0.00;0.00;2.55;189.71;4.52;21.59;47.57;9.97;0.00;0.00;2000.00;20.92;
"2019-09-10 12:51:00";28.40;22.50;22.50;0.00;0.00;0.00;0.00;0.00;0.00;0.00;21.53;48.54;10.22;0.00;0.00;2000.00;20.92;
"2019-09-10 12:56:00";28.70;22.50;22.50;0.00;0.00;0.00;0.00;1.64;172.86;3.30;21.56;47.86;10.03;0.00;0.00;2000.00;20.92;
"2019-09-10 13:01:00";28.50;22.50;22.50;0.00;0.00;0.00;0.00;0.00;0.00;2.63;21.52;47.73;9.96;0.00;0.00;2000.00;20.92;
"2019-09-10 13:06:00";28.70;22.60;22.50;0.00;0.00;0.00;0.00;0.00;0.00;0.00;21.50;48.45;10.17;0.00;0.00;2000.00;20.92;
"2019-09-10 13:11:00";28.50;22.60;22.60;0.00;0.00;0.00;0.00;0.00;0.00;0.00;21.49;49.61;10.50;0.00;0.00;2000.00;20.92;
"2019-09-10 13:16:00";28.30;22.60;22.60;0.00;0.00;0.00;0.00;2.05;147.49;2.78;21.47;49.51;10.46;0.00;0.00;2000.00;20.92;
"2019-09-10 13:21:00";28.30;22.70;22.60;0.00;0.00;0.00;0.00;0.00;0.00;0.00;21.37;49.44;10.34;0.00;0.00;2000.00;20.92;
"2019-09-10 13:26:00";28.20;22.70;22.70;0.00;0.00;0.00;0.00;2.85;291.92;2.85;21.31;49.68;10.37;0.00;0.00;2000.00;20.92;
"2019-09-10 13:31:00";28.10;22.70;22.70;0.00;0.00;0.00;0.00;1.75;141.46;1.75;21.24;49.73;10.32;0.00;0.00;2000.00;20.92;
"2019-09-10 13:36:00";27.90;22.80;22.70;0.00;0.00;0.00;0.00;1.49;201.19;1.49;21.14;49.48;10.14;0.00;0.00;2000.00;20.92;
"2019-09-10 13:41:00";27.50;22.80;22.80;0.00;0.00;0.00;0.00;0.00;0.00;1.81;20.89;50.08;10.10;0.00;0.00;2000.00;20.92;
"2019-09-10 13:46:00";26.90;22.80;22.80;0.00;0.00;0.00;0.00;0.00;0.00;2.62;20.63;50.62;10.02;0.00;0.00;2000.00;20.92;
"2019-09-10 13:51:00";26.60;23.00;22.80;0.00;0.00;0.00;0.00;0.00;0.00;3.21;20.42;51.37;10.04;0.02;0.00;2000.00;20.94;
"2019-09-10 13:56:00";25.70;23.00;23.00;0.00;0.00;0.00;0.00;0.00;0.00;0.00;20.31;51.99;10.13;0.03;60.00;2000.00;20.97;
"2019-09-10 14:01:00";23.80;23.00;23.00;0.00;36.00;0.00;1.00;0.00;0.00;0.00;19.85;54.39;10.37;0.05;60.00;2000.00;21.02;
"2019-09-10 14:06:00";22.60;23.10;23.00;0.00;109.00;0.00;1.00;0.00;0.00;1.06;19.38;56.56;10.53;0.06;60.00;2000.00;21.08;
"2019-09-10 14:11:00";22.20;23.10;23.00;0.00;193.00;0.00;1.00;0.00;0.00;1.05;18.92;59.74;10.92;0.07;60.00;2000.00;21.15;
"2019-09-10 14:16:00";21.70;23.10;23.10;0.00;112.00;0.00;1.00;0.00;0.00;0.54;18.41;62.04;11.00;0.04;60.00;2000.00;21.19;
"2019-09-10 14:21:00";21.40;23.10;23.10;0.00;51.00;0.00;1.00;0.00;0.00;0.00;18.19;63.95;11.25;0.00;0.00;2000.00;21.19;
"2019-09-10 14:26:00";21.40;23.20;23.10;0.00;0.00;0.00;0.00;0.00;0.00;0.00;18.19;64.91;11.48;0.01;60.00;2000.00;21.20;
"2019-09-10 14:31:00";21.40;23.20;23.10;0.00;0.00;0.00;0.00;0.00;0.00;0.50;18.13;65.76;11.62;0.02;0.00;2000.00;21.22;
"2019-09-10 14:36:00";22.00;23.20;23.10;0.00;0.00;0.00;0.00;0.00;0.00;2.49;18.22;66.67;11.91;0.00;0.00;2000.00;21.22;
"2019-09-10 14:41:00";23.90;23.20;23.10;0.00;0.00;0.00;0.00;0.00;0.00;0.00;18.69;67.10;12.46;0.01;60.00;2000.00;21.23;
"2019-09-10 14:46:00";25.30;23.20;23.20;0.00;0.00;0.00;0.00;0.00;0.00;1.76;19.33;66.42;12.91;0.00;0.00;2000.00;21.23;
"2019-09-10 14:51:00";26.10;23.20;23.20;0.00;0.00;0.00;0.00;0.00;0.00;3.71;19.69;64.72;12.86;0.00;0.00;2000.00;21.23;
"2019-09-10 14:56:00";26.80;23.20;23.10;0.00;0.00;0.00;0.00;0.00;0.00;3.05;20.08;64.20;13.11;0.00;0.00;2000.00;21.23;
"2019-09-10 15:01:00";27.60;23.20;23.10;0.00;0.00;0.00;0.00;2.43;120.22;3.88;20.36;62.50;12.96;0.01;60.00;2000.00;21.24;
"2019-09-10 15:06:00";27.50;23.20;23.20;0.00;0.00;0.00;0.00;1.41;115.24;4.26;20.24;61.75;12.66;0.00;0.00;2000.00;21.24;
"2019-09-10 15:11:00";28.80;23.20;23.20;0.00;0.00;0.00;0.00;0.00;0.00;0.00;20.42;61.91;12.87;0.00;0.00;2000.00;21.24;
"2019-09-10 15:16:00";29.50;23.20;23.10;0.00;0.00;0.00;0.00;2.03;125.45;4.35;20.82;60.92;12.99;0.00;0.00;2000.00;21.24;
"2019-09-10 15:21:00";29.60;23.20;23.20;0.00;0.00;0.00;0.00;2.21;102.78;4.57;20.82;58.51;12.38;0.00;0.00;2000.00;21.24;
"2019-09-10 15:26:00";30.10;23.20;23.10;0.00;0.00;0.00;0.00;0.86;166.94;4.31;20.78;58.24;12.27;0.00;0.00;2000.00;21.24;
"2019-09-10 15:31:00";30.80;23.20;23.20;0.00;0.00;0.00;0.00;0.00;0.00;2.39;20.94;57.88;12.33;0.00;0.00;2000.00;21.24;
"2019-09-10 15:36:00";31.10;23.20;23.20;0.00;0.00;0.00;0.00;0.00;0.00;3.99;21.21;56.55;12.23;0.00;0.00;2000.00;21.24;
"2019-09-10 15:41:00";31.90;23.20;23.20;0.00;0.00;0.00;0.00;3.02;119.38;4.70;21.57;56.13;12.45;0.00;0.00;2000.00;21.24;
"2019-09-10 15:46:00";31.50;23.20;23.20;0.00;0.00;0.00;0.00;1.75;161.44;5.81;21.61;54.80;12.13;0.00;0.00;2000.00;21.24;
"2019-09-10 15:51:00";31.10;23.20;23.20;0.00;0.00;0.00;0.00;2.58;6.17;5.05;21.38;55.45;12.09;0.00;0.00;2000.00;21.24;
"2019-09-10 15:56:00";32.20;23.20;23.20;0.00;0.00;0.00;0.00;1.55;145.73;5.38;21.97;54.93;12.50;0.00;0.00;2000.00;21.24;
"2019-09-10 16:01:00";32.40;23.30;23.20;0.00;0.00;0.00;0.00;0.70;149.95;2.81;22.14;53.83;12.34;0.00;0.00;2000.00;21.24;
"2019-09-10 16:06:00";32.80;23.30;23.30;0.00;0.00;0.00;0.00;1.50;179.13;4.85;22.43;52.59;12.26;0.00;0.00;2000.00;21.24;
"2019-09-10 16:11:00";32.60;23.30;23.30;0.00;0.00;0.00;0.00;2.93;156.85;3.26;22.24;51.46;11.75;0.00;0.00;2000.00;21.24;
"2019-09-10 16:16:00";32.90;23.30;23.30;0.00;0.00;0.00;0.00;2.02;121.83;4.43;22.26;51.77;11.86;0.00;0.00;2000.00;21.24;
"2019-09-10 16:21:00";32.80;23.40;23.30;0.00;0.00;0.00;0.00;1.93;8.14;5.46;22.43;51.48;11.93;0.00;0.00;2000.00;21.24;
"2019-09-10 16:26:00";32.80;23.40;23.30;0.00;0.00;0.00;0.00;1.96;153.37;7.06;22.37;50.74;11.66;0.00;0.00;2000.00;21.24;
"2019-09-10 16:31:00";32.90;23.40;23.40;0.00;0.00;0.00;0.00;4.48;165.87;4.71;22.44;50.56;11.67;0.00;0.00;2000.00;21.24;
"2019-09-10 16:36:00";32.50;23.50;23.40;0.00;0.00;0.00;0.00;1.31;206.39;3.92;22.37;51.26;11.81;0.00;0.00;2000.00;21.24;
"2019-09-10 16:41:00";32.60;23.50;23.50;0.00;0.00;0.00;0.00;0.00;0.00;3.71;22.47;50.32;11.62;0.00;0.00;2000.00;21.24;
"2019-09-10 16:46:00";32.40;23.60;23.50;0.00;0.00;0.00;0.00;1.38;180.00;4.81;22.50;50.20;11.61;0.00;0.00;2000.00;21.24;
"2019-09-10 16:51:00";31.20;23.60;23.50;0.00;0.00;0.00;0.00;0.00;0.00;2.95;22.08;50.44;11.30;0.00;0.00;2000.00;21.24;
"2019-09-10 16:56:00";31.20;23.70;23.50;0.00;0.00;0.00;0.00;3.25;143.83;5.24;22.08;50.66;11.37;0.00;0.00;2000.00;21.24;
"2019-09-10 17:01:00";31.20;23.70;23.60;0.00;0.00;0.00;0.00;0.00;0.00;1.86;22.19;51.84;11.81;0.00;0.00;2000.00;21.24;
"2019-09-10 17:06:00";31.20;23.70;23.60;0.00;0.00;0.00;0.00;0.00;0.00;2.21;22.29;50.70;11.57;0.00;0.00;2000.00;21.24;
"2019-09-10 17:11:00";31.00;23.80;23.70;0.00;0.00;0.00;0.00;2.19;148.60;3.90;22.42;50.43;11.61;0.00;0.00;2000.00;21.24;
"2019-09-10 17:16:00";30.90;23.80;23.70;0.00;0.00;0.00;0.00;2.51;160.02;5.24;22.25;49.74;11.25;0.00;0.00;2000.00;21.24;
"2019-09-10 17:21:00";30.80;23.90;23.70;0.00;0.00;0.00;0.00;0.93;153.00;4.10;22.28;50.53;11.51;0.00;0.00;2000.00;21.24;
"2019-09-10 17:26:00";30.40;23.90;23.80;0.00;0.00;0.00;0.00;0.87;151.77;2.60;22.11;51.01;11.50;0.00;0.00;2000.00;21.24;
"2019-09-10 17:31:00";30.30;24.10;23.80;0.00;0.00;0.00;0.00;1.09;194.98;3.46;22.06;51.04;11.46;0.00;0.00;2000.00;21.24;
"2019-09-10 17:36:00";30.00;24.10;23.80;0.00;0.00;0.00;0.00;0.83;130.10;2.18;21.98;51.23;11.45;0.00;0.00;2000.00;21.24;
"2019-09-10 17:41:00";29.80;24.10;23.90;0.00;0.00;0.00;0.00;0.00;0.00;3.20;21.85;51.41;11.37;0.00;0.00;2000.00;21.24;
"2019-09-10 17:46:00";29.50;24.20;23.90;0.00;0.00;0.00;0.00;0.00;0.00;3.53;21.94;51.62;11.52;0.00;0.00;2000.00;21.24;
"2019-09-10 17:51:00";29.50;24.20;23.90;0.00;0.00;0.00;0.00;0.71;180.00;2.36;21.98;51.12;11.41;0.00;0.00;2000.00;21.24;
"2019-09-10 17:56:00";28.90;24.20;24.10;0.00;0.00;0.00;0.00;0.00;0.00;3.13;21.78;51.41;11.31;0.00;0.00;2000.00;21.24;
"2019-09-10 18:01:00";28.40;24.30;24.10;0.00;0.00;0.00;0.00;0.00;0.00;3.49;21.52;52.18;11.29;0.00;0.00;2000.00;21.24;
"2019-09-10 18:06:00";28.20;24.30;24.10;0.00;0.00;0.00;0.00;1.93;146.64;2.79;21.57;52.52;11.44;0.00;0.00;2000.00;21.24;
"2019-09-10 18:11:00";27.90;24.30;24.10;0.00;0.00;0.00;0.00;1.25;57.78;6.35;21.38;53.32;11.50;0.00;0.00;2000.00;21.24;
"2019-09-10 18:16:00";27.70;24.30;24.20;0.00;0.00;0.00;0.00;0.00;0.00;2.12;21.36;52.89;11.35;0.00;0.00;2000.00;21.24;
"2019-09-10 18:21:00";27.30;24.30;24.20;0.00;0.00;0.00;0.00;0.00;0.00;2.74;21.29;52.99;11.32;0.00;0.00;2000.00;21.24;
"2019-09-10 18:26:00";26.50;24.40;24.20;0.00;0.00;0.00;0.00;2.70;94.83;2.90;20.93;53.98;11.26;0.00;0.00;2000.00;21.24;
"2019-09-10 18:31:00";26.10;24.40;24.30;0.00;0.00;0.00;0.00;3.29;164.18;3.29;20.71;54.82;11.29;0.00;0.00;2000.00;21.24;
"2019-09-10 18:36:00";25.80;24.40;24.30;0.00;0.00;0.00;0.00;1.80;180.00;2.70;20.57;54.90;11.19;0.00;0.00;2000.00;21.24;
"2019-09-10 18:41:00";25.50;24.40;24.30;0.00;0.00;0.00;0.00;0.00;0.00;0.00;20.48;55.40;11.24;0.00;0.00;2000.00;21.24;
"2019-09-10 18:46:00";25.30;24.40;24.30;0.00;0.00;0.00;0.00;0.00;0.00;0.00;20.32;56.28;11.33;0.00;0.00;2000.00;21.24;
"2019-09-10 18:51:00";25.00;24.50;24.30;0.00;0.00;0.00;0.00;0.97;144.07;2.97;20.36;55.92;11.26;0.00;0.00;2000.00;21.24;
"2019-09-10 18:56:00";24.60;24.50;24.30;0.00;0.00;0.00;0.00;2.25;189.99;2.25;20.34;55.66;11.17;0.00;0.00;2000.00;21.24;
"2019-09-10 19:01:00";24.40;24.50;24.40;0.00;0.00;0.00;0.00;0.00;0.00;1.43;20.16;56.41;11.21;0.00;0.00;2000.00;21.24;
"2019-09-10 19:06:00";24.30;24.50;24.40;0.00;0.00;0.00;0.00;2.07;180.00;2.77;20.23;56.01;11.17;0.00;0.00;2000.00;21.24;
"2019-09-10 19:11:00";24.20;24.50;24.40;0.00;0.00;0.00;0.00;0.00;0.00;0.00;20.20;56.09;11.16;0.00;0.00;2000.00;21.24;
"2019-09-10 19:16:00";24.00;24.50;24.40;0.00;0.00;0.00;0.00;0.00;0.00;0.79;20.09;56.90;11.28;0.00;0.00;2000.00;21.24;
"2019-09-10 19:21:00";23.80;24.50;24.40;0.00;0.00;0.00;0.00;0.00;0.00;0.00;20.04;57.21;11.31;0.00;0.00;2000.00;21.24;
"2019-09-10 19:26:00";23.60;24.50;24.40;0.00;0.00;0.00;0.00;0.00;0.00;0.00;19.94;57.77;11.37;0.00;0.00;2000.00;21.24;
"2019-09-10 19:31:00";23.50;24.50;24.40;0.00;0.00;0.00;0.00;0.00;0.00;0.00;19.80;58.51;11.43;0.00;0.00;2000.00;21.24;
"2019-09-10 19:36:00";23.40;24.50;24.40;0.00;0.00;0.00;0.00;0.00;0.00;2.45;19.72;59.07;11.49;0.00;0.00;2000.00;21.24;
"2019-09-10 19:41:00";23.30;24.50;24.40;0.00;0.00;0.00;0.00;1.03;180.00;1.03;19.71;59.36;11.56;0.00;0.00;2000.00;21.24;
"2019-09-10 19:46:00";23.20;24.40;24.40;0.00;0.00;0.00;0.00;0.00;0.00;0.78;19.71;59.47;11.59;0.00;0.00;2000.00;21.24;
"2019-09-10 19:51:00";23.10;24.40;24.40;0.00;0.00;0.00;0.00;0.00;0.00;3.06;19.62;59.91;11.62;0.00;0.00;2000.00;21.24;
"2019-09-10 19:56:00";23.10;24.40;24.30;0.00;0.00;0.00;0.00;0.00;0.00;0.00;19.67;59.78;11.63;0.00;0.00;2000.00;21.24;
"2019-09-10 20:01:00";23.00;24.40;24.30;0.00;0.00;0.00;0.00;1.86;167.69;2.15;19.65;59.81;11.62;0.01;0.00;2000.00;21.25;
"2019-09-10 20:06:00";22.90;24.40;24.40;0.00;0.00;0.00;0.00;6.34;159.54;6.34;19.63;59.81;11.60;0.00;0.00;2000.00;21.25;
"2019-09-10 20:11:00";22.80;24.40;24.30;0.00;0.00;0.00;0.00;0.99;115.25;3.96;19.66;59.58;11.57;0.00;0.00;2000.00;21.25;
"2019-09-10 20:16:00";22.80;24.40;24.30;0.00;0.00;0.00;0.00;0.00;0.00;1.09;19.62;59.69;11.56;0.00;0.00;2000.00;21.25;
"2019-09-10 20:21:00";22.70;24.40;24.30;0.00;0.00;0.00;0.00;0.90;125.83;2.63;19.57;59.74;11.52;0.00;0.00;2000.00;21.25;
"2019-09-10 20:26:00";22.60;24.30;24.30;0.00;0.00;0.00;0.00;0.00;0.00;1.28;19.58;59.81;11.56;0.00;0.00;2000.00;21.25;
"2019-09-10 20:31:00";22.60;24.30;24.30;0.00;0.00;0.00;0.00;0.00;0.00;1.08;19.52;59.98;11.54;0.00;0.00;2000.00;21.25;
"2019-09-10 20:36:00";22.60;24.30;24.30;0.00;0.00;0.00;0.00;0.00;0.00;0.00;19.48;60.26;11.58;0.00;0.00;2000.00;21.25;
"2019-09-10 20:41:00";22.60;24.30;24.30;0.00;0.00;0.00;0.00;2.67;184.77;4.03;19.52;60.17;11.58;0.00;0.00;2000.00;21.25;
"2019-09-10 20:46:00";22.50;24.30;24.30;0.00;0.00;0.00;0.00;1.06;180.00;3.31;19.54;60.14;11.60;0.00;0.00;2000.00;21.25;
"2019-09-10 20:51:00";22.40;24.20;24.20;0.00;0.00;0.00;0.00;0.00;0.00;0.00;19.52;60.09;11.57;0.00;0.00;2000.00;21.25;
"2019-09-10 20:56:00";22.20;24.20;24.20;0.00;0.00;0.00;0.00;0.00;0.00;0.00;19.40;60.47;11.55;0.00;0.00;2000.00;21.25;
"2019-09-10 21:01:00";21.90;24.20;24.20;0.00;0.00;0.00;0.00;1.57;187.76;3.29;19.33;60.74;11.55;0.00;0.00;2000.00;21.25;
"2019-09-10 21:06:00";21.70;24.20;24.20;0.00;0.00;0.00;0.00;3.40;180.00;5.96;19.48;59.29;11.33;0.00;0.00;2000.00;21.25;
"2019-09-10 21:11:00";21.70;24.20;24.20;0.00;0.00;0.00;0.00;1.63;185.93;3.22;19.39;58.26;10.98;0.00;0.00;2000.00;21.25;
"2019-09-10 21:16:00";21.50;24.10;24.20;0.00;0.00;0.00;0.00;2.92;180.00;7.50;19.27;57.51;10.67;0.00;0.00;2000.00;21.25;
"2019-09-10 21:21:00";21.20;24.10;24.10;0.00;0.00;0.00;0.00;2.30;12.60;5.21;19.02;57.44;10.42;0.00;0.00;2000.00;21.25;
"2019-09-10 21:26:00";21.00;24.10;24.10;0.00;0.00;0.00;0.00;2.70;180.00;6.96;18.80;57.94;10.35;0.00;0.00;2000.00;21.25;
"2019-09-10 21:31:00";20.70;24.10;24.10;0.00;0.00;0.00;0.00;2.37;15.28;5.62;18.59;58.25;10.22;0.00;0.00;2000.00;21.25;
"2019-09-10 21:36:00";20.50;23.90;24.10;0.00;0.00;0.00;0.00;0.00;0.00;4.15;18.35;58.65;10.10;0.00;0.00;2000.00;21.25;
"2019-09-10 21:41:00";20.30;23.90;23.90;0.00;0.00;0.00;0.00;0.00;0.00;1.62;18.10;59.38;10.06;0.00;0.00;2000.00;21.25;
"2019-09-10 21:46:00";20.10;23.90;23.90;0.00;0.00;0.00;0.00;1.94;201.09;2.15;17.96;59.66;9.99;0.00;0.00;2000.00;21.25;
"2019-09-10 21:51:00";20.00;23.90;23.90;0.00;0.00;0.00;0.00;0.00;0.00;0.00;17.77;60.22;9.95;0.00;0.00;2000.00;21.25;
"2019-09-10 21:56:00";19.90;23.90;23.90;0.00;0.00;0.00;0.00;1.36;180.00;1.64;17.55;60.93;9.93;0.00;0.00;2000.00;21.25;
"2019-09-10 22:01:00";19.80;23.80;23.90;0.00;0.00;0.00;0.00;0.00;0.00;1.03;17.38;61.38;9.87;0.00;0.00;2000.00;21.25;
"2019-09-10 22:06:00";19.60;23.80;23.90;0.00;0.00;0.00;0.00;2.32;216.32;2.66;17.13;62.32;9.86;0.00;0.00;2000.00;21.25;
"2019-09-10 22:11:00";19.50;23.80;23.80;0.00;0.00;0.00;0.00;1.08;144.45;2.15;17.08;62.20;9.79;0.00;0.00;2000.00;21.25;
"2019-09-10 22:16:00";19.30;23.80;23.80;0.00;0.00;0.00;0.00;1.12;211.97;3.80;17.14;61.90;9.77;0.00;0.00;2000.00;21.25;
"2019-09-10 22:21:00";19.20;23.70;23.80;0.00;0.00;0.00;0.00;0.00;0.00;3.01;17.01;61.78;9.62;0.00;0.00;2000.00;21.25;
"2019-09-10 22:26:00";19.10;23.70;23.80;0.00;0.00;0.00;0.00;0.00;0.00;0.00;16.78;62.32;9.53;0.00;0.00;2000.00;21.25;
"2019-09-10 22:31:00";19.00;23.70;23.80;0.00;0.00;0.00;0.00;0.00;0.00;2.29;16.62;62.93;9.53;0.00;0.00;2000.00;21.25;
"2019-09-10 22:36:00";18.90;23.60;23.70;0.00;0.00;0.00;0.00;0.00;0.00;1.43;16.56;63.11;9.51;0.00;0.00;2000.00;21.25;
"2019-09-10 22:41:00";18.80;23.60;23.70;0.00;0.00;0.00;0.00;0.00;0.00;0.00;16.44;63.70;9.53;0.00;0.00;2000.00;21.25;
"2019-09-10 22:46:00";18.70;23.60;23.70;0.00;0.00;0.00;0.00;0.00;0.00;0.00;16.32;63.89;9.46;0.00;0.00;2000.00;21.25;
"2019-09-10 22:51:00";18.60;23.50;23.60;0.00;0.00;0.00;0.00;0.00;0.00;0.00;16.16;64.49;9.45;0.00;0.00;2000.00;21.25;
"2019-09-10 22:56:00";18.50;23.50;23.60;0.00;0.00;0.00;0.00;0.00;0.00;0.00;16.02;65.16;9.47;0.00;0.00;2000.00;21.25;
"2019-09-10 23:01:00";18.40;23.50;23.60;0.00;0.00;0.00;0.00;0.00;0.00;0.00;15.92;65.40;9.44;0.00;0.00;2000.00;21.25;
"2019-09-10 23:06:00";18.30;23.40;23.60;0.00;0.00;0.00;0.00;0.00;0.00;0.00;15.80;65.94;9.44;0.00;0.00;2000.00;21.25;
"2019-09-10 23:11:00";18.30;23.40;23.50;0.00;0.00;0.00;0.00;0.00;0.00;0.00;15.74;66.40;9.49;0.00;0.00;2000.00;21.25;
"2019-09-10 23:16:00";18.40;23.40;23.50;0.00;0.00;0.00;0.00;0.00;0.00;0.00;15.76;66.68;9.57;0.00;0.00;2000.00;21.25;
"2019-09-10 23:21:00";18.40;23.30;23.50;0.00;0.00;0.00;0.00;0.00;0.00;0.00;15.83;66.81;9.67;0.00;0.00;2000.00;21.25;
"2019-09-10 23:26:00";18.60;23.30;23.50;0.00;0.00;0.00;0.00;0.00;0.00;1.50;15.90;66.95;9.76;0.00;0.00;2000.00;21.25;
"2019-09-10 23:31:00";18.70;23.30;23.40;0.00;0.00;0.00;0.00;0.77;190.76;3.15;16.07;67.10;9.96;0.00;0.00;2000.00;21.25;
"2019-09-10 23:36:00";18.90;23.30;23.40;0.00;0.00;0.00;0.00;0.00;0.00;0.00;16.14;66.84;9.97;0.00;0.00;2000.00;21.25;
"2019-09-10 23:41:00";18.90;23.20;23.40;0.00;0.00;0.00;0.00;0.00;0.00;0.00;16.09;66.92;9.94;0.00;0.00;2000.00;21.25;
"2019-09-10 23:46:00";19.00;23.20;23.30;0.00;0.00;0.00;0.00;0.00;0.00;0.00;16.10;67.19;10.01;0.00;0.00;2000.00;21.25;
"2019-09-10 23:51:00";19.00;23.20;23.30;0.00;0.00;0.00;0.00;0.00;0.00;0.00;16.12;67.12;10.01;0.00;0.00;2000.00;21.25;
"2019-09-10 23:56:00";18.90;23.10;23.30;0.00;0.00;0.00;0.00;0.00;0.00;0.00;16.03;67.35;9.98;0.00;0.00;2000.00;21.25;
"2019-09-11 00:01:00";18.90;23.10;23.30;0.00;0.00;0.00;0.00;0.00;0.00;2.55;16.00;67.52;9.99;0.00;0.00;2000.00;21.25;
"2019-09-11 00:06:00";18.60;23.10;23.20;0.00;0.00;0.00;0.00;0.00;0.00;0.57;15.89;67.50;9.88;0.00;0.00;2000.00;21.25;
"2019-09-11 00:11:00";18.40;23.10;23.20;0.00;0.00;0.00;0.00;0.00;0.00;2.19;15.84;67.89;9.91;0.00;0.00;2000.00;21.25;
"2019-09-11 00:16:00";18.30;23.00;23.20;0.00;0.00;0.00;0.00;0.00;0.00;0.00;15.84;67.99;9.94;0.00;0.00;2000.00;21.25;
"2019-09-11 00:21:00";18.20;23.00;23.20;0.00;0.00;0.00;0.00;0.00;0.00;2.79;15.75;68.32;9.93;0.00;0.00;2000.00;21.25;
"2019-09-11 00:26:00";18.10;23.00;23.20;0.00;0.00;0.00;0.00;0.00;0.00;0.68;15.78;68.60;10.01;0.00;0.00;2000.00;21.25;
"2019-09-11 00:31:00";18.00;22.80;23.10;0.00;0.00;0.00;0.00;0.00;0.00;1.09;15.70;68.60;9.93;0.00;0.00;2000.00;21.25;
"2019-09-11 00:36:00";18.00;22.80;23.10;0.00;0.00;0.00;0.00;0.00;0.00;0.00;15.58;68.89;9.89;0.00;0.00;2000.00;21.25;
"2019-09-11 00:41:00";18.00;22.80;23.10;0.00;0.00;0.00;0.00;0.00;0.00;0.00;15.51;69.18;9.88;0.00;0.00;2000.00;21.25;
"2019-09-11 00:46:00";18.10;22.80;23.00;0.00;0.00;0.00;0.00;0.00;0.00;0.00;15.58;69.48;10.01;0.00;0.00;2000.00;21.25;
"2019-09-11 00:51:00";18.20;22.70;23.00;0.00;0.00;0.00;0.00;0.00;0.00;2.28;15.63;69.80;10.13;0.00;0.00;2000.00;21.25;
"2019-09-11 00:56:00";18.20;22.70;23.00;0.00;0.00;0.00;0.00;1.19;151.78;2.09;15.70;69.78;10.19;0.00;0.00;2000.00;21.25;
"2019-09-11 01:01:00";18.20;22.60;22.80;0.00;0.00;0.00;0.00;0.00;0.00;0.00;15.69;69.89;10.21;0.00;0.00;2000.00;21.25;
"2019-09-11 01:06:00";18.20;22.60;22.80;0.00;0.00;0.00;0.00;0.00;0.00;0.00;15.65;69.95;10.18;0.00;0.00;2000.00;21.25;
"2019-09-11 01:11:00";18.20;22.60;22.80;0.00;0.00;0.00;0.00;0.00;0.00;0.00;15.54;70.13;10.11;0.00;0.00;2000.00;21.25;
"2019-09-11 01:16:00";18.20;22.60;22.80;0.00;0.00;0.00;0.00;0.00;0.00;1.35;15.47;70.32;10.09;0.00;0.00;2000.00;21.25;
"2019-09-11 01:21:00";18.10;22.50;22.70;0.00;0.00;0.00;0.00;0.00;0.00;0.00;15.40;70.53;10.07;0.00;0.00;2000.00;21.25;
"2019-09-11 01:26:00";18.10;22.50;22.70;0.00;0.00;0.00;0.00;0.00;0.00;0.00;15.30;70.68;10.00;0.00;0.00;2000.00;21.25;
"2019-09-11 01:31:00";18.10;22.50;22.70;0.00;0.00;0.00;0.00;0.00;0.00;1.55;15.20;70.87;9.95;0.00;0.00;2000.00;21.25;
"2019-09-11 01:36:00";18.10;22.50;22.70;0.00;0.00;0.00;0.00;0.00;0.00;0.00;15.11;71.07;9.90;0.00;0.00;2000.00;21.25;
"2019-09-11 01:41:00";18.10;22.50;22.70;0.00;0.00;0.00;0.00;0.00;0.00;0.00;15.04;71.31;9.88;0.00;0.00;2000.00;21.25;
"2019-09-11 01:46:00";18.10;22.40;22.60;0.00;0.00;0.00;0.00;0.00;0.00;0.00;15.00;71.56;9.89;0.00;0.00;2000.00;21.25;
"2019-09-11 01:51:00";18.10;22.40;22.60;0.00;0.00;0.00;0.00;0.00;0.00;0.00;15.00;71.72;9.93;0.00;0.00;2000.00;21.25;
"2019-09-11 01:56:00";18.00;22.40;22.60;0.00;0.00;0.00;0.00;0.00;0.00;1.15;15.07;71.88;10.04;0.00;0.00;2000.00;21.25;
"2019-09-11 02:01:00";17.90;22.40;22.60;0.00;0.00;0.00;0.00;0.00;0.00;2.56;15.01;72.03;10.01;0.00;0.00;2000.00;21.25;
"2019-09-11 02:06:00";17.80;22.30;22.50;0.00;0.00;0.00;0.00;0.00;0.00;0.00;14.93;72.08;9.94;0.00;0.00;2000.00;21.25;
"2019-09-11 02:11:00";17.80;22.30;22.50;0.00;0.00;0.00;0.00;0.00;0.00;1.94;14.87;72.40;9.95;0.00;0.00;2000.00;21.25;
"2019-09-11 02:16:00";17.70;22.30;22.50;0.00;0.00;0.00;0.00;0.00;0.00;0.00;14.87;72.55;9.98;0.00;0.00;2000.00;21.25;
"2019-09-11 02:21:00";17.70;22.30;22.50;0.00;0.00;0.00;0.00;0.86;148.67;0.86;14.83;72.66;9.97;0.00;0.00;2000.00;21.25;
"2019-09-11 02:26:00";17.60;22.20;22.50;0.00;0.00;0.00;0.00;0.00;0.00;0.51;14.81;72.84;9.98;0.00;0.00;2000.00;21.25;
"2019-09-11 02:31:00";17.60;22.20;22.40;0.00;0.00;0.00;0.00;0.00;0.00;0.00;14.82;73.04;10.03;0.00;0.00;2000.00;21.25;
"2019-09-11 02:36:00";17.50;22.20;22.40;0.00;0.00;0.00;0.00;0.00;0.00;0.00;14.72;73.14;9.96;0.00;0.00;2000.00;21.25;
"2019-09-11 02:41:00";17.30;22.10;22.40;0.00;0.00;0.00;0.00;0.00;0.00;0.00;14.68;73.39;9.97;0.00;0.00;2000.00;21.25;
"2019-09-11 02:46:00";17.20;22.10;22.40;0.00;0.00;0.00;0.00;1.68;149.11;1.68;14.55;73.76;9.92;0.00;0.00;2000.00;21.25;
"2019-09-11 02:51:00";17.00;22.10;22.40;0.00;0.00;0.00;0.00;0.00;0.00;1.31;14.46;74.13;9.91;0.00;0.00;2000.00;21.25;
"2019-09-11 02:56:00";16.90;22.10;22.30;0.00;0.00;0.00;0.00;0.00;0.00;1.09;14.42;74.50;9.94;0.00;0.00;2000.00;21.25;
"2019-09-11 03:01:00";16.80;22.10;22.30;0.00;0.00;0.00;0.00;0.00;0.00;0.00;14.38;74.81;9.97;0.00;0.00;2000.00;21.25;
"2019-09-11 03:06:00";16.70;22.00;22.30;0.00;0.00;0.00;0.00;0.00;0.00;0.74;14.35;75.19;10.01;0.00;0.00;2000.00;21.25;
"2019-09-11 03:11:00";16.60;22.00;22.20;0.00;0.00;0.00;0.00;0.00;0.00;0.00;14.28;75.46;9.99;0.00;0.00;2000.00;21.25;
"2019-09-11 03:16:00";16.60;22.00;22.20;0.00;0.00;0.00;0.00;0.00;0.00;0.00;14.31;75.83;10.10;0.00;0.00;2000.00;21.25;
"2019-09-11 03:21:00";16.60;21.90;22.20;0.00;0.00;0.00;0.00;0.00;0.00;1.49;14.40;76.11;10.24;0.00;0.00;2000.00;21.25;
"2019-09-11 03:26:00";16.50;21.90;22.20;0.00;0.00;0.00;0.00;0.56;154.01;1.28;14.47;76.05;10.30;0.00;0.00;2000.00;21.25;
"2019-09-11 03:31:00";16.40;21.90;22.20;0.00;0.00;0.00;0.00;0.00;0.00;0.00;14.48;76.13;10.32;0.00;0.00;2000.00;21.25;
"2019-09-11 03:36:00";16.40;21.90;22.10;0.00;0.00;0.00;0.00;0.00;0.00;0.00;14.47;75.95;10.28;0.00;0.00;2000.00;21.25;
"2019-09-11 03:41:00";16.30;21.90;22.10;0.00;0.00;0.00;0.00;0.00;0.00;0.63;14.48;76.04;10.30;0.00;0.00;2000.00;21.25;
"2019-09-11 03:46:00";16.20;21.80;22.10;0.00;0.00;0.00;0.00;0.00;0.00;0.00;14.40;75.86;10.19;0.00;0.00;2000.00;21.25;
"2019-09-11 03:51:00";16.10;21.80;22.10;0.00;0.00;0.00;0.00;0.00;0.00;1.90;14.27;76.04;10.11;0.00;0.00;2000.00;21.25;
"2019-09-11 03:56:00";16.10;21.80;22.00;0.00;0.00;0.00;0.00;0.00;0.00;0.00;14.28;76.10;10.12;0.00;0.00;2000.00;21.25;
"2019-09-11 04:01:00";16.00;21.80;22.00;0.00;0.00;0.00;0.00;0.00;0.00;1.06;14.17;76.23;10.04;0.00;0.00;2000.00;21.25;
"2019-09-11 04:06:00";16.00;21.70;22.00;0.00;0.00;0.00;0.00;0.00;0.00;0.00;14.11;76.37;10.02;0.00;0.00;2000.00;21.25;
"2019-09-11 04:11:00";16.00;21.70;21.90;0.00;0.00;0.00;0.00;0.53;116.78;1.41;13.99;76.52;9.93;0.00;0.00;2000.00;21.25;
"2019-09-11 04:16:00";15.90;21.70;21.90;0.00;0.00;0.00;0.00;0.00;0.00;0.00;13.96;76.68;9.93;0.00;0.00;2000.00;21.25;
"2019-09-11 04:21:00";15.90;21.60;21.90;0.00;0.00;0.00;0.00;0.00;0.00;0.00;13.90;76.84;9.90;0.00;0.00;2000.00;21.25;
"2019-09-11 04:26:00";15.80;21.60;21.90;0.00;0.00;0.00;0.00;0.00;0.00;0.00;13.86;77.07;9.91;0.00;0.00;2000.00;21.25;
"2019-09-11 04:31:00";15.70;21.60;21.90;0.00;0.00;0.00;0.00;0.00;0.00;0.00;13.78;77.17;9.85;0.00;0.00;2000.00;21.25;
"2019-09-11 04:36:00";15.70;21.60;21.80;0.00;0.00;0.00;0.00;0.00;0.00;1.18;13.68;77.47;9.81;0.00;0.00;2000.00;21.25;
"2019-09-11 04:41:00";15.60;21.40;21.80;0.00;0.00;0.00;0.00;0.00;0.00;0.00;13.64;77.57;9.79;0.00;0.00;2000.00;21.25;
"2019-09-11 04:46:00";15.50;21.40;21.80;0.00;0.00;0.00;0.00;0.00;0.00;0.00;13.58;77.90;9.80;0.00;0.00;2000.00;21.25;
"2019-09-11 04:51:00";15.50;21.40;21.70;0.00;0.00;0.00;0.00;0.00;0.00;0.00;13.53;77.95;9.75;0.00;0.00;2000.00;21.25;
"2019-09-11 04:56:00";15.40;21.30;21.70;0.00;0.00;0.00;0.00;0.00;0.00;0.00;13.51;78.20;9.79;0.00;0.00;2000.00;21.25;
"2019-09-11 05:01:00";15.40;21.30;21.70;0.00;0.00;0.00;0.00;0.00;0.00;0.00;13.57;78.42;9.88;0.00;0.00;2000.00;21.25;
"2019-09-11 05:06:00";15.40;21.30;21.70;0.00;0.00;0.00;0.00;0.00;0.00;0.00;13.61;78.35;9.91;0.00;0.00;2000.00;21.25;
"2019-09-11 05:11:00";15.40;21.30;21.70;0.00;0.00;0.00;0.00;1.10;184.79;2.19;13.56;78.43;9.88;0.00;0.00;2000.00;21.25;
"2019-09-11 05:16:00";15.40;21.20;21.60;0.00;0.00;0.00;0.00;0.00;0.00;0.00;13.60;78.43;9.92;0.00;0.00;2000.00;21.25;
"2019-09-11 05:21:00";15.30;21.20;21.60;0.00;0.00;0.00;0.00;0.73;172.76;1.91;13.54;78.42;9.86;0.00;0.00;2000.00;21.25;
"2019-09-11 05:26:00";15.30;21.20;21.60;0.00;0.00;0.00;0.00;0.00;0.00;0.66;13.59;78.39;9.90;0.00;0.00;2000.00;21.25;
"2019-09-11 05:31:00";15.30;21.20;21.60;0.00;0.00;0.00;0.00;0.00;0.00;0.00;13.73;78.31;10.02;0.00;0.00;2000.00;21.25;
"2019-09-11 05:36:00";15.20;21.10;21.40;0.00;0.00;0.00;0.00;1.87;180.00;1.95;13.64;78.05;9.89;0.00;0.00;2000.00;21.25;
"2019-09-11 05:41:00";15.20;21.10;21.40;0.00;0.00;0.00;0.00;0.00;0.00;1.26;13.73;77.99;9.95;0.00;0.00;2000.00;21.25;
"2019-09-11 05:46:00";15.10;21.10;21.40;0.00;0.00;0.00;0.00;0.00;0.00;0.00;13.59;77.75;9.78;0.00;0.00;2000.00;21.25;
"2019-09-11 05:51:00";15.10;21.10;21.40;0.00;0.00;0.00;0.00;0.00;0.00;0.60;13.46;77.76;9.65;0.00;0.00;2000.00;21.25;
"2019-09-11 05:56:00";15.00;21.00;21.30;0.00;0.00;0.00;0.00;0.00;0.00;0.00;13.40;77.81;9.60;0.00;0.00;2000.00;21.25;
"2019-09-11 06:01:00";14.90;21.00;21.30;0.00;0.00;0.00;0.00;0.00;0.00;0.78;13.21;77.85;9.43;0.00;0.00;2000.00;21.25;
"2019-09-11 06:06:00";14.80;21.00;21.30;0.00;0.00;0.00;0.00;0.00;0.00;0.96;13.08;78.13;9.36;0.00;0.00;2000.00;21.25;
"2019-09-11 06:11:00";14.80;20.90;21.20;0.00;0.00;0.00;0.00;0.00;0.00;0.00;13.00;78.39;9.32;0.00;0.00;2000.00;21.25;
"2019-09-11 06:16:00";14.80;20.90;21.30;0.00;0.00;0.00;0.00;0.00;0.00;3.02;12.99;78.74;9.38;0.00;0.00;2000.00;21.25;
"2019-09-11 06:21:00";14.80;20.90;21.20;0.00;0.00;0.00;0.00;0.00;0.00;0.76;12.99;78.85;9.40;0.00;0.00;2000.00;21.25;
"2019-09-11 06:26:00";14.80;20.90;21.20;0.00;0.00;0.00;0.00;0.00;0.00;1.98;12.93;79.11;9.40;0.00;0.00;2000.00;21.25;
"2019-09-11 06:31:00";14.70;20.80;21.10;0.00;0.00;0.00;0.00;0.00;0.00;0.00;12.97;79.31;9.47;0.00;0.00;2000.00;21.25;
"2019-09-11 06:36:00";14.70;20.80;21.10;0.00;0.00;0.00;0.00;0.00;0.00;0.00;12.94;79.38;9.45;0.00;0.00;2000.00;21.25;
"2019-09-11 06:41:00";14.70;20.80;21.10;0.00;0.00;0.00;0.00;0.00;0.00;2.82;12.85;79.43;9.38;0.00;0.00;2000.00;21.25;
"2019-09-11 06:46:00";14.70;20.70;21.10;0.00;0.00;0.00;0.00;0.00;0.00;0.00;12.76;79.56;9.31;0.00;0.00;2000.00;21.25;
"2019-09-11 06:51:00";14.70;20.70;21.10;0.00;0.00;0.00;0.00;1.96;180.00;1.96;12.72;79.84;9.33;0.00;0.00;2000.00;21.25;
"2019-09-11 06:56:00";14.80;20.70;21.00;0.00;0.00;0.00;0.00;0.00;0.00;2.51;12.84;80.01;9.48;0.00;0.00;2000.00;21.25;
"2019-09-11 07:01:00";14.80;20.70;21.00;0.00;0.00;0.00;0.00;0.00;0.00;2.04;12.99;80.04;9.63;0.00;0.00;2000.00;21.25;
"2019-09-11 07:06:00";14.90;20.70;21.00;0.00;0.00;0.00;0.00;1.59;134.61;2.51;13.00;79.97;9.62;0.00;0.00;2000.00;21.25;
"2019-09-11 07:11:00";14.90;20.60;21.00;0.00;0.00;0.00;0.00;0.00;0.00;1.47;13.09;79.97;9.71;0.00;0.00;2000.00;21.25;
"2019-09-11 07:16:00";15.10;20.60;20.90;0.00;0.00;0.00;0.00;0.00;0.00;0.80;13.13;79.85;9.73;0.00;0.00;2000.00;21.25;
"2019-09-11 07:21:00";15.30;20.60;20.90;0.00;0.00;0.00;0.00;0.00;0.00;1.87;13.35;79.80;9.93;0.00;0.00;2000.00;21.25;
"2019-09-11 07:26:00";15.50;20.50;20.90;0.00;0.00;0.00;0.00;2.33;235.77;3.54;13.63;79.52;10.15;0.00;0.00;2000.00;21.25;
"2019-09-11 07:31:00";15.70;20.50;20.80;0.00;0.00;0.00;0.00;2.10;107.15;3.28;13.88;78.91;10.28;0.00;0.00;2000.00;21.25;
"2019-09-11 07:36:00";16.00;20.50;20.80;0.00;0.00;0.00;0.00;2.45;10.07;2.45;13.98;78.17;10.23;0.00;0.00;2000.00;21.25;
"2019-09-11 07:41:00";16.40;20.40;20.80;0.00;0.00;0.00;0.00;1.15;80.91;2.88;14.12;77.59;10.26;0.00;0.00;2000.00;21.25;
"2019-09-11 07:46:00";16.60;20.40;20.80;0.00;0.00;0.00;0.00;0.00;0.00;0.00;14.26;76.94;10.27;0.00;0.00;2000.00;21.25;
"2019-09-11 07:51:00";16.70;20.40;20.70;0.00;0.00;0.00;0.00;2.84;21.04;2.84;14.29;76.41;10.20;0.00;0.00;2000.00;21.25;
"2019-09-11 07:56:00";16.80;20.40;20.70;0.00;0.00;0.00;0.00;0.00;0.00;2.78;14.30;75.92;10.11;0.00;0.00;2000.00;21.25;
"2019-09-11 08:01:00";16.90;20.40;20.70;0.00;0.00;0.00;0.00;0.00;0.00;2.33;14.31;75.52;10.04;0.00;0.00;2000.00;21.25;
"2019-09-11 08:06:00";17.10;20.30;20.70;0.00;0.00;0.00;0.00;0.00;0.00;2.07;14.36;75.24;10.03;0.00;0.00;2000.00;21.25;
"2019-09-11 08:11:00";17.30;20.30;20.70;0.00;0.00;0.00;0.00;0.00;0.00;0.00;14.36;74.96;9.97;0.00;0.00;2000.00;21.25;
"2019-09-11 08:16:00";17.50;20.30;20.60;0.00;0.00;0.00;0.00;0.00;0.00;2.79;14.47;74.79;10.05;0.00;0.00;2000.00;21.25;
"2019-09-11 08:21:00";17.70;20.30;20.60;0.00;0.00;0.00;0.00;2.18;180.00;2.75;14.55;74.48;10.06;0.00;0.00;2000.00;21.25;
"2019-09-11 08:26:00";17.80;20.30;20.60;0.00;0.00;0.00;0.00;1.55;133.48;3.92;14.61;74.17;10.06;0.00;0.00;2000.00;21.25;
"2019-09-11 08:31:00";18.00;20.20;20.60;0.00;0.00;0.00;0.00;2.55;180.00;5.00;14.75;73.82;10.12;0.00;0.00;2000.00;21.25;
"2019-09-11 08:36:00";18.00;20.30;20.60;0.00;0.00;0.00;0.00;0.86;180.00;3.67;14.81;73.26;10.06;0.00;0.00;2000.00;21.25;
"2019-09-11 08:41:00";18.10;20.20;20.60;0.00;0.00;0.00;0.00;0.00;0.00;0.00;14.81;72.88;9.99;0.00;0.00;2000.00;21.25;
"2019-09-11 08:46:00";18.20;20.20;20.50;0.00;0.00;0.00;0.00;2.15;152.84;4.03;14.89;72.56;10.00;0.00;0.00;2000.00;21.25;
"2019-09-11 08:51:00";18.50;20.20;20.50;0.00;0.00;0.00;0.00;0.82;128.15;3.58;15.05;72.48;10.14;0.00;0.00;2000.00;21.25;
"2019-09-11 08:56:00";18.70;20.20;20.50;0.00;0.00;0.00;0.00;2.83;180.00;6.01;15.24;71.90;10.20;0.00;0.00;2000.00;21.25;
"2019-09-11 09:01:00";18.90;20.20;20.50;0.00;0.00;0.00;0.00;0.00;0.00;1.27;15.49;71.37;10.33;0.00;0.00;2000.00;21.25;
"2019-09-11 09:06:00";18.90;20.20;20.50;0.00;0.00;0.00;0.00;0.98;174.46;4.56;15.53;70.43;10.17;0.00;0.00;2000.00;21.25;
"2019-09-11 09:11:00";19.00;20.20;20.50;0.00;0.00;0.00;0.00;1.84;148.80;2.95;15.44;70.25;10.04;0.00;0.00;2000.00;21.25;
"2019-09-11 09:16:00";19.00;20.20;20.50;0.00;0.00;0.00;0.00;0.00;0.00;3.30;15.36;70.09;9.93;0.00;0.00;2000.00;21.25;
"2019-09-11 09:21:00";19.10;20.20;20.50;0.00;0.00;0.00;0.00;2.06;172.50;5.54;15.36;70.16;9.95;0.00;0.00;2000.00;21.25;
"2019-09-11 09:26:00";19.60;20.20;20.50;0.00;0.00;0.00;0.00;2.57;180.00;2.74;15.45;70.23;10.05;0.00;0.00;2000.00;21.25;
"2019-09-11 09:31:00";20.50;20.20;20.50;0.00;0.00;0.00;0.00;4.34;204.78;4.34;15.69;70.13;10.25;0.00;0.00;2000.00;21.25;
"2019-09-11 09:36:00";21.00;20.20;20.50;0.00;0.00;0.00;0.00;0.83;129.80;2.97;15.88;69.40;10.28;0.00;0.00;2000.00;21.25;
"2019-09-11 09:41:00";21.00;20.20;20.50;0.00;0.00;0.00;0.00;2.45;180.00;3.26;15.60;69.06;9.94;0.00;0.00;2000.00;21.25;
"2019-09-11 09:46:00";21.10;20.20;20.50;0.00;0.00;0.00;0.00;2.45;193.23;3.07;15.66;69.11;10.01;0.00;0.00;2000.00;21.25;
"2019-09-11 09:51:00";21.30;20.20;20.50;0.00;0.00;0.00;0.00;3.21;178.74;4.54;15.82;69.08;10.15;0.00;0.00;2000.00;21.25;
"2019-09-11 09:56:00";21.70;20.20;20.50;0.00;0.00;0.00;0.00;1.76;180.00;3.32;16.18;69.10;10.51;0.00;0.00;2000.00;21.25;
"2019-09-11 10:01:00";22.20;20.20;20.50;0.00;0.00;0.00;0.00;2.64;130.63;6.76;16.49;68.37;10.64;0.00;0.00;2000.00;21.25;
"2019-09-11 10:06:00";22.80;20.20;20.50;0.00;0.00;0.00;0.00;4.07;185.62;4.07;16.92;67.46;10.85;0.00;0.00;2000.00;21.25;
"2019-09-11 10:11:00";23.30;20.20;20.50;0.00;0.00;0.00;0.00;1.74;180.00;2.73;17.12;66.70;10.87;0.00;0.00;2000.00;21.25;
"2019-09-11 10:16:00";23.80;20.20;20.50;0.00;0.00;0.00;0.00;1.96;181.87;3.76;17.32;66.07;10.92;0.00;0.00;2000.00;21.25;
"2019-09-11 10:21:00";24.80;20.20;20.50;0.00;0.00;0.00;0.00;6.25;187.23;6.54;17.75;65.04;11.09;0.00;0.00;2000.00;21.25;
"2019-09-11 10:26:00";25.20;20.30;20.50;0.00;0.00;0.00;0.00;1.80;170.16;10.05;17.98;63.82;11.03;0.00;0.00;2000.00;21.25;
"2019-09-11 10:31:00";25.50;20.30;20.50;0.00;0.00;0.00;0.00;5.52;204.04;7.41;18.21;62.79;10.99;0.00;0.00;2000.00;21.25;
"2019-09-11 10:36:00";25.40;20.30;20.50;0.00;0.00;0.00;0.00;3.99;180.00;7.11;18.22;62.20;10.86;0.00;0.00;2000.00;21.25;
"2019-09-11 10:41:00";25.40;20.30;20.60;0.00;0.00;0.00;0.00;4.93;17.42;5.88;18.20;61.54;10.69;0.00;0.00;2000.00;21.25;
"2019-09-11 10:46:00";25.50;20.40;20.60;0.00;0.00;0.00;0.00;2.58;16.28;8.28;18.25;60.67;10.52;0.00;0.00;2000.00;21.25;
"2019-09-11 10:51:00";26.40;20.40;20.60;0.00;0.00;0.00;0.00;3.40;23.44;5.79;18.61;59.74;10.62;0.00;0.00;2000.00;21.25;
"2019-09-11 10:56:00";26.50;20.40;20.60;0.00;0.00;0.00;0.00;4.06;217.33;5.73;18.71;58.32;10.36;0.00;0.00;2000.00;21.25;
"2019-09-11 11:01:00";27.10;20.40;20.60;0.00;0.00;0.00;0.00;5.59;190.98;6.34;18.86;57.73;10.35;0.00;0.00;2000.00;21.25;
"2019-09-11 11:06:00";27.10;20.50;20.60;0.00;0.00;0.00;0.00;6.11;187.69;6.11;18.95;56.35;10.07;0.00;0.00;2000.00;21.25;
"2019-09-11 11:11:00";27.80;20.50;20.70;0.00;0.00;0.00;0.00;3.89;198.55;6.35;19.09;55.69;10.02;0.00;0.00;2000.00;21.25;
"2019-09-11 11:16:00";27.40;20.60;20.70;0.00;0.00;0.00;0.00;4.13;180.00;5.14;19.07;55.52;9.96;0.00;0.00;2000.00;21.25;
"2019-09-11 11:21:00";26.80;20.60;20.70;0.00;0.00;0.00;0.00;2.66;218.00;3.39;19.01;55.85;9.99;0.00;0.00;2000.00;21.25;
"2019-09-11 11:26:00";27.30;20.60;20.80;0.00;0.00;0.00;0.00;0.00;0.00;2.65;19.21;56.16;10.26;0.00;0.00;2000.00;21.25;
"2019-09-11 11:31:00";27.20;20.70;20.80;0.00;0.00;0.00;0.00;5.52;198.65;6.28;19.12;55.74;10.06;0.00;0.00;2000.00;21.25;
"2019-09-11 11:36:00";26.90;20.70;20.80;0.00;0.00;0.00;0.00;3.61;191.06;5.94;19.09;55.81;10.06;0.00;0.00;2000.00;21.25;
"2019-09-11 11:41:00";27.10;20.80;20.90;0.00;0.00;0.00;0.00;2.14;179.35;4.77;19.27;56.61;10.44;0.00;0.00;2000.00;21.25;
"2019-09-11 11:46:00";26.80;20.80;20.90;0.00;0.00;0.00;0.00;5.32;213.53;8.84;19.28;56.58;10.43;0.00;0.00;2000.00;21.25;
"2019-09-11 11:51:00";26.70;20.90;21.00;0.00;0.00;0.00;0.00;4.62;183.94;7.72;19.46;56.86;10.68;0.00;0.00;2000.00;21.25;
"2019-09-11 11:56:00";26.50;20.90;21.00;0.00;0.00;0.00;0.00;6.04;208.79;7.52;19.48;56.91;10.70;0.00;0.00;2000.00;21.25;
"2019-09-11 12:01:00";26.50;21.00;21.00;0.00;0.00;0.00;0.00;2.10;185.21;3.14;19.51;57.55;10.91;0.00;0.00;2000.00;21.25;
"2019-09-11 12:06:00";26.20;21.00;21.10;0.00;0.00;0.00;0.00;3.79;239.38;9.44;19.42;57.55;10.82;0.00;0.00;2000.00;21.25;
"2019-09-11 12:11:00";25.90;21.10;21.10;0.00;0.00;0.00;0.00;4.50;169.78;8.57;19.26;58.31;10.86;0.00;0.00;2000.00;21.25;
"2019-09-11 12:16:00";25.70;21.10;21.20;0.00;0.00;0.00;0.00;4.35;226.95;7.87;19.31;58.50;10.97;0.00;0.00;2000.00;21.25;
"2019-09-11 12:21:00";25.50;21.10;21.20;0.00;0.00;0.00;0.00;6.86;198.01;7.02;19.25;58.53;10.91;0.00;0.00;2000.00;21.25;
"2019-09-11 12:26:00";25.40;21.20;21.20;0.00;0.00;0.00;0.00;4.18;192.35;7.15;19.28;58.79;11.01;0.00;0.00;2000.00;21.25;
"2019-09-11 12:31:00";25.60;21.20;21.30;0.00;0.00;0.00;0.00;6.32;186.67;6.72;19.39;58.69;11.09;0.00;0.00;2000.00;21.25;
"2019-09-11 12:36:00";25.80;21.30;21.30;0.00;0.00;0.00;0.00;4.20;190.08;6.05;19.44;58.70;11.14;0.00;0.00;2000.00;21.25;
"2019-09-11 12:41:00";26.00;21.30;21.30;0.00;0.00;0.00;0.00;3.30;181.24;4.60;19.54;58.52;11.19;0.00;0.00;2000.00;21.25;
"2019-09-11 12:46:00";26.30;21.40;21.40;0.00;0.00;0.00;0.00;4.58;192.91;6.09;19.59;58.21;11.15;0.00;0.00;2000.00;21.25;
"2019-09-11 12:51:00";26.40;21.40;21.40;0.00;0.00;0.00;0.00;4.71;190.40;4.71;19.64;58.65;11.31;0.00;0.00;2000.00;21.25;
"2019-09-11 12:56:00";26.30;21.40;21.40;0.00;0.00;0.00;0.00;3.79;211.03;9.48;19.72;58.27;11.29;0.00;0.00;2000.00;21.25;
"2019-09-11 13:01:00";26.20;21.60;21.60;0.00;0.00;0.00;0.00;5.73;195.19;13.03;19.73;58.21;11.29;0.00;0.00;2000.00;21.25;
"2019-09-11 13:06:00";26.60;21.60;21.60;0.00;0.00;0.00;0.00;7.12;209.13;7.81;19.91;57.96;11.38;0.00;0.00;2000.00;21.25;
"2019-09-11 13:11:00";26.40;21.60;21.60;0.00;0.00;0.00;0.00;3.53;198.59;10.41;19.87;57.45;11.21;0.00;0.00;2000.00;21.25;
"2019-09-11 13:16:00";27.30;21.60;21.60;0.00;0.00;0.00;0.00;2.54;172.85;8.59;20.18;57.17;11.44;0.00;0.00;2000.00;21.25;
"2019-09-11 13:21:00";26.90;21.70;21.70;0.00;0.00;0.00;0.00;4.57;205.98;5.35;20.30;56.48;11.36;0.00;0.00;2000.00;21.25;
"2019-09-11 13:26:00";26.30;21.70;21.70;0.00;0.00;0.00;0.00;5.90;221.39;10.01;20.09;56.31;11.12;0.00;0.00;2000.00;21.25;
"2019-09-11 13:31:00";25.90;21.70;21.70;0.00;0.00;0.00;0.00;4.88;13.47;7.54;20.09;55.79;10.98;0.00;0.00;2000.00;21.25;
"2019-09-11 13:36:00";25.60;21.80;21.80;0.00;0.00;0.00;0.00;1.80;233.09;9.50;20.04;55.87;10.95;0.00;0.00;2000.00;21.25;
"2019-09-11 13:41:00";25.50;21.80;21.80;0.00;0.00;0.00;0.00;6.76;202.32;6.76;20.03;55.89;10.95;0.00;0.00;2000.00;21.25;
"2019-09-11 13:46:00";25.60;21.80;21.80;0.00;0.00;0.00;0.00;5.34;196.01;9.19;19.93;56.32;10.97;0.00;0.00;2000.00;21.25;
"2019-09-11 13:51:00";27.60;21.90;21.90;0.00;0.00;0.00;0.00;2.94;187.98;5.28;20.54;55.85;11.42;0.00;0.00;2000.00;21.25;
"2019-09-11 13:56:00";28.20;21.90;21.90;0.00;0.00;0.00;0.00;2.99;202.91;6.57;20.94;53.88;11.24;0.00;0.00;2000.00;21.25;
"2019-09-11 14:01:00";28.10;21.90;21.90;0.00;0.00;0.00;0.00;7.59;202.42;10.86;20.56;54.01;10.92;0.00;0.00;2000.00;21.25;
"2019-09-11 14:06:00";28.30;21.90;21.90;0.00;0.00;0.00;0.00;7.14;225.69;9.12;20.45;54.47;10.95;0.00;0.00;2000.00;21.25;
"2019-09-11 14:11:00";28.80;22.00;22.00;0.00;0.00;0.00;0.00;3.38;199.21;9.10;20.60;54.46;11.09;0.00;0.00;2000.00;21.25;
"2019-09-11 14:16:00";29.00;22.00;22.00;0.00;0.00;0.00;0.00;3.22;232.61;8.19;20.58;54.30;11.02;0.00;0.00;2000.00;21.25;
"2019-09-11 14:21:00";29.30;22.00;22.00;0.00;0.00;0.00;0.00;3.25;235.58;7.86;20.72;54.23;11.14;0.00;0.00;2000.00;21.25;
"2019-09-11 14:26:00";30.20;22.10;22.00;0.00;0.00;0.00;0.00;11.19;197.49;11.19;21.16;54.29;11.56;0.00;0.00;2000.00;21.25;
"2019-09-11 14:31:00";30.00;22.10;22.00;0.00;0.00;0.00;0.00;3.99;180.00;7.32;20.81;52.98;10.87;0.00;0.00;2000.00;21.25;
"2019-09-11 14:36:00";29.90;22.10;22.10;0.00;0.00;0.00;0.00;7.61;182.88;13.68;20.58;53.62;10.83;0.00;0.00;2000.00;21.25;
"2019-09-11 14:41:00";29.60;22.20;22.10;0.00;0.00;0.00;0.00;7.72;214.61;7.99;20.53;53.92;10.87;0.00;0.00;2000.00;21.25;
"2019-09-11 14:46:00";29.60;22.20;22.10;0.00;0.00;0.00;0.00;6.98;235.16;9.16;20.68;53.84;10.99;0.00;0.00;2000.00;21.25;
"2019-09-11 14:51:00";28.70;22.20;22.20;0.00;0.00;0.00;0.00;7.48;213.97;7.54;20.32;53.60;10.59;0.00;0.00;2000.00;21.25;
"2019-09-11 14:56:00";27.90;22.30;22.20;0.00;0.00;0.00;0.00;7.32;206.35;9.72;20.13;54.29;10.60;0.00;0.00;2000.00;21.25;
"2019-09-11 15:01:00";27.50;22.30;22.20;0.00;0.00;0.00;0.00;8.34;209.95;8.34;20.09;54.50;10.62;0.00;0.00;2000.00;21.25;
"2019-09-11 15:06:00";26.90;22.40;22.30;0.00;0.00;0.00;0.00;8.71;242.47;9.56;19.93;54.84;10.57;0.00;0.00;2000.00;21.25;
"2019-09-11 15:11:00";26.80;22.40;22.30;0.00;0.00;0.00;0.00;2.69;225.94;9.77;19.88;55.38;10.67;0.00;0.00;2000.00;21.25;
"2019-09-11 15:16:00";27.10;22.40;22.30;0.00;0.00;0.00;0.00;3.89;21.03;9.57;20.10;55.03;10.78;0.00;0.00;2000.00;21.25;
"2019-09-11 15:21:00";27.10;22.50;22.40;0.00;0.00;0.00;0.00;6.03;204.49;6.93;20.13;54.95;10.78;0.00;0.00;2000.00;21.25;
"2019-09-11 15:26:00";27.50;22.50;22.40;0.00;0.00;0.00;0.00;2.16;228.46;8.66;20.24;54.98;10.90;0.00;0.00;2000.00;21.25;
"2019-09-11 15:31:00";27.80;22.50;22.40;0.00;0.00;0.00;0.00;2.69;214.82;6.09;20.39;55.04;11.05;0.00;0.00;2000.00;21.25;
"2019-09-11 15:36:00";27.90;22.60;22.50;0.00;0.00;0.00;0.00;2.00;173.47;3.54;20.49;54.96;11.12;0.00;0.00;2000.00;21.25;
"2019-09-11 15:41:00";27.40;22.60;22.50;0.00;0.00;0.00;0.00;6.06;220.55;7.29;20.23;55.02;10.90;0.00;0.00;2000.00;21.25;
"2019-09-11 15:46:00";27.10;22.60;22.50;0.00;0.00;0.00;0.00;4.38;254.85;5.54;20.29;55.08;10.98;0.00;0.00;2000.00;21.25;
"2019-09-11 15:51:00";26.80;22.70;22.60;0.00;0.00;0.00;0.00;5.09;251.39;6.59;20.44;54.78;11.03;0.00;0.00;2000.00;21.25;
"2019-09-11 15:56:00";27.10;22.70;22.60;0.00;0.00;0.00;0.00;1.73;197.20;5.30;20.66;53.93;11.00;0.00;0.00;2000.00;21.25;
"2019-09-11 16:01:00";26.90;22.70;22.60;0.00;0.00;0.00;0.00;3.94;251.48;5.61;20.61;52.89;10.66;0.00;0.00;2000.00;21.25;
"2019-09-11 16:06:00";27.50;22.70;22.60;0.00;0.00;0.00;0.00;3.08;222.84;4.69;20.87;52.70;10.85;0.00;0.00;2000.00;21.25;
"2019-09-11 16:11:00";27.20;22.80;22.70;0.00;0.00;0.00;0.00;1.94;222.90;4.13;20.92;52.61;10.87;0.00;0.00;2000.00;21.25;
"2019-09-11 16:16:00";27.30;22.80;22.70;0.00;0.00;0.00;0.00;4.70;11.02;6.42;20.84;51.88;10.58;0.00;0.00;2000.00;21.25;
"2019-09-11 16:21:00";27.10;22.80;22.70;0.00;0.00;0.00;0.00;2.57;185.58;5.96;20.83;51.69;10.52;0.00;0.00;2000.00;21.25;
"2019-09-11 16:26:00";26.60;22.80;22.70;0.00;0.00;0.00;0.00;2.61;188.83;3.16;20.85;51.38;10.45;0.00;0.00;2000.00;21.25;
"2019-09-11 16:31:00";26.40;23.00;22.80;0.00;0.00;0.00;0.00;4.35;230.95;7.40;20.74;50.81;10.18;0.00;0.00;2000.00;21.25;
"2019-09-11 16:36:00";26.30;23.00;22.80;0.00;0.00;0.00;0.00;3.57;222.51;6.48;20.67;51.03;10.18;0.00;0.00;2000.00;21.25;
"2019-09-11 16:41:00";26.30;23.00;22.80;0.00;0.00;0.00;0.00;4.40;213.69;6.36;20.67;51.66;10.36;0.00;0.00;2000.00;21.25;
"2019-09-11 16:46:00";26.90;23.00;22.80;0.00;0.00;0.00;0.00;5.41;10.67;9.94;20.92;51.21;10.46;0.00;0.00;2000.00;21.25;
"2019-09-11 16:51:00";26.70;23.00;22.80;0.00;0.00;0.00;0.00;4.03;230.44;6.10;20.83;51.79;10.54;0.00;0.00;2000.00;21.25;
"2019-09-11 16:56:00";26.30;23.00;23.00;0.00;0.00;0.00;0.00;5.64;267.87;6.97;20.76;51.50;10.40;0.00;0.00;2000.00;21.25;
"2019-09-11 17:01:00";26.30;23.10;23.00;0.00;0.00;0.00;0.00;3.14;249.01;4.89;20.64;52.05;10.45;0.00;0.00;2000.00;21.25;
"2019-09-11 17:06:00";26.10;23.10;23.00;0.00;0.00;0.00;0.00;4.55;181.41;8.17;20.51;53.03;10.61;0.00;0.00;2000.00;21.25;
"2019-09-11 17:11:00";25.80;23.10;23.00;0.00;0.00;0.00;0.00;3.12;253.81;7.63;20.33;53.95;10.70;0.00;0.00;2000.00;21.25;
"2019-09-11 17:16:00";25.50;23.10;23.00;0.00;0.00;0.00;0.00;5.77;245.81;6.75;20.20;54.98;10.86;0.00;0.00;2000.00;21.25;
"2019-09-11 17:21:00";25.50;23.10;23.00;0.00;0.00;0.00;0.00;3.82;316.49;4.98;20.35;55.49;11.14;0.00;0.00;2000.00;21.25;
"2019-09-11 17:26:00";25.40;23.10;23.10;0.00;0.00;0.00;0.00;2.98;244.41;5.71;20.21;56.11;11.18;0.00;0.00;2000.00;21.25;
"2019-09-11 17:31:00";25.20;23.10;23.10;0.00;0.00;0.00;0.00;3.40;271.92;4.36;20.13;56.88;11.31;0.00;0.00;2000.00;21.25;
"2019-09-11 17:36:00";25.00;23.20;23.10;0.00;0.00;0.00;0.00;5.04;253.79;7.27;20.01;57.11;11.26;0.00;0.00;2000.00;21.25;
"2019-09-11 17:41:00";24.90;23.20;23.10;0.00;0.00;0.00;0.00;1.51;299.62;4.37;19.95;57.09;11.19;0.00;0.00;2000.00;21.25;
"2019-09-11 17:46:00";24.70;23.20;23.10;0.00;0.00;0.00;0.00;6.61;238.85;7.27;19.65;56.52;10.76;0.00;0.00;2000.00;21.25;
"2019-09-11 17:51:00";24.60;23.20;23.10;0.00;0.00;0.00;0.00;2.60;195.48;3.26;19.51;57.02;10.76;0.00;0.00;2000.00;21.25;
"2019-09-11 17:56:00";24.40;23.20;23.10;0.00;0.00;0.00;0.00;5.44;201.16;7.87;19.47;57.26;10.79;0.00;0.00;2000.00;21.25;
"2019-09-11 18:01:00";24.20;23.20;23.10;0.00;0.00;0.00;0.00;1.82;277.52;3.95;19.48;57.32;10.82;0.00;0.00;2000.00;21.25;
"2019-09-11 18:06:00";23.90;23.20;23.10;0.00;0.00;0.00;0.00;2.21;229.96;5.94;19.46;57.36;10.80;0.00;0.00;2000.00;21.25;
"2019-09-11 18:11:00";23.70;23.20;23.10;0.00;0.00;0.00;0.00;9.09;239.31;9.09;19.33;57.68;10.77;0.00;0.00;2000.00;21.25;
"2019-09-11 18:16:00";23.70;23.20;23.10;0.00;0.00;0.00;0.00;4.87;216.65;7.05;19.40;57.73;10.85;0.00;0.00;2000.00;21.25;
"2019-09-11 18:21:00";23.50;23.20;23.10;0.00;0.00;0.00;0.00;4.89;245.63;5.28;19.31;57.84;10.80;0.00;0.00;2000.00;21.25;
"2019-09-11 18:26:00";23.30;23.20;23.10;0.00;0.00;0.00;0.00;3.14;195.90;8.13;19.30;58.14;10.86;0.00;0.00;2000.00;21.25;
"2019-09-11 18:31:00";23.20;23.20;23.20;0.00;0.00;0.00;0.00;2.86;214.12;4.24;19.31;58.46;10.96;0.00;0.00;2000.00;21.25;
"2019-09-11 18:36:00";23.00;23.20;23.10;0.00;0.00;0.00;0.00;6.73;259.57;6.73;19.27;58.61;10.96;0.00;0.00;2000.00;21.25;
"2019-09-11 18:41:00";22.90;23.20;23.20;0.00;0.00;0.00;0.00;3.96;252.77;4.77;19.31;58.65;11.01;0.00;0.00;2000.00;21.25;
"2019-09-11 18:46:00";22.70;23.20;23.20;0.00;0.00;0.00;0.00;4.32;240.30;5.71;19.28;58.91;11.05;0.00;0.00;2000.00;21.25;
"2019-09-11 18:51:00";22.60;23.20;23.20;0.00;0.00;0.00;0.00;3.86;260.07;7.10;19.24;59.26;11.10;0.00;0.00;2000.00;21.25;
"2019-09-11 18:56:00";22.60;23.20;23.20;0.00;0.00;0.00;0.00;4.01;205.31;4.83;19.26;59.27;11.11;0.00;0.00;2000.00;21.25;
"2019-09-11 19:01:00";22.50;23.20;23.20;0.00;0.00;0.00;0.00;1.05;260.75;3.61;19.18;59.60;11.12;0.00;0.00;2000.00;21.25;
"2019-09-11 19:06:00";22.50;23.20;23.20;0.00;0.00;0.00;0.00;3.49;261.08;4.08;19.15;60.08;11.22;0.00;0.00;2000.00;21.25;
"2019-09-11 19:11:00";22.40;23.20;23.20;0.00;0.00;0.00;0.00;1.89;213.97;4.69;19.03;60.57;11.22;0.00;0.00;2000.00;21.25;
"2019-09-11 19:16:00";22.30;23.20;23.20;0.00;0.00;0.00;0.00;9.94;260.54;9.94;18.85;61.47;11.28;0.00;0.00;2000.00;21.25;
"2019-09-11 19:21:00";22.20;23.20;23.20;0.00;0.00;0.00;0.00;3.03;273.91;4.47;18.64;62.87;11.42;0.00;0.00;2000.00;21.25;
"2019-09-11 19:26:00";22.00;23.20;23.10;0.00;0.00;0.00;0.00;3.42;231.89;5.76;18.53;63.56;11.49;0.00;0.00;2000.00;21.25;
"2019-09-11 19:31:00";21.80;23.10;23.10;0.00;0.00;0.00;0.00;4.37;226.93;6.88;18.46;63.77;11.47;0.00;0.00;2000.00;21.25;
"2019-09-11 19:36:00";21.70;23.10;23.10;0.00;0.00;0.00;0.00;0.00;0.00;2.17;18.36;64.07;11.44;0.00;0.00;2000.00;21.25;
"2019-09-11 19:41:00";21.50;23.10;23.10;0.00;0.00;0.00;0.00;2.50;268.40;3.99;18.23;64.48;11.42;0.00;0.00;2000.00;21.25;
"2019-09-11 19:46:00";21.40;23.10;23.10;0.00;0.00;0.00;0.00;2.05;248.49;3.65;18.16;64.75;11.41;0.00;0.00;2000.00;21.25;
"2019-09-11 19:51:00";21.20;23.10;23.10;0.00;0.00;0.00;0.00;0.00;0.00;2.55;18.06;65.03;11.38;0.00;0.00;2000.00;21.25;
"2019-09-11 19:56:00";21.00;23.10;23.10;0.00;0.00;0.00;0.00;2.05;268.66;3.50;17.85;65.66;11.33;0.00;0.00;2000.00;21.25;
"2019-09-11 20:01:00";20.70;23.10;23.10;0.00;0.00;0.00;0.00;1.79;288.89;2.87;17.71;65.89;11.24;0.00;0.00;2000.00;21.25;
"2019-09-11 20:06:00";20.40;23.10;23.10;0.00;0.00;0.00;0.00;3.03;277.39;3.03;17.66;66.50;11.34;0.00;0.00;2000.00;21.25;
"2019-09-11 20:11:00";20.10;23.00;23.10;0.00;0.00;0.00;0.00;0.00;0.00;0.56;17.53;66.74;11.27;0.00;0.00;2000.00;21.25;
"2019-09-11 20:16:00";19.90;23.00;23.10;0.00;0.00;0.00;0.00;2.17;244.64;2.85;17.33;67.10;11.16;0.01;0.00;2000.00;21.26;
"2019-09-11 20:21:00";19.80;23.00;23.00;0.00;0.00;0.00;0.00;0.00;0.00;0.00;17.11;67.52;11.05;0.00;0.00;2000.00;21.26;
"2019-09-11 20:26:00";19.70;23.00;23.00;0.00;0.00;0.00;0.00;0.00;0.00;0.00;17.00;68.20;11.09;0.00;0.00;2000.00;21.26;
"2019-09-11 20:31:00";19.60;22.80;23.00;0.00;0.00;0.00;0.00;0.00;0.00;0.00;17.01;68.55;11.18;0.00;0.00;2000.00;21.26;
"2019-09-11 20:36:00";19.40;23.00;23.00;0.00;0.00;0.00;0.00;0.00;0.00;0.00;16.89;68.82;11.12;0.00;0.00;2000.00;21.26;
"2019-09-11 20:41:00";19.30;22.80;23.00;0.00;0.00;0.00;0.00;0.00;0.00;0.00;16.75;69.24;11.08;0.00;0.00;2000.00;21.26;
"2019-09-11 20:46:00";19.20;22.80;23.00;0.00;0.00;0.00;0.00;0.00;0.00;0.00;16.60;69.57;11.01;0.00;0.00;2000.00;21.26;
"2019-09-11 20:51:00";19.10;22.80;23.00;0.00;0.00;0.00;0.00;0.00;0.00;0.00;16.56;69.86;11.03;0.00;0.00;2000.00;21.26;
"2019-09-11 20:56:00";18.90;22.80;22.80;0.00;0.00;0.00;0.00;0.00;0.00;0.00;16.27;70.16;10.82;0.00;0.00;2000.00;21.26;
"2019-09-11 21:01:00";18.80;22.70;22.80;0.00;0.00;0.00;0.00;0.00;0.00;0.00;16.01;70.50;10.64;0.00;0.00;2000.00;21.26;
"2019-09-11 21:06:00";18.70;22.70;22.80;0.00;0.00;0.00;0.00;0.00;0.00;0.00;15.76;70.82;10.47;0.00;0.00;2000.00;21.26;
"2019-09-11 21:11:00";18.50;22.70;22.70;0.00;0.00;0.00;0.00;0.00;0.00;0.00;15.53;71.29;10.35;0.00;0.00;2000.00;21.26;
"2019-09-11 21:16:00";18.40;22.70;22.70;0.00;0.00;0.00;0.00;0.00;0.00;0.00;15.33;71.70;10.24;0.00;0.00;2000.00;21.26;
"2019-09-11 21:21:00";18.30;22.70;22.70;0.00;0.00;0.00;0.00;0.00;0.00;0.00;15.12;72.25;10.15;0.00;0.00;2000.00;21.26;
"2019-09-11 21:26:00";18.20;22.60;22.70;0.00;0.00;0.00;0.00;0.00;0.00;0.00;14.98;73.09;10.19;0.00;0.00;2000.00;21.26;
"2019-09-11 21:31:00";18.10;22.60;22.70;0.00;0.00;0.00;0.00;0.00;0.00;0.00;14.96;74.33;10.43;0.00;0.00;2000.00;21.26;
"2019-09-11 21:36:00";18.00;22.50;22.60;0.00;0.00;0.00;0.00;0.91;180.00;2.14;15.33;75.40;11.01;0.00;0.00;2000.00;21.26;
"2019-09-11 21:41:00";17.90;22.50;22.60;0.00;0.00;0.00;0.00;2.42;199.59;2.42;15.63;75.49;11.31;0.00;0.00;2000.00;21.26;
"2019-09-11 21:46:00";17.90;22.50;22.60;0.00;0.00;0.00;0.00;0.00;0.00;0.00;15.80;75.19;11.41;0.00;0.00;2000.00;21.26;
"2019-09-11 21:51:00";17.80;22.50;22.60;0.00;0.00;0.00;0.00;0.00;0.00;0.00;15.77;75.08;11.36;0.00;0.00;2000.00;21.26;
"2019-09-11 21:56:00";17.70;22.50;22.60;0.00;0.00;0.00;0.00;0.00;0.00;0.00;15.70;74.67;11.21;0.00;0.00;2000.00;21.26;
"2019-09-11 22:01:00";17.60;22.40;22.50;0.00;0.00;0.00;0.00;0.00;0.00;0.00;15.66;74.91;11.22;0.00;0.00;2000.00;21.26;
"2019-09-11 22:06:00";17.50;22.40;22.50;0.00;0.00;0.00;0.00;0.00;0.00;0.00;15.55;74.94;11.13;0.00;0.00;2000.00;21.26;
"2019-09-11 22:11:00";17.40;22.40;22.50;0.00;0.00;0.00;0.00;0.00;0.00;0.00;15.51;74.96;11.08;0.00;0.00;2000.00;21.26;
"2019-09-11 22:16:00";17.40;22.30;22.40;0.00;0.00;0.00;0.00;0.00;0.00;0.00;15.61;74.99;11.19;0.00;0.00;2000.00;21.26;
"2019-09-11 22:21:00";17.30;22.30;22.40;0.00;0.00;0.00;0.00;0.00;0.00;0.00;15.59;74.90;11.15;0.00;0.00;2000.00;21.26;
"2019-09-11 22:26:00";17.20;22.20;22.40;0.00;0.00;0.00;0.00;0.00;0.00;0.00;15.44;74.53;10.94;0.00;0.00;2000.00;21.26;
"2019-09-11 22:31:00";17.10;22.20;22.40;0.00;0.00;0.00;0.00;0.00;0.00;0.00;15.18;74.66;10.70;0.00;0.00;2000.00;21.26;
"2019-09-11 22:36:00";17.00;22.20;22.30;0.00;0.00;0.00;0.00;0.00;0.00;0.00;14.98;74.89;10.57;0.00;0.00;2000.00;21.26;
"2019-09-11 22:41:00";16.90;22.20;22.30;0.00;0.00;0.00;0.00;0.00;0.00;0.00;14.78;75.18;10.43;0.00;0.00;2000.00;21.26;
"2019-09-11 22:46:00";16.90;22.10;22.30;0.00;0.00;0.00;0.00;0.00;0.00;0.00;14.55;75.53;10.27;0.00;0.00;2000.00;21.26;
"2019-09-11 22:51:00";16.70;22.10;22.30;0.00;0.00;0.00;0.00;0.00;0.00;0.00;14.32;75.94;10.13;0.00;0.00;2000.00;21.26;
"2019-09-11 22:56:00";16.60;22.00;22.20;0.00;0.00;0.00;0.00;0.00;0.00;0.00;14.13;76.40;10.03;0.00;0.00;2000.00;21.26;
"2019-09-11 23:01:00";16.60;22.00;22.20;0.00;0.00;0.00;0.00;0.00;0.00;0.00;14.05;76.92;10.06;0.00;0.00;2000.00;21.26;
"2019-09-11 23:06:00";16.50;22.00;22.20;0.00;0.00;0.00;0.00;0.00;0.00;0.00;13.97;77.27;10.05;0.00;0.00;2000.00;21.26;
"2019-09-11 23:11:00";16.40;21.90;22.10;0.00;0.00;0.00;0.00;0.00;0.00;0.00;13.85;77.61;10.00;0.00;0.00;2000.00;21.26;
"2019-09-11 23:16:00";16.40;21.90;22.10;0.00;0.00;0.00;0.00;0.00;0.00;0.00;13.76;78.00;9.99;0.00;0.00;2000.00;21.26;
"2019-09-11 23:21:00";16.30;21.90;22.10;0.00;0.00;0.00;0.00;0.00;0.00;0.00;13.65;78.30;9.94;0.00;0.00;2000.00;21.26;
"2019-09-11 23:26:00";16.20;21.90;22.10;0.00;0.00;0.00;0.00;0.00;0.00;0.00;13.60;78.71;9.96;0.00;0.00;2000.00;21.26;
"2019-09-11 23:31:00";16.10;21.80;22.00;0.00;0.00;0.00;0.00;0.00;0.00;0.00;13.48;78.89;9.89;0.00;0.00;2000.00;21.26;
"2019-09-11 23:36:00";16.00;21.80;22.00;0.00;0.00;0.00;0.00;0.00;0.00;0.00;13.36;79.23;9.83;0.00;0.00;2000.00;21.26;
"2019-09-11 23:41:00";16.00;21.80;22.00;0.00;0.00;0.00;0.00;0.00;0.00;0.00;13.26;79.64;9.82;0.00;0.00;2000.00;21.26;
"2019-09-11 23:46:00";16.00;21.80;22.00;0.00;0.00;0.00;0.00;0.00;0.00;0.00;13.20;79.96;9.81;0.00;0.00;2000.00;21.26;
"2019-09-11 23:51:00";15.90;21.70;21.90;0.00;0.00;0.00;0.00;0.00;0.00;0.00;13.02;80.21;9.69;0.00;0.00;2000.00;21.26;
"2019-09-11 23:56:00";15.90;21.70;21.90;0.00;0.00;0.00;0.00;0.00;0.00;0.00;12.86;80.57;9.60;0.00;0.00;2000.00;21.26;
"2019-09-12 00:01:00";15.80;21.60;21.90;0.00;0.00;0.00;0.00;0.00;0.00;0.00;12.77;80.92;9.57;0.00;0.00;2000.00;21.26;
"2019-09-12 00:06:00";15.80;21.60;21.80;0.00;0.00;0.00;0.00;0.00;0.00;0.00;12.72;81.30;9.59;0.00;0.00;2000.00;21.26;
"2019-09-12 00:11:00";15.80;21.60;21.80;0.00;0.00;0.00;0.00;0.00;0.00;0.00;12.62;81.64;9.56;0.00;0.00;2000.00;21.26;
"2019-09-12 00:16:00";15.70;21.40;21.80;0.00;0.00;0.00;0.00;0.00;0.00;0.00;12.54;81.98;9.54;0.00;0.00;2000.00;21.26;
"2019-09-12 00:21:00";15.60;21.40;21.80;0.00;0.00;0.00;0.00;0.00;0.00;0.00;12.50;82.31;9.57;0.00;0.00;2000.00;21.26;
"2019-09-12 00:26:00";15.60;21.40;21.70;0.00;0.00;0.00;0.00;0.00;0.00;0.00;12.46;82.53;9.56;0.00;0.00;2000.00;21.26;
"2019-09-12 00:31:00";15.50;21.40;21.70;0.00;0.00;0.00;0.00;0.00;0.00;0.00;12.38;82.83;9.54;0.00;0.00;2000.00;21.26;
"2019-09-12 00:36:00";15.50;21.30;21.70;0.00;0.00;0.00;0.00;0.00;0.00;0.00;12.37;83.12;9.58;0.00;0.00;2000.00;21.26;
"2019-09-12 00:41:00";15.40;21.30;21.70;0.00;0.00;0.00;0.00;0.00;0.00;0.00;12.37;83.35;9.62;0.00;0.00;2000.00;21.26;
"2019-09-12 00:46:00";15.40;21.30;21.60;0.00;0.00;0.00;0.00;0.00;0.00;0.00;12.31;83.59;9.61;0.00;0.00;2000.00;21.26;
"2019-09-12 00:51:00";15.40;21.20;21.60;0.00;0.00;0.00;0.00;0.00;0.00;0.00;12.27;83.85;9.62;0.00;0.00;2000.00;21.26;
"2019-09-12 00:56:00";15.40;21.20;21.60;0.00;0.00;0.00;0.00;0.00;0.00;0.00;12.26;84.01;9.64;0.00;0.00;2000.00;21.26;
"2019-09-12 01:01:00";15.30;21.20;21.40;0.00;0.00;0.00;0.00;0.00;0.00;0.00;12.21;84.12;9.60;0.00;0.00;2000.00;21.26;
"2019-09-12 01:06:00";15.30;21.10;21.40;0.00;0.00;0.00;0.00;0.00;0.00;0.00;12.13;84.28;9.55;0.00;0.00;2000.00;21.26;
"2019-09-12 01:11:00";15.20;21.10;21.40;0.00;0.00;0.00;0.00;0.00;0.00;0.00;12.06;84.48;9.52;0.00;0.00;2000.00;21.26;
"2019-09-12 01:16:00";15.20;21.10;21.30;0.00;0.00;0.00;0.00;0.00;0.00;0.00;11.96;84.67;9.46;0.00;0.00;2000.00;21.26;
"2019-09-12 01:21:00";15.10;21.10;21.30;0.00;0.00;0.00;0.00;0.00;0.00;0.00;11.89;84.87;9.42;0.00;0.00;2000.00;21.26;
"2019-09-12 01:26:00";15.10;21.00;21.30;0.00;0.00;0.00;0.00;0.00;0.00;0.00;11.86;85.07;9.43;0.00;0.00;2000.00;21.26;
"2019-09-12 01:31:00";15.00;21.00;21.30;0.00;0.00;0.00;0.00;0.00;0.00;0.00;11.76;85.18;9.36;0.00;0.00;2000.00;21.26;
"2019-09-12 01:36:00";14.90;20.90;21.20;0.00;0.00;0.00;0.00;0.00;0.00;0.00;11.71;85.40;9.34;0.00;0.00;2000.00;21.26;
"2019-09-12 01:41:00";14.90;20.90;21.20;0.00;0.00;0.00;0.00;0.00;0.00;0.00;11.63;85.62;9.30;0.00;0.00;2000.00;21.26;
"2019-09-12 01:46:00";14.80;20.90;21.20;0.00;0.00;0.00;0.00;0.00;0.00;0.00;11.57;85.71;9.26;0.00;0.00;2000.00;21.26;
"2019-09-12 01:51:00";14.80;20.90;21.20;0.00;0.00;0.00;0.00;0.00;0.00;0.00;11.51;85.92;9.23;0.00;0.00;2000.00;21.26;
"2019-09-12 01:56:00";14.80;20.80;21.10;0.00;0.00;0.00;0.00;0.00;0.00;0.00;11.46;86.08;9.21;0.00;0.00;2000.00;21.26;
"2019-09-12 02:01:00";14.70;20.80;21.10;0.00;0.00;0.00;0.00;0.00;0.00;0.00;11.38;86.25;9.16;0.00;0.00;2000.00;21.26;
"2019-09-12 02:06:00";14.70;20.80;21.10;0.00;0.00;0.00;0.00;0.00;0.00;0.00;11.32;86.41;9.13;0.00;0.00;2000.00;21.26;
"2019-09-12 02:11:00";14.70;20.80;21.10;0.00;0.00;0.00;0.00;0.00;0.00;0.00;11.32;86.59;9.17;0.00;0.00;2000.00;21.26;
"2019-09-12 02:16:00";14.60;20.70;21.00;0.00;0.00;0.00;0.00;0.00;0.00;0.00;11.31;86.69;9.17;0.00;0.00;2000.00;21.26;
"2019-09-12 02:21:00";14.60;20.70;21.00;0.00;0.00;0.00;0.00;0.00;0.00;0.00;11.26;86.85;9.15;0.00;0.00;2000.00;21.26;
"2019-09-12 02:26:00";14.50;20.60;21.00;0.00;0.00;0.00;0.00;0.00;0.00;0.00;11.21;86.99;9.13;0.00;0.00;2000.00;21.26;
"2019-09-12 02:31:00";14.50;20.60;20.90;0.00;0.00;0.00;0.00;0.00;0.00;0.00;11.17;87.10;9.10;0.00;0.00;2000.00;21.26;
"2019-09-12 02:36:00";14.40;20.60;20.90;0.00;0.00;0.00;0.00;0.00;0.00;0.00;11.16;87.28;9.13;0.00;0.00;2000.00;21.26;
"2019-09-12 02:41:00";14.40;20.60;20.90;0.00;0.00;0.00;0.00;0.00;0.00;0.00;11.17;87.39;9.15;0.00;0.00;2000.00;21.26;
"2019-09-12 02:46:00";14.40;20.50;20.80;0.00;0.00;0.00;0.00;0.00;0.00;0.00;11.14;87.51;9.14;0.00;0.00;2000.00;21.26;
"2019-09-12 02:51:00";14.30;20.50;20.80;0.00;0.00;0.00;0.00;0.00;0.00;0.00;11.14;87.61;9.15;0.00;0.00;2000.00;21.26;
"2019-09-12 02:56:00";14.30;20.50;20.80;0.00;0.00;0.00;0.00;0.00;0.00;0.00;11.11;87.74;9.15;0.00;0.00;2000.00;21.26;
"2019-09-12 03:01:00";14.20;20.50;20.80;0.00;0.00;0.00;0.00;0.00;0.00;0.00;11.01;87.82;9.07;0.00;0.00;2000.00;21.26;
"2019-09-12 03:06:00";14.20;20.40;20.70;0.00;0.00;0.00;0.00;0.00;0.00;0.00;10.99;87.97;9.07;0.00;0.00;2000.00;21.26;
"2019-09-12 03:11:00";14.20;20.40;20.70;0.00;0.00;0.00;0.00;0.00;0.00;0.00;10.96;88.10;9.06;0.00;0.00;2000.00;21.26;
"2019-09-12 03:16:00";14.20;20.40;20.70;0.00;0.00;0.00;0.00;0.00;0.00;0.00;10.93;88.14;9.04;0.00;0.00;2000.00;21.26;
"2019-09-12 03:21:00";14.10;20.30;20.70;0.00;0.00;0.00;0.00;0.00;0.00;0.00;10.88;88.24;9.01;0.00;0.00;2000.00;21.26;
"2019-09-12 03:26:00";14.10;20.30;20.60;0.00;0.00;0.00;0.00;0.00;0.00;0.00;10.85;88.33;9.00;0.00;0.00;2000.00;21.26;
"2019-09-12 03:31:00";14.00;20.30;20.60;0.00;0.00;0.00;0.00;0.00;0.00;0.00;10.75;88.37;8.90;0.00;0.00;2000.00;21.26;
"2019-09-12 03:36:00";14.00;20.20;20.60;0.00;0.00;0.00;0.00;0.00;0.00;0.00;10.72;88.52;8.90;0.00;0.00;2000.00;21.26;
"2019-09-12 03:41:00";13.90;20.20;20.50;0.00;0.00;0.00;0.00;0.00;0.00;0.00;10.74;88.65;8.94;0.00;0.00;2000.00;21.26;
"2019-09-12 03:46:00";13.90;20.20;20.50;0.00;0.00;0.00;0.00;0.00;0.00;0.00;10.70;88.64;8.90;0.00;0.00;2000.00;21.26;
"2019-09-12 03:51:00";13.80;20.20;20.50;0.00;0.00;0.00;0.00;0.00;0.00;0.00;10.68;88.78;8.90;0.00;0.00;2000.00;21.26;
"2019-09-12 03:56:00";13.80;20.10;20.50;0.00;0.00;0.00;0.00;0.00;0.00;0.00;10.67;88.76;8.89;0.00;0.00;2000.00;21.26;
"2019-09-12 04:01:00";13.70;20.10;20.40;0.00;0.00;0.00;0.00;0.00;0.00;0.00;10.57;88.82;8.80;0.00;0.00;2000.00;21.26;
"2019-09-12 04:06:00";13.70;20.10;20.40;0.00;0.00;0.00;0.00;0.00;0.00;0.00;10.53;88.88;8.77;0.00;0.00;2000.00;21.26;
"2019-09-12 04:11:00";13.70;20.00;20.40;0.00;0.00;0.00;0.00;0.00;0.00;0.00;10.45;89.02;8.72;0.00;0.00;2000.00;21.26;
"2019-09-12 04:16:00";13.70;20.00;20.30;0.00;0.00;0.00;0.00;0.00;0.00;0.00;10.44;89.05;8.71;0.00;0.00;2000.00;21.26;
"2019-09-12 04:21:00";13.60;20.00;20.30;0.00;0.00;0.00;0.00;0.00;0.00;0.00;10.40;89.11;8.68;0.00;0.00;2000.00;21.26;
"2019-09-12 04:26:00";13.60;20.00;20.30;0.00;0.00;0.00;0.00;0.00;0.00;0.00;10.32;89.16;8.61;0.00;0.00;2000.00;21.26;
"2019-09-12 04:31:00";13.60;19.90;20.30;0.00;0.00;0.00;0.00;0.00;0.00;0.00;10.28;89.22;8.58;0.00;0.00;2000.00;21.26;
"2019-09-12 04:36:00";13.50;19.90;20.30;0.00;0.00;0.00;0.00;0.00;0.00;0.00;10.28;89.36;8.61;0.00;0.00;2000.00;21.26;
"2019-09-12 04:41:00";13.50;19.90;20.20;0.00;0.00;0.00;0.00;0.00;0.00;0.00;10.27;89.36;8.60;0.00;0.00;2000.00;21.26;
"2019-09-12 04:46:00";13.40;19.90;20.20;0.00;0.00;0.00;0.00;0.00;0.00;0.00;10.37;89.54;8.72;0.00;0.00;2000.00;21.26;
"2019-09-12 04:51:00";13.40;19.80;20.20;0.00;0.00;0.00;0.00;0.00;0.00;0.00;10.42;89.49;8.77;0.00;0.00;2000.00;21.26;
"2019-09-12 04:56:00";13.40;19.80;20.20;0.00;0.00;0.00;0.00;0.00;0.00;0.00;10.49;89.65;8.86;0.00;0.00;2000.00;21.26;
"2019-09-12 05:01:00";13.30;19.80;20.10;0.00;0.00;0.00;0.00;0.00;0.00;0.00;10.70;89.52;9.04;0.00;0.00;2000.00;21.26;
"2019-09-12 05:06:00";13.30;19.70;20.10;0.00;0.00;0.00;0.00;0.00;0.00;0.00;10.85;89.55;9.20;0.00;0.00;2000.00;21.26;
"2019-09-12 05:11:00";13.20;19.70;20.10;0.00;0.00;0.00;0.00;0.00;0.00;0.00;11.01;89.48;9.34;0.00;0.00;2000.00;21.26;
"2019-09-12 05:16:00";13.20;19.70;20.10;0.00;0.00;0.00;0.00;0.00;0.00;0.00;11.12;89.31;9.42;0.00;0.00;2000.00;21.26;
"2019-09-12 05:21:00";13.20;19.70;20.00;0.00;0.00;0.00;0.00;0.00;0.00;0.00;11.16;89.26;9.46;0.00;0.00;2000.00;21.26;
"2019-09-12 05:26:00";13.20;19.60;20.00;0.00;0.00;0.00;0.00;0.00;0.00;0.00;11.23;88.92;9.47;0.00;0.00;2000.00;21.26;
"2019-09-12 05:31:00";13.20;19.60;20.00;0.00;0.00;0.00;0.00;0.00;0.00;0.00;11.27;88.57;9.45;0.00;0.00;2000.00;21.26;
"2019-09-12 05:36:00";13.10;19.60;20.00;0.00;0.00;0.00;0.00;0.00;0.00;0.00;11.35;88.29;9.48;0.00;0.00;2000.00;21.26;
"2019-09-12 05:41:00";13.10;19.60;19.90;0.00;0.00;0.00;0.00;0.00;0.00;0.00;11.28;87.87;9.34;0.00;0.00;2000.00;21.26;
"2019-09-12 05:46:00";13.10;19.60;19.90;0.00;0.00;0.00;0.00;0.00;0.00;0.00;11.35;87.65;9.37;0.00;0.00;2000.00;21.26;
"2019-09-12 05:51:00";13.00;19.50;19.90;0.00;0.00;0.00;0.00;0.00;0.00;0.00;11.34;87.08;9.27;0.00;0.00;2000.00;21.26;
"2019-09-12 05:56:00";13.00;19.50;19.80;0.00;0.00;0.00;0.00;0.00;0.00;0.00;11.29;86.52;9.13;0.00;0.00;2000.00;21.26;
"2019-09-12 06:01:00";12.90;19.50;19.80;0.00;0.00;0.00;0.00;0.00;0.00;0.00;11.21;86.23;8.99;0.00;0.00;2000.00;21.26;
"2019-09-12 06:06:00";12.90;19.40;19.80;0.00;0.00;0.00;0.00;0.00;0.00;0.00;11.19;85.84;8.90;0.00;0.00;2000.00;21.26;
"2019-09-12 06:11:00";12.90;19.40;19.80;0.00;0.00;0.00;0.00;0.00;0.00;0.00;11.15;85.43;8.79;0.00;0.00;2000.00;21.26;
"2019-09-12 06:16:00";12.90;19.40;19.80;0.00;0.00;0.00;0.00;0.00;0.00;0.00;11.09;85.11;8.68;0.00;0.00;2000.00;21.26;
"2019-09-12 06:21:00";12.80;19.30;19.70;0.00;0.00;0.00;0.00;0.00;0.00;0.00;11.10;84.92;8.66;0.00;0.00;2000.00;21.26;
"2019-09-12 06:26:00";12.80;19.30;19.70;0.00;0.00;0.00;0.00;0.00;0.00;0.00;11.07;84.80;8.61;0.00;0.00;2000.00;21.26;
"2019-09-12 06:31:00";12.80;19.30;19.70;0.00;0.00;0.00;0.00;0.00;0.00;0.00;11.13;84.34;8.59;0.00;0.00;2000.00;21.26;
"2019-09-12 06:36:00";12.80;19.30;19.60;0.00;0.00;0.00;0.00;0.00;0.00;0.00;11.07;84.12;8.49;0.00;0.00;2000.00;21.26;
"2019-09-12 06:41:00";12.80;19.30;19.60;0.00;0.00;0.00;0.00;0.00;0.00;0.00;11.07;84.07;8.47;0.00;0.00;2000.00;21.26;
"2019-09-12 06:46:00";12.80;19.20;19.60;0.00;0.00;0.00;0.00;0.00;0.00;0.00;11.01;83.71;8.36;0.00;0.00;2000.00;21.26;
"2019-09-12 06:51:00";12.90;19.20;19.60;0.00;0.00;0.00;0.00;0.00;0.00;0.00;10.96;83.58;8.28;0.00;0.00;2000.00;21.26;
"2019-09-12 06:56:00";12.80;19.20;19.50;0.00;0.00;0.00;0.00;0.00;0.00;0.00;10.94;83.51;8.25;0.00;0.00;2000.00;21.26;
"2019-09-12 07:01:00";12.80;19.10;19.50;0.00;0.00;0.00;0.00;0.00;0.00;0.00;11.08;83.55;8.40;0.00;0.00;2000.00;21.26;
"2019-09-12 07:06:00";12.80;19.10;19.50;0.00;0.00;0.00;0.00;0.00;0.00;0.00;11.10;83.27;8.36;0.00;0.00;2000.00;21.26;
"2019-09-12 07:11:00";12.90;19.10;19.50;0.00;0.00;0.00;0.00;0.00;0.00;0.00;11.14;83.14;8.38;0.00;0.00;2000.00;21.26;
"2019-09-12 07:16:00";12.90;19.10;19.40;0.00;0.00;0.00;0.00;0.00;0.00;0.00;11.13;82.94;8.34;0.00;0.00;2000.00;21.26;
"2019-09-12 07:21:00";13.00;19.00;19.40;0.00;0.00;0.00;0.00;0.00;0.00;0.00;11.18;82.80;8.36;0.00;0.00;2000.00;21.26;
"2019-09-12 07:26:00";13.10;19.00;19.40;0.00;0.00;0.00;0.00;0.00;0.00;0.00;11.15;82.58;8.29;0.00;0.00;2000.00;21.26;
"2019-09-12 07:31:00";13.20;19.00;19.40;0.00;0.00;0.00;0.00;0.00;0.00;0.00;11.11;82.46;8.23;0.00;0.00;2000.00;21.26;
"2019-09-12 07:36:00";13.20;18.90;19.30;0.00;0.00;0.00;0.00;0.00;0.00;0.00;11.11;82.38;8.22;0.00;0.00;2000.00;21.26;
"2019-09-12 07:41:00";13.30;18.90;19.30;0.00;0.00;0.00;0.00;0.00;0.00;0.00;11.17;82.41;8.28;0.00;0.00;2000.00;21.26;
"2019-09-12 07:46:00";13.50;18.90;19.30;0.00;0.00;0.00;0.00;0.00;0.00;0.00;11.27;82.47;8.39;0.00;0.00;2000.00;21.26;
"2019-09-12 07:51:00";13.60;18.90;19.30;0.00;0.00;0.00;0.00;0.00;0.00;0.00;11.48;82.43;8.59;0.00;0.00;2000.00;21.26;
"2019-09-12 07:56:00";13.70;18.80;19.20;0.00;0.00;0.00;0.00;0.00;0.00;0.00;11.63;82.16;8.68;0.00;0.00;2000.00;21.26;
"2019-09-12 08:01:00";13.70;18.80;19.30;0.00;0.00;0.00;0.00;0.00;0.00;0.00;11.80;82.01;8.83;0.00;0.00;2000.00;21.26;
"2019-09-12 08:06:00";13.80;18.80;19.20;0.00;0.00;0.00;0.00;0.00;0.00;0.00;11.97;81.62;8.92;0.00;0.00;2000.00;21.26;
"2019-09-12 08:11:00";13.90;18.80;19.20;0.00;0.00;0.00;0.00;0.00;0.00;0.00;12.12;81.21;8.99;0.00;0.00;2000.00;21.26;
"2019-09-12 08:16:00";14.10;18.80;19.20;0.00;0.00;0.00;0.00;0.00;0.00;0.00;12.22;80.80;9.01;0.00;0.00;2000.00;21.26;
"2019-09-12 08:21:00";14.20;18.80;19.10;0.00;0.00;0.00;0.00;0.00;0.00;0.00;12.42;80.46;9.14;0.00;0.00;2000.00;21.26;
"2019-09-12 08:26:00";14.30;18.70;19.10;0.00;0.00;0.00;0.00;0.00;0.00;0.00;12.64;79.89;9.25;0.00;0.00;2000.00;21.26;
"2019-09-12 08:31:00";14.60;18.70;19.10;0.00;0.00;0.00;0.00;0.00;0.00;0.00;12.87;79.43;9.40;0.00;0.00;2000.00;21.26;
"2019-09-12 08:36:00";15.20;18.70;19.10;0.00;0.00;0.00;0.00;0.00;0.00;0.00;13.24;78.64;9.60;0.00;0.00;2000.00;21.26;
"2019-09-12 08:41:00";15.50;18.70;19.10;0.00;0.00;0.00;0.00;0.00;0.00;0.00;13.55;77.81;9.75;0.00;0.00;2000.00;21.26;
"2019-09-12 08:46:00";15.70;18.70;19.10;0.00;0.00;0.00;0.00;0.00;0.00;0.00;13.66;76.94;9.68;0.00;0.00;2000.00;21.26;
"2019-09-12 08:51:00";15.90;18.70;19.00;0.00;0.00;0.00;0.00;0.00;0.00;0.00;13.64;76.38;9.56;0.00;0.00;2000.00;21.26;
"2019-09-12 08:56:00";16.00;18.70;19.00;0.00;0.00;0.00;0.00;0.00;0.00;0.00;13.70;75.87;9.52;0.00;0.00;2000.00;21.26;
"2019-09-12 09:01:00";16.00;18.60;19.00;0.00;0.00;0.00;0.00;0.00;0.00;0.00;13.74;75.61;9.51;0.00;0.00;2000.00;21.26;
"2019-09-12 09:06:00";16.20;18.60;19.00;0.00;0.00;0.00;0.00;0.00;0.00;0.00;14.05;75.53;9.79;0.00;0.00;2000.00;21.26;
"2019-09-12 09:11:00";16.40;18.60;19.00;0.00;0.00;0.00;0.00;0.00;0.00;0.00;14.47;75.27;10.14;0.00;0.00;2000.00;21.26;
"2019-09-12 09:16:00";17.00;18.60;19.00;0.00;0.00;0.00;0.00;0.00;0.00;0.00;14.95;74.61;10.47;0.00;0.00;2000.00;21.26;
"2019-09-12 09:21:00";16.90;18.60;19.00;0.00;0.00;0.00;0.00;0.00;0.00;0.00;15.26;73.91;10.63;0.00;0.00;2000.00;21.26;
"2019-09-12 09:26:00";17.20;18.60;18.90;0.00;0.00;0.00;0.00;2.41;191.71;3.30;15.61;72.94;10.77;0.00;0.00;2000.00;21.26;
"2019-09-12 09:31:00";18.30;18.60;19.00;0.00;0.00;0.00;0.00;1.05;182.56;2.61;15.94;71.71;10.83;0.00;0.00;2000.00;21.26;
"2019-09-12 09:36:00";19.50;18.60;18.90;0.00;0.00;0.00;0.00;0.00;0.00;1.22;16.20;70.43;10.81;0.00;0.00;2000.00;21.26;
"2019-09-12 09:41:00";20.90;18.60;18.90;0.00;0.00;0.00;0.00;0.00;0.00;0.00;16.52;69.43;10.91;0.00;0.00;2000.00;21.26;
"2019-09-12 09:46:00";21.00;18.60;18.90;0.00;0.00;0.00;0.00;1.84;205.19;3.08;16.77;68.52;10.95;0.00;0.00;2000.00;21.26;
"2019-09-12 09:51:00";21.00;18.60;18.90;0.00;0.00;0.00;0.00;0.00;0.00;0.00;16.97;67.86;10.99;0.00;0.00;2000.00;21.26;
"2019-09-12 09:56:00";20.80;18.60;18.90;0.00;0.00;0.00;0.00;0.00;0.00;0.00;17.15;66.62;10.88;0.00;0.00;2000.00;21.26;
"2019-09-12 10:01:00";20.50;18.60;18.90;0.00;0.00;0.00;0.00;0.00;0.00;1.40;17.09;65.77;10.63;0.00;0.00;2000.00;21.26;
"2019-09-12 10:06:00";20.70;18.60;18.90;0.00;0.00;0.00;0.00;0.00;0.00;0.00;17.14;65.44;10.61;0.00;0.00;2000.00;21.26;
"2019-09-12 10:11:00";21.60;18.60;18.90;0.00;0.00;0.00;0.00;0.00;0.00;0.00;17.52;65.29;10.93;0.00;0.00;2000.00;21.26;
"2019-09-12 10:16:00";22.60;18.60;19.00;0.00;0.00;0.00;0.00;0.00;0.00;0.00;17.96;64.57;11.18;0.00;0.00;2000.00;21.26;
"2019-09-12 10:21:00";22.70;18.70;19.00;0.00;0.00;0.00;0.00;0.00;0.00;1.04;18.15;63.54;11.12;0.00;0.00;2000.00;21.26;
"2019-09-12 10:26:00";22.90;18.70;19.00;0.00;0.00;0.00;0.00;1.49;24.82;2.70;18.27;62.77;11.04;0.00;0.00;2000.00;21.26;
"2019-09-12 10:31:00";22.70;18.70;19.00;0.00;0.00;0.00;0.00;0.00;0.00;0.00;18.25;62.02;10.85;0.00;0.00;2000.00;21.26;
"2019-09-12 10:36:00";22.80;18.70;19.00;0.00;0.00;0.00;0.00;0.00;0.00;0.00;18.29;61.56;10.77;0.00;0.00;2000.00;21.26;
"2019-09-12 10:41:00";23.30;18.70;19.00;0.00;0.00;0.00;0.00;0.00;0.00;0.00;18.52;60.97;10.84;0.00;0.00;2000.00;21.26;
"2019-09-12 10:46:00";24.10;18.80;19.00;0.00;0.00;0.00;0.00;2.54;186.53;3.78;18.88;59.60;10.84;0.00;0.00;2000.00;21.26;
"2019-09-12 10:51:00";24.40;18.80;19.10;0.00;0.00;0.00;0.00;4.18;195.13;5.68;19.20;56.90;10.44;0.00;0.00;2000.00;21.26;
"2019-09-12 10:56:00";24.50;18.80;19.10;0.00;0.00;0.00;0.00;2.81;239.74;3.02;19.35;56.39;10.44;0.00;0.00;2000.00;21.26;
"2019-09-12 11:01:00";25.10;18.90;19.10;0.00;0.00;0.00;0.00;0.00;0.00;0.00;19.61;55.34;10.41;0.00;0.00;2000.00;21.26;
"2019-09-12 11:06:00";25.20;18.90;19.10;0.00;0.00;0.00;0.00;1.25;177.59;2.84;19.59;54.33;10.11;0.00;0.00;2000.00;21.26;
"2019-09-12 11:11:00";25.70;19.00;19.20;0.00;0.00;0.00;0.00;1.99;194.21;5.08;19.75;53.93;10.16;0.00;0.00;2000.00;21.26;
"2019-09-12 11:16:00";25.50;19.00;19.20;0.00;0.00;0.00;0.00;0.00;0.00;5.49;19.89;53.28;10.10;0.00;0.00;2000.00;21.26;
"2019-09-12 11:21:00";26.30;19.00;19.20;0.00;0.00;0.00;0.00;4.09;6.03;4.09;20.11;52.53;10.09;0.00;0.00;2000.00;21.26;
"2019-09-12 11:26:00";27.10;19.10;19.30;0.00;0.00;0.00;0.00;4.69;196.40;7.45;20.26;51.41;9.91;0.00;0.00;2000.00;21.26;
"2019-09-12 11:31:00";27.70;19.10;19.30;0.00;0.00;0.00;0.00;2.38;200.76;5.30;20.41;51.11;9.96;0.00;0.00;2000.00;21.26;
"2019-09-12 11:36:00";27.40;19.20;19.30;0.00;0.00;0.00;0.00;5.74;237.99;6.48;20.42;50.53;9.80;0.00;0.00;2000.00;21.26;
"2019-09-12 11:41:00";27.40;19.20;19.40;0.00;0.00;0.00;0.00;7.89;351.22;7.89;20.17;50.06;9.43;0.00;0.00;2000.00;21.26;
"2019-09-12 11:46:00";26.90;19.30;19.40;0.00;0.00;0.00;0.00;5.29;217.48;6.67;20.30;49.64;9.43;0.00;0.00;2000.00;21.26;
"2019-09-12 11:51:00";26.10;19.30;19.40;0.00;0.00;0.00;0.00;6.97;208.90;6.97;20.33;49.49;9.41;0.00;0.00;2000.00;21.26;
"2019-09-12 11:56:00";26.10;19.40;19.50;0.00;0.00;0.00;0.00;4.62;197.05;6.63;20.39;50.02;9.62;0.00;0.00;2000.00;21.26;
"2019-09-12 12:01:00";26.10;19.40;19.50;0.00;0.00;0.00;0.00;7.08;188.17;8.28;20.44;48.91;9.33;0.00;0.00;2000.00;21.26;
"2019-09-12 12:06:00";25.90;19.50;19.60;0.00;0.00;0.00;0.00;1.63;197.97;3.28;20.50;49.50;9.57;0.00;0.00;2000.00;21.26;
"2019-09-12 12:11:00";25.80;19.60;19.60;0.00;0.00;0.00;0.00;5.27;210.33;5.55;20.58;48.89;9.45;0.00;0.00;2000.00;21.26;
"2019-09-12 12:16:00";25.60;19.60;19.70;0.00;0.00;0.00;0.00;1.14;218.10;5.48;20.56;47.74;9.08;0.00;0.00;2000.00;21.26;
"2019-09-12 12:21:00";25.60;19.70;19.70;0.00;0.00;0.00;0.00;4.16;273.91;7.41;20.49;48.22;9.16;0.00;0.00;2000.00;21.26;
"2019-09-12 12:26:00";25.80;19.70;19.80;0.00;0.00;0.00;0.00;1.02;295.82;6.00;20.48;48.51;9.25;0.00;0.00;2000.00;21.26;
"2019-09-12 12:31:00";25.90;19.70;19.80;0.00;0.00;0.00;0.00;0.00;0.00;2.21;20.57;49.08;9.50;0.01;0.00;2000.00;21.27;
"2019-09-12 12:36:00";26.20;19.80;19.90;0.00;0.00;0.00;0.00;3.05;216.88;5.44;20.61;48.52;9.37;0.00;0.00;2000.00;21.27;
"2019-09-12 12:41:00";26.70;19.90;19.90;0.00;0.00;0.00;0.00;2.22;228.79;3.91;20.74;49.14;9.68;0.00;0.00;2000.00;21.27;
"2019-09-12 12:46:00";26.60;19.90;19.90;0.00;0.00;0.00;0.00;3.30;209.74;4.89;20.69;49.31;9.69;0.00;0.00;2000.00;21.27;
"2019-09-12 12:51:00";26.80;20.00;20.00;0.00;0.00;0.00;0.00;6.39;199.76;8.84;20.54;48.94;9.43;0.00;0.00;2000.00;21.27;
"2019-09-12 12:56:00";26.70;20.00;20.00;0.00;0.00;0.00;0.00;2.20;213.42;5.79;20.52;49.17;9.48;0.00;0.00;2000.00;21.27;
"2019-09-12 13:01:00";26.80;20.00;20.10;0.00;0.00;0.00;0.00;3.17;236.39;3.65;20.67;49.75;9.79;0.00;0.00;2000.00;21.27;
"2019-09-12 13:06:00";26.90;20.10;20.10;0.00;0.00;0.00;0.00;3.30;231.70;4.81;20.56;49.19;9.52;0.00;0.00;2000.00;21.27;
"2019-09-12 13:11:00";27.20;20.10;20.10;0.00;0.00;0.00;0.00;2.76;214.07;5.52;20.68;49.75;9.81;0.00;0.00;2000.00;21.27;
"2019-09-12 13:16:00";27.50;20.20;20.20;0.00;0.00;0.00;0.00;2.50;232.81;4.17;20.83;49.11;9.75;0.00;0.00;2000.00;21.27;
"2019-09-12 13:21:00";27.40;20.20;20.20;0.00;0.00;0.00;0.00;9.23;255.19;9.23;20.89;48.93;9.75;0.00;0.00;2000.00;21.27;
"2019-09-12 13:26:00";27.20;20.30;20.30;0.00;0.00;0.00;0.00;2.94;219.27;6.37;20.63;49.40;9.66;0.00;0.00;2000.00;21.27;
"2019-09-12 13:31:00";27.30;20.30;20.30;0.00;0.00;0.00;0.00;4.72;196.07;4.87;20.71;49.65;9.81;0.00;0.00;2000.00;21.27;
"2019-09-12 13:36:00";27.40;20.40;20.40;0.00;0.00;0.00;0.00;6.27;245.96;9.43;20.69;49.92;9.86;0.00;0.00;2000.00;21.27;
"2019-09-12 13:41:00";28.80;20.40;20.40;0.00;0.00;0.00;0.00;2.06;245.25;6.10;20.93;49.68;10.02;0.00;0.00;2000.00;21.27;
"2019-09-12 13:46:00";28.90;20.50;20.50;0.00;0.00;0.00;0.00;2.11;231.96;10.19;21.19;48.82;9.99;0.00;0.00;2000.00;21.27;
"2019-09-12 13:51:00";28.40;20.50;20.50;0.00;0.00;0.00;0.00;9.08;205.60;9.08;20.75;51.09;10.27;0.00;0.00;2000.00;21.27;
"2019-09-12 13:56:00";28.80;20.60;20.50;0.00;0.00;0.00;0.00;3.89;237.53;8.00;20.89;51.32;10.46;0.00;0.00;2000.00;21.27;
"2019-09-12 14:01:00";28.20;20.60;20.60;0.00;0.00;0.00;0.00;4.31;187.36;7.66;20.73;51.69;10.42;0.00;0.00;2000.00;21.27;
"2019-09-12 14:06:00";27.70;20.60;20.60;0.00;0.00;0.00;0.00;4.22;245.13;10.09;20.63;52.40;10.53;0.00;0.00;2000.00;21.27;
"2019-09-12 14:11:00";27.10;20.70;20.70;0.00;0.00;0.00;0.00;4.38;268.91;4.41;20.65;52.88;10.69;0.00;0.00;2000.00;21.27;
"2019-09-12 14:16:00";26.10;20.70;20.70;0.00;0.00;0.00;0.00;4.03;188.00;10.47;20.44;53.22;10.60;0.00;0.00;2000.00;21.27;
"2019-09-12 14:21:00";23.20;20.80;20.70;0.00;154.00;0.00;1.00;7.99;244.66;9.54;19.18;57.66;10.62;0.44;60.00;2000.00;21.71;
"2019-09-12 14:26:00";22.00;20.80;20.80;0.00;227.00;0.00;1.00;4.35;256.30;8.49;17.87;63.21;10.78;0.58;60.00;2000.00;22.29;
"2019-09-12 14:31:00";21.50;20.90;20.80;0.00;142.00;0.00;1.00;6.27;228.77;9.20;17.27;66.37;10.94;0.38;60.00;2000.00;22.67;
"2019-09-12 14:36:00";20.90;20.90;20.90;0.00;69.00;0.00;1.00;4.80;274.94;11.02;16.99;68.55;11.16;0.00;0.00;2000.00;22.67;
"2019-09-12 14:41:00";20.50;21.00;20.90;0.00;79.00;0.00;1.00;3.36;248.66;5.61;16.58;70.19;11.12;0.00;0.00;2000.00;22.67;
"2019-09-12 14:46:00";20.20;21.00;21.00;0.00;66.00;0.00;1.00;5.07;248.15;9.65;16.30;72.79;11.40;0.00;0.00;2000.00;22.67;
"2019-09-12 14:51:00";19.90;21.00;21.00;0.00;114.00;0.00;1.00;2.89;229.33;5.83;16.18;75.33;11.81;0.01;0.00;2000.00;22.68;
"2019-09-12 14:56:00";20.00;21.10;21.00;0.00;82.00;0.00;1.00;5.59;202.03;5.59;16.42;76.92;12.36;0.00;0.00;2000.00;22.68;
"2019-09-12 15:01:00";20.10;21.10;21.00;0.00;109.00;0.00;1.00;2.51;241.54;3.22;16.48;77.98;12.62;0.00;0.00;2000.00;22.68;
"2019-09-12 15:06:00";20.40;21.10;21.10;0.00;74.00;0.00;1.00;3.01;227.11;4.62;16.45;79.01;12.80;0.00;0.00;2000.00;22.68;
"2019-09-12 15:11:00";20.70;21.10;21.10;0.00;54.00;0.00;1.00;1.65;231.71;3.95;16.57;79.77;13.06;0.01;0.00;2000.00;22.69;
"2019-09-12 15:16:00";20.90;21.10;21.10;0.00;26.00;0.00;0.00;4.73;201.95;5.88;16.80;80.06;13.34;0.00;0.00;2000.00;22.69;
"2019-09-12 15:21:00";21.20;21.10;21.10;0.00;0.00;0.00;0.00;2.74;251.04;5.66;16.98;80.80;13.66;0.00;0.00;2000.00;22.69;
"2019-09-12 15:26:00";22.20;21.10;21.10;0.00;0.00;0.00;0.00;3.76;188.63;4.65;17.07;80.74;13.73;0.00;0.00;2000.00;22.69;
"2019-09-12 15:31:00";22.70;21.10;21.10;0.00;0.00;0.00;0.00;2.65;206.70;6.36;17.15;79.99;13.67;0.00;0.00;2000.00;22.69;
"2019-09-12 15:36:00";23.80;21.10;21.10;0.00;0.00;0.00;0.00;3.42;190.08;4.04;17.33;80.05;13.85;0.00;0.00;2000.00;22.69;
"2019-09-12 15:41:00";24.70;21.20;21.20;0.00;0.00;0.00;0.00;0.99;180.00;1.57;17.78;80.28;14.34;0.00;0.00;2000.00;22.69;
"2019-09-12 15:46:00";25.70;21.10;21.10;0.00;0.00;0.00;0.00;4.83;231.57;4.83;17.93;80.17;14.47;0.00;0.00;2000.00;22.69;
"2019-09-12 15:51:00";25.60;21.10;21.10;0.00;0.00;0.00;0.00;3.96;221.55;6.82;18.02;79.32;14.38;0.00;0.00;2000.00;22.69;
"2019-09-12 15:56:00";25.70;21.10;21.20;0.00;0.00;0.00;0.00;2.44;180.00;5.17;18.01;79.73;14.45;0.00;0.00;2000.00;22.69;
"2019-09-12 16:01:00";25.60;21.10;21.10;0.00;0.00;0.00;0.00;2.25;290.75;5.42;18.10;78.71;14.34;0.00;0.00;2000.00;22.69;
"2019-09-12 16:06:00";26.30;21.10;21.10;0.00;0.00;0.00;0.00;2.86;241.82;8.30;18.28;78.42;14.46;0.00;0.00;2000.00;22.69;
"2019-09-12 16:11:00";25.60;21.10;21.10;0.00;0.00;0.00;0.00;4.19;212.82;5.38;18.36;77.39;14.34;0.00;0.00;2000.00;22.69;
"2019-09-12 16:16:00";25.40;21.10;21.10;0.00;0.00;0.00;0.00;0.00;0.00;2.92;18.28;77.96;14.37;0.00;0.00;2000.00;22.69;
"2019-09-12 16:21:00";25.20;21.10;21.20;0.00;0.00;0.00;0.00;3.44;240.09;7.18;18.32;77.51;14.31;0.00;0.00;2000.00;22.69;
"2019-09-12 16:26:00";25.20;21.10;21.20;0.00;0.00;0.00;0.00;1.24;17.52;5.03;18.23;77.17;14.17;0.00;0.00;2000.00;22.69;
"2019-09-12 16:31:00";25.30;21.10;21.20;0.00;0.00;0.00;0.00;3.30;240.75;4.43;18.43;76.96;14.32;0.00;0.00;2000.00;22.69;
"2019-09-12 16:36:00";25.30;21.20;21.20;0.00;0.00;0.00;0.00;4.37;188.69;4.37;18.76;75.87;14.41;0.00;0.00;2000.00;22.69;
"2019-09-12 16:41:00";24.80;21.20;21.20;0.00;0.00;0.00;0.00;1.22;237.77;5.95;18.40;74.71;13.83;0.00;0.00;2000.00;22.69;
"2019-09-12 16:46:00";25.10;21.20;21.20;0.00;0.00;0.00;0.00;1.81;255.59;4.45;18.42;73.99;13.69;0.00;0.00;2000.00;22.69;
"2019-09-12 16:51:00";25.80;21.20;21.20;0.00;0.00;0.00;0.00;5.11;193.19;5.30;18.63;73.37;13.77;0.00;0.00;2000.00;22.69;
"2019-09-12 16:56:00";25.30;21.20;21.20;0.00;0.00;0.00;0.00;2.15;182.44;5.20;18.62;72.36;13.54;0.00;0.00;2000.00;22.69;
"2019-09-12 17:01:00";24.60;21.20;21.20;0.00;0.00;0.00;0.00;3.88;203.62;4.70;18.22;72.65;13.23;0.00;0.00;2000.00;22.69;
"2019-09-12 17:06:00";24.90;21.30;21.30;0.00;0.00;0.00;0.00;2.04;214.01;4.96;18.37;73.53;13.55;0.00;0.00;2000.00;22.69;
"2019-09-12 17:11:00";25.30;21.20;21.30;0.00;0.00;0.00;0.00;3.31;235.58;5.58;18.66;73.28;13.78;0.00;0.00;2000.00;22.69;
"2019-09-12 17:16:00";25.90;21.30;21.30;0.00;0.00;0.00;0.00;3.39;270.40;3.94;18.98;73.42;14.12;0.00;0.00;2000.00;22.69;
"2019-09-12 17:21:00";25.90;21.30;21.30;0.00;0.00;0.00;0.00;2.57;223.00;3.53;19.19;71.94;14.01;0.00;0.00;2000.00;22.69;
"2019-09-12 17:26:00";25.60;21.30;21.30;0.00;0.00;0.00;0.00;6.24;271.81;6.34;19.14;71.29;13.81;0.00;0.00;2000.00;22.69;
"2019-09-12 17:31:00";25.10;21.30;21.30;0.00;0.00;0.00;0.00;4.09;269.17;4.96;19.02;70.57;13.55;0.00;0.00;2000.00;22.69;
"2019-09-12 17:36:00";24.40;21.30;21.40;0.00;0.00;0.00;0.00;3.55;239.94;7.15;18.92;69.93;13.31;0.00;0.00;2000.00;22.69;
"2019-09-12 17:41:00";24.30;21.30;21.40;0.00;0.00;0.00;0.00;3.31;239.32;5.19;19.00;69.80;13.35;0.00;0.00;2000.00;22.69;
"2019-09-12 17:46:00";24.10;21.40;21.40;0.00;0.00;0.00;0.00;4.29;196.23;4.32;19.08;69.25;13.31;0.00;0.00;2000.00;22.69;
"2019-09-12 17:51:00";23.80;21.40;21.40;0.00;0.00;0.00;0.00;2.93;305.56;5.91;18.97;68.86;13.13;0.00;0.00;2000.00;22.69;
"2019-09-12 17:56:00";23.60;21.40;21.40;0.00;0.00;0.00;0.00;3.21;228.54;4.45;19.16;67.68;13.03;0.00;0.00;2000.00;22.69;
"2019-09-12 18:01:00";23.20;21.40;21.40;0.00;0.00;0.00;0.00;3.46;274.12;4.00;18.84;66.58;12.49;0.00;0.00;2000.00;22.69;
"2019-09-12 18:06:00";23.00;21.60;21.60;0.00;0.00;0.00;0.00;0.00;0.00;3.61;18.99;65.98;12.48;0.00;0.00;2000.00;22.69;
"2019-09-12 18:11:00";23.20;21.40;21.60;0.00;0.00;0.00;0.00;2.58;251.17;3.08;19.21;65.61;12.61;0.00;0.00;2000.00;22.69;
"2019-09-12 18:16:00";23.50;21.60;21.60;0.00;0.00;0.00;0.00;2.91;261.50;2.94;19.58;64.44;12.69;0.00;0.00;2000.00;22.69;
"2019-09-12 18:21:00";23.40;21.60;21.60;0.00;0.00;0.00;0.00;2.62;245.46;4.62;19.59;62.93;12.33;0.00;0.00;2000.00;22.69;
"2019-09-12 18:26:00";23.00;21.60;21.60;0.00;0.00;0.00;0.00;3.10;203.44;7.02;19.41;61.73;11.87;0.00;0.00;2000.00;22.69;
"2019-09-12 18:31:00";22.70;21.60;21.60;0.00;0.00;0.00;0.00;3.77;241.41;6.30;19.17;61.29;11.53;0.00;0.00;2000.00;22.69;
"2019-09-12 18:36:00";22.60;21.60;21.60;0.00;0.00;0.00;0.00;3.16;283.65;7.99;19.09;60.36;11.24;0.00;0.00;2000.00;22.69;
"2019-09-12 18:41:00";22.60;21.60;21.60;0.00;0.00;0.00;0.00;3.61;254.12;6.15;19.11;59.35;11.00;0.00;0.00;2000.00;22.69;
"2019-09-12 18:46:00";22.60;21.60;21.60;0.00;0.00;0.00;0.00;5.33;276.51;5.33;19.09;58.16;10.67;0.00;0.00;2000.00;22.69;
"2019-09-12 18:51:00";22.50;21.60;21.70;0.00;0.00;0.00;0.00;2.09;277.04;3.81;19.05;57.77;10.53;0.00;0.00;2000.00;22.69;
"2019-09-12 18:56:00";22.20;21.60;21.60;0.00;0.00;0.00;0.00;3.45;236.56;4.65;19.01;57.27;10.36;0.00;0.00;2000.00;22.69;
"2019-09-12 19:01:00";21.80;21.70;21.70;0.00;0.00;0.00;0.00;4.18;263.96;8.66;18.76;56.49;9.93;0.00;0.00;2000.00;22.69;
"2019-09-12 19:06:00";21.50;21.70;21.70;0.00;0.00;0.00;0.00;6.60;274.53;6.60;18.63;56.61;9.83;0.00;0.00;2000.00;22.69;
"2019-09-12 19:11:00";21.20;21.60;21.70;0.00;0.00;0.00;0.00;3.16;243.71;4.64;18.52;56.88;9.80;0.00;0.00;2000.00;22.69;
"2019-09-12 19:16:00";21.00;21.60;21.70;0.00;0.00;0.00;0.00;5.20;255.34;5.20;18.44;57.25;9.83;0.00;0.00;2000.00;22.69;
"2019-09-12 19:21:00";20.70;21.60;21.70;0.00;0.00;0.00;0.00;2.49;247.76;3.90;18.32;57.48;9.78;0.00;0.00;2000.00;22.69;
"2019-09-12 19:26:00";20.50;21.70;21.70;0.00;0.00;0.00;0.00;3.94;259.61;7.42;18.21;57.45;9.67;0.00;0.00;2000.00;22.69;
"2019-09-12 19:31:00";20.20;21.60;21.70;0.00;0.00;0.00;0.00;5.45;256.95;5.99;18.15;56.92;9.47;0.00;0.00;2000.00;22.69;
"2019-09-12 19:36:00";19.90;21.60;21.70;0.00;0.00;0.00;0.00;3.34;288.58;6.87;18.00;57.17;9.39;0.00;0.00;2000.00;22.69;
"2019-09-12 19:41:00";19.80;21.60;21.70;0.00;0.00;0.00;0.00;3.68;296.77;5.35;17.90;57.13;9.29;0.00;0.00;2000.00;22.69;
"2019-09-12 19:46:00";19.60;21.60;21.70;0.00;0.00;0.00;0.00;2.86;250.60;4.08;17.77;57.30;9.21;0.00;0.00;2000.00;22.69;
"2019-09-12 19:51:00";19.40;21.60;21.70;0.00;0.00;0.00;0.00;2.33;262.10;3.62;17.66;57.68;9.21;0.00;0.00;2000.00;22.69;
"2019-09-12 19:56:00";19.20;21.60;21.70;0.00;0.00;0.00;0.00;2.31;226.89;4.08;17.58;58.03;9.22;0.00;0.00;2000.00;22.69;
"2019-09-12 20:01:00";19.00;21.60;21.70;0.00;0.00;0.00;0.00;2.55;261.42;3.16;17.49;58.30;9.21;0.00;0.00;2000.00;22.69;
"2019-09-12 20:06:00";18.90;21.60;21.60;0.00;0.00;0.00;0.00;0.00;0.00;0.00;17.35;58.90;9.23;0.00;0.00;2000.00;22.69;
"2019-09-12 20:11:00";18.80;21.60;21.60;0.00;0.00;0.00;0.00;1.46;280.00;2.52;17.18;59.56;9.24;0.00;0.00;2000.00;22.69;
"2019-09-12 20:16:00";18.70;21.40;21.60;0.00;0.00;0.00;0.00;3.66;263.32;3.66;17.15;60.13;9.35;0.00;0.00;2000.00;22.69;
"2019-09-12 20:21:00";18.60;21.40;21.60;0.00;0.00;0.00;0.00;0.00;0.00;2.82;17.07;60.55;9.38;0.00;0.00;2000.00;22.69;
"2019-09-12 20:26:00";18.50;21.40;21.60;0.00;0.00;0.00;0.00;3.57;257.83;3.57;16.92;61.11;9.37;0.00;0.00;2000.00;22.69;
"2019-09-12 20:31:00";18.40;21.40;21.60;0.00;0.00;0.00;0.00;0.00;0.00;0.00;16.77;61.85;9.41;0.00;0.00;2000.00;22.69;
"2019-09-12 20:36:00";18.20;21.40;21.60;0.00;0.00;0.00;0.00;2.44;275.19;3.19;16.65;62.56;9.46;0.00;0.00;2000.00;22.69;
"2019-09-12 20:41:00";18.10;21.40;21.60;0.00;0.00;0.00;0.00;1.51;246.72;1.63;16.55;63.05;9.49;0.00;0.00;2000.00;22.69;
"2019-09-12 20:46:00";18.10;21.40;21.40;0.00;0.00;0.00;0.00;1.97;243.82;3.04;16.45;63.95;9.60;0.00;0.00;2000.00;22.69;
"2019-09-12 20:51:00";17.90;21.30;21.40;0.00;0.00;0.00;0.00;0.00;0.00;0.00;16.28;64.36;9.54;0.00;0.00;2000.00;22.69;
"2019-09-12 20:56:00";17.80;21.30;21.40;0.00;0.00;0.00;0.00;4.23;248.73;4.23;16.16;65.14;9.61;0.00;0.00;2000.00;22.69;
"2019-09-12 21:01:00";17.70;21.30;21.40;0.00;0.00;0.00;0.00;0.00;0.00;0.00;16.14;65.64;9.70;0.00;0.00;2000.00;22.69;
"2019-09-12 21:06:00";17.70;21.30;21.40;0.00;0.00;0.00;0.00;0.00;0.00;0.00;16.03;66.20;9.72;0.00;0.00;2000.00;22.69;
"2019-09-12 21:11:00";17.50;21.30;21.40;0.00;0.00;0.00;0.00;0.00;0.00;0.00;15.96;66.69;9.77;0.00;0.00;2000.00;22.69;
"2019-09-12 21:16:00";17.50;21.20;21.30;0.00;0.00;0.00;0.00;0.00;0.00;0.00;15.84;67.09;9.74;0.00;0.00;2000.00;22.69;
"2019-09-12 21:21:00";17.30;21.20;21.30;0.00;0.00;0.00;0.00;0.00;0.00;3.05;15.92;67.79;9.97;0.00;0.00;2000.00;22.69;
"2019-09-12 21:26:00";17.30;21.20;21.30;0.00;0.00;0.00;0.00;0.00;0.00;0.00;15.76;68.00;9.87;0.00;0.00;2000.00;22.69;
"2019-09-12 21:31:00";17.30;21.10;21.30;0.00;0.00;0.00;0.00;0.00;0.00;0.00;15.66;68.46;9.87;0.00;0.00;2000.00;22.69;
"2019-09-12 21:36:00";17.20;21.10;21.30;0.00;0.00;0.00;0.00;0.00;0.00;1.77;15.63;69.06;9.98;0.00;0.00;2000.00;22.69;
"2019-09-12 21:41:00";17.10;21.10;21.20;0.00;0.00;0.00;0.00;0.00;0.00;0.00;15.56;69.36;9.97;0.00;0.00;2000.00;22.69;
"2019-09-12 21:46:00";17.00;21.10;21.20;0.00;0.00;0.00;0.00;0.00;0.00;0.00;15.49;69.71;9.98;0.00;0.00;2000.00;22.69;
"2019-09-12 21:51:00";16.90;21.00;21.20;0.00;0.00;0.00;0.00;0.00;0.00;0.00;15.39;70.05;9.96;0.00;0.00;2000.00;22.69;
"2019-09-12 21:56:00";16.80;21.00;21.20;0.00;0.00;0.00;0.00;0.00;0.00;0.00;15.40;70.49;10.05;0.00;0.00;2000.00;22.69;
"2019-09-12 22:01:00";16.70;21.00;21.20;0.00;0.00;0.00;0.00;0.00;0.00;0.00;15.28;70.63;9.97;0.00;0.00;2000.00;22.69;
"2019-09-12 22:06:00";16.70;21.00;21.10;0.00;0.00;0.00;0.00;0.00;0.00;0.00;15.23;71.13;10.02;0.00;0.00;2000.00;22.69;
"2019-09-12 22:11:00";16.60;20.90;21.10;0.00;0.00;0.00;0.00;0.00;0.00;1.73;15.16;71.30;10.00;0.00;0.00;2000.00;22.69;
"2019-09-12 22:16:00";16.60;20.90;21.10;0.00;0.00;0.00;0.00;0.00;0.00;3.00;15.20;71.67;10.11;0.00;0.00;2000.00;22.69;
"2019-09-12 22:21:00";16.60;20.90;21.10;0.00;0.00;0.00;0.00;0.97;231.64;1.83;15.10;71.89;10.06;0.00;0.00;2000.00;22.69;
"2019-09-12 22:26:00";16.60;20.80;21.00;0.00;0.00;0.00;0.00;0.00;0.00;0.00;14.97;72.22;10.01;0.00;0.00;2000.00;22.69;
"2019-09-12 22:31:00";16.50;20.80;21.00;0.00;0.00;0.00;0.00;0.00;0.00;0.00;14.87;72.77;10.03;0.00;0.00;2000.00;22.69;
"2019-09-12 22:36:00";16.50;20.80;21.00;0.00;0.00;0.00;0.00;0.00;0.00;1.23;14.93;73.22;10.18;0.00;0.00;2000.00;22.69;
"2019-09-12 22:41:00";16.40;20.80;21.00;0.00;0.00;0.00;0.00;0.00;0.00;0.00;14.93;73.87;10.30;0.00;0.00;2000.00;22.69;
"2019-09-12 22:46:00";16.30;20.70;20.90;0.00;0.00;0.00;0.00;0.00;0.00;0.00;14.84;74.49;10.35;0.00;0.00;2000.00;22.69;
"2019-09-12 22:51:00";16.30;20.70;20.90;0.00;0.00;0.00;0.00;0.00;0.00;0.00;14.82;74.93;10.42;0.00;0.00;2000.00;22.69;
"2019-09-12 22:56:00";16.20;20.70;20.90;0.00;0.00;0.00;0.00;0.00;0.00;0.00;14.76;75.35;10.45;0.00;0.00;2000.00;22.69;
"2019-09-12 23:01:00";16.10;20.70;20.80;0.00;0.00;0.00;0.00;0.00;0.00;0.00;14.69;75.76;10.45;0.00;0.00;2000.00;22.69;
"2019-09-12 23:06:00";16.00;20.60;20.80;0.00;0.00;0.00;0.00;0.00;0.00;0.00;14.49;76.17;10.34;0.00;0.00;2000.00;22.69;
"2019-09-12 23:11:00";16.00;20.60;20.80;0.00;0.00;0.00;0.00;0.00;0.00;1.90;14.40;76.68;10.36;0.00;0.00;2000.00;22.69;
"2019-09-12 23:16:00";16.00;20.60;20.80;0.00;0.00;0.00;0.00;2.31;219.77;4.03;14.37;77.27;10.44;0.00;0.00;2000.00;22.69;
"2019-09-12 23:21:00";15.90;20.50;20.80;0.00;0.00;0.00;0.00;0.00;0.00;0.00;14.26;77.63;10.40;0.00;0.00;2000.00;22.69;
"2019-09-12 23:26:00";15.80;20.50;20.70;0.00;0.00;0.00;0.00;0.00;0.00;0.00;14.20;78.05;10.42;0.00;0.00;2000.00;22.69;
"2019-09-12 23:31:00";15.70;20.50;20.70;0.00;0.00;0.00;0.00;0.00;0.00;0.00;14.13;78.33;10.42;0.00;0.00;2000.00;22.69;
"2019-09-12 23:36:00";15.70;20.50;20.70;0.00;0.00;0.00;0.00;0.00;0.00;0.00;14.12;78.88;10.51;0.00;0.00;2000.00;22.69;
"2019-09-12 23:41:00";15.60;20.40;20.70;0.00;0.00;0.00;0.00;0.00;0.00;0.00;14.10;79.09;10.53;0.00;0.00;2000.00;22.69;
"2019-09-12 23:46:00";15.60;20.40;20.70;0.00;0.00;0.00;0.00;0.00;0.00;0.00;14.06;79.64;10.59;0.00;0.00;2000.00;22.69;
"2019-09-12 23:51:00";15.50;20.40;20.60;0.00;0.00;0.00;0.00;1.98;193.95;2.05;14.00;79.83;10.57;0.00;0.00;2000.00;22.69;
"2019-09-12 23:56:00";15.40;20.30;20.60;0.00;0.00;0.00;0.00;2.52;180.00;3.20;13.97;80.19;10.61;0.00;0.00;2000.00;22.69;
"2019-09-13 00:01:00";15.40;20.30;20.50;0.00;0.00;0.00;0.00;0.00;0.00;0.00;13.94;80.55;10.65;0.00;0.00;2000.00;22.69;
"2019-09-13 00:06:00";15.40;20.30;20.50;0.00;0.00;0.00;0.00;0.00;0.00;2.67;13.88;80.87;10.65;0.00;0.00;2000.00;22.69;
"2019-09-13 00:11:00";15.40;20.30;20.50;0.00;0.00;0.00;0.00;3.48;213.20;4.30;13.88;81.42;10.75;0.00;0.00;2000.00;22.69;
"2019-09-13 00:16:00";15.30;20.20;20.50;0.00;0.00;0.00;0.00;0.00;0.00;0.00;13.90;81.70;10.82;0.00;0.00;2000.00;22.69;
"2019-09-13 00:21:00";15.20;20.20;20.40;0.00;0.00;0.00;0.00;0.00;0.00;0.00;13.90;81.90;10.86;0.00;0.00;2000.00;22.69;
"2019-09-13 00:26:00";15.10;20.20;20.40;0.00;0.00;0.00;0.00;0.00;0.00;4.36;13.85;82.23;10.87;0.00;0.00;2000.00;22.69;
"2019-09-13 00:31:00";15.10;20.10;20.40;0.00;0.00;0.00;0.00;2.21;267.44;5.42;13.82;82.68;10.93;0.00;0.00;2000.00;22.69;
"2019-09-13 00:36:00";15.10;20.20;20.40;0.00;0.00;0.00;0.00;1.01;190.17;4.04;13.83;82.82;10.96;0.00;0.00;2000.00;22.69;
"2019-09-13 00:41:00";15.10;20.10;20.40;0.00;0.00;0.00;0.00;0.00;0.00;3.67;13.76;83.10;10.94;0.00;0.00;2000.00;22.69;
"2019-09-13 00:46:00";15.00;20.10;20.30;0.00;0.00;0.00;0.00;0.00;0.00;0.00;13.76;83.32;10.97;0.00;0.00;2000.00;22.69;
"2019-09-13 00:51:00";15.10;20.10;20.30;0.00;0.00;0.00;0.00;1.48;206.67;2.63;13.81;83.55;11.07;0.00;0.00;2000.00;22.69;
"2019-09-13 00:56:00";15.00;20.00;20.30;0.00;0.00;0.00;0.00;1.40;243.51;4.03;13.77;83.78;11.08;0.00;0.00;2000.00;22.69;
"2019-09-13 01:01:00";15.00;20.00;20.30;0.00;0.00;0.00;0.00;0.00;0.00;0.00;13.75;83.92;11.08;0.00;0.00;2000.00;22.69;
"2019-09-13 01:06:00";15.00;20.00;20.20;0.00;0.00;0.00;0.00;0.00;0.00;3.27;13.77;84.19;11.15;0.00;0.00;2000.00;22.69;
"2019-09-13 01:11:00";15.00;19.90;20.20;0.00;0.00;0.00;0.00;0.00;0.00;0.00;13.75;84.16;11.12;0.00;0.00;2000.00;22.69;
"2019-09-13 01:16:00";15.00;19.90;20.20;0.00;0.00;0.00;0.00;0.00;0.00;4.01;13.71;84.39;11.13;0.00;0.00;2000.00;22.69;
"2019-09-13 01:21:00";15.00;19.90;20.20;0.00;0.00;0.00;0.00;0.00;0.00;0.00;13.67;84.55;11.11;0.00;0.00;2000.00;22.69;
"2019-09-13 01:26:00";15.00;19.90;20.20;0.00;0.00;0.00;0.00;0.00;0.00;0.00;13.64;84.70;11.11;0.00;0.00;2000.00;22.69;
"2019-09-13 01:31:00";15.00;19.90;20.10;0.00;0.00;0.00;0.00;1.33;216.12;2.33;13.60;84.77;11.09;0.00;0.00;2000.00;22.69;
"2019-09-13 01:36:00";15.00;19.80;20.10;0.00;0.00;0.00;0.00;0.00;0.00;0.00;13.59;85.00;11.11;0.00;0.00;2000.00;22.69;
"2019-09-13 01:41:00";15.10;19.80;20.10;0.00;0.00;0.00;0.00;0.00;0.00;0.52;13.58;85.10;11.12;0.00;0.00;2000.00;22.69;
"2019-09-13 01:46:00";15.10;19.80;20.00;0.00;0.00;0.00;0.00;0.99;224.89;3.45;13.58;85.27;11.15;0.00;0.00;2000.00;22.69;
"2019-09-13 01:51:00";15.20;19.80;20.00;0.00;0.00;0.00;0.00;0.00;0.00;0.00;13.63;85.43;11.23;0.00;0.00;2000.00;22.69;
"2019-09-13 01:56:00";15.20;19.70;20.00;0.00;0.00;0.00;0.00;2.63;190.88;4.47;13.68;85.65;11.32;0.00;0.00;2000.00;22.69;
"2019-09-13 02:01:00";15.30;19.70;20.00;0.00;0.00;0.00;0.00;0.60;190.00;3.55;13.65;85.65;11.29;0.00;0.00;2000.00;22.69;
"2019-09-13 02:06:00";15.40;19.70;20.00;0.00;0.00;0.00;0.00;0.00;0.00;0.00;13.69;85.72;11.33;0.00;0.00;2000.00;22.69;
"2019-09-13 02:11:00";15.40;19.70;19.90;0.00;0.00;0.00;0.00;0.00;0.00;2.57;13.72;85.90;11.40;0.00;0.00;2000.00;22.69;
"2019-09-13 02:16:00";15.40;19.60;19.90;0.00;0.00;0.00;0.00;0.00;0.00;3.51;13.78;85.92;11.46;0.00;0.00;2000.00;22.69;
"2019-09-13 02:21:00";15.50;19.60;19.90;0.00;0.00;0.00;0.00;0.00;0.00;0.00;13.78;86.01;11.48;0.00;0.00;2000.00;22.69;
"2019-09-13 02:26:00";15.60;19.60;19.90;0.00;0.00;0.00;0.00;0.00;0.00;2.48;13.80;86.18;11.53;0.00;0.00;2000.00;22.69;
"2019-09-13 02:31:00";15.60;19.60;19.80;0.00;0.00;0.00;0.00;2.33;211.70;3.13;13.89;86.29;11.64;0.00;0.00;2000.00;22.69;
"2019-09-13 02:36:00";15.60;19.50;19.80;0.00;0.00;0.00;0.00;3.66;192.42;4.54;13.95;86.35;11.70;0.00;0.00;2000.00;22.69;
"2019-09-13 02:41:00";15.70;19.50;19.80;0.00;0.00;0.00;0.00;4.39;186.42;4.85;13.96;86.38;11.72;0.00;0.00;2000.00;22.69;
"2019-09-13 02:46:00";15.70;19.50;19.80;0.00;0.00;0.00;0.00;5.29;211.27;5.29;13.97;86.42;11.73;0.00;0.00;2000.00;22.69;
"2019-09-13 02:51:00";15.80;19.50;19.70;0.00;0.00;0.00;0.00;1.33;240.37;4.59;13.99;86.52;11.77;0.00;0.00;2000.00;22.69;
"2019-09-13 02:56:00";15.80;19.50;19.80;0.00;0.00;0.00;0.00;2.44;187.55;3.65;14.05;86.57;11.84;0.00;0.00;2000.00;22.69;
"2019-09-13 03:01:00";15.80;19.40;19.70;0.00;0.00;0.00;0.00;3.54;212.37;4.50;14.11;86.56;11.90;0.00;0.00;2000.00;22.69;
"2019-09-13 03:06:00";15.80;19.40;19.70;0.00;0.00;0.00;0.00;4.33;209.43;4.33;14.14;86.62;11.94;0.00;0.00;2000.00;22.69;
"2019-09-13 03:11:00";15.90;19.40;19.70;0.00;0.00;0.00;0.00;0.00;0.00;2.83;14.18;86.62;11.98;0.00;0.00;2000.00;22.69;
"2019-09-13 03:16:00";15.90;19.40;19.70;0.00;0.00;0.00;0.00;1.08;191.79;4.03;14.16;86.69;11.97;0.00;0.00;2000.00;22.69;
"2019-09-13 03:21:00";16.00;19.40;19.70;0.00;0.00;0.00;0.00;0.00;0.00;0.00;14.19;86.66;11.99;0.00;0.00;2000.00;22.69;
"2019-09-13 03:26:00";16.00;19.30;19.60;0.00;0.00;0.00;0.00;2.44;215.52;4.36;14.24;86.86;12.08;0.00;0.00;2000.00;22.69;
"2019-09-13 03:31:00";15.70;19.30;19.60;0.00;0.00;0.00;0.00;2.28;228.88;3.28;14.26;86.76;12.08;0.00;0.00;2000.00;22.69;
"2019-09-13 03:36:00";15.50;19.30;19.60;0.00;0.00;0.00;0.00;0.00;0.00;3.65;14.26;86.91;12.11;0.00;0.00;2000.00;22.69;
"2019-09-13 03:41:00";15.40;19.30;19.60;0.00;0.00;0.00;0.00;2.53;244.67;4.10;14.31;87.01;12.17;0.00;0.00;2000.00;22.69;
"2019-09-13 03:46:00";15.40;19.30;19.60;0.00;0.00;0.00;0.00;1.88;209.71;3.54;14.37;87.05;12.24;0.00;0.00;2000.00;22.69;
"2019-09-13 03:51:00";15.40;19.30;19.60;0.00;0.00;0.00;0.00;0.91;200.75;2.35;14.36;87.10;12.24;0.00;0.00;2000.00;22.69;
"2019-09-13 03:56:00";15.50;19.30;19.60;0.00;0.00;0.00;0.00;0.00;0.00;2.34;14.40;87.26;12.31;0.00;0.00;2000.00;22.69;
"2019-09-13 04:01:00";15.60;19.30;19.60;0.00;0.00;0.00;0.00;0.00;0.00;1.96;14.46;87.26;12.36;0.00;0.00;2000.00;22.69;
"2019-09-13 04:06:00";15.70;19.30;19.50;0.00;0.00;0.00;0.00;3.09;203.81;5.24;14.51;87.41;12.44;0.00;0.00;2000.00;22.69;
"2019-09-13 04:11:00";15.80;19.20;19.50;0.00;0.00;0.00;0.00;0.00;0.00;0.00;14.62;87.27;12.52;0.00;0.00;2000.00;22.69;
"2019-09-13 04:16:00";15.80;19.20;19.50;0.00;0.00;0.00;0.00;0.00;0.00;2.35;14.58;87.31;12.49;0.00;0.00;2000.00;22.69;
"2019-09-13 04:21:00";15.90;19.20;19.50;0.00;0.00;0.00;0.00;1.64;186.78;1.64;14.59;87.32;12.50;0.00;0.00;2000.00;22.69;
"2019-09-13 04:26:00";15.90;19.20;19.50;0.00;0.00;0.00;0.00;2.03;208.34;3.07;14.56;87.43;12.50;0.00;0.00;2000.00;22.69;
"2019-09-13 04:31:00";16.00;19.20;19.50;0.00;0.00;0.00;0.00;0.00;0.00;1.51;14.60;87.35;12.51;0.00;0.00;2000.00;22.69;
"2019-09-13 04:36:00";16.00;19.10;19.40;0.00;0.00;0.00;0.00;0.00;0.00;0.00;14.60;87.33;12.52;0.00;0.00;2000.00;22.69;
"2019-09-13 04:41:00";16.00;19.10;19.40;0.00;0.00;0.00;0.00;1.48;205.37;1.48;14.57;87.37;12.50;0.00;0.00;2000.00;22.69;
"2019-09-13 04:46:00";16.00;19.10;19.40;0.00;0.00;0.00;0.00;1.35;217.32;1.35;14.58;87.41;12.51;0.00;0.00;2000.00;22.69;
"2019-09-13 04:51:00";16.00;19.10;19.40;0.00;0.00;0.00;0.00;1.18;190.52;1.29;14.59;87.49;12.53;0.00;0.00;2000.00;22.69;
"2019-09-13 04:56:00";16.00;19.10;19.40;0.00;0.00;0.00;0.00;1.23;201.66;2.23;14.62;87.53;12.57;0.00;0.00;2000.00;22.69;
"2019-09-13 05:01:00";16.00;19.10;19.40;0.00;0.00;0.00;0.00;1.86;188.05;2.80;14.67;87.57;12.63;0.00;0.00;2000.00;22.69;
"2019-09-13 05:06:00";16.00;19.10;19.40;0.00;0.00;0.00;0.00;1.37;196.38;2.83;14.70;87.64;12.67;0.00;0.00;2000.00;22.69;
"2019-09-13 05:11:00";16.00;19.10;19.30;0.00;0.00;0.00;0.00;1.85;10.89;2.20;14.76;87.63;12.73;0.00;0.00;2000.00;22.69;
"2019-09-13 05:16:00";16.00;19.00;19.30;0.00;0.00;0.00;0.00;1.74;200.46;3.61;14.79;87.65;12.76;0.00;0.00;2000.00;22.69;
"2019-09-13 05:21:00";16.00;19.00;19.30;0.00;0.00;0.00;0.00;0.85;214.56;3.10;14.83;87.68;12.80;0.00;0.00;2000.00;22.69;
"2019-09-13 05:26:00";16.00;19.00;19.30;0.00;0.00;0.00;0.00;2.16;192.73;4.54;14.82;87.67;12.79;0.00;0.00;2000.00;22.69;
"2019-09-13 05:31:00";16.00;19.00;19.30;0.00;0.00;0.00;0.00;1.29;192.04;2.68;14.86;87.67;12.84;0.00;0.00;2000.00;22.69;
"2019-09-13 05:36:00";16.00;19.00;19.30;0.00;0.00;0.00;0.00;0.77;242.02;2.96;14.84;87.73;12.83;0.00;0.00;2000.00;22.69;
"2019-09-13 05:41:00";16.00;19.00;19.30;0.00;0.00;0.00;0.00;1.34;177.19;2.11;14.90;87.68;12.87;0.00;0.00;2000.00;22.69;
"2019-09-13 05:46:00";16.00;19.00;19.30;0.00;0.00;0.00;0.00;3.43;196.41;4.39;14.94;87.77;12.93;0.00;0.00;2000.00;22.69;
"2019-09-13 05:51:00";16.00;19.00;19.30;0.00;0.00;0.00;0.00;2.75;197.03;4.48;14.99;87.74;12.97;0.00;0.00;2000.00;22.69;
"2019-09-13 05:56:00";16.00;19.00;19.30;0.00;0.00;0.00;0.00;2.39;180.00;3.97;15.03;87.75;13.02;0.00;0.00;2000.00;22.69;
"2019-09-13 06:01:00";16.10;19.00;19.20;0.00;0.00;0.00;0.00;1.59;201.34;5.81;15.08;87.76;13.07;0.00;0.00;2000.00;22.69;
"2019-09-13 06:06:00";16.10;19.00;19.20;0.00;0.00;0.00;0.00;1.38;188.99;5.34;15.16;87.76;13.14;0.00;0.00;2000.00;22.69;
"2019-09-13 06:11:00";16.20;18.90;19.20;0.00;0.00;0.00;0.00;1.86;219.24;2.62;15.18;87.66;13.14;0.00;0.00;2000.00;22.69;
"2019-09-13 06:16:00";16.20;19.00;19.20;0.00;0.00;0.00;0.00;3.31;180.00;3.99;15.14;87.60;13.09;0.00;0.00;2000.00;22.69;
"2019-09-13 06:21:00";16.20;18.90;19.20;0.00;0.00;0.00;0.00;1.92;214.25;4.30;15.11;87.58;13.06;0.00;0.00;2000.00;22.69;
"2019-09-13 06:26:00";16.20;18.90;19.20;0.00;0.00;0.00;0.00;2.58;180.00;3.80;15.08;87.60;13.03;0.00;0.00;2000.00;22.69;
"2019-09-13 06:31:00";16.20;18.90;19.20;0.00;0.00;0.00;0.00;0.00;0.00;6.86;15.07;87.66;13.03;0.00;0.00;2000.00;22.69;
"2019-09-13 06:36:00";16.20;18.90;19.20;0.00;0.00;0.00;0.00;3.64;204.59;3.64;15.04;87.67;13.01;0.00;0.00;2000.00;22.69;
"2019-09-13 06:41:00";16.20;18.90;19.20;0.00;0.00;0.00;0.00;0.00;0.00;1.73;15.01;87.78;13.00;0.00;0.00;2000.00;22.69;
"2019-09-13 06:46:00";16.20;18.90;19.20;0.00;0.00;0.00;0.00;2.37;247.60;5.09;14.98;87.93;12.99;0.00;0.00;2000.00;22.69;
"2019-09-13 06:51:00";16.10;18.90;19.10;0.00;0.00;0.00;0.00;0.00;0.00;3.30;14.96;88.03;12.99;0.00;0.00;2000.00;22.69;
"2019-09-13 06:56:00";16.20;18.90;19.10;0.00;0.00;0.00;0.00;2.40;213.35;3.39;14.93;88.21;12.99;0.02;60.00;2000.00;22.71;
"2019-09-13 07:01:00";16.20;18.90;19.20;0.00;0.00;0.00;0.00;1.56;201.52;3.13;14.93;88.37;13.02;0.00;0.00;2000.00;22.71;
"2019-09-13 07:06:00";16.20;18.80;19.10;0.00;0.00;0.00;0.00;3.29;217.01;5.79;14.94;88.53;13.06;0.00;0.00;2000.00;22.71;
"2019-09-13 07:11:00";16.30;18.90;19.10;0.00;0.00;0.00;0.00;2.71;189.38;3.82;14.96;88.70;13.11;0.00;0.00;2000.00;22.71;
"2019-09-13 07:16:00";16.30;18.80;19.10;0.00;0.00;0.00;0.00;0.00;0.00;3.40;14.96;88.80;13.12;0.00;0.00;2000.00;22.71;
"2019-09-13 07:21:00";16.40;18.80;19.10;0.00;0.00;0.00;0.00;1.81;203.99;2.48;14.99;88.92;13.18;0.00;0.00;2000.00;22.71;
"2019-09-13 07:26:00";16.40;18.80;19.10;0.00;0.00;0.00;0.00;1.70;208.90;2.13;15.00;89.00;13.20;0.00;0.00;2000.00;22.71;
"2019-09-13 07:31:00";16.50;18.80;19.10;0.00;0.00;0.00;0.00;2.12;196.26;2.46;14.98;89.06;13.20;0.00;0.00;2000.00;22.71;
"2019-09-13 07:36:00";16.50;18.80;19.10;0.00;0.00;0.00;0.00;4.34;192.18;4.34;15.04;89.17;13.27;0.00;0.00;2000.00;22.71;
"2019-09-13 07:41:00";16.60;18.80;19.10;0.00;0.00;0.00;0.00;1.88;181.30;5.85;15.11;89.27;13.35;0.00;0.00;2000.00;22.71;
"2019-09-13 07:46:00";16.60;18.80;19.10;0.00;0.00;0.00;0.00;2.67;216.32;3.07;15.14;89.28;13.39;0.00;0.00;2000.00;22.71;
"2019-09-13 07:51:00";16.70;18.80;19.10;0.00;0.00;0.00;0.00;3.17;201.13;3.17;15.15;89.25;13.39;0.00;0.00;2000.00;22.71;
"2019-09-13 07:56:00";16.70;18.80;19.00;0.00;0.00;0.00;0.00;3.13;224.52;3.13;15.18;89.22;13.42;0.00;0.00;2000.00;22.71;
"2019-09-13 08:01:00";16.80;18.80;19.00;0.00;0.00;0.00;0.00;2.44;222.28;4.48;15.20;89.20;13.43;0.00;0.00;2000.00;22.71;
"2019-09-13 08:06:00";16.90;18.80;19.00;0.00;0.00;0.00;0.00;2.02;196.19;4.55;15.21;89.20;13.44;0.00;0.00;2000.00;22.71;
"2019-09-13 08:11:00";16.90;18.80;19.00;0.00;0.00;0.00;0.00;1.67;202.06;2.61;15.22;89.13;13.44;0.00;0.00;2000.00;22.71;
"2019-09-13 08:16:00";17.00;18.70;19.00;0.00;0.00;0.00;0.00;2.03;191.85;2.16;15.21;89.10;13.42;0.00;0.00;2000.00;22.71;
"2019-09-13 08:21:00";17.10;18.70;19.00;0.00;0.00;0.00;0.00;0.00;0.00;0.67;15.24;89.11;13.45;0.00;0.00;2000.00;22.71;
"2019-09-13 08:26:00";17.20;18.70;19.00;0.00;0.00;0.00;0.00;2.16;215.72;3.32;15.31;89.08;13.52;0.00;0.00;2000.00;22.71;
"2019-09-13 08:31:00";17.30;18.70;19.00;0.00;0.00;0.00;0.00;0.88;251.10;1.56;15.34;89.05;13.55;0.00;0.00;2000.00;22.71;
"2019-09-13 08:36:00";17.30;18.70;19.00;0.00;0.00;0.00;0.00;0.00;0.00;2.73;15.38;88.97;13.56;0.00;0.00;2000.00;22.71;
"2019-09-13 08:41:00";17.30;18.70;19.00;0.00;0.00;0.00;0.00;1.99;210.95;3.36;15.43;88.97;13.62;0.00;0.00;2000.00;22.71;
"2019-09-13 08:46:00";17.30;18.70;19.00;0.00;0.00;0.00;0.00;3.20;228.50;3.58;15.49;88.86;13.66;0.00;0.00;2000.00;22.71;
"2019-09-13 08:51:00";17.30;18.70;19.00;0.00;0.00;0.00;0.00;4.25;211.02;5.41;15.51;88.72;13.66;0.00;0.00;2000.00;22.71;
"2019-09-13 08:56:00";17.40;18.70;19.00;0.00;0.00;0.00;0.00;2.66;228.29;4.91;15.54;88.60;13.66;0.00;0.00;2000.00;22.71;
"2019-09-13 09:01:00";17.50;18.70;19.00;0.00;0.00;0.00;0.00;3.36;222.61;3.40;15.58;88.48;13.68;0.00;0.00;2000.00;22.71;
"2019-09-13 09:06:00";17.50;18.70;19.00;0.00;0.00;0.00;0.00;2.46;204.84;2.46;15.58;88.26;13.64;0.00;0.00;2000.00;22.71;
"2019-09-13 09:11:00";17.60;18.70;19.00;0.00;0.00;0.00;0.00;2.97;257.96;4.58;15.61;88.13;13.65;0.00;0.00;2000.00;22.71;
"2019-09-13 09:16:00";17.70;18.70;19.00;0.00;0.00;0.00;0.00;3.28;219.75;4.95;15.66;87.93;13.67;0.00;0.00;2000.00;22.71;
"2019-09-13 09:21:00";18.00;18.70;19.00;0.00;0.00;0.00;0.00;3.30;183.18;4.44;15.67;87.77;13.64;0.00;0.00;2000.00;22.71;
"2019-09-13 09:26:00";18.10;18.70;19.00;0.00;0.00;0.00;0.00;7.18;204.97;7.18;15.72;87.54;13.65;0.00;0.00;2000.00;22.71;
"2019-09-13 09:31:00";18.20;18.70;19.00;0.00;0.00;0.00;0.00;3.10;273.84;8.00;15.76;87.32;13.66;0.00;0.00;2000.00;22.71;
"2019-09-13 09:36:00";18.40;18.70;19.00;0.00;0.00;0.00;0.00;0.00;0.00;3.18;15.85;87.19;13.72;0.00;0.00;2000.00;22.71;
"2019-09-13 09:41:00";18.60;18.70;19.00;0.00;0.00;0.00;0.00;0.00;0.00;0.00;15.89;86.93;13.71;0.00;0.00;2000.00;22.71;
"2019-09-13 09:46:00";18.80;18.70;18.90;0.00;0.00;0.00;0.00;2.18;203.48;4.22;15.93;86.74;13.72;0.00;0.00;2000.00;22.71;
"2019-09-13 09:51:00";18.90;18.70;18.90;0.00;0.00;0.00;0.00;0.00;0.00;1.86;16.04;86.45;13.78;0.00;0.00;2000.00;22.71;
"2019-09-13 09:56:00";19.20;18.70;19.00;0.00;0.00;0.00;0.00;0.00;0.00;0.00;16.16;86.27;13.87;0.00;0.00;2000.00;22.71;
"2019-09-13 10:01:00";19.40;18.70;19.00;0.00;0.00;0.00;0.00;4.25;199.16;5.48;16.20;85.83;13.82;0.00;0.00;2000.00;22.71;
"2019-09-13 10:06:00";19.50;18.70;19.00;0.00;0.00;0.00;0.00;0.00;0.00;0.00;16.37;85.77;13.97;0.00;0.00;2000.00;22.71;
"2019-09-13 10:11:00";19.70;18.70;18.90;0.00;0.00;0.00;0.00;0.00;0.00;0.00;16.45;85.51;14.01;0.00;0.00;2000.00;22.71;
"2019-09-13 10:16:00";19.80;18.70;19.00;0.00;0.00;0.00;0.00;2.88;183.02;4.38;16.45;84.99;13.91;0.00;0.00;2000.00;22.71;
"2019-09-13 10:21:00";19.90;18.80;19.00;0.00;0.00;0.00;0.00;3.26;215.03;3.26;16.53;84.51;13.91;0.00;0.00;2000.00;22.71;
"2019-09-13 10:26:00";20.00;18.80;19.00;0.00;0.00;0.00;0.00;0.80;182.96;2.91;16.57;84.11;13.87;0.00;0.00;2000.00;22.71;
"2019-09-13 10:31:00";20.30;18.80;19.00;0.00;0.00;0.00;0.00;4.21;5.93;7.18;16.55;83.51;13.74;0.00;0.00;2000.00;22.71;
"2019-09-13 10:36:00";20.60;18.80;19.00;0.00;0.00;0.00;0.00;3.96;219.22;3.96;16.65;83.15;13.77;0.00;0.00;2000.00;22.71;
"2019-09-13 10:41:00";20.50;18.80;19.00;0.00;0.00;0.00;0.00;2.71;13.17;3.46;16.61;82.63;13.64;0.00;0.00;2000.00;22.71;
"2019-09-13 10:46:00";20.40;18.80;19.00;0.00;0.00;0.00;0.00;1.30;216.18;4.35;16.58;82.12;13.51;0.00;0.00;2000.00;22.71;
"2019-09-13 10:51:00";20.60;18.80;19.00;0.00;0.00;0.00;0.00;3.58;190.44;3.58;16.63;82.10;13.56;0.00;0.00;2000.00;22.71;
"2019-09-13 10:56:00";20.80;18.80;19.00;0.00;0.00;0.00;0.00;5.21;213.79;5.21;16.69;81.79;13.56;0.00;0.00;2000.00;22.71;
"2019-09-13 11:01:00";20.90;18.80;19.00;0.00;0.00;0.00;0.00;4.30;181.41;6.48;16.69;81.52;13.51;0.00;0.00;2000.00;22.71;
"2019-09-13 11:06:00";20.80;18.90;19.10;0.00;0.00;0.00;0.00;3.11;253.57;6.03;16.71;81.25;13.48;0.00;0.00;2000.00;22.71;
"2019-09-13 11:11:00";20.90;18.90;19.10;0.00;0.00;0.00;0.00;0.00;0.00;4.61;16.78;81.07;13.52;0.00;0.00;2000.00;22.71;
"2019-09-13 11:16:00";21.10;18.90;19.10;0.00;0.00;0.00;0.00;3.92;245.65;6.39;16.93;80.70;13.58;0.00;0.00;2000.00;22.71;
"2019-09-13 11:21:00";21.10;18.90;19.10;0.00;0.00;0.00;0.00;4.71;257.44;7.39;16.90;80.28;13.48;0.00;0.00;2000.00;22.71;
"2019-09-13 11:26:00";21.30;18.90;19.10;0.00;0.00;0.00;0.00;3.16;251.48;4.34;16.90;79.78;13.39;0.00;0.00;2000.00;22.71;
"2019-09-13 11:31:00";21.70;18.90;19.10;0.00;0.00;0.00;0.00;5.08;266.73;6.39;17.10;79.22;13.47;0.00;0.00;2000.00;22.71;
"2019-09-13 11:36:00";22.50;19.00;19.10;0.00;0.00;0.00;0.00;5.57;196.54;5.73;17.30;79.21;13.66;0.00;0.00;2000.00;22.71;
"2019-09-13 11:41:00";22.90;19.00;19.20;0.00;0.00;0.00;0.00;5.28;201.99;5.28;17.37;78.46;13.58;0.00;0.00;2000.00;22.71;
"2019-09-13 11:46:00";22.90;19.00;19.10;0.00;0.00;0.00;0.00;1.40;224.71;8.09;17.23;77.69;13.30;0.00;0.00;2000.00;22.71;
"2019-09-13 11:51:00";23.00;19.00;19.20;0.00;0.00;0.00;0.00;2.81;246.28;4.29;17.32;77.47;13.34;0.00;0.00;2000.00;22.71;
"2019-09-13 11:56:00";22.60;19.10;19.20;0.00;0.00;0.00;0.00;3.19;258.76;6.95;17.00;77.24;12.98;0.00;0.00;2000.00;22.71;
"2019-09-13 12:01:00";22.60;19.10;19.20;0.00;0.00;0.00;0.00;4.20;214.56;4.58;17.11;77.32;13.11;0.00;0.00;2000.00;22.71;
"2019-09-13 12:06:00";22.40;19.10;19.20;0.00;0.00;0.00;0.00;6.65;185.50;6.65;16.97;77.34;12.97;0.01;60.00;2000.00;22.72;
"2019-09-13 12:11:00";21.90;19.10;19.20;0.00;0.00;0.00;0.00;2.79;220.50;6.82;16.78;77.54;12.83;0.00;0.00;2000.00;22.72;
"2019-09-13 12:16:00";21.80;19.10;19.30;0.00;0.00;0.00;0.00;4.61;180.00;6.23;16.70;77.83;12.81;0.00;0.00;2000.00;22.72;
"2019-09-13 12:21:00";21.50;19.20;19.30;0.00;0.00;0.00;0.00;3.33;229.52;7.10;16.53;78.32;12.74;0.00;0.00;2000.00;22.72;
"2019-09-13 12:26:00";21.30;19.20;19.30;0.00;0.00;0.00;0.00;5.11;222.15;6.04;16.48;79.00;12.82;0.00;0.00;2000.00;22.72;
"2019-09-13 12:31:00";21.00;19.20;19.30;0.00;0.00;0.00;0.00;4.05;180.00;7.07;16.39;79.51;12.83;0.00;0.00;2000.00;22.72;
"2019-09-13 12:36:00";21.00;19.20;19.40;0.00;0.00;0.00;0.00;2.39;200.13;4.06;16.32;80.12;12.89;0.00;0.00;2000.00;22.72;
"2019-09-13 12:41:00";21.00;19.30;19.40;0.00;0.00;0.00;0.00;2.88;249.57;6.40;16.28;80.78;12.97;0.00;0.00;2000.00;22.72;
"2019-09-13 12:46:00";21.00;19.30;19.40;0.00;0.00;0.00;0.00;1.72;194.51;4.88;16.28;81.22;13.05;0.00;0.00;2000.00;22.72;
"2019-09-13 12:51:00";21.00;19.30;19.40;0.00;0.00;0.00;0.00;3.74;208.32;4.46;16.19;81.46;13.01;0.00;0.00;2000.00;22.72;
"2019-09-13 12:56:00";20.10;19.30;19.40;0.00;41.00;0.00;1.00;2.35;212.29;6.85;16.05;81.54;12.88;0.06;60.00;2000.00;22.78;
"2019-09-13 13:01:00";19.50;19.40;19.50;0.00;85.00;0.00;1.00;3.30;276.60;3.61;15.65;82.21;12.62;0.02;0.00;2000.00;22.80;
"2019-09-13 13:06:00";19.00;19.40;19.50;0.00;82.00;0.00;1.00;1.91;289.67;6.66;15.53;82.90;12.64;0.00;0.00;2000.00;22.80;
"2019-09-13 13:11:00";18.70;19.40;19.50;0.00;77.00;0.00;1.00;0.00;0.00;1.88;15.48;83.90;12.77;0.00;0.00;2000.00;22.80;
"2019-09-13 13:16:00";18.50;19.40;19.50;0.00;72.00;0.00;1.00;0.00;0.00;0.00;15.51;84.64;12.93;0.00;0.00;2000.00;22.80;
"2019-09-13 13:21:00";18.40;19.40;19.50;0.00;79.00;0.00;1.00;0.00;0.00;2.95;15.50;85.13;13.01;0.01;0.00;2000.00;22.81;
"2019-09-13 13:26:00";18.20;19.50;19.50;0.00;114.00;0.00;1.00;4.48;190.78;5.56;15.35;85.61;12.95;0.02;60.00;2000.00;22.83;
"2019-09-13 13:31:00";18.00;19.50;19.60;0.00;166.00;0.00;1.00;7.34;221.12;8.88;15.23;86.18;12.94;0.04;60.00;2000.00;22.87;
"2019-09-13 13:36:00";17.80;19.50;19.60;0.00;224.00;0.00;1.00;3.48;217.69;7.00;15.05;86.61;12.84;0.13;60.00;2000.00;23.00;
"2019-09-13 13:41:00";17.60;19.50;19.60;0.00;145.00;0.00;1.00;5.46;197.25;5.58;14.92;87.33;12.83;0.14;60.00;2000.00;23.14;
"2019-09-13 13:46:00";17.60;19.50;19.60;0.00;202.00;0.00;1.00;3.88;218.74;3.88;14.96;87.96;12.98;0.20;60.00;2000.00;23.34;
"2019-09-13 13:51:00";17.40;19.50;19.60;0.00;295.00;0.00;1.00;0.75;228.12;3.68;14.80;88.35;12.90;0.18;60.00;2000.00;23.52;
"2019-09-13 13:56:00";17.20;19.50;19.60;0.00;354.00;0.00;2.00;5.02;209.89;8.89;14.66;88.80;12.83;0.33;60.00;2000.00;23.85;
"2019-09-13 14:01:00";17.00;19.50;19.60;0.00;343.00;0.00;2.00;4.24;229.37;4.24;14.61;89.48;12.90;0.25;60.00;2000.00;24.10;
"2019-09-13 14:06:00";17.00;19.50;19.60;0.00;302.00;0.00;2.00;3.05;219.55;4.62;14.52;89.94;12.89;0.25;60.00;2000.00;24.35;
"2019-09-13 14:11:00";17.00;19.50;19.60;0.00;317.00;0.00;2.00;3.52;216.64;5.85;14.54;90.45;12.99;0.15;60.00;2000.00;24.50;
"2019-09-13 14:16:00";17.10;19.50;19.60;0.00;221.00;0.00;1.00;1.57;283.90;3.57;14.54;91.13;13.11;0.51;60.00;2000.00;25.01;
"2019-09-13 14:21:00";17.10;19.50;19.60;0.00;95.00;0.00;1.00;4.07;238.77;4.07;14.59;91.36;13.20;0.43;60.00;2000.00;25.44;
"2019-09-13 14:26:00";17.30;19.50;19.60;0.00;271.00;0.00;1.00;3.34;242.48;4.50;14.63;92.17;13.37;0.09;60.00;2000.00;25.53;
"2019-09-13 14:31:00";17.50;19.50;19.60;0.00;267.00;0.00;1.00;3.63;253.56;3.98;14.64;92.13;13.37;0.02;60.00;2000.00;25.55;
"2019-09-13 14:36:00";18.00;19.50;19.60;0.00;218.00;0.00;1.00;0.00;0.00;3.54;14.91;92.72;13.74;0.06;60.00;2000.00;25.61;
"2019-09-13 14:41:00";18.30;19.50;19.60;0.00;178.00;0.00;1.00;0.00;0.00;2.04;14.86;93.12;13.75;0.10;60.00;2000.00;25.71;
"2019-09-13 14:46:00";18.10;19.40;19.60;0.00;142.00;0.00;1.00;0.00;0.00;0.00;15.02;92.99;13.89;0.02;60.00;2000.00;25.73;
"2019-09-13 14:51:00";18.10;19.40;19.60;0.00;126.00;0.00;1.00;0.00;0.00;2.83;15.04;93.84;14.05;0.00;0.00;2000.00;25.73;
"2019-09-13 14:56:00";18.10;19.40;19.60;0.00;292.00;0.00;1.00;0.00;0.00;0.98;15.13;93.62;14.11;0.04;60.00;2000.00;25.77;
"2019-09-13 15:01:00";18.10;19.40;19.60;0.00;335.00;0.00;2.00;0.00;0.00;0.00;15.20;94.06;14.25;0.06;60.00;2000.00;25.83;
"2019-09-13 15:06:00";18.20;19.40;19.60;0.00;224.00;0.00;1.00;0.00;0.00;0.00;15.23;94.09;14.29;0.01;0.00;2000.00;25.84;
"2019-09-13 15:11:00";18.10;19.40;19.50;0.00;117.00;0.00;1.00;0.00;0.00;0.00;15.31;93.90;14.33;0.01;0.00;2000.00;25.85;
"2019-09-13 15:16:00";18.10;19.40;19.50;0.00;169.00;0.00;1.00;0.00;0.00;0.00;15.19;94.13;14.25;0.07;60.00;2000.00;25.92;
"2019-09-13 15:21:00";18.00;19.40;19.50;0.00;137.00;0.00;1.00;0.00;0.00;0.00;15.12;94.47;14.24;0.03;60.00;2000.00;25.95;
"2019-09-13 15:26:00";17.90;19.40;19.50;0.00;184.00;0.00;1.00;0.00;0.00;0.00;15.20;94.51;14.33;0.11;60.00;2000.00;26.06;
"2019-09-13 15:31:00";18.10;19.40;19.50;0.00;184.00;0.00;1.00;0.00;0.00;0.00;15.13;94.51;14.26;0.09;60.00;2000.00;26.15;
"2019-09-13 15:36:00";18.20;19.40;19.50;0.00;271.00;0.00;1.00;1.69;280.06;1.89;15.15;95.60;14.45;0.06;60.00;2000.00;26.21;
"2019-09-13 15:41:00";18.00;19.40;19.50;0.00;142.00;0.00;1.00;0.00;0.00;0.00;15.00;94.75;14.16;0.00;0.00;2000.00;26.21;
"2019-09-13 15:46:00";17.70;19.40;19.50;0.00;166.00;0.00;1.00;0.00;0.00;0.00;15.22;94.62;14.36;0.05;60.00;2000.00;26.26;
"2019-09-13 15:51:00";17.30;19.40;19.50;0.00;151.00;0.00;1.00;4.50;287.34;4.60;14.83;95.45;14.11;0.08;0.00;2000.00;26.34;
"2019-09-13 15:56:00";17.00;19.40;19.50;0.00;423.00;0.00;2.00;1.79;244.17;4.29;14.72;95.43;14.00;1.03;60.00;2000.00;27.37;
"2019-09-13 16:01:00";16.90;19.30;19.50;0.00;288.00;0.00;1.00;0.00;0.00;0.00;14.57;95.54;13.87;0.36;60.00;2000.00;27.73;
"2019-09-13 16:06:00";16.70;19.30;19.50;0.00;402.00;0.00;2.00;0.00;0.00;0.00;14.27;95.10;13.49;0.34;60.00;2000.00;28.07;
"2019-09-13 16:11:00";16.60;19.30;19.50;0.00;350.00;0.00;2.00;1.50;247.83;2.80;14.17;95.65;13.49;0.33;60.00;2000.00;28.40;
"2019-09-13 16:16:00";16.50;19.30;19.50;0.00;267.00;0.00;1.00;0.00;0.00;0.00;14.14;95.64;13.45;0.30;60.00;2000.00;28.70;
"2019-09-13 16:21:00";16.50;19.30;19.50;0.00;227.00;0.00;1.00;0.00;0.00;0.00;14.13;95.90;13.48;0.14;60.00;2000.00;28.84;
"2019-09-13 16:26:00";16.50;19.30;19.50;0.00;288.00;0.00;1.00;0.00;0.00;0.00;14.15;96.30;13.57;0.18;60.00;2000.00;29.02;
"2019-09-13 16:31:00";16.50;19.30;19.50;0.00;350.00;0.00;2.00;0.00;0.00;0.00;13.98;95.83;13.32;0.16;60.00;2000.00;29.18;
"2019-09-13 16:36:00";16.60;19.30;19.40;0.00;137.00;0.00;1.00;0.00;0.00;0.00;14.11;96.59;13.58;0.06;0.00;2000.00;29.24;
"2019-09-13 16:41:00";16.60;19.30;19.50;0.00;267.00;0.00;1.00;0.00;0.00;0.00;14.18;96.17;13.58;0.00;0.00;2000.00;29.24;
"2019-09-13 16:46:00";16.70;19.30;19.40;0.00;295.00;0.00;1.00;0.00;0.00;0.00;14.24;96.15;13.63;0.00;0.00;2000.00;29.24;
"2019-09-13 16:51:00";16.90;19.30;19.40;0.00;126.00;0.00;1.00;0.00;0.00;0.00;14.28;96.47;13.73;0.00;0.00;2000.00;29.24;
"2019-09-13 16:56:00";17.30;19.30;19.40;0.00;231.00;0.00;1.00;2.44;254.80;3.09;14.26;96.21;13.67;0.00;0.00;2000.00;29.24;
"2019-09-13 17:01:00";17.30;19.20;19.40;0.00;196.00;0.00;1.00;0.00;0.00;2.55;14.46;96.61;13.93;0.00;0.00;2000.00;29.24;
"2019-09-13 17:06:00";17.90;19.20;19.40;0.00;112.00;0.00;1.00;2.21;248.80;4.70;14.64;96.32;14.06;0.00;0.00;2000.00;29.24;
"2019-09-13 17:11:00";18.20;19.20;19.40;0.00;85.00;0.00;1.00;2.40;272.69;3.84;14.86;96.13;14.25;0.00;0.00;2000.00;29.24;
"2019-09-13 17:16:00";18.30;19.20;19.40;0.00;77.00;0.00;1.00;0.00;0.00;0.00;15.19;96.81;14.69;0.00;0.00;2000.00;29.24;
"2019-09-13 17:21:00";18.30;19.20;19.40;0.00;59.00;0.00;1.00;3.83;281.76;5.80;15.16;96.39;14.59;0.00;0.00;2000.00;29.24;
"2019-09-13 17:26:00";18.00;19.20;19.30;0.00;85.00;0.00;1.00;4.34;277.62;6.11;15.29;95.97;14.65;0.00;0.00;2000.00;29.24;
"2019-09-13 17:31:00";18.20;19.20;19.30;0.00;69.00;0.00;1.00;3.18;305.59;5.42;15.37;96.08;14.75;0.00;0.00;2000.00;29.24;
"2019-09-13 17:36:00";18.10;19.20;19.30;0.00;54.00;0.00;1.00;4.61;273.96;4.63;15.62;96.06;14.99;0.00;0.00;2000.00;29.24;
"2019-09-13 17:41:00";18.00;19.10;19.30;0.00;54.00;0.00;1.00;1.95;277.77;5.71;15.54;96.26;14.95;0.00;0.00;2000.00;29.24;
"2019-09-13 17:46:00";17.80;19.10;19.30;0.00;31.00;0.00;1.00;3.96;294.22;3.99;15.70;96.08;15.08;0.00;0.00;2000.00;29.24;
"2019-09-13 17:51:00";17.50;19.10;19.30;0.00;21.00;0.00;0.00;5.83;291.48;7.26;15.64;95.46;14.92;0.00;0.00;2000.00;29.24;
"2019-09-13 17:56:00";17.70;19.10;19.30;0.00;19.00;0.00;0.00;5.72;298.14;7.54;15.74;95.43;15.01;0.00;0.00;2000.00;29.24;
"2019-09-13 18:01:00";17.50;19.10;19.30;0.00;11.00;0.00;0.00;0.00;0.00;0.00;15.87;95.91;15.21;0.00;0.00;2000.00;29.24;
"2019-09-13 18:06:00";17.80;19.10;19.30;0.00;0.00;0.00;0.00;4.38;283.71;5.58;15.83;95.33;15.08;0.00;0.00;2000.00;29.24;
"2019-09-13 18:11:00";17.60;19.10;19.30;0.00;21.00;0.00;0.00;6.74;287.97;7.15;15.88;94.23;14.95;0.00;0.00;2000.00;29.24;
"2019-09-13 18:16:00";17.30;19.10;19.30;0.00;0.00;0.00;0.00;2.94;277.56;5.49;15.96;94.49;15.08;0.00;0.00;2000.00;29.24;
"2019-09-13 18:21:00";17.30;19.10;19.30;0.00;0.00;0.00;0.00;4.71;274.98;4.88;15.92;93.57;14.88;0.00;0.00;2000.00;29.24;
"2019-09-13 18:26:00";17.40;19.10;19.30;0.00;0.00;0.00;0.00;3.63;296.46;7.73;15.80;93.18;14.70;0.00;0.00;2000.00;29.24;
"2019-09-13 18:31:00";17.60;19.10;19.30;0.00;0.00;0.00;0.00;3.76;300.76;5.05;15.78;92.23;14.52;0.00;0.00;2000.00;29.24;
"2019-09-13 18:36:00";17.50;19.10;19.30;0.00;0.00;0.00;0.00;5.19;279.57;8.36;15.77;91.36;14.36;0.00;0.00;2000.00;29.24;
"2019-09-13 18:41:00";17.40;19.10;19.30;0.00;0.00;0.00;0.00;5.37;285.62;5.37;15.75;90.67;14.23;0.00;0.00;2000.00;29.24;
"2019-09-13 18:46:00";17.30;19.10;19.20;0.00;0.00;0.00;0.00;4.75;270.03;10.04;15.66;89.64;13.97;0.00;0.00;2000.00;29.24;
"2019-09-13 18:51:00";17.30;19.10;19.30;0.00;0.00;0.00;0.00;5.34;283.93;6.87;15.61;89.06;13.81;0.00;0.00;2000.00;29.24;
"2019-09-13 18:56:00";17.50;19.10;19.30;0.00;0.00;0.00;0.00;3.21;273.91;5.66;15.68;88.04;13.70;0.00;0.00;2000.00;29.24;
"2019-09-13 19:01:00";17.70;19.10;19.30;0.00;0.00;0.00;0.00;4.52;288.52;4.88;15.76;87.17;13.63;0.00;0.00;2000.00;29.24;
"2019-09-13 19:06:00";17.60;19.10;19.20;0.00;0.00;0.00;0.00;7.45;314.84;8.13;15.73;86.03;13.40;0.00;0.00;2000.00;29.24;
"2019-09-13 19:11:00";17.40;19.00;19.20;0.00;0.00;0.00;0.00;4.64;278.43;6.56;15.67;85.49;13.24;0.07;60.00;2000.00;29.31;
"2019-09-13 19:16:00";16.80;19.10;19.20;0.00;0.00;0.00;0.00;3.82;322.04;6.56;15.59;84.55;13.00;0.00;0.00;2000.00;29.31;
"2019-09-13 19:21:00";16.60;19.00;19.20;0.00;0.00;0.00;0.00;3.20;299.37;3.99;15.32;83.66;12.57;0.00;0.00;2000.00;29.31;
"2019-09-13 19:26:00";16.50;19.00;19.20;0.00;0.00;0.00;0.00;5.46;296.68;6.11;15.24;83.16;12.39;0.00;0.00;2000.00;29.31;
"2019-09-13 19:31:00";16.20;19.00;19.20;0.00;0.00;0.00;0.00;4.13;292.58;6.73;15.08;82.52;12.12;0.00;0.00;2000.00;29.31;
"2019-09-13 19:36:00";16.00;19.00;19.20;0.00;0.00;0.00;0.00;2.72;309.55;6.97;14.95;82.16;11.93;0.00;0.00;2000.00;29.31;
"2019-09-13 19:41:00";16.00;19.00;19.20;0.00;0.00;0.00;0.00;2.34;288.14;6.36;14.85;81.72;11.75;0.00;0.00;2000.00;29.31;
"2019-09-13 19:46:00";15.80;19.00;19.20;0.00;0.00;0.00;0.00;2.66;269.27;5.45;14.76;81.43;11.61;0.00;0.00;2000.00;29.31;
"2019-09-13 19:51:00";15.70;19.00;19.20;0.00;0.00;0.00;0.00;4.35;277.95;4.35;14.69;80.98;11.45;0.00;0.00;2000.00;29.31;
"2019-09-13 19:56:00";15.50;19.00;19.20;0.00;0.00;0.00;0.00;4.09;303.09;4.09;14.57;80.63;11.28;0.00;0.00;2000.00;29.31;
"2019-09-13 20:01:00";15.40;19.00;19.20;0.00;0.00;0.00;0.00;4.11;275.15;5.24;14.49;80.44;11.16;0.00;0.00;2000.00;29.31;
"2019-09-13 20:06:00";15.40;19.00;19.20;0.00;0.00;0.00;0.00;2.76;275.54;3.78;14.47;80.38;11.13;0.00;0.00;2000.00;29.31;
"2019-09-13 20:11:00";15.30;18.90;19.10;0.00;0.00;0.00;0.00;4.68;293.58;4.68;14.41;80.20;11.03;0.00;0.00;2000.00;29.31;
"2019-09-13 20:16:00";15.30;18.90;19.10;0.00;0.00;0.00;0.00;5.74;310.35;5.74;14.46;80.31;11.10;0.00;0.00;2000.00;29.31;
"2019-09-13 20:21:00";15.20;18.90;19.10;0.00;0.00;0.00;0.00;5.88;273.69;5.88;14.48;80.20;11.11;0.00;0.00;2000.00;29.31;
"2019-09-13 20:26:00";15.20;18.90;19.10;0.00;0.00;0.00;0.00;4.87;284.92;6.84;14.51;80.24;11.14;0.00;0.00;2000.00;29.31;
"2019-09-13 20:31:00";15.10;18.90;19.10;0.00;0.00;0.00;0.00;4.88;293.59;5.31;14.39;79.76;10.93;0.00;0.00;2000.00;29.31;
"2019-09-13 20:36:00";14.90;18.80;19.00;0.00;0.00;0.00;0.00;3.21;267.27;5.97;14.27;79.75;10.82;0.00;0.00;2000.00;29.31;
"2019-09-13 20:41:00";14.90;18.80;19.00;0.00;0.00;0.00;0.00;4.00;315.64;5.97;14.17;79.77;10.72;0.00;0.00;2000.00;29.31;
"2019-09-13 20:46:00";14.80;18.80;19.00;0.00;0.00;0.00;0.00;3.52;276.59;5.02;14.18;79.79;10.73;0.00;0.00;2000.00;29.31;
"2019-09-13 20:51:00";14.70;18.80;19.00;0.00;0.00;0.00;0.00;3.89;281.17;3.89;14.11;79.64;10.64;0.00;0.00;2000.00;29.31;
"2019-09-13 20:56:00";14.60;18.80;19.00;0.00;0.00;0.00;0.00;3.59;270.27;5.11;14.11;79.52;10.62;0.00;0.00;2000.00;29.31;
"2019-09-13 21:01:00";14.60;18.70;19.00;0.00;0.00;0.00;0.00;3.90;290.07;5.61;14.08;79.59;10.60;0.00;0.00;2000.00;29.31;
"2019-09-13 21:06:00";14.50;18.70;19.00;0.00;0.00;0.00;0.00;2.89;258.04;5.80;13.96;79.59;10.49;0.00;0.00;2000.00;29.31;
"2019-09-13 21:11:00";14.40;18.70;19.00;0.00;0.00;0.00;0.00;2.86;281.72;3.87;13.88;79.55;10.40;0.00;0.00;2000.00;29.31;
"2019-09-13 21:16:00";14.30;18.70;18.90;0.00;0.00;0.00;0.00;3.51;277.89;5.07;13.82;79.74;10.37;0.00;0.00;2000.00;29.31;
"2019-09-13 21:21:00";14.20;18.70;18.90;0.00;0.00;0.00;0.00;5.46;274.83;5.46;13.79;79.79;10.36;0.00;0.00;2000.00;29.31;
"2019-09-13 21:26:00";14.20;18.60;18.90;0.00;0.00;0.00;0.00;3.89;287.19;4.73;13.81;79.84;10.38;0.00;0.00;2000.00;29.31;
"2019-09-13 21:31:00";14.20;18.60;18.90;0.00;0.00;0.00;0.00;4.41;295.55;5.27;13.64;79.72;10.20;0.00;0.00;2000.00;29.31;
"2019-09-13 21:36:00";14.10;18.60;18.90;0.00;0.00;0.00;0.00;4.12;264.37;5.64;13.39;79.71;9.95;0.00;0.00;2000.00;29.31;
"2019-09-13 21:41:00";14.00;18.60;18.90;0.00;0.00;0.00;0.00;5.28;287.56;5.28;13.32;80.02;9.94;0.00;0.00;2000.00;29.31;
"2019-09-13 21:46:00";13.90;18.50;18.80;0.00;0.00;0.00;0.00;3.51;296.52;4.72;13.28;80.18;9.94;0.00;0.00;2000.00;29.31;
"2019-09-13 21:51:00";13.80;18.50;18.80;0.00;0.00;0.00;0.00;4.26;293.07;5.19;13.19;80.34;9.88;0.00;0.00;2000.00;29.31;
"2019-09-13 21:56:00";13.70;18.50;18.80;0.00;0.00;0.00;0.00;3.45;288.40;3.86;13.07;80.47;9.79;0.00;0.00;2000.00;29.31;
"2019-09-13 22:01:00";13.70;18.50;18.80;0.00;0.00;0.00;0.00;4.75;296.39;4.75;12.95;80.66;9.70;0.00;0.00;2000.00;29.31;
"2019-09-13 22:06:00";13.60;18.50;18.70;0.00;0.00;0.00;0.00;1.86;316.40;4.06;12.91;80.91;9.71;0.00;0.00;2000.00;29.31;
"2019-09-13 22:11:00";13.50;18.40;18.70;0.00;0.00;0.00;0.00;1.67;289.19;3.51;12.75;80.95;9.56;0.00;0.00;2000.00;29.31;
"2019-09-13 22:16:00";13.40;18.40;18.70;0.00;0.00;0.00;0.00;1.91;265.25;3.35;12.67;81.37;9.56;0.00;0.00;2000.00;29.31;
"2019-09-13 22:21:00";13.40;18.40;18.70;0.00;0.00;0.00;0.00;1.96;277.54;4.16;12.62;81.50;9.53;0.00;0.00;2000.00;29.31;
"2019-09-13 22:26:00";13.30;18.40;18.60;0.00;0.00;0.00;0.00;3.37;285.72;3.89;12.51;81.88;9.50;0.00;0.00;2000.00;29.31;
"2019-09-13 22:31:00";13.20;18.40;18.60;0.00;0.00;0.00;0.00;2.74;269.07;4.11;12.49;82.11;9.52;0.00;0.00;2000.00;29.31;
"2019-09-13 22:36:00";13.20;18.30;18.60;0.00;0.00;0.00;0.00;0.96;285.03;3.16;12.37;82.26;9.43;0.00;0.00;2000.00;29.31;
"2019-09-13 22:41:00";13.10;18.30;18.60;0.00;0.00;0.00;0.00;3.16;274.08;4.75;12.37;82.59;9.48;0.00;0.00;2000.00;29.31;
"2019-09-13 22:46:00";13.00;18.30;18.60;0.00;0.00;0.00;0.00;2.42;302.57;3.41;12.29;82.64;9.42;0.00;0.00;2000.00;29.31;
"2019-09-13 22:51:00";12.90;18.30;18.50;0.00;0.00;0.00;0.00;1.67;307.62;2.88;12.09;82.85;9.26;0.00;0.00;2000.00;29.31;
"2019-09-13 22:56:00";12.90;18.30;18.50;0.00;0.00;0.00;0.00;1.87;299.22;4.47;12.09;83.32;9.35;0.00;0.00;2000.00;29.31;
"2019-09-13 23:01:00";12.80;18.20;18.50;0.00;0.00;0.00;0.00;2.78;296.33;3.57;12.00;83.55;9.30;0.00;0.00;2000.00;29.31;
"2019-09-13 23:06:00";12.80;18.20;18.50;0.00;0.00;0.00;0.00;5.06;303.48;5.06;11.98;83.96;9.35;0.00;0.00;2000.00;29.31;
"2019-09-13 23:11:00";12.70;18.20;18.50;0.00;0.00;0.00;0.00;3.80;320.93;4.06;12.04;83.90;9.40;0.00;0.00;2000.00;29.31;
"2019-09-13 23:16:00";12.70;18.10;18.40;0.00;0.00;0.00;0.00;2.77;280.35;5.06;11.96;84.03;9.34;0.00;0.00;2000.00;29.31;
"2019-09-13 23:21:00";12.70;18.10;18.40;0.00;0.00;0.00;0.00;2.88;258.20;4.39;11.89;84.08;9.29;0.00;0.00;2000.00;29.31;
"2019-09-13 23:26:00";12.60;18.10;18.40;0.00;0.00;0.00;0.00;4.04;254.27;4.04;11.80;84.18;9.21;0.00;0.00;2000.00;29.31;
"2019-09-13 23:31:00";12.60;18.00;18.40;0.00;0.00;0.00;0.00;1.75;264.72;2.48;11.71;84.24;9.14;0.00;0.00;2000.00;29.31;
"2019-09-13 23:36:00";12.50;18.10;18.40;0.00;0.00;0.00;0.00;0.00;0.00;0.00;11.59;84.25;9.02;0.00;0.00;2000.00;29.31;
"2019-09-13 23:41:00";12.40;18.00;18.30;0.00;0.00;0.00;0.00;0.00;0.00;0.00;11.49;84.26;8.92;0.00;0.00;2000.00;29.31;
"2019-09-13 23:46:00";12.40;18.00;18.30;0.00;0.00;0.00;0.00;0.00;0.00;0.00;11.36;84.67;8.87;0.00;0.00;2000.00;29.31;
"2019-09-13 23:51:00";12.30;18.00;18.30;0.00;0.00;0.00;0.00;1.08;276.40;1.35;11.29;84.71;8.81;0.00;0.00;2000.00;29.31;
"2019-09-13 23:56:00";12.30;17.90;18.20;0.00;0.00;0.00;0.00;0.00;0.00;0.00;11.19;84.71;8.71;0.00;0.00;2000.00;29.31;
"2019-09-14 00:01:00";12.20;17.90;18.20;0.00;0.00;0.00;0.00;0.00;0.00;0.00;11.12;85.04;8.70;0.00;0.00;2000.00;29.31;
"2019-09-14 00:06:00";12.20;17.90;18.20;0.00;0.00;0.00;0.00;0.00;0.00;0.00;11.11;85.27;8.73;0.00;0.00;2000.00;29.31;
"2019-09-14 00:11:00";12.20;17.80;18.20;0.00;0.00;0.00;0.00;1.52;289.34;1.93;11.19;85.51;8.85;0.00;0.00;2000.00;29.31;
"2019-09-14 00:16:00";12.10;17.80;18.20;0.00;0.00;0.00;0.00;0.00;0.00;0.00;11.11;85.51;8.77;0.00;0.00;2000.00;29.31;
"2019-09-14 00:21:00";12.10;17.80;18.10;0.00;0.00;0.00;0.00;0.00;0.00;0.00;10.97;85.65;8.66;0.00;0.00;2000.00;29.31;
"2019-09-14 00:26:00";12.00;17.80;18.10;0.00;0.00;0.00;0.00;0.00;0.00;0.00;10.89;85.97;8.63;0.00;0.00;2000.00;29.31;
"2019-09-14 00:31:00";11.90;17.80;18.10;0.00;0.00;0.00;0.00;0.00;0.00;0.00;10.86;86.20;8.64;0.00;0.00;2000.00;29.31;
"2019-09-14 00:36:00";11.90;17.70;18.00;0.00;0.00;0.00;0.00;0.00;0.00;0.00;10.77;86.23;8.56;0.00;0.00;2000.00;29.31;
"2019-09-14 00:41:00";11.90;17.70;18.00;0.00;0.00;0.00;0.00;0.00;0.00;0.00;10.69;86.33;8.50;0.00;0.00;2000.00;29.31;
"2019-09-14 00:46:00";11.80;17.70;18.00;0.00;0.00;0.00;0.00;0.00;0.00;0.00;10.63;86.62;8.49;0.00;0.00;2000.00;29.31;
"2019-09-14 00:51:00";11.70;17.60;18.00;0.00;0.00;0.00;0.00;0.00;0.00;0.00;10.65;86.71;8.52;0.00;0.00;2000.00;29.31;
"2019-09-14 00:56:00";11.70;17.60;18.00;0.00;0.00;0.00;0.00;0.00;0.00;0.00;10.65;86.91;8.56;0.00;0.00;2000.00;29.31;
"2019-09-14 01:01:00";11.70;17.60;17.90;0.00;0.00;0.00;0.00;0.00;0.00;0.00;10.67;87.07;8.61;0.00;0.00;2000.00;29.31;
"2019-09-14 01:06:00";11.70;17.50;17.90;0.00;0.00;0.00;0.00;0.00;0.00;0.00;10.51;87.05;8.44;0.00;0.00;2000.00;29.31;
"2019-09-14 01:11:00";11.70;17.50;17.90;0.00;0.00;0.00;0.00;0.00;0.00;0.00;10.58;87.40;8.57;0.00;0.00;2000.00;29.31;
"2019-09-14 01:16:00";11.70;17.50;17.90;0.00;0.00;0.00;0.00;0.00;0.00;0.00;10.65;87.55;8.66;0.00;0.00;2000.00;29.31;
"2019-09-14 01:21:00";11.70;17.50;17.80;0.00;0.00;0.00;0.00;0.00;0.00;0.00;10.65;87.40;8.65;0.00;0.00;2000.00;29.31;
"2019-09-14 01:26:00";11.70;17.40;17.80;0.00;0.00;0.00;0.00;0.00;0.00;0.00;10.72;87.85;8.79;0.00;0.00;2000.00;29.31;
"2019-09-14 01:31:00";11.60;17.40;17.80;0.00;0.00;0.00;0.00;0.00;0.00;0.00;10.70;87.72;8.74;0.00;0.00;2000.00;29.31;
"2019-09-14 01:36:00";11.60;17.40;17.70;0.00;0.00;0.00;0.00;0.81;261.93;0.81;10.69;88.05;8.79;0.00;0.00;2000.00;29.31;
"2019-09-14 01:41:00";11.60;17.40;17.70;0.00;0.00;0.00;0.00;1.18;252.72;2.33;10.77;88.37;8.92;0.00;0.00;2000.00;29.31;
"2019-09-14 01:46:00";11.60;17.30;17.70;0.00;0.00;0.00;0.00;0.00;0.00;0.00;10.88;88.14;9.00;0.00;0.00;2000.00;29.31;
"2019-09-14 01:51:00";11.60;17.30;17.70;0.00;0.00;0.00;0.00;0.00;0.00;0.00;10.79;88.09;8.89;0.00;0.00;2000.00;29.31;
"2019-09-14 01:56:00";11.60;17.30;17.60;0.00;0.00;0.00;0.00;0.00;0.00;0.00;10.66;87.98;8.75;0.00;0.00;2000.00;29.31;
"2019-09-14 02:01:00";11.50;17.20;17.60;0.00;0.00;0.00;0.00;0.00;0.00;0.00;10.67;88.04;8.77;0.00;0.00;2000.00;29.31;
"2019-09-14 02:06:00";11.50;17.20;17.60;0.00;0.00;0.00;0.00;0.00;0.00;0.00;10.37;88.03;8.47;0.00;0.00;2000.00;29.31;
"2019-09-14 02:11:00";11.40;17.20;17.60;0.00;0.00;0.00;0.00;0.00;0.00;0.00;10.16;88.19;8.30;0.00;0.00;2000.00;29.31;
"2019-09-14 02:16:00";11.30;17.20;17.50;0.00;0.00;0.00;0.00;0.00;0.00;0.00;10.10;88.47;8.28;0.00;0.00;2000.00;29.31;
"2019-09-14 02:21:00";11.30;17.10;17.50;0.00;0.00;0.00;0.00;0.00;0.00;0.00;9.95;88.51;8.13;0.00;0.00;2000.00;29.31;
"2019-09-14 02:26:00";11.20;17.10;17.50;0.00;0.00;0.00;0.00;0.00;0.00;0.00;9.77;88.61;7.98;0.00;0.00;2000.00;29.31;
"2019-09-14 02:31:00";11.20;17.10;17.50;0.00;0.00;0.00;0.00;0.00;0.00;0.00;9.74;89.20;8.04;0.00;0.00;2000.00;29.31;
"2019-09-14 02:36:00";11.20;17.10;17.50;0.00;0.00;0.00;0.00;0.00;0.00;0.00;9.72;89.03;8.00;0.00;0.00;2000.00;29.31;
"2019-09-14 02:41:00";11.10;17.10;17.40;0.00;0.00;0.00;0.00;0.00;0.00;0.00;9.65;89.36;7.98;0.00;0.00;2000.00;29.31;
"2019-09-14 02:46:00";11.10;17.00;17.40;0.00;0.00;0.00;0.00;0.00;0.00;0.00;9.52;89.38;7.86;0.00;0.00;2000.00;29.31;
"2019-09-14 02:51:00";11.00;17.00;17.40;0.00;0.00;0.00;0.00;0.00;0.00;0.00;9.43;89.63;7.81;0.00;0.00;2000.00;29.31;
"2019-09-14 02:56:00";11.00;17.00;17.40;0.00;0.00;0.00;0.00;0.00;0.00;0.00;9.39;90.06;7.84;0.00;0.00;2000.00;29.31;
"2019-09-14 03:01:00";10.90;16.90;17.30;0.00;0.00;0.00;0.00;0.00;0.00;0.00;9.29;89.97;7.72;0.00;0.00;2000.00;29.31;
"2019-09-14 03:06:00";10.90;16.90;17.30;0.00;0.00;0.00;0.00;0.00;0.00;0.00;9.24;90.40;7.75;0.00;0.00;2000.00;29.31;
"2019-09-14 03:11:00";10.90;16.90;17.30;0.00;0.00;0.00;0.00;0.00;0.00;0.00;9.48;90.85;8.06;0.00;0.00;2000.00;29.31;
"2019-09-14 03:16:00";10.90;16.90;17.30;0.00;0.00;0.00;0.00;0.00;0.00;0.00;9.69;91.26;8.33;0.00;0.00;2000.00;29.31;
"2019-09-14 03:21:00";10.90;16.90;17.30;0.00;0.00;0.00;0.00;0.00;0.00;0.00;9.89;91.46;8.56;0.00;0.00;2000.00;29.31;
"2019-09-14 03:26:00";10.90;16.80;17.20;0.00;0.00;0.00;0.00;0.00;0.00;0.00;10.18;91.69;8.89;0.00;0.00;2000.00;29.31;
"2019-09-14 03:31:00";11.00;16.80;17.20;0.00;0.00;0.00;0.00;0.00;0.00;0.00;10.42;91.69;9.12;0.00;0.00;2000.00;29.31;
"2019-09-14 03:36:00";11.00;16.80;17.20;0.00;0.00;0.00;0.00;0.00;0.00;1.75;10.55;91.51;9.22;0.00;0.00;2000.00;29.31;
"2019-09-14 03:41:00";11.00;16.80;17.20;0.00;0.00;0.00;0.00;0.00;0.00;0.00;10.50;91.69;9.20;0.00;0.00;2000.00;29.31;
"2019-09-14 03:46:00";11.00;16.80;17.20;0.00;0.00;0.00;0.00;0.00;0.00;0.00;10.55;91.78;9.27;0.00;0.00;2000.00;29.31;
"2019-09-14 03:51:00";11.00;16.70;17.10;0.00;0.00;0.00;0.00;0.00;0.00;0.00;10.52;91.80;9.25;0.00;0.00;2000.00;29.31;
"2019-09-14 03:56:00";10.90;16.70;17.10;0.00;0.00;0.00;0.00;0.00;0.00;0.00;10.47;91.81;9.20;0.00;0.00;2000.00;29.31;
"2019-09-14 04:01:00";10.90;16.70;17.10;0.00;0.00;0.00;0.00;0.00;0.00;0.00;10.42;91.81;9.15;0.00;0.00;2000.00;29.31;
"2019-09-14 04:06:00";10.90;16.70;17.10;0.00;0.00;0.00;0.00;0.00;0.00;1.80;10.42;91.94;9.17;0.00;0.00;2000.00;29.31;
"2019-09-14 04:11:00";10.90;16.60;17.00;0.00;0.00;0.00;0.00;1.37;240.39;2.30;10.53;91.94;9.28;0.00;0.00;2000.00;29.31;
"2019-09-14 04:16:00";10.90;16.60;17.00;0.00;0.00;0.00;0.00;0.00;0.00;0.00;10.45;91.70;9.16;0.00;0.00;2000.00;29.31;
"2019-09-14 04:21:00";10.80;16.60;17.00;0.00;0.00;0.00;0.00;0.00;0.00;1.89;10.42;91.75;9.14;0.00;0.00;2000.00;29.31;
"2019-09-14 04:26:00";10.80;16.60;17.00;0.00;0.00;0.00;0.00;0.00;0.00;0.00;10.30;91.62;8.99;0.00;0.00;2000.00;29.31;
"2019-09-14 04:31:00";10.80;16.50;16.90;0.00;0.00;0.00;0.00;0.00;0.00;1.39;10.20;91.57;8.89;0.00;0.00;2000.00;29.31;
"2019-09-14 04:36:00";10.80;16.50;16.90;0.00;0.00;0.00;0.00;0.00;0.00;0.00;10.20;91.72;8.91;0.00;0.00;2000.00;29.31;
"2019-09-14 04:41:00";10.80;16.50;16.90;0.00;0.00;0.00;0.00;0.00;0.00;0.00;10.18;91.43;8.85;0.00;0.00;2000.00;29.31;
"2019-09-14 04:46:00";10.80;16.50;16.90;0.00;0.00;0.00;0.00;2.51;232.46;2.51;10.12;91.37;8.78;0.00;0.00;2000.00;29.31;
"2019-09-14 04:51:00";10.80;16.40;16.80;0.00;0.00;0.00;0.00;0.00;0.00;0.00;10.13;91.52;8.81;0.00;0.00;2000.00;29.31;
"2019-09-14 04:56:00";10.80;16.50;16.90;0.00;0.00;0.00;0.00;2.96;309.31;3.15;10.14;91.49;8.81;0.00;0.00;2000.00;29.31;
"2019-09-14 05:01:00";10.80;16.40;16.80;0.00;0.00;0.00;0.00;0.00;0.00;0.72;10.25;91.05;8.85;0.00;0.00;2000.00;29.31;
"2019-09-14 05:06:00";10.80;16.40;16.80;0.00;0.00;0.00;0.00;0.00;0.00;0.00;10.24;91.14;8.86;0.00;0.00;2000.00;29.31;
"2019-09-14 05:11:00";10.70;16.40;16.80;0.00;0.00;0.00;0.00;1.49;240.65;1.49;10.20;91.04;8.80;0.00;0.00;2000.00;29.31;
"2019-09-14 05:16:00";10.70;16.30;16.70;0.00;0.00;0.00;0.00;1.39;247.23;3.60;10.20;90.95;8.79;0.00;0.00;2000.00;29.31;
"2019-09-14 05:21:00";10.70;16.30;16.70;0.00;0.00;0.00;0.00;0.00;0.00;2.68;10.16;91.00;8.76;0.00;0.00;2000.00;29.31;
"2019-09-14 05:26:00";10.70;16.30;16.70;0.00;0.00;0.00;0.00;2.35;264.99;3.24;10.29;90.80;8.85;0.00;0.00;2000.00;29.31;
"2019-09-14 05:31:00";10.70;16.30;16.70;0.00;0.00;0.00;0.00;0.00;0.00;1.90;10.33;90.62;8.86;0.00;0.00;2000.00;29.31;
"2019-09-14 05:36:00";10.70;16.30;16.70;0.00;0.00;0.00;0.00;3.13;275.21;3.22;10.22;90.49;8.73;0.00;0.00;2000.00;29.31;
"2019-09-14 05:41:00";10.70;16.30;16.70;0.00;0.00;0.00;0.00;0.00;0.00;0.00;10.30;90.21;8.76;0.00;0.00;2000.00;29.31;
"2019-09-14 05:46:00";10.60;16.20;16.60;0.00;0.00;0.00;0.00;0.00;0.00;0.00;10.28;90.03;8.72;0.00;0.00;2000.00;29.31;
"2019-09-14 05:51:00";10.60;16.20;16.60;0.00;0.00;0.00;0.00;0.00;0.00;0.00;10.20;89.98;8.62;0.00;0.00;2000.00;29.31;
"2019-09-14 05:56:00";10.60;16.20;16.60;0.00;0.00;0.00;0.00;0.00;0.00;0.00;10.22;89.76;8.61;0.00;0.00;2000.00;29.31;
"2019-09-14 06:01:00";10.60;16.20;16.60;0.00;0.00;0.00;0.00;0.00;0.00;0.00;10.16;89.49;8.51;0.00;0.00;2000.00;29.31;
"2019-09-14 06:06:00";10.50;16.10;16.50;0.00;0.00;0.00;0.00;0.00;0.00;0.00;10.11;89.11;8.39;0.00;0.00;2000.00;29.31;
"2019-09-14 06:11:00";10.50;16.10;16.50;0.00;0.00;0.00;0.00;0.00;0.00;0.00;10.01;89.29;8.33;0.00;0.00;2000.00;29.31;
"2019-09-14 06:16:00";10.50;16.10;16.50;0.00;0.00;0.00;0.00;0.00;0.00;0.00;9.95;89.18;8.25;0.00;0.00;2000.00;29.31;
"2019-09-14 06:21:00";10.50;16.10;16.50;0.00;0.00;0.00;0.00;0.00;0.00;0.00;9.95;88.89;8.20;0.00;0.00;2000.00;29.31;
"2019-09-14 06:26:00";10.40;16.10;16.50;0.00;0.00;0.00;0.00;0.00;0.00;0.00;9.90;88.81;8.14;0.00;0.00;2000.00;29.31;
"2019-09-14 06:31:00";10.40;16.00;16.50;0.00;0.00;0.00;0.00;0.00;0.00;0.00;9.84;88.72;8.06;0.00;0.00;2000.00;29.31;
"2019-09-14 06:36:00";10.40;16.00;16.40;0.00;0.00;0.00;0.00;0.00;0.00;0.00;9.71;88.59;7.92;0.00;0.00;2000.00;29.31;
"2019-09-14 06:41:00";10.30;16.00;16.40;0.00;0.00;0.00;0.00;0.00;0.00;0.75;9.67;88.55;7.87;0.00;0.00;2000.00;29.31;
"2019-09-14 06:46:00";10.30;16.00;16.40;0.00;0.00;0.00;0.00;0.00;0.00;0.00;9.60;88.54;7.80;0.00;0.00;2000.00;29.31;
"2019-09-14 06:51:00";10.30;16.00;16.40;0.00;0.00;0.00;0.00;0.00;0.00;0.00;9.57;88.54;7.77;0.00;0.00;2000.00;29.31;
"2019-09-14 06:56:00";10.30;15.90;16.30;0.00;0.00;0.00;0.00;0.00;0.00;0.00;9.56;88.38;7.73;0.00;0.00;2000.00;29.31;
"2019-09-14 07:01:00";10.30;15.90;16.30;0.00;0.00;0.00;0.00;0.00;0.00;0.00;9.51;88.26;7.66;0.00;0.00;2000.00;29.31;
"2019-09-14 07:06:00";10.30;15.90;16.30;0.00;0.00;0.00;0.00;0.00;0.00;0.00;9.49;88.44;7.67;0.00;0.00;2000.00;29.31;
"2019-09-14 07:11:00";10.30;15.90;16.30;0.00;0.00;0.00;0.00;0.00;0.00;0.00;9.52;88.38;7.69;0.00;0.00;2000.00;29.31;
"2019-09-14 07:16:00";10.40;15.90;16.30;0.00;0.00;0.00;0.00;0.00;0.00;0.00;9.56;88.47;7.75;0.00;0.00;2000.00;29.31;
"2019-09-14 07:21:00";10.40;15.80;16.30;0.00;0.00;0.00;0.00;0.00;0.00;0.00;9.61;88.42;7.79;0.00;0.00;2000.00;29.31;
"2019-09-14 07:26:00";10.50;15.80;16.30;0.00;0.00;0.00;0.00;0.00;0.00;2.16;9.69;88.50;7.88;0.00;0.00;2000.00;29.31;
"2019-09-14 07:31:00";10.60;15.80;16.20;0.00;0.00;0.00;0.00;0.00;0.00;0.00;9.72;88.36;7.89;0.00;0.00;2000.00;29.31;
"2019-09-14 07:36:00";10.70;15.80;16.20;0.00;0.00;0.00;0.00;0.00;0.00;0.00;9.71;88.24;7.86;0.00;0.00;2000.00;29.31;
"2019-09-14 07:41:00";10.80;15.80;16.20;0.00;0.00;0.00;0.00;0.00;0.00;0.00;9.84;88.37;8.01;0.00;0.00;2000.00;29.31;
"2019-09-14 07:46:00";10.80;15.80;16.20;0.00;0.00;0.00;0.00;0.00;0.00;0.00;9.90;88.34;8.06;0.00;0.00;2000.00;29.31;
"2019-09-14 07:51:00";10.90;15.70;16.10;0.00;0.00;0.00;0.00;0.00;0.00;0.00;9.98;88.24;8.13;0.00;0.00;2000.00;29.31;
"2019-09-14 07:56:00";11.00;15.70;16.10;0.00;0.00;0.00;0.00;0.00;0.00;0.00;10.11;88.15;8.24;0.00;0.00;2000.00;29.31;
"2019-09-14 08:01:00";11.00;15.70;16.10;0.00;0.00;0.00;0.00;0.00;0.00;0.00;10.15;87.96;8.24;0.00;0.00;2000.00;29.31;
"2019-09-14 08:06:00";11.10;15.70;16.10;0.00;0.00;0.00;0.00;0.00;0.00;0.00;10.23;87.85;8.30;0.00;0.00;2000.00;29.31;
"2019-09-14 08:11:00";11.20;15.70;16.10;0.00;0.00;0.00;0.00;0.00;0.00;0.00;10.37;87.78;8.43;0.00;0.00;2000.00;29.31;
"2019-09-14 08:16:00";11.30;15.60;16.10;0.00;0.00;0.00;0.00;0.00;0.00;0.00;10.47;87.55;8.49;0.00;0.00;2000.00;29.31;
"2019-09-14 08:21:00";11.40;15.60;16.00;0.00;0.00;0.00;0.00;0.00;0.00;0.00;10.64;87.40;8.63;0.00;0.00;2000.00;29.31;
"2019-09-14 08:26:00";11.60;15.60;16.00;0.00;0.00;0.00;0.00;0.00;0.00;0.00;10.75;87.18;8.70;0.00;0.00;2000.00;29.31;
"2019-09-14 08:31:00";11.70;15.60;16.00;0.00;0.00;0.00;0.00;0.00;0.00;0.00;10.91;87.01;8.83;0.00;0.00;2000.00;29.31;
"2019-09-14 08:36:00";11.70;15.60;16.00;0.00;0.00;0.00;0.00;0.00;0.00;0.00;11.05;86.71;8.92;0.00;0.00;2000.00;29.31;
"2019-09-14 08:41:00";11.70;15.60;16.00;0.00;0.00;0.00;0.00;0.00;0.00;0.00;11.26;86.59;9.11;0.00;0.00;2000.00;29.31;
"2019-09-14 08:46:00";11.80;15.60;16.00;0.00;0.00;0.00;0.00;0.00;0.00;0.00;11.47;86.13;9.23;0.00;0.00;2000.00;29.31;
"2019-09-14 08:51:00";12.10;15.50;16.00;0.00;0.00;0.00;0.00;5.54;229.63;5.54;11.63;86.01;9.36;0.00;0.00;2000.00;29.31;
"2019-09-14 08:56:00";12.20;15.50;15.90;0.00;0.00;0.00;0.00;2.60;263.17;3.82;11.72;85.54;9.37;0.00;0.00;2000.00;29.31;
"2019-09-14 09:01:00";12.50;15.50;15.90;0.00;0.00;0.00;0.00;3.80;251.86;3.80;11.90;85.49;9.54;0.00;0.00;2000.00;29.31;
"2019-09-14 09:06:00";12.60;15.50;15.90;0.00;0.00;0.00;0.00;3.57;237.22;3.85;12.06;85.17;9.64;0.00;0.00;2000.00;29.31;
"2019-09-14 09:11:00";12.90;15.50;15.90;0.00;0.00;0.00;0.00;2.34;242.77;4.72;12.24;84.90;9.77;0.00;0.00;2000.00;29.31;
"2019-09-14 09:16:00";13.30;15.50;15.90;0.00;0.00;0.00;0.00;0.00;0.00;0.00;12.51;84.53;9.98;0.00;0.00;2000.00;29.31;
"2019-09-14 09:21:00";13.20;15.50;15.90;0.00;0.00;0.00;0.00;0.00;0.00;0.00;12.74;84.12;10.12;0.00;0.00;2000.00;29.31;
"2019-09-14 09:26:00";13.30;15.50;15.90;0.00;0.00;0.00;0.00;2.53;262.06;4.01;12.94;83.86;10.28;0.00;0.00;2000.00;29.31;
"2019-09-14 09:31:00";14.00;15.50;15.90;0.00;0.00;0.00;0.00;4.07;292.54;4.07;13.03;83.53;10.31;0.00;0.00;2000.00;29.31;
"2019-09-14 09:36:00";15.00;15.50;15.80;0.00;0.00;0.00;0.00;3.57;289.63;3.87;13.22;83.31;10.45;0.00;0.00;2000.00;29.31;
"2019-09-14 09:41:00";15.40;15.50;15.90;0.00;0.00;0.00;0.00;1.91;236.95;3.42;13.43;82.99;10.59;0.00;0.00;2000.00;29.31;
"2019-09-14 09:46:00";15.10;15.50;15.90;0.00;0.00;0.00;0.00;2.16;252.97;4.30;13.66;82.91;10.81;0.00;0.00;2000.00;29.31;
"2019-09-14 09:51:00";15.00;15.50;15.90;0.00;0.00;0.00;0.00;3.63;271.11;4.22;13.81;82.29;10.84;0.00;0.00;2000.00;29.31;
"2019-09-14 09:56:00";15.20;15.50;15.80;0.00;0.00;0.00;0.00;2.79;227.50;4.61;14.04;81.94;11.00;0.00;0.00;2000.00;29.31;
"2019-09-14 10:01:00";15.90;15.50;15.90;0.00;0.00;0.00;0.00;4.75;301.02;6.38;14.23;81.62;11.13;0.00;0.00;2000.00;29.31;
"2019-09-14 10:06:00";16.90;15.50;15.80;0.00;0.00;0.00;0.00;3.03;283.64;4.29;14.34;81.20;11.16;0.00;0.00;2000.00;29.31;
"2019-09-14 10:11:00";17.80;15.50;15.80;0.00;0.00;0.00;0.00;3.86;279.10;3.86;14.62;80.80;11.36;0.00;0.00;2000.00;29.31;
"2019-09-14 10:16:00";18.50;15.50;15.90;0.00;0.00;0.00;0.00;3.07;279.05;5.57;14.82;80.29;11.45;0.00;0.00;2000.00;29.31;
"2019-09-14 10:21:00";19.00;15.50;15.90;0.00;0.00;0.00;0.00;4.42;302.03;4.85;14.96;79.72;11.49;0.00;0.00;2000.00;29.31;
"2019-09-14 10:26:00";19.50;15.50;15.90;0.00;0.00;0.00;0.00;2.71;289.27;7.39;15.07;79.03;11.46;0.00;0.00;2000.00;29.31;
"2019-09-14 10:31:00";19.90;15.50;15.90;0.00;0.00;0.00;0.00;1.76;281.57;5.37;15.13;78.81;11.48;0.00;0.00;2000.00;29.31;
"2019-09-14 10:36:00";20.70;15.50;15.90;0.00;0.00;0.00;0.00;2.11;269.60;3.36;15.50;78.03;11.68;0.00;0.00;2000.00;29.31;
"2019-09-14 10:41:00";21.30;15.60;15.90;0.00;0.00;0.00;0.00;3.12;263.27;4.88;15.67;77.24;11.70;0.00;0.00;2000.00;29.31;
"2019-09-14 10:46:00";21.20;15.60;15.90;0.00;0.00;0.00;0.00;5.14;291.97;5.78;15.55;76.97;11.52;0.00;0.00;2000.00;29.31;
"2019-09-14 10:51:00";20.60;15.60;15.90;0.00;0.00;0.00;0.00;1.79;281.94;7.53;15.39;76.62;11.30;0.00;0.00;2000.00;29.31;
"2019-09-14 10:56:00";21.00;15.70;16.00;0.00;0.00;0.00;0.00;5.62;293.67;5.62;15.33;75.84;11.08;0.00;0.00;2000.00;29.31;
"2019-09-14 11:01:00";21.50;15.70;16.00;0.00;0.00;0.00;0.00;4.04;290.06;6.92;15.48;75.70;11.20;0.00;0.00;2000.00;29.31;
"2019-09-14 11:06:00";21.30;15.70;16.00;0.00;0.00;0.00;0.00;4.08;296.60;6.28;15.37;75.59;11.08;0.00;0.00;2000.00;29.31;
"2019-09-14 11:11:00";21.60;15.80;16.00;0.00;0.00;0.00;0.00;4.03;278.69;7.07;15.52;75.28;11.16;0.00;0.00;2000.00;29.31;
"2019-09-14 11:16:00";22.40;15.80;16.10;0.00;0.00;0.00;0.00;7.53;283.49;8.08;15.79;74.48;11.26;0.00;0.00;2000.00;29.31;
"2019-09-14 11:21:00";23.20;15.90;16.10;0.00;0.00;0.00;0.00;4.24;308.16;6.29;16.11;73.80;11.43;0.00;0.00;2000.00;29.31;
"2019-09-14 11:26:00";23.70;15.90;16.20;0.00;0.00;0.00;0.00;4.94;329.56;6.82;16.25;72.72;11.34;0.00;0.00;2000.00;29.31;
"2019-09-14 11:31:00";22.40;16.00;16.20;0.00;0.00;0.00;0.00;2.75;298.84;6.40;15.77;72.11;10.76;0.00;0.00;2000.00;29.31;
"2019-09-14 11:36:00";21.50;16.00;16.20;0.00;0.00;0.00;0.00;5.84;315.08;6.33;15.63;71.51;10.49;0.00;0.00;2000.00;29.31;
"2019-09-14 11:41:00";21.60;16.10;16.30;0.00;0.00;0.00;0.00;1.60;284.79;5.51;15.83;71.07;10.60;0.00;0.00;2000.00;29.31;
"2019-09-14 11:46:00";21.80;16.10;16.30;0.00;0.00;0.00;0.00;6.14;291.68;7.11;16.16;70.47;10.79;0.00;0.00;2000.00;29.31;
"2019-09-14 11:51:00";21.30;16.20;16.40;0.00;0.00;0.00;0.00;7.42;273.15;7.81;16.18;69.20;10.53;0.00;0.00;2000.00;29.31;
"2019-09-14 11:56:00";21.00;16.30;16.40;0.00;0.00;0.00;0.00;6.39;269.35;6.39;16.42;68.32;10.56;0.00;0.00;2000.00;29.31;
"2019-09-14 12:01:00";20.80;16.30;16.50;0.00;0.00;0.00;0.00;2.98;244.48;5.36;16.70;67.65;10.68;0.00;0.00;2000.00;29.31;
"2019-09-14 12:06:00";21.20;16.40;16.50;0.00;0.00;0.00;0.00;5.90;267.67;7.66;16.38;67.21;10.28;0.00;0.00;2000.00;29.31;
"2019-09-14 12:11:00";21.50;16.40;16.60;0.00;0.00;0.00;0.00;5.66;271.96;8.63;16.41;66.28;10.10;0.00;0.00;2000.00;29.31;
"2019-09-14 12:16:00";21.50;16.50;16.60;0.00;0.00;0.00;0.00;8.07;315.26;8.07;16.21;65.63;9.77;0.00;0.00;2000.00;29.31;
"2019-09-14 12:21:00";22.70;16.50;16.60;0.00;0.00;0.00;0.00;5.13;275.14;7.79;16.65;64.97;10.03;0.00;0.00;2000.00;29.31;
"2019-09-14 12:26:00";23.00;16.50;16.70;0.00;0.00;0.00;0.00;3.63;253.82;8.28;16.67;64.24;9.88;0.00;0.00;2000.00;29.31;
"2019-09-14 12:31:00";24.30;16.60;16.70;0.00;0.00;0.00;0.00;4.91;281.86;9.59;16.76;63.16;9.71;0.00;0.00;2000.00;29.31;
"2019-09-14 12:36:00";24.30;16.70;16.80;0.00;0.00;0.00;0.00;4.09;314.90;7.77;16.77;62.72;9.61;0.00;0.00;2000.00;29.31;
"2019-09-14 12:41:00";24.20;16.70;16.80;0.00;0.00;0.00;0.00;4.43;236.57;8.05;16.74;60.75;9.12;0.00;0.00;2000.00;29.31;
"2019-09-14 12:46:00";22.90;16.80;16.80;0.00;41.00;0.00;1.00;3.55;252.84;7.04;16.21;60.71;8.61;0.07;60.00;2000.00;29.38;
"2019-09-14 12:51:00";22.80;16.80;16.90;0.00;0.00;0.00;0.00;5.49;270.22;7.43;16.04;60.86;8.48;0.11;60.00;2000.00;29.49;
"2019-09-14 12:56:00";24.00;16.80;17.00;0.00;0.00;0.00;0.00;9.13;284.13;9.13;16.29;59.89;8.48;0.00;0.00;2000.00;29.49;
"2019-09-14 13:01:00";22.40;16.90;17.00;0.00;0.00;0.00;0.00;3.54;312.11;6.34;13.72;62.78;6.74;0.00;0.00;2000.00;29.49;
"2019-09-14 13:06:00";19.60;17.00;17.00;0.00;358.00;0.00;2.00;2.81;327.84;5.02;12.86;65.26;6.50;0.80;60.00;2000.00;30.29;
"2019-09-14 13:11:00";18.10;17.00;17.10;0.00;166.00;0.00;1.00;4.24;334.65;4.81;12.05;67.21;6.15;0.25;60.00;2000.00;30.54;
"2019-09-14 13:16:00";17.40;17.10;17.10;0.00;114.00;0.00;1.00;0.00;0.00;3.50;11.82;68.97;6.30;0.06;0.00;2000.00;30.60;
"2019-09-14 13:21:00";17.20;17.10;17.20;0.00;140.00;0.00;1.00;2.35;293.75;2.35;11.81;70.28;6.56;0.04;60.00;2000.00;30.64;
"2019-09-14 13:26:00";16.90;17.20;17.20;0.00;169.00;0.00;1.00;3.36;302.95;5.16;11.97;71.41;6.95;0.16;60.00;2000.00;30.80;
"2019-09-14 13:31:00";16.50;17.20;17.30;0.00;64.00;0.00;1.00;0.00;0.00;0.00;12.47;72.02;7.56;0.06;60.00;2000.00;30.86;
"2019-09-14 13:36:00";16.30;17.30;17.30;0.00;134.00;0.00;1.00;0.00;0.00;0.00;12.42;72.60;7.63;0.04;60.00;2000.00;30.90;
"2019-09-14 13:41:00";16.20;17.30;17.30;0.00;137.00;0.00;1.00;0.00;0.00;0.00;12.63;73.09;7.93;0.05;60.00;2000.00;30.95;
"2019-09-14 13:46:00";16.30;17.30;17.40;0.00;131.00;0.00;1.00;0.00;0.00;0.00;12.99;73.51;8.36;0.00;0.00;2000.00;30.95;
"2019-09-14 13:51:00";17.80;17.40;17.40;0.00;128.00;0.00;1.00;0.00;0.00;0.00;13.46;74.29;8.98;0.00;0.00;2000.00;30.95;
"2019-09-14 13:56:00";18.30;17.40;17.40;0.00;101.00;0.00;1.00;0.00;0.00;0.00;13.85;74.35;9.36;0.00;0.00;2000.00;30.95;
"2019-09-14 14:01:00";18.10;17.40;17.40;0.00;103.00;0.00;1.00;0.00;0.00;0.00;14.04;74.29;9.53;0.00;0.00;2000.00;30.95;
"2019-09-14 14:06:00";18.10;17.40;17.50;0.00;41.00;0.00;1.00;0.00;0.00;0.00;14.33;74.45;9.84;0.00;0.00;2000.00;30.95;
"2019-09-14 14:11:00";19.80;17.50;17.50;0.00;59.00;0.00;1.00;0.00;0.00;0.00;14.64;75.08;10.27;0.00;0.00;2000.00;30.95;
"2019-09-14 14:16:00";18.50;17.50;17.50;0.00;36.00;0.00;1.00;0.00;0.00;0.00;14.74;74.25;10.20;0.00;0.00;2000.00;30.95;
"2019-09-14 14:21:00";18.60;17.50;17.50;0.00;74.00;0.00;1.00;0.00;0.00;0.00;15.16;73.68;10.49;0.00;0.00;2000.00;30.95;
"2019-09-14 14:26:00";18.60;17.50;17.50;0.00;31.00;0.00;1.00;0.00;0.00;0.00;15.46;72.39;10.51;0.00;0.00;2000.00;30.95;
"2019-09-14 14:31:00";18.30;17.50;17.60;0.00;41.00;0.00;1.00;0.00;0.00;0.00;15.59;71.43;10.44;0.00;0.00;2000.00;30.95;
"2019-09-14 14:36:00";19.60;17.50;17.60;0.00;0.00;0.00;0.00;0.00;0.00;0.00;15.78;70.99;10.53;0.00;0.00;2000.00;30.95;
"2019-09-14 14:41:00";21.70;17.50;17.60;0.00;0.00;0.00;0.00;3.22;346.84;3.22;15.99;69.71;10.45;0.00;0.00;2000.00;30.95;
"2019-09-14 14:46:00";21.70;17.50;17.60;0.00;0.00;0.00;0.00;2.05;351.72;4.54;16.10;68.94;10.40;0.00;0.00;2000.00;30.95;
"2019-09-14 14:51:00";21.80;17.50;17.60;0.00;0.00;0.00;0.00;4.67;331.31;4.73;15.91;69.26;10.28;0.00;0.00;2000.00;30.95;
"2019-09-14 14:56:00";22.90;17.60;17.60;0.00;0.00;0.00;0.00;2.62;349.95;6.39;16.53;68.33;10.67;0.00;0.00;2000.00;30.95;
"2019-09-14 15:01:00";21.40;17.60;17.60;0.00;0.00;0.00;0.00;5.55;311.81;5.55;16.09;66.51;9.84;0.00;0.00;2000.00;30.95;
"2019-09-14 15:06:00";21.90;17.60;17.60;0.00;0.00;0.00;0.00;3.29;339.50;5.29;16.25;65.71;9.82;0.00;0.00;2000.00;30.95;
"2019-09-14 15:11:00";21.70;17.60;17.70;0.00;0.00;0.00;0.00;4.00;284.21;7.31;16.29;64.87;9.67;0.00;0.00;2000.00;30.95;
"2019-09-14 15:16:00";22.00;17.60;17.70;0.00;0.00;0.00;0.00;4.84;320.36;5.18;16.77;62.96;9.68;0.00;0.00;2000.00;30.95;
"2019-09-14 15:21:00";22.90;17.70;17.70;0.00;0.00;0.00;0.00;7.38;275.83;7.38;17.01;58.80;8.88;0.00;0.00;2000.00;30.95;
"2019-09-14 15:26:00";22.90;17.60;17.70;0.00;0.00;0.00;0.00;6.76;284.89;7.00;16.99;54.60;7.78;0.00;0.00;2000.00;30.95;
"2019-09-14 15:31:00";23.60;17.70;17.80;0.00;0.00;0.00;0.00;5.51;325.41;6.14;17.31;53.30;7.71;0.00;0.00;2000.00;30.95;
"2019-09-14 15:36:00";22.40;17.70;17.70;0.00;0.00;0.00;0.00;6.00;325.96;6.85;16.98;51.96;7.04;0.00;0.00;2000.00;30.95;
"2019-09-14 15:41:00";21.50;17.80;17.80;0.00;0.00;0.00;0.00;5.13;282.81;5.13;16.63;52.23;6.79;0.00;0.00;2000.00;30.95;
"2019-09-14 15:46:00";22.50;17.80;17.80;0.00;0.00;0.00;0.00;4.33;316.28;8.49;16.79;52.33;6.97;0.00;0.00;2000.00;30.95;
"2019-09-14 15:51:00";23.70;17.80;17.80;0.00;0.00;0.00;0.00;6.24;298.68;10.34;17.18;50.97;6.94;0.00;0.00;2000.00;30.95;
"2019-09-14 15:56:00";24.00;17.80;17.80;0.00;0.00;0.00;0.00;4.53;294.22;11.21;17.48;50.06;6.95;0.00;0.00;2000.00;30.95;
"2019-09-14 16:01:00";23.10;17.80;17.90;0.00;0.00;0.00;0.00;8.25;299.05;9.34;17.00;49.55;6.36;0.00;0.00;2000.00;30.95;
"2019-09-14 16:06:00";23.00;17.90;17.90;0.00;0.00;0.00;0.00;4.80;313.20;7.52;16.75;50.07;6.28;0.00;0.00;2000.00;30.95;
"2019-09-14 16:11:00";23.60;17.90;17.90;0.00;0.00;0.00;0.00;5.95;304.84;7.50;17.14;50.56;6.78;0.00;0.00;2000.00;30.95;
"2019-09-14 16:16:00";23.20;17.90;17.90;0.00;0.00;0.00;0.00;6.00;312.09;8.51;16.97;51.59;6.92;0.00;0.00;2000.00;30.95;
"2019-09-14 16:21:00";22.60;18.00;18.00;0.00;0.00;0.00;0.00;5.45;321.22;5.96;16.68;53.45;7.17;0.00;0.00;2000.00;30.95;
"2019-09-14 16:26:00";22.00;18.00;18.00;0.00;0.00;0.00;0.00;4.29;310.00;7.56;16.34;53.51;6.88;0.00;0.00;2000.00;30.95;
"2019-09-14 16:31:00";22.40;18.00;18.00;0.00;0.00;0.00;0.00;10.16;313.48;10.60;16.71;53.76;7.29;0.00;0.00;2000.00;30.95;
"2019-09-14 16:36:00";21.80;18.00;18.10;0.00;0.00;0.00;0.00;6.28;332.33;6.28;16.43;53.01;6.82;0.00;0.00;2000.00;30.95;
"2019-09-14 16:41:00";21.00;18.10;18.10;0.00;0.00;0.00;0.00;7.00;321.79;7.80;16.22;52.92;6.60;0.00;0.00;2000.00;30.95;
"2019-09-14 16:46:00";20.80;18.10;18.10;0.00;0.00;0.00;0.00;2.86;339.92;4.38;16.09;53.55;6.65;0.00;0.00;2000.00;30.95;
"2019-09-14 16:51:00";20.70;18.10;18.20;0.00;0.00;0.00;0.00;5.18;317.64;8.15;16.15;53.59;6.72;0.00;0.00;2000.00;30.95;
"2019-09-14 16:56:00";20.30;18.20;18.20;0.00;0.00;0.00;0.00;7.74;285.66;8.19;16.01;53.84;6.66;0.00;0.00;2000.00;30.95;
"2019-09-14 17:01:00";20.10;18.20;18.20;0.00;0.00;0.00;0.00;5.00;318.10;6.98;16.00;53.90;6.66;0.00;0.00;2000.00;30.95;
"2019-09-14 17:06:00";20.00;18.20;18.20;0.00;0.00;0.00;0.00;5.82;314.23;7.07;15.96;53.90;6.62;0.00;0.00;2000.00;30.95;
"2019-09-14 17:11:00";19.90;18.30;18.20;0.00;0.00;0.00;0.00;4.54;297.75;7.84;15.93;54.60;6.78;0.00;0.00;2000.00;30.95;
"2019-09-14 17:16:00";19.80;18.30;18.30;0.00;0.00;0.00;0.00;7.55;306.84;9.83;15.95;54.01;6.65;0.00;0.00;2000.00;30.95;
"2019-09-14 17:21:00";19.90;18.30;18.30;0.00;0.00;0.00;0.00;6.88;285.36;8.98;15.90;54.22;6.65;0.00;0.00;2000.00;30.95;
"2019-09-14 17:26:00";20.00;18.30;18.30;0.00;0.00;0.00;0.00;5.64;290.10;8.79;15.98;54.33;6.76;0.00;0.00;2000.00;30.95;
"2019-09-14 17:31:00";20.30;18.40;18.30;0.00;0.00;0.00;0.00;7.65;313.58;8.29;16.04;53.47;6.58;0.00;0.00;2000.00;30.95;
"2019-09-14 17:36:00";20.60;18.40;18.40;0.00;0.00;0.00;0.00;5.62;315.72;8.23;16.14;52.99;6.55;0.00;0.00;2000.00;30.95;
"2019-09-14 17:41:00";20.50;18.40;18.40;0.00;0.00;0.00;0.00;6.76;311.98;6.76;16.15;52.23;6.34;0.00;0.00;2000.00;30.95;
"2019-09-14 17:46:00";20.40;18.40;18.40;0.00;0.00;0.00;0.00;4.19;316.00;5.01;16.16;53.06;6.58;0.00;0.00;2000.00;30.95;
"2019-09-14 17:51:00";20.10;18.40;18.40;0.00;0.00;0.00;0.00;8.03;292.45;8.03;15.96;53.64;6.56;0.00;0.00;2000.00;30.95;
"2019-09-14 17:56:00";20.10;18.40;18.40;0.00;0.00;0.00;0.00;5.03;301.52;6.75;16.02;53.17;6.48;0.00;0.00;2000.00;30.95;
"2019-09-14 18:01:00";20.20;18.40;18.40;0.00;0.00;0.00;0.00;7.30;308.49;7.30;16.09;52.31;6.31;0.00;0.00;2000.00;30.95;
"2019-09-14 18:06:00";20.30;18.40;18.40;0.00;0.00;0.00;0.00;3.47;313.36;4.73;16.12;53.09;6.56;0.00;0.00;2000.00;30.95;
"2019-09-14 18:11:00";19.90;18.40;18.40;0.00;0.00;0.00;0.00;5.61;300.97;6.17;16.01;52.51;6.29;0.00;0.00;2000.00;30.95;
"2019-09-14 18:16:00";19.50;18.40;18.50;0.00;0.00;0.00;0.00;6.47;327.28;6.91;15.79;53.26;6.29;0.00;0.00;2000.00;30.95;
"2019-09-14 18:21:00";19.10;18.40;18.50;0.00;0.00;0.00;0.00;3.41;294.58;4.73;15.63;53.47;6.20;0.00;0.00;2000.00;30.95;
"2019-09-14 18:26:00";18.80;18.40;18.50;0.00;0.00;0.00;0.00;5.31;323.31;5.31;15.55;53.82;6.22;0.00;0.00;2000.00;30.95;
"2019-09-14 18:31:00";18.40;18.50;18.50;0.00;0.00;0.00;0.00;5.12;307.01;6.01;15.39;54.14;6.16;0.00;0.00;2000.00;30.95;
"2019-09-14 18:36:00";18.20;18.50;18.50;0.00;0.00;0.00;0.00;0.00;0.00;1.78;15.22;55.35;6.32;0.00;0.00;2000.00;30.95;
"2019-09-14 18:41:00";18.10;18.50;18.50;0.00;0.00;0.00;0.00;3.97;282.82;5.29;15.16;55.51;6.31;0.00;0.00;2000.00;30.95;
"2019-09-14 18:46:00";17.90;18.50;18.50;0.00;0.00;0.00;0.00;4.59;271.67;5.26;15.08;55.81;6.31;0.00;0.00;2000.00;30.95;
"2019-09-14 18:51:00";17.80;18.50;18.50;0.00;0.00;0.00;0.00;2.24;295.70;5.48;15.00;56.10;6.31;0.00;0.00;2000.00;30.95;
"2019-09-14 18:56:00";17.50;18.50;18.50;0.00;0.00;0.00;0.00;3.25;286.95;4.63;14.81;56.68;6.29;0.00;0.00;2000.00;30.95;
"2019-09-14 19:01:00";17.30;18.50;18.50;0.00;0.00;0.00;0.00;4.85;259.90;4.94;14.70;56.74;6.20;0.00;0.00;2000.00;30.95;
"2019-09-14 19:06:00";17.20;18.50;18.50;0.00;0.00;0.00;0.00;6.26;294.68;6.49;14.65;57.01;6.22;0.00;0.00;2000.00;30.95;
"2019-09-14 19:11:00";17.00;18.50;18.50;0.00;0.00;0.00;0.00;5.01;314.32;5.76;14.64;57.38;6.30;0.00;0.00;2000.00;30.95;
"2019-09-14 19:16:00";16.80;18.50;18.50;0.00;0.00;0.00;0.00;3.23;307.75;4.26;14.58;57.47;6.27;0.00;0.00;2000.00;30.95;
"2019-09-14 19:21:00";16.60;18.50;18.50;0.00;0.00;0.00;0.00;5.13;310.50;5.81;14.47;57.89;6.28;0.00;0.00;2000.00;30.95;
"2019-09-14 19:26:00";16.40;18.50;18.50;0.00;0.00;0.00;0.00;0.00;0.00;0.00;14.31;58.68;6.32;0.00;0.00;2000.00;30.95;
"2019-09-14 19:31:00";16.20;18.50;18.50;0.00;0.00;0.00;0.00;2.66;294.40;6.57;14.24;59.14;6.37;0.00;0.00;2000.00;30.95;
"2019-09-14 19:36:00";16.00;18.40;18.50;0.00;0.00;0.00;0.00;2.96;307.57;4.39;13.98;59.91;6.31;0.00;0.00;2000.00;30.95;
"2019-09-14 19:41:00";15.80;18.50;18.50;0.00;0.00;0.00;0.00;3.09;301.32;4.72;13.90;60.92;6.48;0.00;0.00;2000.00;30.95;
"2019-09-14 19:46:00";15.60;18.50;18.50;0.00;0.00;0.00;0.00;2.78;329.78;4.18;13.85;61.47;6.56;0.00;0.00;2000.00;30.95;
"2019-09-14 19:51:00";15.40;18.40;18.50;0.00;0.00;0.00;0.00;5.26;293.14;5.79;13.77;62.16;6.65;0.00;0.00;2000.00;30.95;
"2019-09-14 19:56:00";15.30;18.40;18.50;0.00;0.00;0.00;0.00;3.77;284.62;4.99;13.70;62.40;6.64;0.00;0.00;2000.00;30.95;
"2019-09-14 20:01:00";15.10;18.40;18.50;0.00;0.00;0.00;0.00;2.94;296.63;4.08;13.61;62.92;6.68;0.00;0.00;2000.00;30.95;
"2019-09-14 20:06:00";15.00;18.40;18.50;0.00;0.00;0.00;0.00;4.51;308.71;6.83;13.53;63.57;6.75;0.00;0.00;2000.00;30.95;
"2019-09-14 20:11:00";14.90;18.40;18.50;0.00;0.00;0.00;0.00;4.30;298.33;4.64;13.35;63.87;6.65;0.00;0.00;2000.00;30.95;
"2019-09-14 20:16:00";14.80;18.40;18.50;0.00;0.00;0.00;0.00;2.02;310.80;3.58;13.22;64.42;6.65;0.00;0.00;2000.00;30.95;
"2019-09-14 20:21:00";14.70;18.30;18.40;0.00;0.00;0.00;0.00;0.00;0.00;0.00;13.15;65.05;6.72;0.00;0.00;2000.00;30.95;
"2019-09-14 20:26:00";14.50;18.30;18.40;0.00;0.00;0.00;0.00;0.00;0.00;0.00;13.04;65.38;6.70;0.00;0.00;2000.00;30.95;
"2019-09-14 20:31:00";14.40;18.30;18.40;0.00;0.00;0.00;0.00;0.00;0.00;0.00;12.89;65.74;6.63;0.00;0.00;2000.00;30.95;
"2019-09-14 20:36:00";14.30;18.30;18.40;0.00;0.00;0.00;0.00;1.13;258.50;1.65;12.80;66.24;6.65;0.00;0.00;2000.00;30.95;
"2019-09-14 20:41:00";14.20;18.30;18.40;0.00;0.00;0.00;0.00;0.00;0.00;0.00;12.87;66.81;6.84;0.00;0.00;2000.00;30.95;
"2019-09-14 20:46:00";14.20;18.20;18.30;0.00;0.00;0.00;0.00;0.00;0.00;0.00;12.88;66.99;6.89;0.00;0.00;2000.00;30.95;
"2019-09-14 20:51:00";14.10;18.20;18.30;0.00;0.00;0.00;0.00;0.00;0.00;0.00;12.85;67.20;6.91;0.00;0.00;2000.00;30.95;
"2019-09-14 20:56:00";14.00;18.20;18.30;0.00;0.00;0.00;0.00;0.00;0.00;0.00;12.86;67.39;6.96;0.00;0.00;2000.00;30.95;
"2019-09-14 21:01:00";13.90;18.20;18.30;0.00;0.00;0.00;0.00;0.00;0.00;0.00;12.82;67.58;6.96;0.00;0.00;2000.00;30.95;
"2019-09-14 21:06:00";13.80;18.10;18.30;0.00;0.00;0.00;0.00;0.00;0.00;0.00;12.77;67.81;6.97;0.00;0.00;2000.00;30.95;
"2019-09-14 21:11:00";13.80;18.10;18.30;0.00;0.00;0.00;0.00;0.00;0.00;0.00;12.76;68.00;7.00;0.00;0.00;2000.00;30.95;
"2019-09-14 21:16:00";13.70;18.10;18.20;0.00;0.00;0.00;0.00;0.00;0.00;0.00;12.66;68.18;6.94;0.00;0.00;2000.00;30.95;
"2019-09-14 21:21:00";13.70;18.10;18.20;0.00;0.00;0.00;0.00;0.00;0.00;0.00;12.49;68.28;6.80;0.00;0.00;2000.00;30.95;
"2019-09-14 21:26:00";13.60;18.10;18.20;0.00;0.00;0.00;0.00;0.00;0.00;0.00;12.36;68.76;6.78;0.00;0.00;2000.00;30.95;
"2019-09-14 21:31:00";13.60;18.00;18.20;0.00;0.00;0.00;0.00;0.00;0.00;0.00;12.17;69.04;6.66;0.00;0.00;2000.00;30.95;
"2019-09-14 21:36:00";13.50;18.00;18.20;0.00;0.00;0.00;0.00;0.00;0.00;0.00;11.99;69.41;6.56;0.00;0.00;2000.00;30.95;
"2019-09-14 21:41:00";13.30;17.90;18.10;0.00;0.00;0.00;0.00;0.00;0.00;0.00;11.85;69.73;6.50;0.00;0.00;2000.00;30.95;
"2019-09-14 21:46:00";13.20;17.90;18.10;0.00;0.00;0.00;0.00;0.00;0.00;0.00;11.74;70.16;6.48;0.00;0.00;2000.00;30.95;
"2019-09-14 21:51:00";13.20;17.90;18.10;0.00;0.00;0.00;0.00;0.00;0.00;0.00;11.70;70.52;6.51;0.00;0.00;2000.00;30.95;
"2019-09-14 21:56:00";13.10;17.80;18.10;0.00;0.00;0.00;0.00;0.00;0.00;0.00;11.84;70.94;6.73;0.00;0.00;2000.00;30.95;
"2019-09-14 22:01:00";13.10;17.80;18.00;0.00;0.00;0.00;0.00;3.46;239.67;4.21;11.76;71.16;6.70;0.00;0.00;2000.00;30.95;
"2019-09-14 22:06:00";13.00;17.80;18.00;0.00;0.00;0.00;0.00;0.00;0.00;2.57;11.85;71.29;6.82;0.00;0.00;2000.00;30.95;
"2019-09-14 22:11:00";12.90;17.80;18.00;0.00;0.00;0.00;0.00;0.00;0.00;3.12;11.81;71.46;6.81;0.00;0.00;2000.00;30.95;
"2019-09-14 22:16:00";12.90;17.80;18.00;0.00;0.00;0.00;0.00;0.00;0.00;0.00;11.69;71.75;6.76;0.00;0.00;2000.00;30.95;
"2019-09-14 22:21:00";12.80;17.70;17.90;0.00;0.00;0.00;0.00;0.00;0.00;0.00;11.66;71.87;6.75;0.00;0.00;2000.00;30.95;
"2019-09-14 22:26:00";12.70;17.70;17.90;0.00;0.00;0.00;0.00;0.00;0.00;0.00;11.52;72.04;6.65;0.00;0.00;2000.00;30.95;
"2019-09-14 22:31:00";12.70;17.70;17.90;0.00;0.00;0.00;0.00;0.00;0.00;0.00;11.41;72.21;6.58;0.00;0.00;2000.00;30.95;
"2019-09-14 22:36:00";12.70;17.70;17.90;0.00;0.00;0.00;0.00;0.00;0.00;0.57;11.36;72.46;6.59;0.00;0.00;2000.00;30.95;
"2019-09-14 22:41:00";12.60;17.60;17.90;0.00;0.00;0.00;0.00;0.00;0.00;0.00;11.32;72.82;6.61;0.00;0.00;2000.00;30.95;
"2019-09-14 22:46:00";12.50;17.60;17.80;0.00;0.00;0.00;0.00;0.00;0.00;0.00;11.26;73.03;6.60;0.00;0.00;2000.00;30.95;
"2019-09-14 22:51:00";12.50;17.60;17.80;0.00;0.00;0.00;0.00;0.00;0.00;0.00;11.19;73.22;6.57;0.00;0.00;2000.00;30.95;
"2019-09-14 22:56:00";12.40;17.50;17.80;0.00;0.00;0.00;0.00;0.00;0.00;0.00;11.09;73.79;6.59;0.00;0.00;2000.00;30.95;
"2019-09-14 23:01:00";12.40;17.50;17.70;0.00;0.00;0.00;0.00;3.03;238.92;4.10;11.12;74.25;6.71;0.00;0.00;2000.00;30.95;
"2019-09-14 23:06:00";12.40;17.50;17.70;0.00;0.00;0.00;0.00;1.03;241.95;1.76;11.11;74.53;6.75;0.00;0.00;2000.00;30.95;
"2019-09-14 23:11:00";12.40;17.40;17.70;0.00;0.00;0.00;0.00;3.07;238.59;4.14;11.10;74.98;6.83;0.00;0.00;2000.00;30.95;
"2019-09-14 23:16:00";12.40;17.40;17.70;0.00;0.00;0.00;0.00;0.00;0.00;1.31;11.10;75.29;6.89;0.00;0.00;2000.00;30.95;
"2019-09-14 23:21:00";12.40;17.40;17.60;0.00;0.00;0.00;0.00;0.00;0.00;3.70;11.05;75.67;6.92;0.00;0.00;2000.00;30.95;
"2019-09-14 23:26:00";12.30;17.40;17.60;0.00;0.00;0.00;0.00;0.00;0.00;0.00;10.97;75.78;6.86;0.00;0.00;2000.00;30.95;
"2019-09-14 23:31:00";12.20;17.30;17.60;0.00;0.00;0.00;0.00;0.00;0.00;0.00;10.84;76.23;6.82;0.00;0.00;2000.00;30.95;
"2019-09-14 23:36:00";12.20;17.30;17.50;0.00;0.00;0.00;0.00;0.00;0.00;0.00;10.78;76.52;6.82;0.00;0.00;2000.00;30.95;
"2019-09-14 23:41:00";12.10;17.20;17.50;0.00;0.00;0.00;0.00;0.00;0.00;0.00;10.69;77.03;6.83;0.00;0.00;2000.00;30.95;
"2019-09-14 23:46:00";12.00;17.20;17.50;0.00;0.00;0.00;0.00;0.00;0.00;0.00;10.66;77.32;6.85;0.00;0.00;2000.00;30.95;
"2019-09-14 23:51:00";12.00;17.20;17.50;0.00;0.00;0.00;0.00;0.00;0.00;0.00;10.63;77.55;6.87;0.00;0.00;2000.00;30.95;
"2019-09-14 23:56:00";11.90;17.20;17.40;0.00;0.00;0.00;0.00;0.00;0.00;0.00;10.57;77.97;6.88;0.00;0.00;2000.00;30.95;
"2019-09-15 00:01:00";11.90;17.10;17.40;0.00;0.00;0.00;0.00;0.00;0.00;0.00;10.51;78.19;6.86;0.00;0.00;2000.00;30.95;
"2019-09-15 00:06:00";11.90;17.10;17.40;0.00;0.00;0.00;0.00;0.00;0.00;0.00;10.41;78.57;6.84;0.00;0.00;2000.00;30.95;
"2019-09-15 00:11:00";11.80;17.10;17.40;0.00;0.00;0.00;0.00;0.00;0.00;0.00;10.43;78.85;6.91;0.00;0.00;2000.00;30.95;
"2019-09-15 00:16:00";11.70;17.10;17.30;0.00;0.00;0.00;0.00;0.00;0.00;0.00;10.36;79.13;6.89;0.00;0.00;2000.00;30.95;
"2019-09-15 00:21:00";11.70;17.00;17.30;0.00;0.00;0.00;0.00;0.00;0.00;0.00;10.33;79.40;6.92;0.00;0.00;2000.00;30.95;
"2019-09-15 00:26:00";11.70;17.00;17.30;0.00;0.00;0.00;0.00;0.00;0.00;0.00;10.37;79.86;7.04;0.00;0.00;2000.00;30.95;
"2019-09-15 00:31:00";11.70;17.00;17.30;0.00;0.00;0.00;0.00;0.00;0.00;0.00;10.36;79.88;7.04;0.00;0.00;2000.00;30.95;
"2019-09-15 00:36:00";11.60;16.90;17.20;0.00;0.00;0.00;0.00;0.00;0.00;0.00;10.22;80.00;6.92;0.00;0.00;2000.00;30.95;
"2019-09-15 00:41:00";11.50;16.90;17.20;0.00;0.00;0.00;0.00;0.00;0.00;1.25;10.17;80.29;6.92;0.00;0.00;2000.00;30.95;
"2019-09-15 00:46:00";11.50;16.90;17.20;0.00;0.00;0.00;0.00;0.00;0.00;0.00;10.16;80.49;6.95;0.00;0.00;2000.00;30.95;
"2019-09-15 00:51:00";11.40;16.80;17.10;0.00;0.00;0.00;0.00;0.00;0.00;0.00;10.05;80.58;6.86;0.00;0.00;2000.00;30.95;
"2019-09-15 00:56:00";11.30;16.80;17.10;0.00;0.00;0.00;0.00;0.00;0.00;0.00;9.93;80.74;6.77;0.00;0.00;2000.00;30.95;
"2019-09-15 01:01:00";11.30;16.80;17.10;0.00;0.00;0.00;0.00;0.00;0.00;0.00;9.86;81.09;6.77;0.00;0.00;2000.00;30.95;
"2019-09-15 01:06:00";11.20;16.80;17.10;0.00;0.00;0.00;0.00;0.00;0.00;0.00;9.82;81.23;6.75;0.00;0.00;2000.00;30.95;
"2019-09-15 01:11:00";11.20;16.80;17.10;0.00;0.00;0.00;0.00;0.00;0.00;0.00;9.75;81.56;6.74;0.00;0.00;2000.00;30.95;
"2019-09-15 01:16:00";11.20;16.70;17.00;0.00;0.00;0.00;0.00;0.00;0.00;0.00;9.78;81.60;6.78;0.00;0.00;2000.00;30.95;
"2019-09-15 01:21:00";11.20;16.70;17.00;0.00;0.00;0.00;0.00;0.00;0.00;0.00;9.77;81.84;6.81;0.00;0.00;2000.00;30.95;
"2019-09-15 01:26:00";11.10;16.70;17.00;0.00;0.00;0.00;0.00;0.00;0.00;0.00;9.65;81.95;6.72;0.00;0.00;2000.00;30.95;
"2019-09-15 01:31:00";11.00;16.60;17.00;0.00;0.00;0.00;0.00;0.00;0.00;0.00;9.50;82.09;6.59;0.00;0.00;2000.00;30.95;
"2019-09-15 01:36:00";11.00;16.60;16.90;0.00;0.00;0.00;0.00;0.00;0.00;0.00;9.49;82.27;6.61;0.00;0.00;2000.00;30.95;
"2019-09-15 01:41:00";10.90;16.60;16.90;0.00;0.00;0.00;0.00;0.00;0.00;0.00;9.32;82.44;6.48;0.00;0.00;2000.00;30.95;
"2019-09-15 01:46:00";10.80;16.60;16.90;0.00;0.00;0.00;0.00;0.00;0.00;0.00;9.13;82.63;6.33;0.00;0.00;2000.00;30.95;
"2019-09-15 01:51:00";10.80;16.60;16.90;0.00;0.00;0.00;0.00;0.00;0.00;0.00;9.00;82.89;6.24;0.00;0.00;2000.00;30.95;
"2019-09-15 01:56:00";10.80;16.50;16.80;0.00;0.00;0.00;0.00;0.00;0.00;0.00;8.86;83.22;6.16;0.00;0.00;2000.00;30.95;
"2019-09-15 02:01:00";10.70;16.50;16.80;0.00;0.00;0.00;0.00;0.00;0.00;0.00;8.80;83.71;6.19;0.00;0.00;2000.00;30.95;
"2019-09-15 02:06:00";10.70;16.50;16.80;0.00;0.00;0.00;0.00;0.00;0.00;0.00;8.84;84.02;6.29;0.00;0.00;2000.00;30.95;
"2019-09-15 02:11:00";10.70;16.50;16.80;0.00;0.00;0.00;0.00;0.00;0.00;0.00;8.95;84.42;6.47;0.00;0.00;2000.00;30.95;
"2019-09-15 02:16:00";10.70;16.40;16.70;0.00;0.00;0.00;0.00;0.00;0.00;0.00;9.00;84.72;6.57;0.00;0.00;2000.00;30.95;
"2019-09-15 02:21:00";10.70;16.40;16.70;0.00;0.00;0.00;0.00;0.00;0.00;0.00;9.10;84.92;6.69;0.00;0.00;2000.00;30.95;
"2019-09-15 02:26:00";10.80;16.40;16.70;0.00;0.00;0.00;0.00;0.00;0.00;0.00;9.13;85.14;6.76;0.00;0.00;2000.00;30.95;
"2019-09-15 02:31:00";10.80;16.30;16.60;0.00;0.00;0.00;0.00;0.00;0.00;0.00;9.17;85.45;6.85;0.00;0.00;2000.00;30.95;
"2019-09-15 02:36:00";10.80;16.30;16.70;0.00;0.00;0.00;0.00;0.00;0.00;0.00;9.25;85.77;6.99;0.00;0.00;2000.00;30.95;
"2019-09-15 02:41:00";10.80;16.30;16.60;0.00;0.00;0.00;0.00;0.00;0.00;0.00;9.34;85.98;7.11;0.00;0.00;2000.00;30.95;
"2019-09-15 02:46:00";10.90;16.30;16.60;0.00;0.00;0.00;0.00;0.00;0.00;0.00;9.44;86.00;7.22;0.00;0.00;2000.00;30.95;
"2019-09-15 02:51:00";11.00;16.30;16.60;0.00;0.00;0.00;0.00;0.00;0.00;0.00;9.49;86.27;7.31;0.00;0.00;2000.00;30.95;
"2019-09-15 02:56:00";11.10;16.20;16.50;0.00;0.00;0.00;0.00;0.00;0.00;0.00;9.60;86.45;7.45;0.00;0.00;2000.00;30.95;
"2019-09-15 03:01:00";11.20;16.20;16.50;0.00;0.00;0.00;0.00;0.00;0.00;0.00;9.73;86.52;7.58;0.00;0.00;2000.00;30.95;
"2019-09-15 03:06:00";11.20;16.20;16.50;0.00;0.00;0.00;0.00;0.00;0.00;0.00;9.80;86.56;7.66;0.00;0.00;2000.00;30.95;
"2019-09-15 03:11:00";11.20;16.10;16.50;0.00;0.00;0.00;0.00;0.00;0.00;0.00;9.83;86.61;7.70;0.00;0.00;2000.00;30.95;
"2019-09-15 03:16:00";11.20;16.10;16.50;0.00;0.00;0.00;0.00;0.00;0.00;0.00;9.83;86.65;7.71;0.00;0.00;2000.00;30.95;
"2019-09-15 03:21:00";11.20;16.10;16.40;0.00;0.00;0.00;0.00;0.00;0.00;0.00;9.91;86.68;7.79;0.00;0.00;2000.00;30.95;
"2019-09-15 03:26:00";11.20;16.00;16.40;0.00;0.00;0.00;0.00;0.00;0.00;0.00;9.91;86.75;7.80;0.00;0.00;2000.00;30.95;
"2019-09-15 03:31:00";11.30;16.10;16.40;0.00;0.00;0.00;0.00;0.00;0.00;0.00;9.93;86.65;7.81;0.00;0.00;2000.00;30.95;
"2019-09-15 03:36:00";11.40;16.00;16.40;0.00;0.00;0.00;0.00;0.00;0.00;0.00;9.89;86.53;7.75;0.00;0.00;2000.00;30.95;
"2019-09-15 03:41:00";11.40;16.00;16.40;0.00;0.00;0.00;0.00;0.00;0.00;0.00;9.87;86.67;7.75;0.00;0.00;2000.00;30.95;
"2019-09-15 03:46:00";11.50;16.00;16.40;0.00;0.00;0.00;0.00;0.00;0.00;0.00;9.93;86.69;7.81;0.00;0.00;2000.00;30.95;
"2019-09-15 03:51:00";11.50;16.00;16.30;0.00;0.00;0.00;0.00;0.00;0.00;0.00;9.95;86.75;7.84;0.00;0.00;2000.00;30.95;
"2019-09-15 03:56:00";11.60;16.00;16.30;0.00;0.00;0.00;0.00;0.00;0.00;0.00;9.95;86.74;7.84;0.00;0.00;2000.00;30.95;
"2019-09-15 04:01:00";11.70;15.90;16.20;0.00;0.00;0.00;0.00;0.00;0.00;0.00;10.02;86.78;7.91;0.00;0.00;2000.00;30.95;
"2019-09-15 04:06:00";11.70;15.90;16.30;0.00;0.00;0.00;0.00;0.00;0.00;0.00;10.01;86.75;7.90;0.00;0.00;2000.00;30.95;
"2019-09-15 04:11:00";11.70;15.90;16.20;0.00;0.00;0.00;0.00;0.00;0.00;0.00;9.98;86.81;7.89;0.00;0.00;2000.00;30.95;
"2019-09-15 04:16:00";11.70;15.90;16.20;0.00;0.00;0.00;0.00;0.00;0.00;0.00;9.94;86.78;7.84;0.00;0.00;2000.00;30.95;
"2019-09-15 04:21:00";11.80;15.80;16.20;0.00;0.00;0.00;0.00;0.00;0.00;0.00;9.96;86.90;7.88;0.00;0.00;2000.00;30.95;
"2019-09-15 04:26:00";11.80;15.80;16.20;0.00;0.00;0.00;0.00;0.00;0.00;0.00;9.98;86.90;7.89;0.00;0.00;2000.00;30.95;
"2019-09-15 04:31:00";11.80;15.80;16.20;0.00;0.00;0.00;0.00;0.00;0.00;0.00;10.01;86.95;7.93;0.00;0.00;2000.00;30.95;
"2019-09-15 04:36:00";11.90;15.80;16.20;0.00;0.00;0.00;0.00;0.00;0.00;0.00;10.07;87.07;8.01;0.00;0.00;2000.00;30.95;
"2019-09-15 04:41:00";11.90;15.80;16.10;0.00;0.00;0.00;0.00;0.00;0.00;0.00;10.13;87.14;8.08;0.00;0.00;2000.00;30.95;
"2019-09-15 04:46:00";11.90;15.80;16.10;0.00;0.00;0.00;0.00;0.00;0.00;0.00;10.21;87.03;8.14;0.00;0.00;2000.00;30.95;
"2019-09-15 04:51:00";11.90;15.80;16.10;0.00;0.00;0.00;0.00;0.00;0.00;1.39;10.25;87.12;8.20;0.00;0.00;2000.00;30.95;
"2019-09-15 04:56:00";12.00;15.80;16.10;0.00;0.00;0.00;0.00;0.00;0.00;0.00;10.30;87.21;8.26;0.00;0.00;2000.00;30.95;
"2019-09-15 05:01:00";12.00;15.70;16.10;0.00;0.00;0.00;0.00;0.00;0.00;1.66;10.38;87.24;8.35;0.00;0.00;2000.00;30.95;
"2019-09-15 05:06:00";12.00;15.70;16.10;0.00;0.00;0.00;0.00;3.09;259.93;3.12;10.45;87.27;8.42;0.00;0.00;2000.00;30.95;
"2019-09-15 05:11:00";12.00;15.70;16.00;0.00;0.00;0.00;0.00;0.00;0.00;0.00;10.54;87.24;8.51;0.00;0.00;2000.00;30.95;
"2019-09-15 05:16:00";12.10;15.70;16.10;0.00;0.00;0.00;0.00;2.89;214.31;2.89;10.57;87.32;8.55;0.00;0.00;2000.00;30.95;
"2019-09-15 05:21:00";12.10;15.70;16.00;0.00;0.00;0.00;0.00;0.00;0.00;0.00;10.61;87.30;8.58;0.00;0.00;2000.00;30.95;
"2019-09-15 05:26:00";12.10;15.70;16.00;0.00;0.00;0.00;0.00;0.00;0.00;0.00;10.63;87.29;8.60;0.00;0.00;2000.00;30.95;
"2019-09-15 05:31:00";12.10;15.70;16.00;0.00;0.00;0.00;0.00;0.00;0.00;0.00;10.68;87.28;8.65;0.00;0.00;2000.00;30.95;
"2019-09-15 05:36:00";12.20;15.60;16.00;0.00;0.00;0.00;0.00;0.00;0.00;0.00;10.80;87.34;8.78;0.00;0.00;2000.00;30.95;
"2019-09-15 05:41:00";12.20;15.70;16.00;0.00;0.00;0.00;0.00;2.03;184.91;3.18;10.89;87.24;8.85;0.00;0.00;2000.00;30.95;
"2019-09-15 05:46:00";12.20;15.60;15.90;0.00;0.00;0.00;0.00;3.48;199.23;4.31;10.94;87.12;8.88;0.00;0.00;2000.00;30.95;
"2019-09-15 05:51:00";12.20;15.60;15.90;0.00;0.00;0.00;0.00;0.00;0.00;4.25;10.94;87.03;8.86;0.00;0.00;2000.00;30.95;
"2019-09-15 05:56:00";12.20;15.60;16.00;0.00;0.00;0.00;0.00;0.00;0.00;0.00;10.91;86.92;8.82;0.00;0.00;2000.00;30.95;
"2019-09-15 06:01:00";12.20;15.60;15.90;0.00;0.00;0.00;0.00;0.00;0.00;2.17;10.93;86.88;8.83;0.00;0.00;2000.00;30.95;
"2019-09-15 06:06:00";12.20;15.60;15.90;0.00;0.00;0.00;0.00;0.00;0.00;3.18;11.04;86.80;8.93;0.00;0.00;2000.00;30.95;
"2019-09-15 06:11:00";12.20;15.60;15.90;0.00;0.00;0.00;0.00;1.61;195.77;4.18;11.14;86.91;9.04;0.00;0.00;2000.00;30.95;
"2019-09-15 06:16:00";12.20;15.60;15.90;0.00;0.00;0.00;0.00;1.30;185.45;3.68;11.11;86.66;8.97;0.00;0.00;2000.00;30.95;
"2019-09-15 06:21:00";12.20;15.60;15.90;0.00;0.00;0.00;0.00;0.00;0.00;2.37;11.08;86.71;8.95;0.00;0.00;2000.00;30.95;
"2019-09-15 06:26:00";12.30;15.60;15.90;0.00;0.00;0.00;0.00;2.26;210.70;4.08;11.09;86.71;8.95;0.00;0.00;2000.00;30.95;
"2019-09-15 06:31:00";12.30;15.50;15.90;0.00;0.00;0.00;0.00;3.18;218.36;4.12;11.12;86.76;9.00;0.00;0.00;2000.00;30.95;
"2019-09-15 06:36:00";12.30;15.50;15.90;0.00;0.00;0.00;0.00;0.00;0.00;0.00;11.15;86.73;9.02;0.00;0.00;2000.00;30.95;
"2019-09-15 06:41:00";12.30;15.50;15.80;0.00;0.00;0.00;0.00;0.00;0.00;0.00;11.19;86.87;9.09;0.00;0.00;2000.00;30.95;
"2019-09-15 06:46:00";12.40;15.50;15.80;0.00;0.00;0.00;0.00;0.00;0.00;0.00;11.27;86.87;9.17;0.00;0.00;2000.00;30.95;
"2019-09-15 06:51:00";12.40;15.50;15.80;0.00;0.00;0.00;0.00;1.71;180.00;3.03;11.32;87.00;9.24;0.00;0.00;2000.00;30.95;
"2019-09-15 06:56:00";12.40;15.50;15.80;0.00;0.00;0.00;0.00;0.95;204.76;3.97;11.42;87.06;9.34;0.00;0.00;2000.00;30.95;
"2019-09-15 07:01:00";12.40;15.50;15.80;0.00;0.00;0.00;0.00;0.00;0.00;0.00;11.44;87.09;9.37;0.00;0.00;2000.00;30.95;
"2019-09-15 07:06:00";12.50;15.50;15.80;0.00;0.00;0.00;0.00;0.00;0.00;0.00;11.45;87.12;9.38;0.00;0.00;2000.00;30.95;
"2019-09-15 07:11:00";12.50;15.40;15.80;0.00;0.00;0.00;0.00;1.86;186.89;4.61;11.52;87.18;9.46;0.00;0.00;2000.00;30.95;
"2019-09-15 07:16:00";12.60;15.50;15.80;0.00;0.00;0.00;0.00;4.73;236.08;4.84;11.56;87.23;9.51;0.00;0.00;2000.00;30.95;
"2019-09-15 07:21:00";12.60;15.40;15.80;0.00;0.00;0.00;0.00;1.59;185.20;3.47;11.59;87.31;9.55;0.00;0.00;2000.00;30.95;
"2019-09-15 07:26:00";12.70;15.40;15.70;0.00;0.00;0.00;0.00;0.00;0.00;3.38;11.62;87.37;9.59;0.00;0.00;2000.00;30.95;
"2019-09-15 07:31:00";12.70;15.40;15.80;0.00;0.00;0.00;0.00;0.00;0.00;0.00;11.68;87.41;9.66;0.00;0.00;2000.00;30.95;
"2019-09-15 07:36:00";12.70;15.40;15.80;0.00;0.00;0.00;0.00;1.09;221.14;2.96;11.74;87.43;9.72;0.00;0.00;2000.00;30.95;
"2019-09-15 07:41:00";12.80;15.40;15.80;0.00;0.00;0.00;0.00;2.87;207.60;3.44;11.81;87.51;9.81;0.00;0.00;2000.00;30.95;
"2019-09-15 07:46:00";12.90;15.40;15.80;0.00;0.00;0.00;0.00;0.00;0.00;0.00;11.92;87.53;9.91;0.00;0.00;2000.00;30.95;
"2019-09-15 07:51:00";12.90;15.40;15.70;0.00;0.00;0.00;0.00;1.69;213.77;3.90;11.94;87.46;9.93;0.00;0.00;2000.00;30.95;
"2019-09-15 07:56:00";12.80;15.40;15.70;0.00;0.00;0.00;0.00;3.03;184.50;4.28;12.03;87.44;10.00;0.01;0.00;2000.00;30.96;
"2019-09-15 08:01:00";12.70;15.40;15.70;0.00;24.00;0.00;0.00;3.45;214.66;5.69;12.04;87.37;10.00;0.05;60.00;2000.00;31.01;
"2019-09-15 08:06:00";12.50;15.40;15.70;0.00;51.00;0.00;1.00;1.59;187.13;6.65;12.03;87.38;9.99;0.05;60.00;2000.00;31.06;
"2019-09-15 08:11:00";12.50;15.40;15.70;0.00;117.00;0.00;1.00;3.80;217.29;4.06;12.04;87.28;9.99;0.04;60.00;2000.00;31.10;
"2019-09-15 08:16:00";12.40;15.40;15.70;0.00;148.00;0.00;1.00;0.00;0.00;0.00;12.00;87.32;9.96;0.04;60.00;2000.00;31.14;
"2019-09-15 08:21:00";12.50;15.40;15.70;0.00;77.00;0.00;1.00;0.00;0.00;0.00;11.99;87.34;9.95;0.01;0.00;2000.00;31.15;
"2019-09-15 08:26:00";12.50;15.40;15.70;0.00;79.00;0.00;1.00;0.00;0.00;0.00;12.03;87.42;10.00;0.01;0.00;2000.00;31.16;
"2019-09-15 08:31:00";12.50;15.40;15.70;0.00;87.00;0.00;1.00;2.34;207.51;4.26;12.05;87.49;10.04;0.00;0.00;2000.00;31.16;
"2019-09-15 08:36:00";12.50;15.40;15.70;0.00;72.00;0.00;1.00;3.27;227.01;4.33;12.11;87.56;10.11;0.01;60.00;2000.00;31.17;
"2019-09-15 08:41:00";12.50;15.40;15.70;0.00;64.00;0.00;1.00;1.89;180.00;3.33;12.15;87.65;10.16;0.00;0.00;2000.00;31.17;
"2019-09-15 08:46:00";12.50;15.40;15.70;0.00;69.00;0.00;1.00;2.94;215.35;3.22;12.16;87.72;10.18;0.02;60.00;2000.00;31.19;
"2019-09-15 08:51:00";12.60;15.30;15.70;0.00;101.00;0.00;1.00;1.41;2.38;5.00;12.19;87.79;10.22;0.03;60.00;2000.00;31.22;
"2019-09-15 08:56:00";12.60;15.30;15.70;0.00;109.00;0.00;1.00;2.65;180.00;4.12;12.25;87.71;10.27;0.03;0.00;2000.00;31.25;
"2019-09-15 09:01:00";12.60;15.30;15.70;0.00;93.00;0.00;1.00;3.39;298.80;4.87;12.28;87.81;10.32;0.05;60.00;2000.00;31.30;
"2019-09-15 09:06:00";12.70;15.30;15.60;0.00;120.00;0.00;1.00;2.76;201.80;3.39;12.24;87.75;10.26;0.05;60.00;2000.00;31.35;
"2019-09-15 09:11:00";12.70;15.30;15.60;0.00;128.00;0.00;1.00;2.08;197.30;5.28;12.28;87.80;10.32;0.07;60.00;2000.00;31.42;
"2019-09-15 09:16:00";12.70;15.30;15.60;0.00;160.00;0.00;1.00;2.90;185.46;5.95;12.31;87.86;10.36;0.07;60.00;2000.00;31.49;
"2019-09-15 09:21:00";12.70;15.30;15.60;0.00;190.00;0.00;1.00;1.68;196.14;2.84;12.26;87.85;10.30;0.04;60.00;2000.00;31.53;
"2019-09-15 09:26:00";12.70;15.30;15.60;0.00;175.00;0.00;1.00;3.13;23.49;5.25;12.30;88.04;10.37;0.09;60.00;2000.00;31.62;
"2019-09-15 09:31:00";12.80;15.30;15.60;0.00;140.00;0.00;1.00;2.50;190.13;6.66;12.30;88.12;10.39;0.03;0.00;2000.00;31.65;
"2019-09-15 09:36:00";12.90;15.30;15.60;0.00;178.00;0.00;1.00;3.04;246.59;6.44;12.45;88.22;10.56;0.01;0.00;2000.00;31.66;
"2019-09-15 09:41:00";13.10;15.30;15.60;0.00;140.00;0.00;1.00;2.95;207.38;3.84;12.54;88.32;10.66;0.00;0.00;2000.00;31.66;
"2019-09-15 09:46:00";13.20;15.30;15.60;0.00;137.00;0.00;1.00;2.61;189.34;5.82;12.57;88.52;10.72;0.02;60.00;2000.00;31.68;
"2019-09-15 09:51:00";13.10;15.30;15.60;0.00;172.00;0.00;1.00;3.23;180.00;3.23;12.65;88.60;10.81;0.03;60.00;2000.00;31.71;
"2019-09-15 09:56:00";13.10;15.30;15.60;0.00;190.00;0.00;1.00;2.71;193.13;5.98;12.61;88.70;10.79;0.03;60.00;2000.00;31.74;
"2019-09-15 10:01:00";13.10;15.30;15.60;0.00;199.00;0.00;1.00;4.64;277.14;5.54;12.66;88.73;10.85;0.05;60.00;2000.00;31.79;
"2019-09-15 10:06:00";13.10;15.30;15.60;0.00;120.00;0.00;1.00;1.50;237.08;4.28;12.66;88.77;10.85;0.02;60.00;2000.00;31.81;
"2019-09-15 10:11:00";13.10;15.30;15.60;0.00;196.00;0.00;1.00;2.00;180.00;4.86;12.76;88.83;10.96;0.05;60.00;2000.00;31.86;
"2019-09-15 10:16:00";13.10;15.30;15.60;0.00;212.00;0.00;1.00;5.40;52.58;8.47;12.75;88.75;10.94;0.03;60.00;2000.00;31.89;
"2019-09-15 10:21:00";13.10;15.30;15.60;0.00;134.00;0.00;1.00;2.45;227.83;5.18;12.90;88.77;11.09;0.38;0.00;2000.00;32.27;
"2019-09-15 10:26:00";13.20;15.30;15.60;0.00;148.00;0.00;1.00;2.37;218.18;3.81;12.91;88.66;11.08;0.01;0.00;2000.00;32.28;
"2019-09-15 10:31:00";13.20;15.20;15.50;0.00;157.00;0.00;1.00;5.87;250.97;6.93;12.95;88.71;11.13;0.01;60.00;2000.00;32.29;
"2019-09-15 10:36:00";13.30;15.30;15.60;0.00;131.00;0.00;1.00;3.89;180.00;4.65;13.07;88.53;11.22;0.00;0.00;2000.00;32.29;
"2019-09-15 10:41:00";13.40;15.20;15.50;0.00;140.00;0.00;1.00;3.22;221.42;5.61;13.14;88.46;11.28;0.00;0.00;2000.00;32.29;
"2019-09-15 10:46:00";13.50;15.30;15.50;0.00;142.00;0.00;1.00;2.57;276.82;8.52;13.27;88.46;11.40;0.00;0.00;2000.00;32.29;
"2019-09-15 10:51:00";13.50;15.30;15.50;0.00;154.00;0.00;1.00;0.00;0.00;0.00;13.33;88.06;11.39;0.07;60.00;2000.00;32.36;
"2019-09-15 10:56:00";13.40;15.30;15.50;0.00;140.00;0.00;1.00;3.09;192.09;5.99;13.27;87.97;11.32;0.01;0.00;2000.00;32.37;
"2019-09-15 11:01:00";13.40;15.20;15.50;0.00;101.00;0.00;1.00;3.96;276.27;7.28;13.25;87.59;11.24;0.02;60.00;2000.00;32.39;
"2019-09-15 11:06:00";13.50;15.30;15.50;0.00;126.00;0.00;1.00;3.04;256.64;6.95;13.23;87.59;11.21;0.00;0.00;2000.00;32.39;
"2019-09-15 11:11:00";13.50;15.30;15.50;0.00;114.00;0.00;1.00;2.49;218.81;5.38;13.30;87.38;11.24;0.00;0.00;2000.00;32.39;
"2019-09-15 11:16:00";13.50;15.20;15.50;0.00;112.00;0.00;1.00;3.20;206.42;6.37;13.38;87.21;11.29;0.00;0.00;2000.00;32.39;
"2019-09-15 11:21:00";13.70;15.30;15.50;0.00;74.00;0.00;1.00;1.66;222.04;3.79;13.45;87.00;11.32;0.00;0.00;2000.00;32.39;
"2019-09-15 11:26:00";13.70;15.30;15.50;0.00;202.00;0.00;1.00;5.95;200.87;8.08;13.54;86.73;11.37;0.07;60.00;2000.00;32.46;
"2019-09-15 11:31:00";13.70;15.30;15.50;0.00;187.00;0.00;1.00;2.27;235.70;6.59;13.45;86.45;11.23;0.05;60.00;2000.00;32.51;
"2019-09-15 11:36:00";13.90;15.30;15.50;0.00;114.00;0.00;1.00;3.01;226.65;4.91;13.54;86.14;11.26;0.01;0.00;2000.00;32.52;
"2019-09-15 11:41:00";13.90;15.30;15.50;0.00;112.00;0.00;1.00;2.91;200.91;6.05;13.66;85.78;11.32;0.02;60.00;2000.00;32.54;
"2019-09-15 11:46:00";13.80;15.20;15.50;0.00;101.00;0.00;1.00;10.41;200.51;10.41;13.69;85.31;11.26;0.02;0.00;2000.00;32.56;
"2019-09-15 11:51:00";13.80;15.30;15.50;0.00;82.00;0.00;1.00;4.30;185.83;6.75;13.82;84.99;11.33;0.01;0.00;2000.00;32.57;
"2019-09-15 11:56:00";13.70;15.30;15.50;0.00;51.00;0.00;1.00;5.16;203.20;6.57;13.91;84.35;11.31;0.00;0.00;2000.00;32.57;
"2019-09-15 12:01:00";13.80;15.30;15.50;0.00;154.00;0.00;1.00;4.87;269.50;6.64;13.93;83.58;11.20;0.00;0.00;2000.00;32.57;
"2019-09-15 12:06:00";13.90;15.30;15.50;0.00;95.00;0.00;1.00;4.61;198.23;8.74;14.02;83.07;11.19;0.00;0.00;2000.00;32.57;
"2019-09-15 12:11:00";14.20;15.30;15.50;0.00;56.00;0.00;1.00;7.15;257.67;13.93;14.15;82.60;11.23;0.00;0.00;2000.00;32.57;
"2019-09-15 12:16:00";14.40;15.30;15.50;0.00;28.00;0.00;0.00;4.47;236.30;4.78;14.27;81.79;11.20;0.00;0.00;2000.00;32.57;
"2019-09-15 12:21:00";14.40;15.30;15.50;0.00;51.00;0.00;1.00;6.97;222.38;7.11;14.26;81.34;11.10;0.00;0.00;2000.00;32.57;
"2019-09-15 12:26:00";14.80;15.30;15.50;0.00;26.00;0.00;0.00;4.03;248.99;4.68;14.40;81.17;11.21;0.00;0.00;2000.00;32.57;
"2019-09-15 12:31:00";14.90;15.30;15.50;0.00;0.00;0.00;0.00;3.22;191.66;5.86;14.50;80.71;11.22;0.00;0.00;2000.00;32.57;
"2019-09-15 12:36:00";15.30;15.30;15.50;0.00;0.00;0.00;0.00;5.42;274.95;5.42;14.62;80.14;11.23;0.00;0.00;2000.00;32.57;
"2019-09-15 12:41:00";15.90;15.30;15.50;0.00;0.00;0.00;0.00;13.08;258.13;13.08;14.67;79.68;11.20;0.00;0.00;2000.00;32.57;
"2019-09-15 12:46:00";15.20;15.30;15.50;0.00;16.00;0.00;0.00;6.07;259.32;9.23;14.76;79.03;11.16;0.00;0.00;2000.00;32.57;
"2019-09-15 12:51:00";15.00;15.30;15.50;0.00;0.00;0.00;0.00;3.86;259.76;7.06;14.73;78.28;10.98;0.00;0.00;2000.00;32.57;
"2019-09-15 12:56:00";15.30;15.30;15.60;0.00;0.00;0.00;0.00;2.76;180.00;8.30;14.71;78.00;10.92;0.00;0.00;2000.00;32.57;
"2019-09-15 13:01:00";15.40;15.30;15.60;0.00;0.00;0.00;0.00;3.36;232.18;5.19;14.67;77.61;10.80;0.00;0.00;2000.00;32.57;
"2019-09-15 13:06:00";15.40;15.30;15.60;0.00;0.00;0.00;0.00;5.81;237.30;6.52;14.74;77.32;10.81;0.00;0.00;2000.00;32.57;
"2019-09-15 13:11:00";15.40;15.40;15.60;0.00;0.00;0.00;0.00;3.42;197.13;5.11;14.74;76.94;10.74;0.00;0.00;2000.00;32.57;
"2019-09-15 13:16:00";15.10;15.30;15.60;0.00;0.00;0.00;0.00;4.21;243.30;7.23;14.77;76.76;10.72;0.02;60.00;2000.00;32.59;
"2019-09-15 13:21:00";14.90;15.40;15.60;0.00;72.00;0.00;1.00;4.74;201.51;8.65;14.68;76.43;10.58;0.18;60.00;2000.00;32.77;
"2019-09-15 13:26:00";14.40;15.40;15.60;0.00;123.00;0.00;1.00;3.96;210.53;7.62;14.57;76.53;10.49;0.51;60.00;2000.00;33.28;
"2019-09-15 13:31:00";14.20;15.40;15.60;0.00;169.00;0.00;1.00;5.02;253.83;6.66;14.52;76.57;10.45;0.86;60.00;2000.00;34.14;
"2019-09-15 13:36:00";14.20;15.40;15.60;0.00;148.00;0.00;1.00;2.15;230.08;7.31;14.43;77.03;10.45;0.67;60.00;2000.00;34.81;
"2019-09-15 13:41:00";14.20;15.40;15.60;0.00;172.00;0.00;1.00;5.43;286.57;5.47;14.29;77.23;10.35;0.25;60.00;2000.00;35.06;
"2019-09-15 13:46:00";14.10;15.40;15.60;0.00;142.00;0.00;1.00;6.14;292.36;6.21;14.28;77.64;10.42;0.57;60.00;2000.00;35.63;
"2019-09-15 13:51:00";14.10;15.40;15.60;0.00;157.00;0.00;1.00;3.49;228.40;8.07;14.14;77.81;10.32;0.32;60.00;2000.00;35.95;
"2019-09-15 13:56:00";14.00;15.40;15.60;0.00;224.00;0.00;1.00;5.15;226.06;7.65;14.04;78.06;10.27;0.63;60.00;2000.00;36.58;
"2019-09-15 14:01:00";13.80;15.40;15.60;0.00;178.00;0.00;1.00;4.39;225.05;7.07;13.96;78.57;10.29;0.46;60.00;2000.00;37.04;
"2019-09-15 14:06:00";13.90;15.40;15.60;0.00;313.00;0.00;2.00;6.21;191.06;11.13;13.69;78.73;10.06;0.40;60.00;2000.00;37.44;
"2019-09-15 14:11:00";13.90;15.40;15.60;0.00;260.00;0.00;1.00;2.85;254.40;8.65;13.51;79.38;10.01;0.53;60.00;2000.00;37.97;
"2019-09-15 14:16:00";14.00;15.40;15.60;0.00;208.00;0.00;1.00;7.34;201.15;7.34;13.43;80.03;10.05;0.08;60.00;2000.00;38.05;
"2019-09-15 14:21:00";13.80;15.40;15.70;0.00;215.00;0.00;1.00;3.05;230.96;6.39;13.42;80.87;10.20;0.08;60.00;2000.00;38.13;
"2019-09-15 14:26:00";13.90;15.40;15.70;0.00;221.00;0.00;1.00;4.64;217.68;8.35;13.48;81.39;10.35;0.00;0.00;2000.00;38.13;
"2019-09-15 14:31:00";13.90;15.40;15.70;0.00;181.00;0.00;1.00;1.51;244.56;6.21;13.56;81.95;10.54;0.01;0.00;2000.00;38.14;
"2019-09-15 14:36:00";13.90;15.40;15.70;0.00;160.00;0.00;1.00;8.20;272.10;12.33;13.70;82.08;10.69;0.00;0.00;2000.00;38.14;
"2019-09-15 14:41:00";14.00;15.40;15.70;0.00;126.00;0.00;1.00;9.00;188.49;9.00;13.74;82.14;10.74;0.00;0.00;2000.00;38.14;
"2019-09-15 14:46:00";14.00;15.40;15.70;0.00;151.00;0.00;1.00;5.06;240.95;5.06;13.85;82.16;10.86;0.00;0.00;2000.00;38.14;
"2019-09-15 14:51:00";14.00;15.40;15.70;0.00;166.00;0.00;1.00;8.38;182.64;10.69;13.92;81.89;10.88;0.00;0.00;2000.00;38.14;
"2019-09-15 14:56:00";13.90;15.40;15.60;0.00;98.00;0.00;1.00;5.78;238.25;6.83;13.92;81.70;10.84;0.00;0.00;2000.00;38.14;
"2019-09-15 15:01:00";13.80;15.40;15.70;0.00;56.00;0.00;1.00;4.37;219.89;9.38;13.98;81.56;10.87;0.00;0.00;2000.00;38.14;
"2019-09-15 15:06:00";13.70;15.40;15.70;0.00;38.00;0.00;1.00;4.88;274.81;5.43;14.01;81.25;10.84;0.00;0.00;2000.00;38.14;
"2019-09-15 15:11:00";13.70;15.40;15.70;0.00;54.00;0.00;1.00;4.79;226.10;8.53;14.09;81.11;10.89;0.00;0.00;2000.00;38.14;
"2019-09-15 15:16:00";13.70;15.50;15.70;0.00;51.00;0.00;1.00;5.88;253.23;8.41;14.07;80.83;10.83;0.00;0.00;2000.00;38.14;
"2019-09-15 15:21:00";13.70;15.40;15.70;0.00;28.00;0.00;0.00;4.80;213.39;9.11;14.10;80.60;10.81;0.00;0.00;2000.00;38.14;
"2019-09-15 15:26:00";13.60;15.50;15.70;0.00;31.00;0.00;1.00;4.85;180.00;5.79;14.11;80.42;10.79;0.00;0.00;2000.00;38.14;
"2019-09-15 15:31:00";13.50;15.40;15.70;0.00;31.00;0.00;1.00;6.23;233.26;8.61;14.06;80.29;10.72;0.00;0.00;2000.00;38.14;
"2019-09-15 15:36:00";13.50;15.40;15.70;0.00;21.00;0.00;0.00;3.14;252.03;7.14;14.01;80.24;10.66;0.00;0.00;2000.00;38.14;
"2019-09-15 15:41:00";13.50;15.50;15.70;0.00;19.00;0.00;0.00;5.25;260.52;6.94;13.97;80.12;10.59;0.00;0.00;2000.00;38.14;
"2019-09-15 15:46:00";13.40;15.40;15.70;0.00;24.00;0.00;0.00;3.45;188.21;10.69;13.94;80.15;10.57;0.00;0.00;2000.00;38.14;
"2019-09-15 15:51:00";13.50;15.40;15.70;0.00;31.00;0.00;1.00;4.07;224.52;9.86;13.87;80.20;10.51;0.00;0.00;2000.00;38.14;
"2019-09-15 15:56:00";13.50;15.40;15.70;0.00;61.00;0.00;1.00;4.87;236.70;11.23;13.69;80.44;10.39;0.00;0.00;2000.00;38.14;
"2019-09-15 16:01:00";13.40;15.40;15.70;0.00;24.00;0.00;0.00;2.93;264.08;9.21;13.63;80.69;10.37;0.00;0.00;2000.00;38.14;
"2019-09-15 16:06:00";13.50;15.40;15.70;0.00;54.00;0.00;1.00;7.34;255.51;12.44;13.55;80.95;10.34;0.00;0.00;2000.00;38.14;
"2019-09-15 16:11:00";13.50;15.40;15.70;0.00;46.00;0.00;1.00;7.31;345.02;10.45;13.40;81.34;10.27;0.00;0.00;2000.00;38.14;
"2019-09-15 16:16:00";13.60;15.40;15.60;0.00;33.00;0.00;1.00;5.72;252.16;8.26;13.36;81.88;10.33;0.00;0.00;2000.00;38.14;
"2019-09-15 16:21:00";13.50;15.40;15.70;0.00;11.00;0.00;0.00;7.00;184.18;10.81;13.50;82.13;10.51;0.00;0.00;2000.00;38.14;
"2019-09-15 16:26:00";13.50;15.40;15.60;0.00;0.00;0.00;0.00;9.79;216.71;9.79;13.48;82.19;10.51;0.00;0.00;2000.00;38.14;
"2019-09-15 16:31:00";13.30;15.40;15.60;0.00;43.00;0.00;1.00;5.64;7.89;11.60;13.48;82.26;10.52;0.00;0.00;2000.00;38.14;
"2019-09-15 16:36:00";13.20;15.40;15.60;0.00;48.00;0.00;1.00;2.76;246.78;7.40;13.40;82.36;10.45;0.00;0.00;2000.00;38.14;
"2019-09-15 16:41:00";13.20;15.40;15.60;0.00;46.00;0.00;1.00;2.31;203.03;6.65;13.33;82.55;10.42;0.00;0.00;2000.00;38.14;
"2019-09-15 16:46:00";13.20;15.40;15.60;0.00;51.00;0.00;1.00;4.42;194.04;10.12;13.21;82.86;10.36;0.00;0.00;2000.00;38.14;
"2019-09-15 16:51:00";13.20;15.40;15.60;0.00;64.00;0.00;1.00;4.54;339.17;6.62;13.08;83.15;10.28;0.00;0.00;2000.00;38.14;
"2019-09-15 16:56:00";13.20;15.40;15.60;0.00;64.00;0.00;1.00;1.06;344.53;8.51;12.95;83.70;10.26;0.00;0.00;2000.00;38.14;
"2019-09-15 17:01:00";13.20;15.40;15.60;0.00;178.00;0.00;1.00;3.73;213.14;9.00;12.86;84.36;10.28;0.08;60.00;2000.00;38.22;
"2019-09-15 17:06:00";13.30;15.40;15.60;0.00;134.00;0.00;1.00;3.87;249.74;5.21;12.84;84.95;10.37;0.03;60.00;2000.00;38.25;
"2019-09-15 17:11:00";13.40;15.40;15.60;0.00;101.00;0.00;1.00;3.74;227.31;4.99;12.79;85.60;10.44;0.02;0.00;2000.00;38.27;
"2019-09-15 17:16:00";13.50;15.40;15.60;0.00;117.00;0.00;1.00;6.18;295.75;8.98;12.72;86.20;10.47;0.09;60.00;2000.00;38.36;
"2019-09-15 17:21:00";13.50;15.40;15.60;0.00;154.00;0.00;1.00;3.90;235.59;6.24;12.70;86.75;10.54;0.00;0.00;2000.00;38.36;
"2019-09-15 17:26:00";13.50;15.40;15.60;0.00;74.00;0.00;1.00;6.10;236.09;7.87;12.73;87.33;10.67;0.00;0.00;2000.00;38.36;
"2019-09-15 17:31:00";13.50;15.40;15.60;0.00;184.00;0.00;1.00;7.80;217.26;9.27;12.72;87.84;10.75;0.03;0.00;2000.00;38.39;
"2019-09-15 17:36:00";13.40;15.40;15.60;0.00;114.00;0.00;1.00;4.11;238.68;8.74;12.79;88.42;10.92;0.00;0.00;2000.00;38.39;
"2019-09-15 17:41:00";13.50;15.40;15.60;0.00;77.00;0.00;1.00;7.45;237.23;7.64;12.89;88.81;11.09;0.00;0.00;2000.00;38.39;
"2019-09-15 17:46:00";13.60;15.40;15.60;0.00;126.00;0.00;1.00;3.87;223.82;6.20;12.92;89.28;11.20;0.00;0.00;2000.00;38.39;
"2019-09-15 17:51:00";13.60;15.30;15.60;0.00;79.00;0.00;1.00;3.36;216.41;5.84;13.01;89.62;11.34;0.00;0.00;2000.00;38.39;
"2019-09-15 17:56:00";13.60;15.30;15.60;0.00;82.00;0.00;1.00;5.12;206.73;7.01;13.06;89.90;11.43;0.00;0.00;2000.00;38.39;
"2019-09-15 18:01:00";13.70;15.30;15.60;0.00;74.00;0.00;1.00;1.79;215.25;7.18;13.20;90.19;11.63;0.00;0.00;2000.00;38.39;
"2019-09-15 18:06:00";13.80;15.30;15.60;0.00;72.00;0.00;1.00;5.09;223.06;8.13;13.28;90.47;11.75;0.00;0.00;2000.00;38.39;
"2019-09-15 18:11:00";13.80;15.30;15.60;0.00;51.00;0.00;1.00;5.15;258.25;6.03;13.41;90.57;11.90;0.00;0.00;2000.00;38.39;
"2019-09-15 18:16:00";13.80;15.30;15.60;0.00;51.00;0.00;1.00;5.55;212.71;9.44;13.49;90.70;12.00;0.00;0.00;2000.00;38.39;
"2019-09-15 18:21:00";13.80;15.30;15.60;0.00;66.00;0.00;1.00;6.89;227.94;6.89;13.61;90.89;12.15;0.00;0.00;2000.00;38.39;
"2019-09-15 18:26:00";13.80;15.30;15.60;0.00;64.00;0.00;1.00;3.59;201.92;7.51;13.68;91.09;12.25;0.00;0.00;2000.00;38.39;
"2019-09-15 18:31:00";13.80;15.30;15.50;0.00;66.00;0.00;1.00;6.15;233.45;8.00;13.74;91.03;12.30;0.00;0.00;2000.00;38.39;
"2019-09-15 18:36:00";13.70;15.30;15.50;0.00;101.00;0.00;1.00;2.17;244.39;6.21;13.82;91.05;12.38;0.00;0.00;2000.00;38.39;
"2019-09-15 18:41:00";13.70;15.30;15.50;0.00;87.00;0.00;1.00;3.09;255.74;7.49;13.84;91.18;12.43;0.00;0.00;2000.00;38.39;
"2019-09-15 18:46:00";13.70;15.30;15.50;0.00;87.00;0.00;1.00;5.29;251.94;7.63;13.98;91.13;12.56;0.00;0.00;2000.00;38.39;
"2019-09-15 18:51:00";13.80;15.30;15.50;0.00;41.00;0.00;1.00;4.34;236.47;6.16;14.03;91.02;12.58;0.00;0.00;2000.00;38.39;
"2019-09-15 18:56:00";13.80;15.30;15.50;0.00;31.00;0.00;1.00;1.44;249.61;2.09;14.08;90.95;12.62;0.00;0.00;2000.00;38.39;
"2019-09-15 19:01:00";13.70;15.30;15.50;0.00;26.00;0.00;0.00;2.17;191.76;4.47;14.06;90.93;12.60;0.00;0.00;2000.00;38.39;
"2019-09-15 19:06:00";13.70;15.30;15.50;0.00;54.00;0.00;1.00;3.74;243.38;5.04;14.09;90.92;12.62;0.00;0.00;2000.00;38.39;
"2019-09-15 19:11:00";13.70;15.30;15.50;0.00;61.00;0.00;1.00;0.00;0.00;3.61;14.16;90.94;12.70;0.00;0.00;2000.00;38.39;
"2019-09-15 19:16:00";13.70;15.30;15.50;0.00;36.00;0.00;1.00;2.61;262.50;5.70;14.22;90.94;12.75;0.00;0.00;2000.00;38.39;
"2019-09-15 19:21:00";13.70;15.30;15.50;0.00;56.00;0.00;1.00;3.57;271.20;4.54;14.37;90.87;12.90;0.00;0.00;2000.00;38.39;
"2019-09-15 19:26:00";13.70;15.30;15.50;0.00;43.00;0.00;1.00;3.99;258.21;4.33;14.47;90.74;12.98;0.00;0.00;2000.00;38.39;
"2019-09-15 19:31:00";13.60;15.30;15.50;0.00;36.00;0.00;1.00;6.61;257.19;7.39;14.58;90.39;13.02;0.00;0.00;2000.00;38.39;
"2019-09-15 19:36:00";13.40;15.30;15.50;0.00;28.00;0.00;0.00;9.46;285.77;9.46;14.72;90.46;13.17;0.00;0.00;2000.00;38.39;
"2019-09-15 19:41:00";13.20;15.30;15.50;0.00;16.00;0.00;0.00;3.66;268.14;6.79;15.04;90.21;13.45;0.00;0.00;2000.00;38.39;
"2019-09-15 19:46:00";13.10;15.30;15.50;0.00;11.00;0.00;0.00;5.34;257.46;7.51;15.13;89.61;13.43;0.00;0.00;2000.00;38.39;
"2019-09-15 19:51:00";13.00;15.30;15.50;0.00;0.00;0.00;0.00;5.52;285.61;6.87;15.15;88.63;13.29;0.00;0.00;2000.00;38.39;
"2019-09-15 19:56:00";12.90;15.30;15.50;0.00;0.00;0.00;0.00;7.08;297.79;8.52;15.11;87.45;13.04;0.00;0.00;2000.00;38.39;
"2019-09-15 20:01:00";12.80;15.30;15.50;0.00;0.00;0.00;0.00;5.99;288.63;6.45;15.12;85.80;12.75;0.00;0.00;2000.00;38.39;
"2019-09-15 20:06:00";12.70;15.30;15.50;0.00;0.00;0.00;0.00;3.34;264.55;7.86;15.07;84.53;12.48;0.00;0.00;2000.00;38.39;
"2019-09-15 20:11:00";12.80;15.30;15.50;0.00;0.00;0.00;0.00;4.34;271.17;7.44;15.04;83.21;12.21;0.00;0.00;2000.00;38.39;
"2019-09-15 20:16:00";13.00;15.30;15.50;0.00;0.00;0.00;0.00;5.53;269.46;6.55;15.00;82.09;11.97;0.00;0.00;2000.00;38.39;
"2019-09-15 20:21:00";12.80;15.30;15.50;0.00;0.00;0.00;0.00;6.85;281.29;6.93;14.94;81.08;11.72;0.00;0.00;2000.00;38.39;
"2019-09-15 20:26:00";12.60;15.30;15.50;0.00;0.00;0.00;0.00;3.34;268.28;6.37;14.88;80.32;11.52;0.00;0.00;2000.00;38.39;
"2019-09-15 20:31:00";12.60;15.30;15.50;0.00;0.00;0.00;0.00;3.26;290.01;5.52;14.86;79.71;11.38;0.00;0.00;2000.00;38.39;
"2019-09-15 20:36:00";12.60;15.30;15.50;0.00;14.00;0.00;0.00;2.14;237.58;4.04;14.78;79.35;11.24;0.00;0.00;2000.00;38.39;
"2019-09-15 20:41:00";12.50;15.30;15.50;0.00;0.00;0.00;0.00;5.83;234.23;6.37;14.80;79.22;11.23;0.00;0.00;2000.00;38.39;
"2019-09-15 20:46:00";12.60;15.20;15.50;0.00;0.00;0.00;0.00;2.34;266.14;6.59;14.81;78.99;11.20;0.00;0.00;2000.00;38.39;
"2019-09-15 20:51:00";12.70;15.20;15.50;0.00;0.00;0.00;0.00;4.60;287.64;4.60;14.76;78.78;11.11;0.00;0.00;2000.00;38.39;
"2019-09-15 20:56:00";12.70;15.20;15.50;0.00;0.00;0.00;0.00;0.00;0.00;5.70;14.70;78.67;11.03;0.00;0.00;2000.00;38.39;
"2019-09-15 21:01:00";12.60;15.20;15.40;0.00;0.00;0.00;0.00;3.81;217.07;6.81;14.70;78.58;11.01;0.00;0.00;2000.00;38.39;
"2019-09-15 21:06:00";12.50;15.20;15.40;0.00;0.00;0.00;0.00;4.01;229.94;6.55;14.57;78.48;10.87;0.00;0.00;2000.00;38.39;
"2019-09-15 21:11:00";12.50;15.20;15.40;0.00;0.00;0.00;0.00;2.91;269.29;3.26;14.55;78.31;10.82;0.00;0.00;2000.00;38.39;
"2019-09-15 21:16:00";12.50;15.20;15.40;0.00;0.00;0.00;0.00;5.63;255.64;6.39;14.56;78.47;10.85;0.00;0.00;2000.00;38.39;
"2019-09-15 21:21:00";12.60;15.20;15.40;0.00;0.00;0.00;0.00;3.03;223.59;4.96;14.49;78.44;10.78;0.00;0.00;2000.00;38.39;
"2019-09-15 21:26:00";12.60;15.20;15.40;0.00;0.00;0.00;0.00;2.85;237.49;4.70;14.46;78.53;10.77;0.00;0.00;2000.00;38.39;
"2019-09-15 21:31:00";12.60;15.10;15.40;0.00;0.00;0.00;0.00;3.01;255.17;5.21;14.41;78.79;10.77;0.00;0.00;2000.00;38.39;
"2019-09-15 21:36:00";12.60;15.10;15.40;0.00;0.00;0.00;0.00;6.40;235.94;6.40;14.32;78.84;10.69;0.00;0.00;2000.00;38.39;
"2019-09-15 21:41:00";12.50;15.10;15.40;0.00;0.00;0.00;0.00;1.60;236.09;3.67;14.26;79.14;10.70;0.00;0.00;2000.00;38.39;
"2019-09-15 21:46:00";12.60;15.10;15.40;0.00;0.00;0.00;0.00;3.01;254.26;6.74;14.25;79.42;10.73;0.00;0.00;2000.00;38.39;
"2019-09-15 21:51:00";12.60;15.10;15.30;0.00;0.00;0.00;0.00;3.15;324.53;4.58;14.23;79.56;10.75;0.00;0.00;2000.00;38.39;
"2019-09-15 21:56:00";12.60;15.10;15.40;0.00;0.00;0.00;0.00;2.88;268.89;4.39;14.17;79.61;10.70;0.00;0.00;2000.00;38.39;
"2019-09-15 22:01:00";12.50;15.10;15.30;0.00;0.00;0.00;0.00;0.00;0.00;2.54;14.17;79.77;10.72;0.00;0.00;2000.00;38.39;
"2019-09-15 22:06:00";12.40;15.10;15.30;0.00;0.00;0.00;0.00;0.00;0.00;0.00;14.09;79.82;10.66;0.00;0.00;2000.00;38.39;
"2019-09-15 22:11:00";12.40;15.10;15.30;0.00;0.00;0.00;0.00;1.68;257.98;5.03;14.11;79.97;10.71;0.00;0.00;2000.00;38.39;
"2019-09-15 22:16:00";12.30;15.10;15.30;0.00;0.00;0.00;0.00;0.00;0.00;0.00;13.98;79.78;10.54;0.00;0.00;2000.00;38.39;
"2019-09-15 22:21:00";12.20;15.00;15.30;0.00;0.00;0.00;0.00;0.00;0.00;0.00;13.89;79.87;10.47;0.00;0.00;2000.00;38.39;
"2019-09-15 22:26:00";12.20;15.00;15.30;0.00;0.00;0.00;0.00;0.00;0.00;0.00;13.92;79.95;10.51;0.00;0.00;2000.00;38.39;
"2019-09-15 22:31:00";12.20;15.00;15.30;0.00;0.00;0.00;0.00;0.00;0.00;0.00;13.98;79.89;10.56;0.00;0.00;2000.00;38.39;
"2019-09-15 22:36:00";12.10;15.00;15.30;0.00;0.00;0.00;0.00;0.00;0.00;0.00;13.96;79.82;10.53;0.00;0.00;2000.00;38.39;
"2019-09-15 22:41:00";12.00;15.00;15.20;0.00;0.00;0.00;0.00;0.00;0.00;0.00;13.87;79.35;10.36;0.00;0.00;2000.00;38.39;
"2019-09-15 22:46:00";11.90;15.00;15.20;0.00;0.00;0.00;0.00;0.00;0.00;0.00;13.79;79.16;10.24;0.00;0.00;2000.00;38.39;
"2019-09-15 22:51:00";11.90;15.00;15.20;0.00;0.00;0.00;0.00;0.00;0.00;0.00;13.67;79.15;10.12;0.00;0.00;2000.00;38.39;
"2019-09-15 22:56:00";11.80;15.00;15.20;0.00;0.00;0.00;0.00;0.00;0.00;0.00;13.55;79.18;10.01;0.00;0.00;2000.00;38.39;
"2019-09-15 23:01:00";11.70;15.00;15.20;0.00;0.00;0.00;0.00;0.00;0.00;0.00;13.47;79.18;9.94;0.00;0.00;2000.00;38.39;
"2019-09-15 23:06:00";11.80;15.00;15.20;0.00;0.00;0.00;0.00;0.00;0.00;0.00;13.41;79.18;9.87;0.00;0.00;2000.00;38.39;
"2019-09-15 23:11:00";11.70;15.00;15.20;0.00;0.00;0.00;0.00;0.00;0.00;0.00;13.26;79.39;9.77;0.00;0.00;2000.00;38.39;
"2019-09-15 23:16:00";11.70;15.00;15.20;0.00;0.00;0.00;0.00;0.00;0.00;0.00;13.17;79.48;9.70;0.00;0.00;2000.00;38.39;
"2019-09-15 23:21:00";11.70;15.00;15.20;0.00;0.00;0.00;0.00;0.00;0.00;0.00;13.17;79.74;9.75;0.00;0.00;2000.00;38.39;
"2019-09-15 23:26:00";11.60;15.00;15.10;0.00;0.00;0.00;0.00;0.00;0.00;0.00;13.07;79.64;9.63;0.00;0.00;2000.00;38.39;
"2019-09-15 23:31:00";11.50;15.00;15.10;0.00;0.00;0.00;0.00;0.00;0.00;0.00;13.05;79.69;9.62;0.00;0.00;2000.00;38.39;
"2019-09-15 23:36:00";11.50;15.00;15.10;0.00;0.00;0.00;0.00;0.00;0.00;0.00;13.08;79.82;9.68;0.00;0.00;2000.00;38.39;
"2019-09-15 23:41:00";11.50;14.90;15.10;0.00;0.00;0.00;0.00;0.00;0.00;0.00;13.10;79.66;9.66;0.00;0.00;2000.00;38.39;
"2019-09-15 23:46:00";11.40;14.90;15.10;0.00;0.00;0.00;0.00;0.00;0.00;0.00;13.00;79.40;9.52;0.00;0.00;2000.00;38.39;
"2019-09-15 23:51:00";11.30;14.90;15.10;0.00;0.00;0.00;0.00;0.00;0.00;0.00;13.07;79.52;9.61;0.00;0.00;2000.00;38.39;
"2019-09-15 23:56:00";11.30;14.90;15.10;0.00;0.00;0.00;0.00;0.00;0.00;0.00;13.01;79.07;9.46;0.00;0.00;2000.00;38.39;
"2019-09-16 00:01:00";11.30;14.90;15.10;0.00;0.00;0.00;0.00;0.00;0.00;0.00;13.00;78.83;9.41;0.00;0.00;2000.00;38.39;
"2019-09-16 00:06:00";11.30;14.80;15.00;0.00;0.00;0.00;0.00;0.00;0.00;0.00;12.94;78.35;9.26;0.00;0.00;2000.00;38.39;
"2019-09-16 00:11:00";11.50;14.80;15.00;0.00;0.00;0.00;0.00;0.00;0.00;0.00;13.03;78.00;9.28;0.00;0.00;2000.00;38.39;
"2019-09-16 00:16:00";11.60;14.80;15.00;0.00;0.00;0.00;0.00;0.00;0.00;0.00;13.07;77.35;9.20;0.00;0.00;2000.00;38.39;
"2019-09-16 00:21:00";11.50;14.80;15.00;0.00;0.00;0.00;0.00;0.00;0.00;0.00;13.04;76.78;9.06;0.00;0.00;2000.00;38.39;
"2019-09-16 00:26:00";11.70;14.80;15.00;0.00;0.00;0.00;0.00;0.00;0.00;0.00;13.16;76.00;9.02;0.00;0.00;2000.00;38.39;
"2019-09-16 00:31:00";11.70;14.80;15.00;0.00;0.00;0.00;0.00;0.00;0.00;0.00;13.15;75.21;8.86;0.00;0.00;2000.00;38.39;
"2019-09-16 00:36:00";11.70;14.70;15.00;0.00;0.00;0.00;0.00;0.00;0.00;0.00;13.19;74.53;8.76;0.00;0.00;2000.00;38.39;
"2019-09-16 00:41:00";11.70;14.70;15.00;0.00;0.00;0.00;0.00;0.00;0.00;0.00;13.11;73.71;8.52;0.00;0.00;2000.00;38.39;
"2019-09-16 00:46:00";11.70;14.70;15.00;0.00;0.00;0.00;0.00;0.00;0.00;0.00;13.09;73.12;8.38;0.00;0.00;2000.00;38.39;
"2019-09-16 00:51:00";11.70;14.70;15.00;0.00;0.00;0.00;0.00;0.00;0.00;0.00;13.10;72.63;8.29;0.00;0.00;2000.00;38.39;
"2019-09-16 00:56:00";11.70;14.70;15.00;0.00;0.00;0.00;0.00;0.00;0.00;0.00;13.12;72.16;8.21;0.00;0.00;2000.00;38.39;
"2019-09-16 01:01:00";11.70;14.70;15.00;0.00;0.00;0.00;0.00;0.00;0.00;0.00;13.12;71.92;8.16;0.00;0.00;2000.00;38.39;
"2019-09-16 01:06:00";11.60;14.70;15.00;0.00;0.00;0.00;0.00;4.10;248.95;4.56;13.09;71.37;8.02;0.00;0.00;2000.00;38.39;
"2019-09-16 01:11:00";11.50;14.70;15.00;0.00;0.00;0.00;0.00;0.00;0.00;3.73;13.02;71.03;7.89;0.00;0.00;2000.00;38.39;
"2019-09-16 01:16:00";11.50;14.60;15.00;0.00;0.00;0.00;0.00;0.00;0.00;0.00;12.96;70.88;7.79;0.00;0.00;2000.00;38.39;
"2019-09-16 01:21:00";11.70;14.60;15.00;0.00;0.00;0.00;0.00;0.00;0.00;0.00;12.87;71.10;7.76;0.00;0.00;2000.00;38.39;
"2019-09-16 01:26:00";11.70;14.70;15.00;0.00;0.00;0.00;0.00;0.00;0.00;0.00;12.81;71.15;7.71;0.00;0.00;2000.00;38.39;
"2019-09-16 01:31:00";11.80;14.60;14.90;0.00;0.00;0.00;0.00;0.00;0.00;0.00;12.86;71.26;7.78;0.00;0.00;2000.00;38.39;
"2019-09-16 01:36:00";11.80;14.60;14.90;0.00;0.00;0.00;0.00;3.19;239.77;7.33;12.92;71.32;7.85;0.00;0.00;2000.00;38.39;
"2019-09-16 01:41:00";11.90;14.60;14.90;0.00;0.00;0.00;0.00;0.00;0.00;1.20;12.94;71.18;7.84;0.00;0.00;2000.00;38.39;
"2019-09-16 01:46:00";11.80;14.60;14.90;0.00;0.00;0.00;0.00;2.91;244.05;3.07;12.91;70.96;7.77;0.00;0.00;2000.00;38.39;
"2019-09-16 01:51:00";11.80;14.60;14.90;0.00;0.00;0.00;0.00;0.00;0.00;0.00;12.77;70.92;7.63;0.00;0.00;2000.00;38.39;
"2019-09-16 01:56:00";11.70;14.60;14.90;0.00;0.00;0.00;0.00;1.25;294.44;2.70;12.63;70.99;7.51;0.00;0.00;2000.00;38.39;
"2019-09-16 02:01:00";11.70;14.60;14.90;0.00;0.00;0.00;0.00;3.45;252.64;4.49;12.63;71.38;7.58;0.00;0.00;2000.00;38.39;
"2019-09-16 02:06:00";11.60;14.60;14.90;0.00;0.00;0.00;0.00;0.00;0.00;4.80;12.66;71.52;7.65;0.00;0.00;2000.00;38.39;
"2019-09-16 02:11:00";11.70;14.50;14.80;0.00;0.00;0.00;0.00;0.00;0.00;0.00;12.72;71.59;7.72;0.00;0.00;2000.00;38.39;
"2019-09-16 02:16:00";11.70;14.50;14.80;0.00;0.00;0.00;0.00;2.59;279.00;5.05;12.61;71.52;7.59;0.00;0.00;2000.00;38.39;
"2019-09-16 02:21:00";11.70;14.50;14.80;0.00;0.00;0.00;0.00;4.01;274.95;5.54;12.53;71.87;7.59;0.00;0.00;2000.00;38.39;
"2019-09-16 02:26:00";11.60;14.50;14.80;0.00;0.00;0.00;0.00;2.34;240.52;5.20;12.52;72.02;7.61;0.00;0.00;2000.00;38.39;
"2019-09-16 02:31:00";11.60;14.50;14.80;0.00;0.00;0.00;0.00;3.31;260.13;5.23;12.50;72.33;7.65;0.00;0.00;2000.00;38.39;
"2019-09-16 02:36:00";11.50;14.50;14.80;0.00;0.00;0.00;0.00;4.01;245.11;4.96;12.45;72.56;7.65;0.00;0.00;2000.00;38.39;
"2019-09-16 02:41:00";11.50;14.50;14.80;0.00;0.00;0.00;0.00;4.65;244.64;6.07;12.44;72.75;7.68;0.00;0.00;2000.00;38.39;
"2019-09-16 02:46:00";11.60;14.50;14.80;0.00;0.00;0.00;0.00;2.18;22.55;3.55;12.36;72.95;7.65;0.00;0.00;2000.00;38.39;
"2019-09-16 02:51:00";11.60;14.50;14.80;0.00;0.00;0.00;0.00;2.13;266.20;3.03;12.28;73.16;7.61;0.00;0.00;2000.00;38.39;
"2019-09-16 02:56:00";11.50;14.50;14.80;0.00;0.00;0.00;0.00;0.00;0.00;4.93;12.10;73.59;7.52;0.00;0.00;2000.00;38.39;
"2019-09-16 03:01:00";11.40;14.40;14.70;0.00;0.00;0.00;0.00;0.00;0.00;2.60;11.99;74.03;7.51;0.00;0.00;2000.00;38.39;
"2019-09-16 03:06:00";11.30;14.40;14.80;0.00;0.00;0.00;0.00;2.57;250.01;3.82;11.93;74.58;7.55;0.00;0.00;2000.00;38.39;
"2019-09-16 03:11:00";11.20;14.40;14.70;0.00;0.00;0.00;0.00;0.00;0.00;0.00;11.92;75.01;7.63;0.00;0.00;2000.00;38.39;
"2019-09-16 03:16:00";11.20;14.40;14.70;0.00;0.00;0.00;0.00;0.00;0.00;0.00;11.88;75.30;7.64;0.00;0.00;2000.00;38.39;
"2019-09-16 03:21:00";11.20;14.40;14.70;0.00;0.00;0.00;0.00;2.66;302.38;4.62;11.86;75.65;7.70;0.00;0.00;2000.00;38.39;
"2019-09-16 03:26:00";11.20;14.40;14.70;0.00;0.00;0.00;0.00;3.09;249.69;3.61;11.80;75.90;7.69;0.00;0.00;2000.00;38.39;
"2019-09-16 03:31:00";11.20;14.40;14.70;0.00;0.00;0.00;0.00;0.00;0.00;0.00;11.76;76.24;7.71;0.00;0.00;2000.00;38.39;
"2019-09-16 03:36:00";11.20;14.40;14.70;0.00;0.00;0.00;0.00;3.07;246.66;3.96;11.80;76.58;7.81;0.00;0.00;2000.00;38.39;
"2019-09-16 03:41:00";11.20;14.40;14.70;0.00;0.00;0.00;0.00;0.00;0.00;3.96;11.76;76.76;7.81;0.00;0.00;2000.00;38.39;
"2019-09-16 03:46:00";11.10;14.40;14.70;0.00;0.00;0.00;0.00;0.00;0.00;0.00;11.70;77.03;7.80;0.00;0.00;2000.00;38.39;
"2019-09-16 03:51:00";11.00;14.40;14.70;0.00;0.00;0.00;0.00;2.64;226.61;3.95;11.64;77.31;7.80;0.00;0.00;2000.00;38.39;
"2019-09-16 03:56:00";11.00;14.30;14.60;0.00;0.00;0.00;0.00;1.28;256.43;1.77;11.61;77.63;7.84;0.00;0.00;2000.00;38.39;
"2019-09-16 04:01:00";11.00;14.40;14.70;0.00;0.00;0.00;0.00;0.97;238.29;4.54;11.57;78.02;7.86;0.00;0.00;2000.00;38.39;
"2019-09-16 04:06:00";10.90;14.30;14.60;0.00;0.00;0.00;0.00;0.70;204.66;5.93;11.58;78.42;7.95;0.00;0.00;2000.00;38.39;
"2019-09-16 04:11:00";10.80;14.30;14.60;0.00;0.00;0.00;0.00;0.00;0.00;2.71;11.50;78.43;7.87;0.00;0.00;2000.00;38.39;
"2019-09-16 04:16:00";10.80;14.30;14.60;0.00;0.00;0.00;0.00;0.00;0.00;3.30;11.47;78.83;7.92;0.00;0.00;2000.00;38.39;
"2019-09-16 04:21:00";10.70;14.30;14.60;0.00;0.00;0.00;0.00;0.00;0.00;0.00;11.40;79.11;7.91;0.00;0.00;2000.00;38.39;
"2019-09-16 04:26:00";10.70;14.30;14.60;0.00;0.00;0.00;0.00;1.58;242.16;4.60;11.42;79.38;7.98;0.00;0.00;2000.00;38.39;
"2019-09-16 04:31:00";10.60;14.30;14.60;0.00;0.00;0.00;0.00;1.97;252.09;2.84;11.37;79.71;7.98;0.00;0.00;2000.00;38.39;
"2019-09-16 04:36:00";10.70;14.30;14.60;0.00;0.00;0.00;0.00;0.00;0.00;0.00;11.35;79.96;8.02;0.00;0.00;2000.00;38.39;
"2019-09-16 04:41:00";10.70;14.30;14.60;0.00;0.00;0.00;0.00;3.01;264.64;5.03;11.35;80.32;8.08;0.00;0.00;2000.00;38.39;
"2019-09-16 04:46:00";10.70;14.20;14.50;0.00;0.00;0.00;0.00;0.00;0.00;0.00;11.36;80.50;8.13;0.00;0.00;2000.00;38.39;
"2019-09-16 04:51:00";10.60;14.20;14.60;0.00;0.00;0.00;0.00;0.00;0.00;5.38;11.39;80.81;8.21;0.00;0.00;2000.00;38.39;
"2019-09-16 04:56:00";10.50;14.20;14.50;0.00;0.00;0.00;0.00;4.05;282.86;4.41;11.39;80.98;8.24;0.00;0.00;2000.00;38.39;
"2019-09-16 05:01:00";10.50;14.20;14.50;0.00;0.00;0.00;0.00;0.00;0.00;0.00;11.32;81.12;8.20;0.00;0.00;2000.00;38.39;
"2019-09-16 05:06:00";10.40;14.20;14.50;0.00;0.00;0.00;0.00;0.00;0.00;3.10;11.26;81.35;8.18;0.00;0.00;2000.00;38.39;
"2019-09-16 05:11:00";10.40;14.20;14.50;0.00;0.00;0.00;0.00;2.03;251.42;4.38;11.30;81.66;8.28;0.00;0.00;2000.00;38.39;
"2019-09-16 05:16:00";10.40;14.10;14.50;0.00;0.00;0.00;0.00;3.05;237.19;5.90;11.30;81.73;8.29;0.00;0.00;2000.00;38.39;
"2019-09-16 05:21:00";10.30;14.10;14.50;0.00;0.00;0.00;0.00;3.23;197.94;4.67;11.27;81.96;8.30;0.00;0.00;2000.00;38.39;
"2019-09-16 05:26:00";10.30;14.10;14.40;0.00;0.00;0.00;0.00;3.30;236.28;6.57;11.32;82.10;8.37;0.00;0.00;2000.00;38.39;
"2019-09-16 05:31:00";10.30;14.10;14.50;0.00;0.00;0.00;0.00;0.00;0.00;3.43;11.18;82.27;8.27;0.00;0.00;2000.00;38.39;
"2019-09-16 05:36:00";10.30;14.10;14.40;0.00;0.00;0.00;0.00;2.55;250.61;3.85;11.16;82.41;8.27;0.00;0.00;2000.00;38.39;
"2019-09-16 05:41:00";10.30;14.10;14.40;0.00;0.00;0.00;0.00;0.00;0.00;0.00;11.07;82.66;8.23;0.00;0.00;2000.00;38.39;
"2019-09-16 05:46:00";10.30;14.10;14.40;0.00;0.00;0.00;0.00;0.00;0.00;0.00;11.08;82.84;8.27;0.00;0.00;2000.00;38.39;
"2019-09-16 05:51:00";10.20;14.10;14.40;0.00;0.00;0.00;0.00;3.52;250.49;3.57;11.10;82.99;8.31;0.00;0.00;2000.00;38.39;
"2019-09-16 05:56:00";10.20;14.00;14.40;0.00;0.00;0.00;0.00;0.00;0.00;3.93;11.05;83.24;8.32;0.00;0.00;2000.00;38.39;
"2019-09-16 06:01:00";10.20;14.00;14.40;0.00;0.00;0.00;0.00;0.00;0.00;0.00;11.02;83.43;8.31;0.00;0.00;2000.00;38.39;
"2019-09-16 06:06:00";10.20;14.00;14.30;0.00;0.00;0.00;0.00;0.00;0.00;0.00;10.97;83.67;8.31;0.00;0.00;2000.00;38.39;
"2019-09-16 06:11:00";10.10;14.00;14.30;0.00;0.00;0.00;0.00;2.90;246.88;5.51;10.96;83.96;8.35;0.00;0.00;2000.00;38.39;
"2019-09-16 06:16:00";10.20;14.00;14.30;0.00;0.00;0.00;0.00;0.00;0.00;3.90;10.97;84.15;8.40;0.00;0.00;2000.00;38.39;
"2019-09-16 06:21:00";10.10;14.00;14.30;0.00;0.00;0.00;0.00;2.38;259.70;5.18;11.03;84.34;8.48;0.00;0.00;2000.00;38.39;
"2019-09-16 06:26:00";10.00;13.90;14.30;0.00;0.00;0.00;0.00;3.45;241.77;5.91;11.06;84.56;8.56;0.00;0.00;2000.00;38.39;
"2019-09-16 06:31:00";10.10;13.90;14.30;0.00;0.00;0.00;0.00;4.88;266.05;4.88;11.05;84.64;8.56;0.00;0.00;2000.00;38.39;
"2019-09-16 06:36:00";10.20;14.00;14.30;0.00;0.00;0.00;0.00;3.61;266.82;6.25;11.07;84.80;8.60;0.00;0.00;2000.00;38.39;
"2019-09-16 06:41:00";10.30;13.90;14.30;0.00;0.00;0.00;0.00;0.00;0.00;4.77;11.09;84.92;8.65;0.00;0.00;2000.00;38.39;
"2019-09-16 06:46:00";10.30;13.90;14.20;0.00;0.00;0.00;0.00;0.00;0.00;4.38;11.05;85.00;8.62;0.00;0.00;2000.00;38.39;
"2019-09-16 06:51:00";10.30;13.90;14.20;0.00;0.00;0.00;0.00;1.12;212.64;3.72;11.09;85.16;8.69;0.00;0.00;2000.00;38.39;
"2019-09-16 06:56:00";10.30;13.90;14.20;0.00;0.00;0.00;0.00;0.00;0.00;0.00;11.09;85.25;8.71;0.00;0.00;2000.00;38.39;
"2019-09-16 07:01:00";10.30;13.80;14.20;0.00;0.00;0.00;0.00;0.00;0.00;0.00;11.01;85.22;8.62;0.00;0.00;2000.00;38.39;
"2019-09-16 07:06:00";10.30;13.90;14.20;0.00;0.00;0.00;0.00;2.64;245.87;5.43;11.03;85.53;8.70;0.00;0.00;2000.00;38.39;
"2019-09-16 07:11:00";10.30;13.80;14.20;0.00;0.00;0.00;0.00;3.60;260.15;6.61;11.06;85.66;8.75;0.00;0.00;2000.00;38.39;
"2019-09-16 07:16:00";10.30;13.80;14.20;0.00;0.00;0.00;0.00;3.89;264.75;5.66;11.12;85.80;8.83;0.00;0.00;2000.00;38.39;
"2019-09-16 07:21:00";10.50;13.80;14.20;0.00;0.00;0.00;0.00;3.33;234.29;5.41;11.25;85.78;8.95;0.00;0.00;2000.00;38.39;
"2019-09-16 07:26:00";10.60;13.80;14.10;0.00;0.00;0.00;0.00;3.05;225.84;6.05;11.28;85.94;9.01;0.00;0.00;2000.00;38.39;
"2019-09-16 07:31:00";10.70;13.80;14.10;0.00;0.00;0.00;0.00;2.53;288.62;5.38;11.34;85.89;9.06;0.00;0.00;2000.00;38.39;
"2019-09-16 07:36:00";10.90;13.80;14.10;0.00;0.00;0.00;0.00;3.18;239.07;4.68;11.36;85.85;9.08;0.00;0.00;2000.00;38.39;
"2019-09-16 07:41:00";11.10;13.80;14.10;0.00;0.00;0.00;0.00;0.00;0.00;0.00;11.45;85.96;9.18;0.00;0.00;2000.00;38.39;
"2019-09-16 07:46:00";11.20;13.70;14.10;0.00;0.00;0.00;0.00;6.91;256.06;6.91;11.55;85.83;9.26;0.00;0.00;2000.00;38.39;
"2019-09-16 07:51:00";11.50;13.70;14.10;0.00;0.00;0.00;0.00;2.28;234.78;5.83;11.69;85.82;9.39;0.00;0.00;2000.00;38.39;
"2019-09-16 07:56:00";11.80;13.70;14.10;0.00;0.00;0.00;0.00;0.00;0.00;0.56;11.77;85.76;9.46;0.00;0.00;2000.00;38.39;
"2019-09-16 08:01:00";12.00;13.70;14.00;0.00;0.00;0.00;0.00;0.00;0.00;3.92;11.80;85.42;9.43;0.00;0.00;2000.00;38.39;
"2019-09-16 08:06:00";12.20;13.70;14.00;0.00;0.00;0.00;0.00;0.00;0.00;0.00;11.83;85.33;9.44;0.00;0.00;2000.00;38.39;
"2019-09-16 08:11:00";12.30;13.70;14.00;0.00;0.00;0.00;0.00;1.10;246.31;3.36;11.96;85.33;9.57;0.00;0.00;2000.00;38.39;
"2019-09-16 08:16:00";12.40;13.70;14.00;0.00;0.00;0.00;0.00;4.43;221.75;6.74;11.97;85.25;9.57;0.00;0.00;2000.00;38.39;
"2019-09-16 08:21:00";12.60;13.70;14.00;0.00;0.00;0.00;0.00;2.92;253.91;5.19;12.07;85.01;9.62;0.00;0.00;2000.00;38.39;
"2019-09-16 08:26:00";12.70;13.70;14.00;0.00;0.00;0.00;0.00;0.00;0.00;0.97;12.08;84.69;9.58;0.00;0.00;2000.00;38.39;
"2019-09-16 08:31:00";13.00;13.70;14.00;0.00;0.00;0.00;0.00;0.00;0.00;3.53;12.16;84.77;9.67;0.00;0.00;2000.00;38.39;
"2019-09-16 08:36:00";13.20;13.70;14.00;0.00;0.00;0.00;0.00;0.00;0.00;5.85;12.23;84.42;9.68;0.00;0.00;2000.00;38.39;
"2019-09-16 08:41:00";13.30;13.70;14.00;0.00;0.00;0.00;0.00;4.32;282.32;4.76;12.31;84.15;9.71;0.00;0.00;2000.00;38.39;
"2019-09-16 08:46:00";13.40;13.70;14.00;0.00;0.00;0.00;0.00;0.00;0.00;0.00;12.29;84.04;9.67;0.00;0.00;2000.00;38.39;
"2019-09-16 08:51:00";13.60;13.70;14.00;0.00;0.00;0.00;0.00;0.00;0.00;0.00;12.36;83.82;9.70;0.00;0.00;2000.00;38.39;
"2019-09-16 08:56:00";13.70;13.70;14.00;0.00;0.00;0.00;0.00;0.00;0.00;4.19;12.40;83.62;9.71;0.00;0.00;2000.00;38.39;
"2019-09-16 09:01:00";13.80;13.70;14.00;0.00;0.00;0.00;0.00;3.01;255.42;4.50;12.48;83.41;9.74;0.00;0.00;2000.00;38.39;
"2019-09-16 09:06:00";14.10;13.70;14.00;0.00;0.00;0.00;0.00;0.00;0.00;0.00;12.62;83.28;9.86;0.00;0.00;2000.00;38.39;
"2019-09-16 09:11:00";14.20;13.70;14.00;0.00;0.00;0.00;0.00;0.00;0.00;4.87;12.67;83.01;9.86;0.00;0.00;2000.00;38.39;
"2019-09-16 09:16:00";14.40;13.70;14.00;0.00;0.00;0.00;0.00;4.67;300.92;7.17;12.82;82.63;9.94;0.00;0.00;2000.00;38.39;
"2019-09-16 09:21:00";14.70;13.70;14.00;0.00;0.00;0.00;0.00;5.01;206.62;7.21;12.94;82.47;10.02;0.00;0.00;2000.00;38.39;
"2019-09-16 09:26:00";14.80;13.70;14.00;0.00;0.00;0.00;0.00;3.70;209.51;5.80;13.01;81.99;10.00;0.00;0.00;2000.00;38.39;
"2019-09-16 09:31:00";15.00;13.80;14.00;0.00;0.00;0.00;0.00;1.60;241.22;5.12;13.14;81.64;10.07;0.00;0.00;2000.00;38.39;
"2019-09-16 09:36:00";15.30;13.70;14.00;0.00;0.00;0.00;0.00;5.06;265.58;7.74;13.26;81.07;10.08;0.00;0.00;2000.00;38.39;
"2019-09-16 09:41:00";15.40;13.80;14.10;0.00;0.00;0.00;0.00;0.00;0.00;4.88;13.31;80.82;10.08;0.00;0.00;2000.00;38.39;
"2019-09-16 09:46:00";15.40;13.80;14.00;0.00;0.00;0.00;0.00;3.87;285.36;5.72;13.34;80.25;10.01;0.00;0.00;2000.00;38.39;
"2019-09-16 09:51:00";15.60;13.80;14.10;0.00;0.00;0.00;0.00;3.39;213.53;6.01;13.42;79.84;10.00;0.00;0.00;2000.00;38.39;
"2019-09-16 09:56:00";15.60;13.80;14.10;0.00;0.00;0.00;0.00;3.42;271.33;4.40;13.42;79.64;9.97;0.00;0.00;2000.00;38.39;
"2019-09-16 10:01:00";15.60;13.80;14.10;0.00;0.00;0.00;0.00;5.28;280.38;5.28;13.55;79.24;10.02;0.00;0.00;2000.00;38.39;
"2019-09-16 10:06:00";15.50;13.80;14.10;0.00;0.00;0.00;0.00;4.43;220.95;5.63;13.63;78.68;9.99;0.00;0.00;2000.00;38.39;
"2019-09-16 10:11:00";15.70;13.90;14.10;0.00;0.00;0.00;0.00;0.00;0.00;0.88;13.77;78.03;10.01;0.00;0.00;2000.00;38.39;
"2019-09-16 10:16:00";15.90;13.90;14.10;0.00;0.00;0.00;0.00;4.04;271.57;6.42;13.84;77.27;9.93;0.00;0.00;2000.00;38.39;
"2019-09-16 10:21:00";15.90;13.90;14.10;0.00;0.00;0.00;0.00;5.07;315.59;5.93;13.97;76.51;9.90;0.00;0.00;2000.00;38.39;
"2019-09-16 10:26:00";16.30;13.90;14.20;0.00;0.00;0.00;0.00;6.27;278.02;7.03;14.05;75.67;9.81;0.00;0.00;2000.00;38.39;
"2019-09-16 10:31:00";16.60;14.00;14.20;0.00;0.00;0.00;0.00;8.05;278.82;8.05;14.21;74.75;9.79;0.00;0.00;2000.00;38.39;
"2019-09-16 10:36:00";16.60;14.00;14.20;0.00;0.00;0.00;0.00;6.76;298.11;10.01;14.21;73.96;9.63;0.00;0.00;2000.00;38.39;
"2019-09-16 10:41:00";16.60;14.00;14.20;0.00;0.00;0.00;0.00;9.03;260.35;9.26;14.24;73.22;9.51;0.00;0.00;2000.00;38.39;
"2019-09-16 10:46:00";16.60;14.00;14.20;0.00;0.00;0.00;0.00;4.26;265.11;7.90;14.29;72.73;9.46;0.00;0.00;2000.00;38.39;
"2019-09-16 10:51:00";16.80;14.00;14.30;0.00;0.00;0.00;0.00;5.62;251.51;8.43;14.35;72.09;9.39;0.00;0.00;2000.00;38.39;
"2019-09-16 10:56:00";17.20;14.10;14.30;0.00;0.00;0.00;0.00;0.00;0.00;6.04;14.51;71.54;9.42;0.00;0.00;2000.00;38.39;
"2019-09-16 11:01:00";17.30;14.10;14.30;0.00;0.00;0.00;0.00;7.77;279.55;10.91;14.54;71.17;9.37;0.00;0.00;2000.00;38.39;
"2019-09-16 11:06:00";17.60;14.10;14.30;0.00;0.00;0.00;0.00;4.29;258.64;8.41;14.66;70.43;9.34;0.00;0.00;2000.00;38.39;
"2019-09-16 11:11:00";18.00;14.10;14.30;0.00;0.00;0.00;0.00;6.12;283.27;9.89;14.78;69.56;9.26;0.00;0.00;2000.00;38.39;
"2019-09-16 11:16:00";17.90;14.20;14.40;0.00;0.00;0.00;0.00;9.65;315.66;9.75;14.73;69.03;9.11;0.00;0.00;2000.00;38.39;
"2019-09-16 11:21:00";17.80;14.20;14.40;0.00;0.00;0.00;0.00;10.66;312.82;10.66;14.71;68.54;8.98;0.00;0.00;2000.00;38.39;
"2019-09-16 11:26:00";18.30;14.20;14.40;0.00;0.00;0.00;0.00;5.35;273.48;6.44;14.83;68.19;9.01;0.00;0.00;2000.00;38.39;
"2019-09-16 11:31:00";18.30;14.30;14.40;0.00;0.00;0.00;0.00;5.13;242.14;5.48;14.85;67.86;8.96;0.00;0.00;2000.00;38.39;
"2019-09-16 11:36:00";18.60;14.30;14.50;0.00;0.00;0.00;0.00;7.99;266.95;9.54;14.94;67.48;8.96;0.00;0.00;2000.00;38.39;
"2019-09-16 11:41:00";18.90;14.40;14.50;0.00;0.00;0.00;0.00;4.89;257.91;6.25;15.08;66.94;8.98;0.00;0.00;2000.00;38.39;
"2019-09-16 11:46:00";18.90;14.40;14.50;0.00;0.00;0.00;0.00;6.01;324.49;9.60;15.06;66.51;8.87;0.00;0.00;2000.00;38.39;
"2019-09-16 11:51:00";18.80;14.40;14.60;0.00;0.00;0.00;0.00;5.45;304.56;11.56;14.95;65.93;8.63;0.00;0.00;2000.00;38.39;
"2019-09-16 11:56:00";18.60;14.40;14.60;0.00;0.00;0.00;0.00;6.32;286.71;9.70;15.00;65.92;8.68;0.00;0.00;2000.00;38.39;
"2019-09-16 12:01:00";18.60;14.50;14.60;0.00;0.00;0.00;0.00;8.90;303.40;8.90;14.98;65.99;8.68;0.00;0.00;2000.00;38.39;
"2019-09-16 12:06:00";19.00;14.50;14.70;0.00;0.00;0.00;0.00;7.26;288.79;8.05;14.92;66.13;8.65;0.00;0.00;2000.00;38.39;
"2019-09-16 12:11:00";19.40;14.60;14.70;0.00;0.00;0.00;0.00;0.00;0.00;7.17;15.04;66.01;8.74;0.00;0.00;2000.00;38.39;
"2019-09-16 12:16:00";18.90;14.60;14.70;0.00;0.00;0.00;0.00;8.04;306.60;8.06;14.82;65.88;8.50;0.00;0.00;2000.00;38.39;
"2019-09-16 12:21:00";19.70;14.60;14.70;0.00;0.00;0.00;0.00;6.34;267.71;8.41;14.88;66.16;8.62;0.00;0.00;2000.00;38.39;
"2019-09-16 12:26:00";19.50;14.70;14.80;0.00;0.00;0.00;0.00;3.16;251.96;9.19;14.81;65.98;8.51;0.00;0.00;2000.00;38.39;
"2019-09-16 12:31:00";19.20;14.70;14.80;0.00;0.00;0.00;0.00;7.95;292.23;8.84;14.78;65.97;8.48;0.00;0.00;2000.00;38.39;
"2019-09-16 12:36:00";20.40;14.70;14.80;0.00;0.00;0.00;0.00;4.85;287.87;8.76;14.99;66.61;8.83;0.00;0.00;2000.00;38.39;
"2019-09-16 12:41:00";21.60;14.80;14.90;0.00;0.00;0.00;0.00;6.81;272.29;6.81;15.33;66.10;9.03;0.00;0.00;2000.00;38.39;
"2019-09-16 12:46:00";22.10;14.80;14.90;0.00;0.00;0.00;0.00;0.00;0.00;9.66;15.37;64.88;8.80;0.00;0.00;2000.00;38.39;
"2019-09-16 12:51:00";22.80;14.80;14.90;0.00;0.00;0.00;0.00;8.60;274.69;8.60;15.25;64.87;8.68;0.00;0.00;2000.00;38.39;
"2019-09-16 12:56:00";22.60;14.90;15.00;0.00;0.00;0.00;0.00;6.11;249.76;8.65;15.31;64.90;8.74;0.00;0.00;2000.00;38.39;
"2019-09-16 13:01:00";23.00;14.90;15.00;0.00;0.00;0.00;0.00;8.18;271.92;8.19;15.48;64.96;8.91;0.00;0.00;2000.00;38.39;
"2019-09-16 13:06:00";22.80;15.00;15.00;0.00;0.00;0.00;0.00;7.84;277.34;9.05;15.38;64.57;8.74;0.00;0.00;2000.00;38.39;
"2019-09-16 13:11:00";22.10;15.00;15.00;0.00;0.00;0.00;0.00;5.09;296.76;7.50;15.29;64.48;8.62;0.00;0.00;2000.00;38.39;
"2019-09-16 13:16:00";23.20;15.00;15.00;0.00;0.00;0.00;0.00;0.00;0.00;0.00;15.77;65.35;9.28;0.00;0.00;2000.00;38.39;
"2019-09-16 13:21:00";22.50;15.00;15.10;0.00;0.00;0.00;0.00;5.99;270.60;8.11;15.63;63.55;8.74;0.00;0.00;2000.00;38.39;
"2019-09-16 13:26:00";22.50;15.10;15.10;0.00;0.00;0.00;0.00;6.39;289.36;9.90;15.64;63.49;8.73;0.00;0.00;2000.00;38.39;
"2019-09-16 13:31:00";23.90;15.10;15.10;0.00;0.00;0.00;0.00;6.59;296.85;8.14;16.02;63.60;9.12;0.00;0.00;2000.00;38.39;
"2019-09-16 13:36:00";25.40;15.20;15.20;0.00;0.00;0.00;0.00;9.52;300.10;10.16;16.20;62.61;9.06;0.00;0.00;2000.00;38.39;
"2019-09-16 13:41:00";24.80;15.20;15.20;0.00;0.00;0.00;0.00;8.70;245.96;11.13;16.13;61.58;8.74;0.00;0.00;2000.00;38.39;
"2019-09-16 13:46:00";25.90;15.30;15.30;0.00;0.00;0.00;0.00;7.12;258.57;11.26;16.00;61.60;8.62;0.00;0.00;2000.00;38.39;
"2019-09-16 13:51:00";25.90;15.30;15.30;0.00;0.00;0.00;0.00;4.19;280.44;10.48;16.15;61.12;8.64;0.00;0.00;2000.00;38.39;
"2019-09-16 13:56:00";25.00;15.40;15.40;0.00;0.00;0.00;0.00;6.24;241.46;6.69;15.94;61.09;8.44;0.00;0.00;2000.00;38.39;
"2019-09-16 14:01:00";23.60;15.50;15.40;0.00;0.00;0.00;0.00;4.21;279.32;8.67;15.69;60.73;8.12;0.00;0.00;2000.00;38.39;
"2019-09-16 14:06:00";23.00;15.50;15.50;0.00;0.00;0.00;0.00;6.16;251.76;7.05;15.55;61.65;8.21;0.00;0.00;2000.00;38.39;
"2019-09-16 14:11:00";24.70;15.60;15.60;0.00;0.00;0.00;0.00;6.42;314.43;6.94;16.15;61.26;8.68;0.00;0.00;2000.00;38.39;
"2019-09-16 14:16:00";24.80;15.60;15.60;0.00;0.00;0.00;0.00;7.94;244.38;10.48;16.26;58.80;8.18;0.00;0.00;2000.00;38.39;
"2019-09-16 14:21:00";24.50;15.70;15.60;0.00;0.00;0.00;0.00;4.40;239.87;7.94;16.10;58.55;7.97;0.00;0.00;2000.00;38.39;
"2019-09-16 14:26:00";24.30;15.80;15.70;0.00;0.00;0.00;0.00;5.38;279.12;8.44;16.34;58.17;8.09;0.00;0.00;2000.00;38.39;
"2019-09-16 14:31:00";23.40;15.80;15.80;0.00;0.00;0.00;0.00;4.65;302.67;7.63;16.09;58.24;7.88;0.00;0.00;2000.00;38.39;
"2019-09-16 14:36:00";23.10;15.90;15.80;0.00;0.00;0.00;0.00;4.70;277.37;10.03;16.07;58.18;7.84;0.00;0.00;2000.00;38.39;
"2019-09-16 14:41:00";22.20;15.90;15.90;0.00;0.00;0.00;0.00;4.11;286.09;7.76;15.81;58.26;7.62;0.00;0.00;2000.00;38.39;
"2019-09-16 14:46:00";21.50;16.00;15.90;0.00;0.00;0.00;0.00;6.57;287.17;9.73;15.81;58.40;7.66;0.00;0.00;2000.00;38.39;
"2019-09-16 14:51:00";21.40;16.10;16.00;0.00;0.00;0.00;0.00;3.95;258.59;7.78;15.87;57.70;7.54;0.00;0.00;2000.00;38.39;
"2019-09-16 14:56:00";21.00;16.10;16.00;0.00;0.00;0.00;0.00;11.85;283.17;11.85;16.03;55.50;7.11;0.00;0.00;2000.00;38.39;
"2019-09-16 15:01:00";21.10;16.20;16.10;0.00;0.00;0.00;0.00;7.24;252.29;8.04;16.00;54.78;6.89;0.00;0.00;2000.00;38.39;
"2019-09-16 15:06:00";21.60;16.20;16.20;0.00;0.00;0.00;0.00;9.42;282.86;9.59;15.99;55.14;6.98;0.00;0.00;2000.00;38.39;
"2019-09-16 15:11:00";21.50;16.30;16.20;0.00;0.00;0.00;0.00;9.98;303.73;9.98;15.99;55.27;7.02;0.00;0.00;2000.00;38.39;
"2019-09-16 15:16:00";21.00;16.30;16.20;0.00;0.00;0.00;0.00;0.00;0.00;6.80;15.88;56.01;7.11;0.00;0.00;2000.00;38.39;
"2019-09-16 15:21:00";19.80;16.40;16.30;0.00;0.00;0.00;0.00;6.43;327.26;7.27;15.50;56.83;6.97;0.06;0.00;2000.00;38.45;
"2019-09-16 15:26:00";20.50;16.50;16.30;0.00;0.00;0.00;0.00;10.08;276.44;12.08;15.65;56.45;7.01;0.00;0.00;2000.00;38.45;
"2019-09-16 15:31:00";20.40;16.50;16.40;0.00;0.00;0.00;0.00;5.05;275.02;6.31;15.60;56.42;6.95;0.00;0.00;2000.00;38.45;
"2019-09-16 15:36:00";20.30;16.50;16.40;0.00;0.00;0.00;0.00;5.20;270.24;8.20;15.69;56.95;7.18;0.00;0.00;2000.00;38.45;
"2019-09-16 15:41:00";19.90;16.50;16.40;0.00;0.00;0.00;0.00;5.98;265.60;8.79;15.52;56.62;6.93;0.00;0.00;2000.00;38.45;
"2019-09-16 15:46:00";19.50;16.60;16.50;0.00;0.00;0.00;0.00;4.16;280.77;9.40;15.47;57.22;7.04;0.06;0.00;2000.00;38.51;
"2019-09-16 15:51:00";19.40;16.60;16.50;0.00;0.00;0.00;0.00;6.85;274.01;8.39;15.45;57.52;7.10;0.00;0.00;2000.00;38.51;
"2019-09-16 15:56:00";19.50;16.70;16.50;0.00;0.00;0.00;0.00;3.83;266.77;5.50;15.39;57.75;7.10;0.00;0.00;2000.00;38.51;
"2019-09-16 16:01:00";19.40;16.70;16.60;0.00;0.00;0.00;0.00;6.48;209.14;13.60;15.29;57.25;6.88;0.00;0.00;2000.00;38.51;
"2019-09-16 16:06:00";19.30;16.70;16.60;0.00;0.00;0.00;0.00;0.94;218.76;9.01;15.37;57.17;6.93;0.00;0.00;2000.00;38.51;
"2019-09-16 16:11:00";19.40;16.70;16.60;0.00;0.00;0.00;0.00;6.93;279.98;11.88;15.33;57.17;6.90;0.00;0.00;2000.00;38.51;
"2019-09-16 16:16:00";19.00;16.70;16.60;0.00;0.00;0.00;0.00;8.32;279.67;8.78;15.24;58.23;7.08;0.00;0.00;2000.00;38.51;
"2019-09-16 16:21:00";18.90;16.80;16.70;0.00;0.00;0.00;0.00;4.34;270.97;7.91;15.20;58.41;7.09;0.00;0.00;2000.00;38.51;
"2019-09-16 16:26:00";18.90;16.80;16.70;0.00;0.00;0.00;0.00;4.55;276.09;5.38;15.17;58.85;7.17;0.00;0.00;2000.00;38.51;
"2019-09-16 16:31:00";18.80;16.80;16.70;0.00;0.00;0.00;0.00;8.56;292.16;8.58;15.12;58.36;7.00;0.00;0.00;2000.00;38.51;
"2019-09-16 16:36:00";19.20;16.80;16.70;0.00;0.00;0.00;0.00;6.37;268.50;8.70;15.18;58.27;7.04;0.02;0.00;2000.00;38.53;
"2019-09-16 16:41:00";18.90;16.80;16.70;0.00;0.00;0.00;0.00;9.12;265.14;10.42;15.04;57.92;6.82;0.00;0.00;2000.00;38.53;
"2019-09-16 16:46:00";18.90;16.80;16.80;0.00;0.00;0.00;0.00;9.26;294.94;10.36;14.95;58.67;6.92;0.02;0.00;2000.00;38.55;
"2019-09-16 16:51:00";18.90;16.80;16.80;0.00;0.00;0.00;0.00;6.99;291.87;9.43;14.94;59.38;7.09;0.00;0.00;2000.00;38.55;
"2019-09-16 16:56:00";18.70;16.80;16.80;0.00;0.00;0.00;0.00;5.17;272.94;5.71;14.82;59.67;7.04;0.00;0.00;2000.00;38.55;
"2019-09-16 17:01:00";18.90;16.90;16.80;0.00;0.00;0.00;0.00;8.41;279.53;8.41;14.81;59.69;7.04;0.00;0.00;2000.00;38.55;
"2019-09-16 17:06:00";18.70;16.90;16.80;0.00;0.00;0.00;0.00;7.01;251.37;7.35;14.74;58.83;6.76;0.00;0.00;2000.00;38.55;
"2019-09-16 17:11:00";18.60;16.90;16.80;0.00;0.00;0.00;0.00;7.25;307.91;7.25;14.64;59.68;6.87;0.00;0.00;2000.00;38.55;
"2019-09-16 17:16:00";18.40;16.90;16.80;0.00;0.00;0.00;0.00;6.61;299.39;9.23;14.56;60.30;6.95;0.00;0.00;2000.00;38.55;
"2019-09-16 17:21:00";18.20;16.90;16.90;0.00;0.00;0.00;0.00;6.54;272.67;6.68;14.55;61.03;7.11;0.00;0.00;2000.00;38.55;
"2019-09-16 17:26:00";18.10;16.90;16.90;0.00;0.00;0.00;0.00;5.81;291.47;9.25;14.52;61.04;7.10;0.00;0.00;2000.00;38.55;
"2019-09-16 17:31:00";17.90;16.90;16.90;0.00;0.00;0.00;0.00;5.24;305.48;5.40;14.45;61.29;7.08;0.00;0.00;2000.00;38.55;
"2019-09-16 17:36:00";17.50;16.90;16.90;0.00;0.00;0.00;0.00;5.07;331.18;6.98;14.28;61.67;7.02;0.00;0.00;2000.00;38.55;
"2019-09-16 17:41:00";17.40;16.90;16.90;0.00;0.00;0.00;0.00;5.63;311.35;8.08;14.29;61.81;7.06;0.00;0.00;2000.00;38.55;
"2019-09-16 17:46:00";17.30;16.90;16.90;0.00;0.00;0.00;0.00;5.52;314.06;9.15;14.28;61.34;6.94;0.00;0.00;2000.00;38.55;
"2019-09-16 17:51:00";17.30;16.90;16.90;0.00;0.00;0.00;0.00;3.73;316.57;5.38;14.24;61.53;6.95;0.00;0.00;2000.00;38.55;
"2019-09-16 17:56:00";17.10;16.90;16.90;0.00;0.00;0.00;0.00;6.68;253.47;6.68;14.26;61.30;6.90;0.00;0.00;2000.00;38.55;
"2019-09-16 18:01:00";17.00;16.90;16.90;0.00;0.00;0.00;0.00;3.00;313.42;5.48;14.23;61.25;6.87;0.00;0.00;2000.00;38.55;
"2019-09-16 18:06:00";17.10;16.90;16.90;0.00;0.00;0.00;0.00;2.67;293.31;4.93;14.30;61.53;7.00;0.00;0.00;2000.00;38.55;
"2019-09-16 18:11:00";17.00;17.00;16.90;0.00;0.00;0.00;0.00;4.16;297.75;4.16;14.42;61.18;7.03;0.00;0.00;2000.00;38.55;
"2019-09-16 18:16:00";17.30;16.90;16.90;0.00;0.00;0.00;0.00;9.53;256.77;9.53;14.66;59.20;6.77;0.00;0.00;2000.00;38.55;
"2019-09-16 18:21:00";17.30;16.90;16.90;0.00;0.00;0.00;0.00;5.02;272.72;9.56;14.73;57.02;6.29;0.00;0.00;2000.00;38.55;
"2019-09-16 18:26:00";17.10;16.90;16.90;0.00;0.00;0.00;0.00;7.99;306.05;9.32;14.59;56.53;6.04;0.00;0.00;2000.00;38.55;
"2019-09-16 18:31:00";16.70;16.90;16.90;0.00;0.00;0.00;0.00;2.17;346.56;8.53;13.84;57.90;5.68;0.02;60.00;2000.00;38.57;
"2019-09-16 18:36:00";16.50;16.90;16.90;0.00;0.00;0.00;0.00;0.00;0.00;0.00;13.29;60.59;5.83;0.00;0.00;2000.00;38.57;
"2019-09-16 18:41:00";16.40;16.90;16.90;0.00;0.00;0.00;0.00;4.41;318.55;7.79;12.91;63.02;6.04;0.00;0.00;2000.00;38.57;
"2019-09-16 18:46:00";16.50;16.90;16.90;0.00;0.00;0.00;0.00;4.07;315.47;5.70;12.69;65.07;6.29;0.00;0.00;2000.00;38.57;
"2019-09-16 18:51:00";16.40;16.90;16.90;0.00;0.00;0.00;0.00;0.00;0.00;5.36;13.32;65.48;6.98;0.00;0.00;2000.00;38.57;
"2019-09-16 18:56:00";16.30;16.90;16.90;0.00;0.00;0.00;0.00;5.45;313.76;9.06;13.67;64.07;6.99;0.00;0.00;2000.00;38.57;
"2019-09-16 19:01:00";16.30;16.90;16.90;0.00;0.00;0.00;0.00;7.37;268.71;9.08;13.97;61.52;6.69;0.00;0.00;2000.00;38.57;
"2019-09-16 19:06:00";16.00;16.90;16.90;0.00;0.00;0.00;0.00;3.55;317.59;6.43;13.67;61.25;6.34;0.00;0.00;2000.00;38.57;
"2019-09-16 19:11:00";15.80;16.90;16.90;0.00;0.00;0.00;0.00;4.11;300.17;5.99;13.36;62.29;6.29;0.00;0.00;2000.00;38.57;
"2019-09-16 19:16:00";15.70;16.80;16.90;0.00;0.00;0.00;0.00;4.46;264.66;6.81;13.35;62.80;6.40;0.00;0.00;2000.00;38.57;
"2019-09-16 19:21:00";15.50;16.90;16.90;0.00;0.00;0.00;0.00;4.31;252.64;6.99;13.47;62.10;6.35;0.00;0.00;2000.00;38.57;
"2019-09-16 19:26:00";15.40;16.90;16.90;0.00;0.00;0.00;0.00;4.60;299.98;4.88;13.56;60.81;6.13;0.00;0.00;2000.00;38.57;
"2019-09-16 19:31:00";15.20;16.80;16.90;0.00;0.00;0.00;0.00;6.99;278.68;7.05;13.58;60.08;5.98;0.00;0.00;2000.00;38.57;
"2019-09-16 19:36:00";14.90;16.80;16.90;0.00;0.00;0.00;0.00;6.04;271.41;6.24;13.56;59.48;5.81;0.00;0.00;2000.00;38.57;
"2019-09-16 19:41:00";14.80;16.80;16.90;0.00;0.00;0.00;0.00;3.56;274.63;4.67;13.42;59.58;5.70;0.00;0.00;2000.00;38.57;
"2019-09-16 19:46:00";14.60;16.80;16.90;0.00;0.00;0.00;0.00;3.06;335.23;4.48;13.22;59.96;5.61;0.00;0.00;2000.00;38.57;
"2019-09-16 19:51:00";14.30;16.80;16.80;0.00;0.00;0.00;0.00;4.42;280.34;4.42;13.01;60.86;5.62;0.00;0.00;2000.00;38.57;
"2019-09-16 19:56:00";14.20;16.80;16.80;0.00;0.00;0.00;0.00;3.35;276.11;3.35;12.84;61.55;5.62;0.00;0.00;2000.00;38.57;
"2019-09-16 20:01:00";14.00;16.80;16.80;0.00;0.00;0.00;0.00;2.84;264.94;5.46;12.67;62.35;5.65;0.00;0.00;2000.00;38.57;
"2019-09-16 20:06:00";13.90;16.80;16.80;0.00;0.00;0.00;0.00;0.00;0.00;0.00;12.66;62.57;5.69;0.00;0.00;2000.00;38.57;
"2019-09-16 20:11:00";13.70;16.70;16.80;0.00;0.00;0.00;0.00;0.00;0.00;0.00;12.56;62.70;5.63;0.00;0.00;2000.00;38.57;
"2019-09-16 20:16:00";13.70;16.70;16.80;0.00;0.00;0.00;0.00;0.00;0.00;0.00;12.58;62.59;5.62;0.00;0.00;2000.00;38.57;
"2019-09-16 20:21:00";13.70;16.70;16.80;0.00;0.00;0.00;0.00;0.00;0.00;0.00;12.47;62.86;5.58;0.00;0.00;2000.00;38.57;
"2019-09-16 20:26:00";13.60;16.70;16.80;0.00;0.00;0.00;0.00;3.18;258.08;3.18;12.41;62.98;5.55;0.00;0.00;2000.00;38.57;
"2019-09-16 20:31:00";13.40;16.70;16.70;0.00;0.00;0.00;0.00;0.00;0.00;0.00;12.35;63.52;5.62;0.00;0.00;2000.00;38.57;
"2019-09-16 20:36:00";13.30;16.70;16.80;0.00;0.00;0.00;0.00;0.00;0.00;0.00;12.26;63.82;5.61;0.00;0.00;2000.00;38.57;
"2019-09-16 20:41:00";13.20;16.60;16.70;0.00;0.00;0.00;0.00;0.00;0.00;0.00;12.25;63.76;5.57;0.00;0.00;2000.00;38.57;
"2019-09-16 20:46:00";13.10;16.60;16.70;0.00;0.00;0.00;0.00;0.00;0.00;3.79;12.18;63.67;5.49;0.00;0.00;2000.00;38.57;
"2019-09-16 20:51:00";13.00;16.60;16.70;0.00;0.00;0.00;0.00;2.06;260.51;3.87;12.10;63.79;5.44;0.00;0.00;2000.00;38.57;
"2019-09-16 20:56:00";13.00;16.50;16.60;0.00;0.00;0.00;0.00;2.10;261.67;3.13;12.01;63.98;5.39;0.00;0.00;2000.00;38.57;
"2019-09-16 21:01:00";12.90;16.50;16.70;0.00;0.00;0.00;0.00;0.00;0.00;0.00;11.90;64.17;5.34;0.00;0.00;2000.00;38.57;
"2019-09-16 21:06:00";13.00;16.50;16.60;0.00;0.00;0.00;0.00;0.00;0.00;0.00;11.82;64.42;5.32;0.00;0.00;2000.00;38.57;
"2019-09-16 21:11:00";13.20;16.50;16.60;0.00;0.00;0.00;0.00;0.00;0.00;0.00;11.79;64.75;5.36;0.00;0.00;2000.00;38.57;
"2019-09-16 21:16:00";13.20;16.50;16.60;0.00;0.00;0.00;0.00;1.75;258.75;3.26;11.85;64.66;5.40;0.00;0.00;2000.00;38.57;
"2019-09-16 21:21:00";13.30;16.40;16.60;0.00;0.00;0.00;0.00;0.00;0.00;3.07;11.87;64.50;5.38;0.00;0.00;2000.00;38.57;
"2019-09-16 21:26:00";13.40;16.40;16.60;0.00;0.00;0.00;0.00;0.00;0.00;0.00;11.81;64.65;5.36;0.00;0.00;2000.00;38.57;
"2019-09-16 21:31:00";13.40;16.40;16.50;0.00;0.00;0.00;0.00;0.00;0.00;0.00;11.74;64.83;5.33;0.00;0.00;2000.00;38.57;
"2019-09-16 21:36:00";13.40;16.30;16.50;0.00;0.00;0.00;0.00;0.00;0.00;0.00;11.52;65.46;5.27;0.00;0.00;2000.00;38.57;
"2019-09-16 21:41:00";13.40;16.30;16.50;0.00;0.00;0.00;0.00;0.00;0.00;0.00;11.45;66.06;5.33;0.00;0.00;2000.00;38.57;
"2019-09-16 21:46:00";13.30;16.30;16.50;0.00;0.00;0.00;0.00;0.00;0.00;0.00;11.38;66.47;5.35;0.00;0.00;2000.00;38.57;
"2019-09-16 21:51:00";13.30;16.30;16.40;0.00;0.00;0.00;0.00;0.00;0.00;0.00;11.32;66.84;5.38;0.00;0.00;2000.00;38.57;
"2019-09-16 21:56:00";13.30;16.30;16.40;0.00;0.00;0.00;0.00;0.00;0.00;0.00;11.25;67.12;5.37;0.00;0.00;2000.00;38.57;
"2019-09-16 22:01:00";12.70;16.20;16.40;0.00;14.00;0.00;0.00;2.84;219.17;4.89;11.22;67.44;5.40;0.03;60.00;2000.00;38.60;
"2019-09-16 22:06:00";12.30;16.20;16.40;0.00;14.00;0.00;0.00;3.17;306.56;4.35;11.02;67.95;5.32;0.01;0.00;2000.00;38.61;
"2019-09-16 22:11:00";12.20;16.20;16.40;0.00;0.00;0.00;0.00;4.19;255.82;6.72;11.03;68.50;5.45;0.01;60.00;2000.00;38.62;
"2019-09-16 22:16:00";12.00;16.20;16.30;0.00;85.00;0.00;1.00;3.09;272.65;5.95;11.13;68.77;5.60;0.17;60.00;2000.00;38.79;
"2019-09-16 22:21:00";11.80;16.10;16.30;0.00;48.00;0.00;1.00;3.92;272.09;3.92;11.01;69.07;5.55;0.03;0.00;2000.00;38.82;
"2019-09-16 22:26:00";11.70;16.10;16.30;0.00;41.00;0.00;1.00;3.60;229.47;4.85;11.00;69.48;5.63;0.00;0.00;2000.00;38.82;
"2019-09-16 22:31:00";11.60;16.10;16.30;0.00;31.00;0.00;1.00;0.00;0.00;0.00;10.98;69.90;5.69;0.00;0.00;2000.00;38.82;
"2019-09-16 22:36:00";11.50;16.10;16.20;0.00;0.00;0.00;0.00;1.14;260.12;1.14;10.94;70.18;5.71;0.00;0.00;2000.00;38.82;
"2019-09-16 22:41:00";11.70;16.00;16.20;0.00;0.00;0.00;0.00;5.37;211.35;5.37;10.87;70.47;5.71;0.01;60.00;2000.00;38.83;
"2019-09-16 22:46:00";11.70;16.00;16.20;0.00;0.00;0.00;0.00;4.37;253.72;7.29;10.77;70.71;5.66;0.00;0.00;2000.00;38.83;
"2019-09-16 22:51:00";11.90;16.00;16.20;0.00;0.00;0.00;0.00;3.41;262.30;6.09;10.71;70.94;5.65;0.00;0.00;2000.00;38.83;
"2019-09-16 22:56:00";12.10;16.00;16.20;0.00;0.00;0.00;0.00;4.75;278.09;5.63;10.69;71.18;5.68;0.00;0.00;2000.00;38.83;
"2019-09-16 23:01:00";12.20;16.00;16.20;0.00;0.00;0.00;0.00;5.85;267.82;6.24;10.68;71.40;5.71;0.00;0.00;2000.00;38.83;
"2019-09-16 23:06:00";12.20;16.00;16.10;0.00;0.00;0.00;0.00;3.21;249.63;6.21;10.63;71.58;5.70;0.00;0.00;2000.00;38.83;
"2019-09-16 23:11:00";12.20;15.90;16.10;0.00;0.00;0.00;0.00;2.87;250.84;3.15;10.64;71.77;5.75;0.00;0.00;2000.00;38.83;
"2019-09-16 23:16:00";12.30;15.90;16.10;0.00;0.00;0.00;0.00;2.73;277.43;3.50;10.62;71.99;5.77;0.00;0.00;2000.00;38.83;
"2019-09-16 23:21:00";12.30;15.80;16.10;0.00;0.00;0.00;0.00;3.31;249.00;4.14;10.63;72.18;5.82;0.00;0.00;2000.00;38.83;
"2019-09-16 23:26:00";12.30;15.80;16.00;0.00;0.00;0.00;0.00;3.57;265.20;4.43;10.63;72.38;5.86;0.00;0.00;2000.00;38.83;
"2019-09-16 23:31:00";12.30;15.80;16.00;0.00;0.00;0.00;0.00;3.85;273.34;5.01;10.67;72.51;5.93;0.00;0.00;2000.00;38.83;
"2019-09-16 23:36:00";12.30;15.80;16.00;0.00;0.00;0.00;0.00;4.18;254.58;4.77;10.67;72.68;5.96;0.00;0.00;2000.00;38.83;
"2019-09-16 23:41:00";12.30;15.70;16.00;0.00;0.00;0.00;0.00;3.30;263.39;4.44;10.67;72.80;5.99;0.00;0.00;2000.00;38.83;
"2019-09-16 23:46:00";12.30;15.70;15.90;0.00;0.00;0.00;0.00;4.27;278.12;5.85;10.65;72.93;5.99;0.00;0.00;2000.00;38.83;
"2019-09-16 23:51:00";12.20;15.70;15.90;0.00;0.00;0.00;0.00;2.30;251.09;4.94;10.62;73.23;6.03;0.00;0.00;2000.00;38.83;
"2019-09-16 23:56:00";12.20;15.70;15.90;0.00;0.00;0.00;0.00;5.62;268.15;5.62;10.68;73.61;6.16;0.00;0.00;2000.00;38.83;
"2019-09-17 00:01:00";12.20;15.60;15.90;0.00;0.00;0.00;0.00;1.96;251.41;5.37;10.74;73.93;6.27;0.00;0.00;2000.00;38.83;
"2019-09-17 00:06:00";12.20;15.60;15.80;0.00;0.00;0.00;0.00;5.01;267.24;7.05;10.83;74.23;6.42;0.00;0.00;2000.00;38.83;
"2019-09-17 00:11:00";12.20;15.60;15.80;0.00;0.00;0.00;0.00;3.06;277.38;3.87;10.86;74.37;6.48;0.00;0.00;2000.00;38.83;
"2019-09-17 00:16:00";12.20;15.60;15.80;0.00;0.00;0.00;0.00;6.56;267.34;6.56;10.83;74.48;6.47;0.00;0.00;2000.00;38.83;
"2019-09-17 00:21:00";12.20;15.60;15.80;0.00;0.00;0.00;0.00;3.60;262.29;5.16;10.79;74.65;6.47;0.00;0.00;2000.00;38.83;
"2019-09-17 00:26:00";12.20;15.50;15.80;0.00;0.00;0.00;0.00;2.25;279.11;3.34;10.74;74.86;6.45;0.00;0.00;2000.00;38.83;
"2019-09-17 00:31:00";12.20;15.50;15.80;0.00;0.00;0.00;0.00;2.98;283.08;4.65;10.69;75.04;6.44;0.00;0.00;2000.00;38.83;
"2019-09-17 00:36:00";12.20;15.50;15.70;0.00;0.00;0.00;0.00;2.59;281.27;3.17;10.63;75.23;6.42;0.00;0.00;2000.00;38.83;
"2019-09-17 00:41:00";12.00;15.50;15.70;0.00;0.00;0.00;0.00;3.21;249.15;5.28;10.52;75.46;6.36;0.00;0.00;2000.00;38.83;
"2019-09-17 00:46:00";11.80;15.50;15.70;0.00;0.00;0.00;0.00;4.94;261.05;5.17;10.42;75.75;6.32;0.00;0.00;2000.00;38.83;
"2019-09-17 00:51:00";11.70;15.50;15.70;0.00;0.00;0.00;0.00;2.79;236.59;4.14;10.35;76.08;6.32;0.00;0.00;2000.00;38.83;
"2019-09-17 00:56:00";11.50;15.50;15.70;0.00;0.00;0.00;0.00;1.99;252.51;3.86;10.24;76.32;6.26;0.00;0.00;2000.00;38.83;
"2019-09-17 01:01:00";11.40;15.40;15.70;0.00;0.00;0.00;0.00;5.09;269.21;5.27;10.15;76.71;6.24;0.00;0.00;2000.00;38.83;
"2019-09-17 01:06:00";11.20;15.40;15.60;0.00;0.00;0.00;0.00;2.99;240.74;3.86;10.08;76.99;6.23;0.00;0.00;2000.00;38.83;
"2019-09-17 01:11:00";11.20;15.40;15.60;0.00;0.00;0.00;0.00;0.00;0.00;4.11;9.97;77.39;6.20;0.00;0.00;2000.00;38.83;
"2019-09-17 01:16:00";11.20;15.40;15.60;0.00;0.00;0.00;0.00;5.64;248.82;5.64;9.91;77.81;6.22;0.00;0.00;2000.00;38.83;
"2019-09-17 01:21:00";11.30;15.30;15.60;0.00;0.00;0.00;0.00;4.16;274.29;5.30;9.95;78.18;6.32;0.00;0.00;2000.00;38.83;
"2019-09-17 01:26:00";11.40;15.30;15.60;0.00;0.00;0.00;0.00;2.90;257.01;3.97;10.00;78.41;6.41;0.00;0.00;2000.00;38.83;
"2019-09-17 01:31:00";11.50;15.30;15.50;0.00;0.00;0.00;0.00;4.81;266.50;5.02;10.01;78.66;6.47;0.00;0.00;2000.00;38.83;
"2019-09-17 01:36:00";11.40;15.30;15.50;0.00;0.00;0.00;0.00;3.89;269.74;4.73;10.01;78.82;6.50;0.00;0.00;2000.00;38.83;
"2019-09-17 01:41:00";11.30;15.30;15.50;0.00;0.00;0.00;0.00;1.46;269.83;3.24;9.92;78.93;6.43;0.00;0.00;2000.00;38.83;
"2019-09-17 01:46:00";11.20;15.20;15.50;0.00;0.00;0.00;0.00;2.89;256.92;4.15;9.82;79.21;6.39;0.00;0.00;2000.00;38.83;
"2019-09-17 01:51:00";11.10;15.20;15.50;0.00;0.00;0.00;0.00;0.00;0.00;0.00;9.73;79.48;6.35;0.00;0.00;2000.00;38.83;
"2019-09-17 01:56:00";11.00;15.20;15.40;0.00;0.00;0.00;0.00;0.00;0.00;3.10;9.70;79.68;6.36;0.00;0.00;2000.00;38.83;
"2019-09-17 02:01:00";10.90;15.20;15.40;0.00;0.00;0.00;0.00;3.17;289.92;3.67;9.70;80.03;6.42;0.00;0.00;2000.00;38.83;
"2019-09-17 02:06:00";10.80;15.10;15.40;0.00;0.00;0.00;0.00;0.00;0.00;0.00;9.64;80.25;6.40;0.00;0.00;2000.00;38.83;
"2019-09-17 02:11:00";10.80;15.20;15.40;0.00;0.00;0.00;0.00;0.00;0.00;0.00;9.57;80.59;6.40;0.00;0.00;2000.00;38.83;
"2019-09-17 02:16:00";10.70;15.10;15.40;0.00;0.00;0.00;0.00;0.00;0.00;0.00;9.57;80.78;6.43;0.00;0.00;2000.00;38.83;
"2019-09-17 02:21:00";10.60;15.10;15.40;0.00;0.00;0.00;0.00;0.00;0.00;2.55;9.50;80.91;6.39;0.00;0.00;2000.00;38.83;
"2019-09-17 02:26:00";10.60;15.10;15.40;0.00;0.00;0.00;0.00;2.45;275.42;3.56;9.57;81.24;6.51;0.00;0.00;2000.00;38.83;
"2019-09-17 02:31:00";10.60;15.10;15.30;0.00;0.00;0.00;0.00;2.22;267.88;2.63;9.64;81.30;6.59;0.00;0.00;2000.00;38.83;
"2019-09-17 02:36:00";10.60;15.00;15.30;0.00;0.00;0.00;0.00;3.02;281.97;4.60;9.58;81.43;6.55;0.00;0.00;2000.00;38.83;
"2019-09-17 02:41:00";10.60;15.00;15.30;0.00;0.00;0.00;0.00;3.47;267.19;4.24;9.65;81.51;6.63;0.00;0.00;2000.00;38.83;
"2019-09-17 02:46:00";10.70;15.00;15.30;0.00;0.00;0.00;0.00;2.44;284.76;3.78;9.66;81.58;6.66;0.00;0.00;2000.00;38.83;
"2019-09-17 02:51:00";10.80;15.00;15.20;0.00;0.00;0.00;0.00;0.00;0.00;1.56;9.67;81.67;6.69;0.00;0.00;2000.00;38.83;
"2019-09-17 02:56:00";10.80;15.00;15.20;0.00;0.00;0.00;0.00;0.00;0.00;0.00;9.64;81.69;6.66;0.00;0.00;2000.00;38.83;
"2019-09-17 03:01:00";10.80;15.00;15.20;0.00;0.00;0.00;0.00;0.00;0.00;0.00;9.58;81.79;6.62;0.00;0.00;2000.00;38.83;
"2019-09-17 03:06:00";10.80;15.00;15.20;0.00;0.00;0.00;0.00;0.00;0.00;0.00;9.44;81.84;6.49;0.00;0.00;2000.00;38.83;
"2019-09-17 03:11:00";10.60;15.00;15.10;0.00;0.00;0.00;0.00;0.00;0.00;0.00;9.26;82.08;6.36;0.00;0.00;2000.00;38.83;
"2019-09-17 03:16:00";10.60;15.00;15.20;0.00;0.00;0.00;0.00;0.00;0.00;0.00;9.10;82.22;6.23;0.00;0.00;2000.00;38.83;
"2019-09-17 03:21:00";10.70;15.00;15.10;0.00;0.00;0.00;0.00;0.00;0.00;0.00;9.16;82.73;6.38;0.00;0.00;2000.00;38.83;
"2019-09-17 03:26:00";10.80;14.90;15.10;0.00;0.00;0.00;0.00;0.00;0.00;0.00;9.18;83.03;6.45;0.00;0.00;2000.00;38.83;
"2019-09-17 03:31:00";10.80;14.90;15.10;0.00;0.00;0.00;0.00;3.01;319.00;3.85;9.19;83.46;6.53;0.03;60.00;2000.00;38.86;
"2019-09-17 03:36:00";10.70;14.90;15.10;0.00;339.00;0.00;2.00;0.00;0.00;0.00;9.18;83.78;6.57;0.18;60.00;2000.00;39.04;
"2019-09-17 03:41:00";10.50;14.90;15.00;0.00;331.00;0.00;2.00;2.32;277.82;2.80;9.12;84.04;6.56;0.01;60.00;2000.00;39.05;
"2019-09-17 03:46:00";10.40;14.80;15.00;0.00;328.00;0.00;2.00;0.00;0.00;0.00;9.10;84.42;6.61;0.00;0.00;2000.00;39.05;
"2019-09-17 03:51:00";10.30;14.80;15.00;0.00;328.00;0.00;2.00;0.00;0.00;0.00;9.04;84.78;6.62;0.00;0.00;2000.00;39.05;
"2019-09-17 03:56:00";10.30;14.80;15.00;0.00;131.00;0.00;1.00;2.37;286.40;2.52;9.13;85.09;6.75;0.00;0.00;2000.00;39.05;
"2019-09-17 04:01:00";10.30;14.80;15.00;0.00;114.00;0.00;1.00;2.19;276.31;3.73;9.16;85.42;6.84;0.00;0.00;2000.00;39.05;
"2019-09-17 04:06:00";10.30;14.80;15.00;0.00;109.00;0.00;1.00;0.00;0.00;0.00;9.13;85.66;6.85;0.00;0.00;2000.00;39.05;
"2019-09-17 04:11:00";10.40;14.70;15.00;0.00;87.00;0.00;1.00;0.00;0.00;0.00;9.21;85.95;6.98;0.00;0.00;2000.00;39.05;
"2019-09-17 04:16:00";10.40;14.70;15.00;0.00;85.00;0.00;1.00;0.00;0.00;0.00;9.14;86.25;6.96;0.00;0.00;2000.00;39.05;
"2019-09-17 04:21:00";10.30;14.70;15.00;0.00;98.00;0.00;1.00;0.00;0.00;0.00;9.17;86.34;7.01;0.00;0.00;2000.00;39.05;
"2019-09-17 04:26:00";10.30;14.70;15.00;0.00;106.00;0.00;1.00;0.00;0.00;0.00;9.15;86.61;7.03;0.00;0.00;2000.00;39.05;
"2019-09-17 04:31:00";10.10;14.70;15.00;0.00;103.00;0.00;1.00;0.00;0.00;0.00;9.14;86.83;7.06;0.00;0.00;2000.00;39.05;
"2019-09-17 04:36:00";10.00;14.60;15.00;0.00;77.00;0.00;1.00;0.00;0.00;0.00;9.17;86.92;7.10;0.00;0.00;2000.00;39.05;
"2019-09-17 04:41:00";10.10;14.60;14.90;0.00;77.00;0.00;1.00;0.00;0.00;0.00;9.22;87.11;7.18;0.00;0.00;2000.00;39.05;
"2019-09-17 04:46:00";10.10;14.60;14.90;0.00;85.00;0.00;1.00;0.00;0.00;0.00;9.20;87.16;7.17;0.01;60.00;2000.00;39.06;
"2019-09-17 04:51:00";10.10;14.60;14.90;0.00;98.00;0.00;1.00;0.00;0.00;0.00;9.22;87.24;7.21;0.00;0.00;2000.00;39.06;
"2019-09-17 04:56:00";10.10;14.60;14.90;0.00;93.00;0.00;1.00;0.00;0.00;0.00;9.15;87.29;7.15;0.00;0.00;2000.00;39.06;
"2019-09-17 05:01:00";10.00;14.50;14.90;0.00;56.00;0.00;1.00;0.00;0.00;0.00;9.18;87.43;7.20;0.01;0.00;2000.00;39.07;
"2019-09-17 05:06:00";10.00;14.50;14.80;0.00;56.00;0.00;1.00;0.00;0.00;0.00;9.18;87.53;7.22;0.00;0.00;2000.00;39.07;
"2019-09-17 05:11:00";10.00;14.50;14.80;0.00;66.00;0.00;1.00;0.00;0.00;0.00;9.19;87.56;7.23;0.01;60.00;2000.00;39.08;
"2019-09-17 05:16:00";10.00;14.50;14.80;0.00;64.00;0.00;1.00;0.00;0.00;0.00;9.15;87.58;7.20;0.00;0.00;2000.00;39.08;
"2019-09-17 05:21:00";10.10;14.50;14.80;0.00;66.00;0.00;1.00;3.61;279.46;4.44;9.12;87.64;7.17;0.01;60.00;2000.00;39.09;
"2019-09-17 05:26:00";10.10;14.50;14.80;0.00;114.00;0.00;1.00;4.00;253.19;4.17;9.14;87.87;7.24;0.04;60.00;2000.00;39.13;
"2019-09-17 05:31:00";10.10;14.40;14.70;0.00;215.00;0.00;1.00;3.38;242.70;4.21;9.13;87.77;7.21;0.08;60.00;2000.00;39.21;
"2019-09-17 05:36:00";10.20;14.40;14.70;0.00;199.00;0.00;1.00;1.80;282.49;4.20;9.11;87.88;7.20;0.19;0.00;2000.00;39.40;
"2019-09-17 05:41:00";10.20;14.40;14.70;0.00;126.00;0.00;1.00;2.20;261.91;3.54;9.04;87.96;7.15;0.01;0.00;2000.00;39.41;
"2019-09-17 05:46:00";10.10;14.40;14.70;0.00;163.00;0.00;1.00;0.00;0.00;2.18;8.98;88.15;7.13;0.00;0.00;2000.00;39.41;
"2019-09-17 05:51:00";10.10;14.40;14.70;0.00;157.00;0.00;1.00;0.00;0.00;0.00;8.92;88.19;7.07;0.00;0.00;2000.00;39.41;
"2019-09-17 05:56:00";10.10;14.30;14.70;0.00;175.00;0.00;1.00;0.00;0.00;0.00;8.96;88.39;7.14;0.00;0.00;2000.00;39.41;
"2019-09-17 06:01:00";10.00;14.30;14.60;0.00;151.00;0.00;1.00;0.00;0.00;0.00;8.92;88.75;7.17;0.00;0.00;2000.00;39.41;
"2019-09-17 06:06:00";10.00;14.30;14.60;0.00;114.00;0.00;1.00;2.96;268.58;3.61;8.95;88.79;7.20;0.01;60.00;2000.00;39.42;
"2019-09-17 06:11:00";9.90;14.30;14.60;0.00;74.00;0.00;1.00;4.87;243.23;5.35;8.99;89.10;7.28;0.00;0.00;2000.00;39.42;
"2019-09-17 06:16:00";9.80;14.30;14.60;0.00;95.00;0.00;1.00;2.93;256.98;5.62;9.09;89.23;7.40;0.00;0.00;2000.00;39.42;
"2019-09-17 06:21:00";9.70;14.20;14.60;0.00;77.00;0.00;1.00;3.30;261.75;3.67;9.10;89.35;7.44;0.00;0.00;2000.00;39.42;
"2019-09-17 06:26:00";9.60;14.20;14.60;0.00;114.00;0.00;1.00;4.01;263.58;4.38;9.20;89.51;7.57;0.00;0.00;2000.00;39.42;
"2019-09-17 06:31:00";9.50;14.20;14.50;0.00;137.00;0.00;1.00;4.35;272.65;4.93;9.23;89.65;7.62;0.00;0.00;2000.00;39.42;
"2019-09-17 06:36:00";9.60;14.20;14.50;0.00;79.00;0.00;1.00;5.34;248.71;5.34;9.25;89.72;7.65;0.00;0.00;2000.00;39.42;
"2019-09-17 06:41:00";9.60;14.20;14.50;0.00;72.00;0.00;1.00;4.58;253.62;4.77;9.26;89.76;7.66;0.00;0.00;2000.00;39.42;
"2019-09-17 06:46:00";9.70;14.20;14.50;0.00;131.00;0.00;1.00;3.37;335.46;4.63;9.29;89.87;7.72;0.00;0.00;2000.00;39.42;
"2019-09-17 06:51:00";9.90;14.10;14.50;0.00;112.00;0.00;1.00;3.05;282.46;4.19;9.33;89.94;7.76;0.00;0.00;2000.00;39.42;
"2019-09-17 06:56:00";9.90;14.10;14.50;0.00;128.00;0.00;1.00;2.16;248.52;4.11;9.21;89.95;7.65;0.01;0.00;2000.00;39.43;
"2019-09-17 07:01:00";10.00;14.10;14.40;0.00;120.00;0.00;1.00;3.96;250.66;5.32;9.27;90.07;7.72;0.03;60.00;2000.00;39.46;
"2019-09-17 07:06:00";10.00;14.10;14.40;0.00;123.00;0.00;1.00;0.00;0.00;2.85;9.26;90.14;7.72;0.00;0.00;2000.00;39.46;
"2019-09-17 07:11:00";9.70;14.10;14.40;0.00;106.00;0.00;1.00;3.68;261.67;3.68;9.22;90.12;7.69;0.00;0.00;2000.00;39.46;
"2019-09-17 07:16:00";9.60;14.10;14.40;0.00;93.00;0.00;1.00;1.77;235.85;3.68;9.19;90.22;7.67;0.00;0.00;2000.00;39.46;
"2019-09-17 07:21:00";9.60;14.00;14.40;0.00;148.00;0.00;1.00;3.39;274.73;3.39;9.19;90.44;7.70;0.00;0.00;2000.00;39.46;
"2019-09-17 07:26:00";9.60;14.00;14.30;0.00;148.00;0.00;1.00;2.40;282.25;3.62;9.16;90.41;7.67;0.00;0.00;2000.00;39.46;
"2019-09-17 07:31:00";9.50;14.00;14.30;0.00;72.00;0.00;1.00;3.12;245.96;4.59;9.09;90.49;7.62;0.00;0.00;2000.00;39.46;
"2019-09-17 07:36:00";9.50;14.00;14.30;0.00;85.00;0.00;1.00;2.12;249.60;4.53;9.16;90.58;7.70;0.00;0.00;2000.00;39.46;
"2019-09-17 07:41:00";9.50;14.00;14.30;0.00;54.00;0.00;1.00;3.21;276.69;5.12;9.18;90.65;7.73;0.00;0.00;2000.00;39.46;
"2019-09-17 07:46:00";9.50;13.90;14.30;0.00;120.00;0.00;1.00;2.60;242.13;4.33;9.20;90.66;7.75;0.00;0.00;2000.00;39.46;
"2019-09-17 07:51:00";9.50;13.90;14.30;0.00;56.00;0.00;1.00;3.82;282.37;5.43;9.26;90.72;7.82;0.00;0.00;2000.00;39.46;
"2019-09-17 07:56:00";9.50;13.90;14.20;0.00;59.00;0.00;1.00;3.26;254.92;4.57;9.37;90.84;7.95;0.00;0.00;2000.00;39.46;
"2019-09-17 08:01:00";9.60;13.90;14.20;0.00;43.00;0.00;1.00;4.72;286.91;5.68;9.38;90.76;7.94;0.00;0.00;2000.00;39.46;
"2019-09-17 08:06:00";9.80;13.90;14.20;0.00;43.00;0.00;1.00;3.64;284.12;4.43;9.48;90.80;8.05;0.00;0.00;2000.00;39.46;
"2019-09-17 08:11:00";9.90;13.80;14.20;0.00;36.00;0.00;1.00;3.06;264.69;5.59;9.57;90.71;8.13;0.00;0.00;2000.00;39.46;
"2019-09-17 08:16:00";9.90;13.80;14.20;0.00;33.00;0.00;1.00;3.21;243.64;4.58;9.71;90.56;8.24;0.00;0.00;2000.00;39.46;
"2019-09-17 08:21:00";9.80;13.80;14.20;0.00;31.00;0.00;1.00;2.49;276.32;4.06;9.79;90.59;8.32;0.00;0.00;2000.00;39.46;
"2019-09-17 08:26:00";9.90;13.80;14.10;0.00;28.00;0.00;0.00;3.82;231.35;4.00;9.90;90.30;8.39;0.00;0.00;2000.00;39.46;
"2019-09-17 08:31:00";9.90;13.80;14.10;0.00;24.00;0.00;0.00;2.70;231.15;3.59;10.03;90.29;8.51;0.00;0.00;2000.00;39.46;
"2019-09-17 08:36:00";9.90;13.80;14.10;0.00;28.00;0.00;0.00;1.97;257.42;4.12;10.13;90.02;8.57;0.00;0.00;2000.00;39.46;
"2019-09-17 08:41:00";9.90;13.80;14.10;0.00;26.00;0.00;0.00;0.00;0.00;0.00;10.28;89.86;8.69;0.00;0.00;2000.00;39.46;
"2019-09-17 08:46:00";9.90;13.70;14.10;0.00;69.00;0.00;1.00;2.29;237.24;4.82;10.32;89.67;8.69;0.00;0.00;2000.00;39.46;
"2019-09-17 08:51:00";10.10;13.70;14.10;0.00;51.00;0.00;1.00;3.37;287.91;4.95;10.39;89.36;8.71;0.00;0.00;2000.00;39.46;
"2019-09-17 08:56:00";10.00;13.70;14.10;0.00;85.00;0.00;1.00;3.11;287.01;6.13;10.40;88.71;8.62;0.00;0.00;2000.00;39.46;
"2019-09-17 09:01:00";10.00;13.70;14.00;0.00;74.00;0.00;1.00;3.54;271.55;4.83;10.47;88.49;8.65;0.00;0.00;2000.00;39.46;
"2019-09-17 09:06:00";10.10;13.70;14.00;0.00;59.00;0.00;1.00;5.19;277.47;5.51;10.52;87.98;8.61;0.00;0.00;2000.00;39.46;
"2019-09-17 09:11:00";10.20;13.70;14.00;0.00;46.00;0.00;1.00;5.20;276.76;5.30;10.58;87.79;8.64;0.00;0.00;2000.00;39.46;
"2019-09-17 09:16:00";10.20;13.70;14.00;0.00;33.00;0.00;1.00;3.22;265.02;4.22;10.67;87.02;8.60;0.00;0.00;2000.00;39.46;
"2019-09-17 09:21:00";10.30;13.60;14.00;0.00;46.00;0.00;1.00;3.71;237.43;5.39;10.80;86.43;8.62;0.00;0.00;2000.00;39.46;
"2019-09-17 09:26:00";10.20;13.60;14.00;0.00;36.00;0.00;1.00;3.86;271.28;5.34;10.97;85.56;8.64;0.00;0.00;2000.00;39.46;
"2019-09-17 09:31:00";10.50;13.60;14.00;0.00;24.00;0.00;0.00;1.92;261.82;5.17;11.06;84.75;8.59;0.00;0.00;2000.00;39.46;
"2019-09-17 09:36:00";11.50;13.60;13.90;0.00;11.00;0.00;0.00;0.00;0.00;0.00;11.21;83.89;8.59;0.00;0.00;2000.00;39.46;
"2019-09-17 09:41:00";11.20;13.60;13.90;0.00;0.00;0.00;0.00;3.53;273.76;4.40;11.32;82.88;8.51;0.00;0.00;2000.00;39.46;
"2019-09-17 09:46:00";11.20;13.60;13.90;0.00;0.00;0.00;0.00;6.02;290.41;6.02;11.43;82.23;8.51;0.00;0.00;2000.00;39.46;
"2019-09-17 09:51:00";11.30;13.60;13.90;0.00;0.00;0.00;0.00;2.96;277.02;4.22;11.70;81.33;8.60;0.00;0.00;2000.00;39.46;
"2019-09-17 09:56:00";11.90;13.60;13.90;0.00;0.00;0.00;0.00;4.73;262.99;5.10;11.80;80.08;8.48;0.00;0.00;2000.00;39.46;
"2019-09-17 10:01:00";13.20;13.60;13.90;0.00;0.00;0.00;0.00;2.10;275.34;3.86;11.97;79.59;8.55;0.00;0.00;2000.00;39.46;
"2019-09-17 10:06:00";14.10;13.50;13.90;0.00;0.00;0.00;0.00;0.00;0.00;3.74;12.01;78.82;8.45;0.00;0.00;2000.00;39.46;
"2019-09-17 10:11:00";14.80;13.60;13.90;0.00;0.00;0.00;0.00;3.08;268.26;5.78;12.14;77.88;8.39;0.00;0.00;2000.00;39.46;
"2019-09-17 10:16:00";15.50;13.50;13.90;0.00;0.00;0.00;0.00;0.00;0.00;0.00;12.14;77.13;8.25;0.00;0.00;2000.00;39.46;
"2019-09-17 10:21:00";16.00;13.50;13.90;0.00;0.00;0.00;0.00;4.25;276.53;6.75;12.25;76.24;8.19;0.00;0.00;2000.00;39.46;
"2019-09-17 10:26:00";16.50;13.50;13.90;0.00;0.00;0.00;0.00;0.00;0.00;3.23;12.35;76.28;8.29;0.00;0.00;2000.00;39.46;
"2019-09-17 10:31:00";16.90;13.50;13.80;0.00;0.00;0.00;0.00;4.19;234.33;5.09;12.41;75.29;8.16;0.00;0.00;2000.00;39.46;
"2019-09-17 10:36:00";17.30;13.50;13.80;0.00;0.00;0.00;0.00;0.00;0.00;6.47;12.52;74.95;8.20;0.00;0.00;2000.00;39.46;
"2019-09-17 10:41:00";17.70;13.60;13.90;0.00;0.00;0.00;0.00;5.49;296.15;5.49;12.59;75.08;8.29;0.00;0.00;2000.00;39.46;
"2019-09-17 10:46:00";18.20;13.60;13.90;0.00;0.00;0.00;0.00;0.00;0.00;4.32;12.77;74.92;8.43;0.00;0.00;2000.00;39.46;
"2019-09-17 10:51:00";18.60;13.60;13.90;0.00;0.00;0.00;0.00;2.46;214.67;5.09;13.10;74.45;8.65;0.00;0.00;2000.00;39.46;
"2019-09-17 10:56:00";19.00;13.60;13.90;0.00;0.00;0.00;0.00;7.95;232.59;7.95;12.97;73.56;8.35;0.00;0.00;2000.00;39.46;
"2019-09-17 11:01:00";19.80;13.60;13.90;0.00;0.00;0.00;0.00;5.53;264.95;6.26;13.05;73.82;8.49;0.00;0.00;2000.00;39.46;
"2019-09-17 11:06:00";20.00;13.70;13.90;0.00;0.00;0.00;0.00;0.00;0.00;0.00;13.12;73.94;8.58;0.00;0.00;2000.00;39.46;
"2019-09-17 11:11:00";21.00;13.70;13.90;0.00;0.00;0.00;0.00;0.00;0.00;0.00;13.53;73.42;8.87;0.00;0.00;2000.00;39.46;
"2019-09-17 11:16:00";20.60;13.70;14.00;0.00;0.00;0.00;0.00;0.00;0.00;6.51;13.49;72.35;8.61;0.00;0.00;2000.00;39.46;
"2019-09-17 11:21:00";19.80;13.80;14.00;0.00;0.00;0.00;0.00;0.00;0.00;5.58;13.36;72.08;8.43;0.00;0.00;2000.00;39.46;
"2019-09-17 11:26:00";19.30;13.80;14.00;0.00;0.00;0.00;0.00;3.77;284.88;5.39;13.32;71.82;8.34;0.00;0.00;2000.00;39.46;
"2019-09-17 11:31:00";18.90;13.80;14.00;0.00;0.00;0.00;0.00;0.00;0.00;3.20;13.43;71.61;8.40;0.00;0.00;2000.00;39.46;
"2019-09-17 11:36:00";18.50;13.90;14.10;0.00;0.00;0.00;0.00;0.00;0.00;0.00;13.44;70.96;8.28;0.00;0.00;2000.00;39.46;
"2019-09-17 11:41:00";18.70;13.90;14.10;0.00;0.00;0.00;0.00;0.00;0.00;5.16;13.54;70.37;8.25;0.00;0.00;2000.00;39.46;
"2019-09-17 11:46:00";18.10;14.00;14.20;0.00;0.00;0.00;0.00;0.00;0.00;6.19;13.66;69.60;8.20;0.00;0.00;2000.00;39.46;
"2019-09-17 11:51:00";17.90;14.00;14.20;0.00;0.00;0.00;0.00;0.00;0.00;0.00;14.26;68.76;8.60;0.00;0.00;2000.00;39.46;
"2019-09-17 11:56:00";18.30;14.10;14.20;0.00;0.00;0.00;0.00;4.39;290.66;7.18;14.25;67.63;8.34;0.00;0.00;2000.00;39.46;
"2019-09-17 12:01:00";18.80;14.20;14.30;0.00;0.00;0.00;0.00;6.09;307.93;6.09;14.69;66.48;8.51;0.00;0.00;2000.00;39.46;
"2019-09-17 12:06:00";19.20;14.20;14.30;0.00;0.00;0.00;0.00;7.20;241.45;7.20;14.37;65.55;8.00;0.00;0.00;2000.00;39.46;
"2019-09-17 12:11:00";19.10;14.20;14.40;0.00;0.00;0.00;0.00;0.00;0.00;0.00;14.25;65.24;7.81;0.00;0.00;2000.00;39.46;
"2019-09-17 12:16:00";18.60;14.30;14.40;0.00;0.00;0.00;0.00;0.00;0.00;5.48;14.05;64.75;7.51;0.00;0.00;2000.00;39.46;
"2019-09-17 12:21:00";20.00;14.40;14.50;0.00;0.00;0.00;0.00;0.00;0.00;0.00;14.22;64.71;7.66;0.00;0.00;2000.00;39.46;
"2019-09-17 12:26:00";21.30;14.40;14.50;0.00;0.00;0.00;0.00;3.68;256.17;5.03;14.58;63.59;7.75;0.00;0.00;2000.00;39.46;
"2019-09-17 12:31:00";22.60;14.40;14.50;0.00;0.00;0.00;0.00;5.87;311.17;6.78;14.86;63.30;7.95;0.00;0.00;2000.00;39.46;
"2019-09-17 12:36:00";22.30;14.50;14.60;0.00;0.00;0.00;0.00;0.00;0.00;4.14;14.65;62.43;7.54;0.00;0.00;2000.00;39.46;
"2019-09-17 12:41:00";21.20;14.50;14.60;0.00;0.00;0.00;0.00;4.24;319.22;5.87;14.45;61.10;7.04;0.00;0.00;2000.00;39.46;
"2019-09-17 12:46:00";21.60;14.60;14.70;0.00;0.00;0.00;0.00;3.62;249.99;5.48;14.45;60.27;6.84;0.00;0.00;2000.00;39.46;
"2019-09-17 12:51:00";21.00;14.60;14.70;0.00;0.00;0.00;0.00;8.14;249.21;8.14;14.48;58.01;6.32;0.00;0.00;2000.00;39.46;
"2019-09-17 12:56:00";21.40;14.70;14.70;0.00;0.00;0.00;0.00;2.80;300.69;4.38;14.42;56.37;5.84;0.00;0.00;2000.00;39.46;
"2019-09-17 13:01:00";22.70;14.70;14.80;0.00;0.00;0.00;0.00;0.00;0.00;5.86;14.70;54.16;5.52;0.00;0.00;2000.00;39.46;
"2019-09-17 13:06:00";23.00;14.80;14.80;0.00;0.00;0.00;0.00;0.00;0.00;3.72;14.80;53.14;5.34;0.00;0.00;2000.00;39.46;
"2019-09-17 13:11:00";23.90;14.80;14.90;0.00;0.00;0.00;0.00;0.00;0.00;5.45;15.07;52.02;5.28;0.00;0.00;2000.00;39.46;
"2019-09-17 13:16:00";24.60;14.90;14.90;0.00;0.00;0.00;0.00;0.00;0.00;6.16;15.30;50.74;5.14;0.00;0.00;2000.00;39.46;
"2019-09-17 13:21:00";24.90;14.90;15.00;0.00;0.00;0.00;0.00;4.56;251.08;5.91;15.24;49.71;4.78;0.00;0.00;2000.00;39.46;
"2019-09-17 13:26:00";25.50;15.00;15.00;0.00;0.00;0.00;0.00;0.00;0.00;0.00;15.36;48.97;4.68;0.00;0.00;2000.00;39.46;
"2019-09-17 13:31:00";25.70;15.00;15.00;0.00;0.00;0.00;0.00;2.45;264.68;5.33;15.41;49.35;4.85;0.00;0.00;2000.00;39.46;
"2019-09-17 13:36:00";25.60;15.00;15.00;0.00;0.00;0.00;0.00;2.81;243.55;2.81;15.47;50.00;5.09;0.00;0.00;2000.00;39.46;
"2019-09-17 13:41:00";26.10;15.00;15.00;0.00;0.00;0.00;0.00;0.00;0.00;0.00;15.27;53.46;5.87;0.00;0.00;2000.00;39.46;
"2019-09-17 13:46:00";26.50;15.10;15.10;0.00;0.00;0.00;0.00;0.00;0.00;1.19;15.24;54.05;5.99;0.00;0.00;2000.00;39.46;
"2019-09-17 13:51:00";27.10;15.20;15.20;0.00;0.00;0.00;0.00;0.00;0.00;4.62;15.34;53.89;6.05;0.00;0.00;2000.00;39.46;
"2019-09-17 13:56:00";26.90;15.20;15.20;0.00;0.00;0.00;0.00;0.00;0.00;0.00;15.51;52.85;5.92;0.00;0.00;2000.00;39.46;
"2019-09-17 14:01:00";26.90;15.30;15.30;0.00;0.00;0.00;0.00;0.00;0.00;5.43;15.61;52.83;6.01;0.00;0.00;2000.00;39.46;
"2019-09-17 14:06:00";27.40;15.40;15.30;0.00;0.00;0.00;0.00;0.00;0.00;0.88;15.83;52.10;6.01;0.00;0.00;2000.00;39.46;
"2019-09-17 14:11:00";27.20;15.50;15.40;0.00;0.00;0.00;0.00;0.00;0.00;0.00;15.69;51.53;5.73;0.00;0.00;2000.00;39.46;
"2019-09-17 14:16:00";26.40;15.50;15.50;0.00;0.00;0.00;0.00;0.00;0.00;0.00;15.65;51.40;5.65;0.00;0.00;2000.00;39.46;
"2019-09-17 14:21:00";27.40;15.60;15.50;0.00;0.00;0.00;0.00;0.00;0.00;0.00;15.60;46.84;4.27;0.00;0.00;2000.00;39.46;
"2019-09-17 14:26:00";27.70;15.70;15.60;0.00;0.00;0.00;0.00;0.00;0.00;1.93;15.60;46.20;4.07;0.00;0.00;2000.00;39.46;
"2019-09-17 14:31:00";27.80;15.80;15.70;0.00;0.00;0.00;0.00;0.00;0.00;4.49;15.79;46.13;4.22;0.00;0.00;2000.00;39.46;
"2019-09-17 14:36:00";27.80;15.80;15.70;0.00;0.00;0.00;0.00;3.64;237.64;6.95;15.59;44.72;3.60;0.00;0.00;2000.00;39.46;
"2019-09-17 14:41:00";27.80;15.90;15.80;0.00;0.00;0.00;0.00;3.67;249.52;4.34;15.71;45.61;3.99;0.00;0.00;2000.00;39.46;
"2019-09-17 14:46:00";27.40;16.00;15.90;0.00;0.00;0.00;0.00;0.00;0.00;0.00;15.63;46.46;4.18;0.00;0.00;2000.00;39.46;
"2019-09-17 14:51:00";26.40;16.10;15.90;0.00;0.00;0.00;0.00;0.00;0.00;0.00;15.57;48.79;4.83;0.00;0.00;2000.00;39.46;
"2019-09-17 14:56:00";25.60;16.20;16.00;0.00;0.00;0.00;0.00;0.00;0.00;0.00;15.40;50.66;5.21;0.00;0.00;2000.00;39.46;
"2019-09-17 15:01:00";24.50;16.20;16.10;0.00;0.00;0.00;0.00;0.00;0.00;0.00;15.00;51.47;5.07;0.00;0.00;2000.00;39.46;
"2019-09-17 15:06:00";23.50;16.30;16.10;0.00;0.00;0.00;0.00;0.00;0.00;0.00;14.72;52.72;5.16;0.00;0.00;2000.00;39.46;
"2019-09-17 15:11:00";22.80;16.40;16.20;0.00;0.00;0.00;0.00;0.00;0.00;0.00;14.55;53.79;5.28;0.00;0.00;2000.00;39.46;
"2019-09-17 15:16:00";22.60;16.50;16.30;0.00;0.00;0.00;0.00;0.00;0.00;0.00;14.52;55.34;5.67;0.00;0.00;2000.00;39.46;
"2019-09-17 15:21:00";22.10;16.50;16.30;0.00;0.00;0.00;0.00;0.00;0.00;0.00;13.95;56.89;5.53;0.00;0.00;2000.00;39.46;
"2019-09-17 15:26:00";21.70;16.60;16.40;0.00;0.00;0.00;0.00;0.00;0.00;0.00;13.39;59.33;5.61;0.00;0.00;2000.00;39.46;
"2019-09-17 15:31:00";21.10;16.70;16.50;0.00;0.00;0.00;0.00;0.00;0.00;0.00;13.21;60.09;5.63;0.00;0.00;2000.00;39.46;
"2019-09-17 15:36:00";20.50;16.70;16.50;0.00;0.00;0.00;0.00;0.00;0.00;0.00;12.78;61.27;5.50;0.00;0.00;2000.00;39.46;
"2019-09-17 15:41:00";20.10;16.80;16.60;0.00;0.00;0.00;0.00;0.00;0.00;0.00;12.40;63.10;5.57;0.00;0.00;2000.00;39.46;
"2019-09-17 15:46:00";19.80;16.80;16.60;0.00;0.00;0.00;0.00;0.00;0.00;0.00;12.08;64.64;5.61;0.00;0.00;2000.00;39.46;
"2019-09-17 15:51:00";19.40;16.90;16.70;0.00;0.00;0.00;0.00;1.98;298.37;4.23;11.95;66.58;5.92;0.00;0.00;2000.00;39.46;
"2019-09-17 15:56:00";19.10;16.90;16.70;0.00;0.00;0.00;0.00;0.00;0.00;5.96;12.18;67.18;6.27;0.00;0.00;2000.00;39.46;
"2019-09-17 16:01:00";19.10;17.00;16.80;0.00;0.00;0.00;0.00;2.23;263.08;4.50;12.26;66.90;6.28;0.00;0.00;2000.00;39.46;
"2019-09-17 16:06:00";18.90;17.00;16.80;0.00;0.00;0.00;0.00;0.00;0.00;5.02;12.16;66.37;6.07;0.00;0.00;2000.00;39.46;
"2019-09-17 16:11:00";18.80;17.00;16.80;0.00;0.00;0.00;0.00;0.00;0.00;6.92;11.81;65.98;5.66;0.00;0.00;2000.00;39.46;
"2019-09-17 16:16:00";18.60;17.10;16.90;0.00;0.00;0.00;0.00;0.00;0.00;0.00;11.77;66.43;5.72;0.00;0.00;2000.00;39.46;
"2019-09-17 16:21:00";18.40;17.10;16.90;0.00;0.00;0.00;0.00;2.93;243.54;3.03;11.78;66.17;5.67;0.00;0.00;2000.00;39.46;
"2019-09-17 16:26:00";18.20;17.10;16.90;0.00;0.00;0.00;0.00;0.00;0.00;2.99;11.78;66.29;5.69;0.00;0.00;2000.00;39.46;
"2019-09-17 16:31:00";18.00;17.10;17.00;0.00;0.00;0.00;0.00;3.09;208.87;5.57;11.59;65.90;5.42;0.00;0.00;2000.00;39.46;
"2019-09-17 16:36:00";17.80;17.10;17.00;0.00;0.00;0.00;0.00;0.00;0.00;4.62;11.44;66.24;5.36;0.00;0.00;2000.00;39.46;
"2019-09-17 16:41:00";17.70;17.10;17.00;0.00;0.00;0.00;0.00;0.00;0.00;2.55;11.50;66.63;5.50;0.00;0.00;2000.00;39.46;
"2019-09-17 16:46:00";17.80;17.20;17.00;0.00;0.00;0.00;0.00;0.00;0.00;0.00;11.57;66.90;5.63;0.00;0.00;2000.00;39.46;
"2019-09-17 16:51:00";17.40;17.10;17.00;0.00;0.00;0.00;0.00;0.00;0.00;0.00;11.57;67.10;5.67;0.02;60.00;2000.00;39.48;
"2019-09-17 16:56:00";17.30;17.20;17.00;0.00;0.00;0.00;0.00;2.38;260.35;3.54;11.46;67.44;5.64;0.01;60.00;2000.00;39.49;
"2019-09-17 17:01:00";17.00;17.20;17.10;0.00;0.00;0.00;0.00;0.00;0.00;2.83;11.28;67.89;5.56;0.03;60.00;2000.00;39.52;
"2019-09-17 17:06:00";16.80;17.20;17.10;0.00;0.00;0.00;0.00;0.00;0.00;0.00;11.26;68.23;5.61;0.00;0.00;2000.00;39.52;
"2019-09-17 17:11:00";17.60;17.20;17.10;0.00;0.00;0.00;0.00;0.00;0.00;0.00;11.51;69.10;6.04;0.00;0.00;2000.00;39.52;
"2019-09-17 17:16:00";18.00;17.20;17.10;0.00;0.00;0.00;0.00;0.00;0.00;0.00;11.62;68.97;6.11;0.00;0.00;2000.00;39.52;
"2019-09-17 17:21:00";18.10;17.20;17.10;0.00;0.00;0.00;0.00;0.00;0.00;0.00;11.70;68.94;6.19;0.00;0.00;2000.00;39.52;
"2019-09-17 17:26:00";18.10;17.10;17.10;0.00;0.00;0.00;0.00;0.00;0.00;0.00;11.70;69.14;6.23;0.00;0.00;2000.00;39.52;
"2019-09-17 17:31:00";17.80;17.10;17.00;0.00;0.00;0.00;0.00;0.00;0.00;0.00;11.41;69.26;5.97;0.00;0.00;2000.00;39.52;
"2019-09-17 17:36:00";17.40;17.10;17.10;0.00;0.00;0.00;0.00;0.00;0.00;0.00;11.49;69.75;6.15;0.00;0.00;2000.00;39.52;
"2019-09-17 17:41:00";17.20;17.10;17.10;0.00;0.00;0.00;0.00;0.00;0.00;3.90;11.31;69.54;5.93;0.01;60.00;2000.00;39.53;
"2019-09-17 17:46:00";16.50;17.10;17.10;0.00;11.00;0.00;0.00;0.00;0.00;0.00;11.23;70.03;5.96;0.03;60.00;2000.00;39.56;
"2019-09-17 17:51:00";16.00;17.10;17.10;0.00;21.00;0.00;0.00;0.00;0.00;0.00;11.16;70.25;5.94;0.02;60.00;2000.00;39.58;
"2019-09-17 17:56:00";15.70;17.10;17.10;0.00;24.00;0.00;0.00;0.00;0.00;0.00;11.15;70.72;6.03;0.00;0.00;2000.00;39.58;
"2019-09-17 18:01:00";15.40;17.10;17.10;0.00;66.00;0.00;1.00;0.00;0.00;0.00;11.25;71.27;6.23;0.05;60.00;2000.00;39.63;
"2019-09-17 18:06:00";15.20;17.10;17.10;0.00;64.00;0.00;1.00;0.00;0.00;0.00;11.13;71.26;6.12;0.00;0.00;2000.00;39.63;
"2019-09-17 18:11:00";15.00;17.10;17.00;0.00;85.00;0.00;1.00;0.00;0.00;0.00;11.08;71.68;6.15;0.04;60.00;2000.00;39.67;
"2019-09-17 18:16:00";14.60;17.10;17.10;0.00;106.00;0.00;1.00;0.00;0.00;0.00;11.01;72.04;6.17;0.01;60.00;2000.00;39.68;
"2019-09-17 18:21:00";14.40;17.10;17.00;0.00;103.00;0.00;1.00;0.00;0.00;0.00;10.85;72.36;6.07;0.01;60.00;2000.00;39.69;
"2019-09-17 18:26:00";14.20;17.10;17.00;0.00;324.00;0.00;2.00;0.00;0.00;0.00;10.67;72.98;6.02;0.09;60.00;2000.00;39.78;
"2019-09-17 18:31:00";14.00;17.00;17.00;0.00;126.00;0.00;1.00;0.00;0.00;0.00;10.34;74.11;5.93;0.05;60.00;2000.00;39.83;
"2019-09-17 18:36:00";13.80;17.00;17.00;0.00;72.00;0.00;1.00;0.00;0.00;0.00;10.17;75.50;6.03;0.02;0.00;2000.00;39.85;
"2019-09-17 18:41:00";13.70;17.00;17.00;0.00;134.00;0.00;1.00;0.00;0.00;0.00;10.04;76.67;6.13;0.00;0.00;2000.00;39.85;
"2019-09-17 18:46:00";13.60;17.00;17.00;0.00;93.00;0.00;1.00;0.00;0.00;0.00;9.90;77.83;6.21;0.00;0.00;2000.00;39.85;
"2019-09-17 18:51:00";13.50;17.00;17.00;0.00;93.00;0.00;1.00;0.00;0.00;0.00;9.84;78.91;6.35;0.00;0.00;2000.00;39.85;
"2019-09-17 18:56:00";13.30;17.00;17.00;0.00;95.00;0.00;1.00;0.00;0.00;0.00;9.85;79.91;6.54;0.00;0.00;2000.00;39.85;
"2019-09-17 19:01:00";13.30;16.90;16.90;0.00;77.00;0.00;1.00;0.00;0.00;0.00;9.90;80.68;6.73;0.00;0.00;2000.00;39.85;
"2019-09-17 19:06:00";13.20;16.90;16.90;0.00;69.00;0.00;1.00;0.00;0.00;0.00;10.02;81.58;7.01;0.00;0.00;2000.00;39.85;
"2019-09-17 19:11:00";13.20;16.90;16.90;0.00;54.00;0.00;1.00;0.00;0.00;0.00;10.04;82.23;7.14;0.00;0.00;2000.00;39.85;
"2019-09-17 19:16:00";13.20;16.90;16.90;0.00;43.00;0.00;1.00;0.00;0.00;0.00;10.03;82.82;7.24;0.00;0.00;2000.00;39.85;
"2019-09-17 19:21:00";13.20;16.80;16.90;0.00;61.00;0.00;1.00;0.00;0.00;0.00;10.05;83.30;7.34;0.00;0.00;2000.00;39.85;
"2019-09-17 19:26:00";13.10;16.80;16.90;0.00;43.00;0.00;1.00;0.00;0.00;0.00;10.00;83.88;7.40;0.00;0.00;2000.00;39.85;
"2019-09-17 19:31:00";12.90;16.80;16.80;0.00;38.00;0.00;1.00;0.00;0.00;0.00;9.94;84.26;7.40;0.00;0.00;2000.00;39.85;
"2019-09-17 19:36:00";12.90;16.70;16.80;0.00;48.00;0.00;1.00;0.00;0.00;0.00;9.95;84.91;7.52;0.00;0.00;2000.00;39.85;
"2019-09-17 19:41:00";12.80;16.70;16.80;0.00;41.00;0.00;1.00;0.00;0.00;0.00;9.87;85.17;7.49;0.00;0.00;2000.00;39.85;
"2019-09-17 19:46:00";12.70;16.70;16.80;0.00;38.00;0.00;1.00;0.00;0.00;0.00;9.76;85.45;7.44;0.00;0.00;2000.00;39.85;
"2019-09-17 19:51:00";12.70;16.70;16.70;0.00;90.00;0.00;1.00;0.00;0.00;0.00;9.72;85.84;7.47;0.00;0.00;2000.00;39.85;
"2019-09-17 19:56:00";12.60;16.60;16.70;0.00;106.00;0.00;1.00;0.00;0.00;0.00;9.71;86.23;7.52;0.01;60.00;2000.00;39.86;
"2019-09-17 20:01:00";12.40;16.60;16.70;0.00;93.00;0.00;1.00;0.00;0.00;0.00;9.58;86.35;7.41;0.00;0.00;2000.00;39.86;
"2019-09-17 20:06:00";12.20;16.60;16.70;0.00;54.00;0.00;1.00;0.00;0.00;0.00;9.49;86.52;7.35;0.00;0.00;2000.00;39.86;
"2019-09-17 20:11:00";12.10;16.50;16.60;0.00;38.00;0.00;1.00;0.00;0.00;0.00;9.52;86.84;7.44;0.00;0.00;2000.00;39.86;
"2019-09-17 20:16:00";11.90;16.50;16.60;0.00;31.00;0.00;1.00;0.00;0.00;0.00;9.47;86.95;7.40;0.00;0.00;2000.00;39.86;
"2019-09-17 20:21:00";11.70;16.50;16.60;0.00;28.00;0.00;0.00;0.00;0.00;0.00;9.40;87.11;7.36;0.00;0.00;2000.00;39.86;
"2019-09-17 20:26:00";11.60;16.50;16.60;0.00;26.00;0.00;0.00;0.00;0.00;0.00;9.38;87.13;7.35;0.00;0.00;2000.00;39.86;
"2019-09-17 20:31:00";11.50;16.40;16.50;0.00;14.00;0.00;0.00;0.00;0.00;0.00;9.29;87.21;7.27;0.00;0.00;2000.00;39.86;
"2019-09-17 20:36:00";11.30;16.40;16.50;0.00;19.00;0.00;0.00;0.00;0.00;2.01;9.28;87.33;7.29;0.00;0.00;2000.00;39.86;
"2019-09-17 20:41:00";11.20;16.40;16.50;0.00;16.00;0.00;0.00;0.00;0.00;0.00;9.22;87.28;7.22;0.00;0.00;2000.00;39.86;
"2019-09-17 20:46:00";11.10;16.30;16.50;0.00;0.00;0.00;0.00;0.00;0.00;0.00;9.15;87.36;7.15;0.00;0.00;2000.00;39.86;
"2019-09-17 20:51:00";11.00;16.30;16.40;0.00;0.00;0.00;0.00;0.00;0.00;0.00;9.12;87.52;7.15;0.00;0.00;2000.00;39.86;
"2019-09-17 20:56:00";11.10;16.30;16.40;0.00;0.00;0.00;0.00;0.00;0.00;0.00;9.06;87.60;7.11;0.00;0.00;2000.00;39.86;
"2019-09-17 21:01:00";11.10;16.20;16.40;0.00;0.00;0.00;0.00;0.00;0.00;0.00;9.02;87.69;7.08;0.00;0.00;2000.00;39.86;
"2019-09-17 21:06:00";11.20;16.20;16.30;0.00;0.00;0.00;0.00;0.00;0.00;0.00;8.99;87.78;7.07;0.00;0.00;2000.00;39.86;
"2019-09-17 21:11:00";11.20;16.20;16.30;0.00;0.00;0.00;0.00;0.00;0.00;0.00;8.93;87.88;7.03;0.00;0.00;2000.00;39.86;
"2019-09-17 21:16:00";11.20;16.10;16.30;0.00;0.00;0.00;0.00;0.00;0.00;0.00;8.92;88.02;7.04;0.00;0.00;2000.00;39.86;
"2019-09-17 21:21:00";11.10;16.10;16.20;0.00;0.00;0.00;0.00;0.00;0.00;0.00;8.90;88.17;7.05;0.00;0.00;2000.00;39.86;
"2019-09-17 21:26:00";11.10;16.10;16.20;0.00;0.00;0.00;0.00;0.00;0.00;0.00;8.93;88.32;7.10;0.00;0.00;2000.00;39.86;
"2019-09-17 21:31:00";11.00;16.00;16.20;0.00;0.00;0.00;0.00;0.00;0.00;0.00;8.88;88.30;7.05;0.00;0.00;2000.00;39.86;
"2019-09-17 21:36:00";11.00;16.00;16.20;0.00;0.00;0.00;0.00;0.00;0.00;0.00;8.85;88.50;7.05;0.00;0.00;2000.00;39.86;
"2019-09-17 21:41:00";10.90;16.00;16.10;0.00;0.00;0.00;0.00;0.00;0.00;1.69;8.81;88.59;7.03;0.00;0.00;2000.00;39.86;
"2019-09-17 21:46:00";11.00;15.90;16.10;0.00;0.00;0.00;0.00;0.00;0.00;0.00;8.76;88.67;7.00;0.00;0.00;2000.00;39.86;
"2019-09-17 21:51:00";11.00;15.90;16.10;0.00;0.00;0.00;0.00;0.00;0.00;1.31;8.79;88.87;7.05;0.00;0.00;2000.00;39.86;
"2019-09-17 21:56:00";11.00;15.90;16.00;0.00;0.00;0.00;0.00;0.00;0.00;0.00;8.80;88.81;7.06;0.00;0.00;2000.00;39.86;
"2019-09-17 22:01:00";11.10;15.80;16.00;0.00;0.00;0.00;0.00;0.00;0.00;0.00;8.80;88.87;7.06;0.00;0.00;2000.00;39.86;
"2019-09-17 22:06:00";11.10;15.80;16.00;0.00;0.00;0.00;0.00;0.00;0.00;0.00;8.76;88.88;7.02;0.00;0.00;2000.00;39.86;
"2019-09-17 22:11:00";11.20;15.70;15.90;0.00;0.00;0.00;0.00;0.00;0.00;0.00;8.79;88.94;7.06;0.00;0.00;2000.00;39.86;
"2019-09-17 22:16:00";11.20;15.70;15.90;0.00;0.00;0.00;0.00;1.82;283.27;2.79;8.76;88.97;7.04;0.00;0.00;2000.00;39.86;
"2019-09-17 22:21:00";11.20;15.70;15.90;0.00;0.00;0.00;0.00;0.00;0.00;0.00;8.71;89.15;7.02;0.00;0.00;2000.00;39.86;
"2019-09-17 22:26:00";11.20;15.60;15.90;0.00;0.00;0.00;0.00;0.00;0.00;0.00;8.67;89.12;6.98;0.00;0.00;2000.00;39.86;
"2019-09-17 22:31:00";11.30;15.60;15.80;0.00;0.00;0.00;0.00;0.00;0.00;0.00;8.65;89.08;6.95;0.00;0.00;2000.00;39.86;
"2019-09-17 22:36:00";11.30;15.60;15.80;0.00;0.00;0.00;0.00;0.00;0.00;0.00;8.61;89.22;6.93;0.00;0.00;2000.00;39.86;
"2019-09-17 22:41:00";11.30;15.50;15.80;0.00;0.00;0.00;0.00;0.00;0.00;0.00;8.56;89.17;6.88;0.00;0.00;2000.00;39.86;
"2019-09-17 22:46:00";11.40;15.50;15.70;0.00;0.00;0.00;0.00;0.00;0.00;0.00;8.61;89.24;6.94;0.00;0.00;2000.00;39.86;
"2019-09-17 22:51:00";11.40;15.50;15.70;0.00;0.00;0.00;0.00;2.46;239.64;2.46;8.64;89.42;7.00;0.00;0.00;2000.00;39.86;
"2019-09-17 22:56:00";11.50;15.50;15.70;0.00;0.00;0.00;0.00;0.00;0.00;0.00;8.66;89.29;6.99;0.00;0.00;2000.00;39.86;
"2019-09-17 23:01:00";11.40;15.40;15.70;0.00;0.00;0.00;0.00;0.00;0.00;0.00;8.64;89.50;7.01;0.00;0.00;2000.00;39.86;
"2019-09-17 23:06:00";11.40;15.40;15.60;0.00;0.00;0.00;0.00;0.00;0.00;1.68;8.65;89.59;7.03;0.00;0.00;2000.00;39.86;
"2019-09-17 23:11:00";11.50;15.40;15.60;0.00;0.00;0.00;0.00;0.00;0.00;0.00;8.63;89.64;7.02;0.00;0.00;2000.00;39.86;
"2019-09-17 23:16:00";11.50;15.30;15.60;0.00;0.00;0.00;0.00;0.00;0.00;0.00;8.66;89.78;7.07;0.00;0.00;2000.00;39.86;
"2019-09-17 23:21:00";11.50;15.30;15.50;0.00;0.00;0.00;0.00;0.00;0.00;0.00;8.62;89.80;7.04;0.00;0.00;2000.00;39.86;
"2019-09-17 23:26:00";11.60;15.30;15.50;0.00;0.00;0.00;0.00;0.00;0.00;0.00;8.65;89.99;7.10;0.00;0.00;2000.00;39.86;
"2019-09-17 23:31:00";11.50;15.20;15.50;0.00;0.00;0.00;0.00;0.00;0.00;0.00;8.57;89.89;7.00;0.00;0.00;2000.00;39.86;
"2019-09-17 23:36:00";11.50;15.20;15.50;0.00;0.00;0.00;0.00;0.00;0.00;0.00;8.55;90.10;7.01;0.00;0.00;2000.00;39.86;
"2019-09-17 23:41:00";11.60;15.20;15.50;0.00;0.00;0.00;0.00;0.00;0.00;0.00;8.51;90.20;6.99;0.00;0.00;2000.00;39.86;
"2019-09-17 23:46:00";11.60;15.20;15.40;0.00;0.00;0.00;0.00;0.00;0.00;0.00;8.55;90.15;7.02;0.00;0.00;2000.00;39.86;
"2019-09-17 23:51:00";11.60;15.20;15.40;0.00;0.00;0.00;0.00;0.00;0.00;0.00;8.47;90.03;6.93;0.00;0.00;2000.00;39.86;
"2019-09-17 23:56:00";11.50;15.10;15.40;0.00;0.00;0.00;0.00;0.00;0.00;0.00;8.46;90.32;6.96;0.00;0.00;2000.00;39.86;
"2019-09-18 00:01:00";11.50;15.10;15.40;0.00;0.00;0.00;0.00;0.00;0.00;0.00;8.43;90.32;6.93;0.00;0.00;2000.00;39.86;
"2019-09-18 00:06:00";11.50;15.10;15.40;0.00;0.00;0.00;0.00;0.00;0.00;0.00;8.42;90.47;6.95;0.00;0.00;2000.00;39.86;
"2019-09-18 00:11:00";11.50;15.10;15.30;0.00;0.00;0.00;0.00;0.00;0.00;0.00;8.43;90.52;6.97;0.00;0.00;2000.00;39.86;
"2019-09-18 00:16:00";11.50;15.00;15.30;0.00;0.00;0.00;0.00;0.00;0.00;0.00;8.42;90.48;6.95;0.00;0.00;2000.00;39.86;
"2019-09-18 00:21:00";11.40;15.00;15.30;0.00;0.00;0.00;0.00;0.00;0.00;0.00;8.35;90.64;6.91;0.00;0.00;2000.00;39.86;
"2019-09-18 00:26:00";11.30;15.00;15.30;0.00;0.00;0.00;0.00;0.00;0.00;0.00;8.29;90.74;6.87;0.00;0.00;2000.00;39.86;
"2019-09-18 00:31:00";11.20;15.00;15.30;0.00;0.00;0.00;0.00;0.00;0.00;0.00;8.32;90.91;6.92;0.00;0.00;2000.00;39.86;
"2019-09-18 00:36:00";11.20;15.00;15.20;0.00;0.00;0.00;0.00;0.00;0.00;0.00;8.28;90.90;6.88;0.00;0.00;2000.00;39.86;
"2019-09-18 00:41:00";11.20;15.00;15.20;0.00;0.00;0.00;0.00;0.00;0.00;0.00;8.27;90.95;6.88;0.00;0.00;2000.00;39.86;
"2019-09-18 00:46:00";11.30;15.00;15.20;0.00;0.00;0.00;0.00;0.00;0.00;0.00;8.28;91.09;6.91;0.00;0.00;2000.00;39.86;
"2019-09-18 00:51:00";11.20;15.00;15.20;0.00;19.00;0.00;0.00;0.00;0.00;0.00;8.25;91.34;6.92;0.00;0.00;2000.00;39.86;
"2019-09-18 00:56:00";11.20;15.00;15.20;0.00;41.00;0.00;1.00;0.00;0.00;0.00;8.32;91.45;7.01;0.01;0.00;2000.00;39.87;
"2019-09-18 01:01:00";11.10;15.00;15.20;0.00;215.00;0.00;1.00;0.00;0.00;0.00;8.30;91.42;6.99;0.04;60.00;2000.00;39.91;
"2019-09-18 01:06:00";11.00;15.00;15.10;0.00;347.00;0.00;2.00;0.00;0.00;0.00;8.19;91.42;6.87;0.03;60.00;2000.00;39.94;
"2019-09-18 01:11:00";11.00;15.00;15.10;0.00;199.00;0.00;1.00;0.00;0.00;0.00;8.20;91.54;6.90;0.03;60.00;2000.00;39.97;
"2019-09-18 01:16:00";10.90;14.90;15.10;0.00;187.00;0.00;1.00;0.00;0.00;0.00;8.10;91.75;6.84;0.00;0.00;2000.00;39.97;
"2019-09-18 01:21:00";10.90;14.90;15.10;0.00;87.00;0.00;1.00;0.00;0.00;0.00;8.09;91.88;6.85;0.00;0.00;2000.00;39.97;
"2019-09-18 01:26:00";10.80;14.90;15.10;0.00;103.00;0.00;1.00;0.00;0.00;0.00;8.07;92.10;6.86;0.00;0.00;2000.00;39.97;
"2019-09-18 01:31:00";10.90;14.90;15.10;0.00;93.00;0.00;1.00;0.00;0.00;0.00;8.14;92.18;6.95;0.00;0.00;2000.00;39.97;
"2019-09-18 01:36:00";10.80;14.90;15.00;0.00;59.00;0.00;1.00;0.00;0.00;0.00;8.04;92.10;6.84;0.00;0.00;2000.00;39.97;
"2019-09-18 01:41:00";10.80;14.90;15.00;0.00;66.00;0.00;1.00;0.00;0.00;0.00;8.02;92.31;6.85;0.00;0.00;2000.00;39.97;
"2019-09-18 01:46:00";10.80;14.80;15.00;0.00;51.00;0.00;1.00;0.00;0.00;0.00;8.10;92.55;6.97;0.00;0.00;2000.00;39.97;
"2019-09-18 01:51:00";10.80;14.80;15.00;0.00;109.00;0.00;1.00;0.00;0.00;0.00;8.07;92.71;6.96;0.00;0.00;2000.00;39.97;
"2019-09-18 01:56:00";10.80;14.80;15.00;0.00;126.00;0.00;1.00;0.00;0.00;0.00;8.06;92.70;6.95;0.00;0.00;2000.00;39.97;
"2019-09-18 02:01:00";10.80;14.80;15.00;0.00;145.00;0.00;1.00;0.00;0.00;0.00;8.00;93.01;6.93;0.00;0.00;2000.00;39.97;
"2019-09-18 02:06:00";10.70;14.80;15.00;0.00;178.00;0.00;1.00;0.00;0.00;0.00;7.98;93.07;6.92;0.01;0.00;2000.00;39.98;
"2019-09-18 02:11:00";10.60;14.70;15.00;0.00;181.00;0.00;1.00;0.00;0.00;0.00;7.93;92.98;6.87;0.02;60.00;2000.00;40.00;
"2019-09-18 02:16:00";10.60;14.70;15.00;0.00;160.00;0.00;1.00;0.00;0.00;0.00;7.88;93.37;6.88;0.00;0.00;2000.00;40.00;
"2019-09-18 02:21:00";10.60;14.70;15.00;0.00;117.00;0.00;1.00;0.00;0.00;0.00;7.88;93.64;6.91;0.00;0.00;2000.00;40.00;
"2019-09-18 02:26:00";10.60;14.70;15.00;0.00;154.00;0.00;1.00;0.00;0.00;0.00;7.79;93.55;6.81;0.00;0.00;2000.00;40.00;
"2019-09-18 02:31:00";10.60;14.70;15.00;0.00;212.00;0.00;1.00;0.00;0.00;0.00;7.78;93.48;6.79;0.00;0.00;2000.00;40.00;
"2019-09-18 02:36:00";10.60;14.60;14.90;0.00;142.00;0.00;1.00;0.00;0.00;0.00;7.77;93.93;6.85;0.00;0.00;2000.00;40.00;
"2019-09-18 02:41:00";10.60;14.60;14.90;0.00;117.00;0.00;1.00;0.00;0.00;0.00;7.76;94.14;6.87;0.00;0.00;2000.00;40.00;
"2019-09-18 02:46:00";10.60;14.60;14.90;0.00;93.00;0.00;1.00;0.00;0.00;0.00;7.78;94.08;6.88;0.00;0.00;2000.00;40.00;
"2019-09-18 02:51:00";10.60;14.60;14.90;0.00;74.00;0.00;1.00;0.00;0.00;0.00;7.72;94.32;6.86;0.00;0.00;2000.00;40.00;
"2019-09-18 02:56:00";10.60;14.60;14.90;0.00;59.00;0.00;1.00;0.00;0.00;0.00;7.75;94.34;6.90;0.00;0.00;2000.00;40.00;
"2019-09-18 03:01:00";10.60;14.60;14.80;0.00;51.00;0.00;1.00;0.00;0.00;0.00;7.78;94.65;6.98;0.00;0.00;2000.00;40.00;
"2019-09-18 03:06:00";10.60;14.50;14.80;0.00;43.00;0.00;1.00;0.00;0.00;0.00;7.80;94.60;6.98;0.00;0.00;2000.00;40.00;
"2019-09-18 03:11:00";10.60;14.50;14.80;0.00;79.00;0.00;1.00;0.00;0.00;0.00;7.79;94.82;7.01;0.00;0.00;2000.00;40.00;
"2019-09-18 03:16:00";10.60;14.50;14.80;0.00;59.00;0.00;1.00;0.00;0.00;0.00;7.85;95.00;7.10;0.00;0.00;2000.00;40.00;
"2019-09-18 03:21:00";10.60;14.50;14.80;0.00;48.00;0.00;1.00;0.00;0.00;0.00;7.92;95.15;7.19;0.00;0.00;2000.00;40.00;
"2019-09-18 03:26:00";10.60;14.50;14.80;0.00;43.00;0.00;1.00;0.00;0.00;0.00;7.93;95.15;7.20;0.00;0.00;2000.00;40.00;
"2019-09-18 03:31:00";10.60;14.50;14.70;0.00;90.00;0.00;1.00;0.00;0.00;0.00;7.95;95.29;7.24;0.00;0.00;2000.00;40.00;
"2019-09-18 03:36:00";10.70;14.40;14.70;0.00;69.00;0.00;1.00;0.00;0.00;0.00;7.98;95.33;7.28;0.00;0.00;2000.00;40.00;
"2019-09-18 03:41:00";10.70;14.40;14.70;0.00;54.00;0.00;1.00;0.00;0.00;0.00;8.00;95.49;7.32;0.00;0.00;2000.00;40.00;
"2019-09-18 03:46:00";10.70;14.40;14.70;0.00;46.00;0.00;1.00;0.00;0.00;0.00;7.99;95.55;7.32;0.00;0.00;2000.00;40.00;
"2019-09-18 03:51:00";10.70;14.40;14.70;0.00;41.00;0.00;1.00;0.00;0.00;0.00;7.93;95.70;7.29;0.00;0.00;2000.00;40.00;
"2019-09-18 03:56:00";10.80;14.40;14.70;0.00;36.00;0.00;1.00;0.00;0.00;0.00;7.96;95.69;7.32;0.00;0.00;2000.00;40.00;
"2019-09-18 04:01:00";10.80;14.40;14.70;0.00;31.00;0.00;1.00;0.00;0.00;0.00;7.95;95.90;7.34;0.00;0.00;2000.00;40.00;
"2019-09-18 04:06:00";10.80;14.40;14.60;0.00;28.00;0.00;0.00;0.00;0.00;0.00;7.97;96.02;7.38;0.00;0.00;2000.00;40.00;
"2019-09-18 04:11:00";10.80;14.30;14.60;0.00;26.00;0.00;0.00;0.00;0.00;0.00;7.99;95.98;7.39;0.00;0.00;2000.00;40.00;
"2019-09-18 04:16:00";10.70;14.30;14.60;0.00;82.00;0.00;1.00;0.00;0.00;0.00;8.02;96.15;7.44;0.00;0.00;2000.00;40.00;
"2019-09-18 04:21:00";10.50;14.30;14.60;0.00;64.00;0.00;1.00;0.00;0.00;0.00;7.96;96.12;7.38;0.00;0.00;2000.00;40.00;
"2019-09-18 04:26:00";10.30;14.30;14.60;0.00;56.00;0.00;1.00;0.00;0.00;0.00;7.95;96.20;7.39;0.00;0.00;2000.00;40.00;
"2019-09-18 04:31:00";10.30;14.30;14.60;0.00;46.00;0.00;1.00;0.00;0.00;0.00;7.94;96.36;7.40;0.00;0.00;2000.00;40.00;
"2019-09-18 04:36:00";10.30;14.30;14.50;0.00;77.00;0.00;1.00;0.00;0.00;0.00;7.89;96.36;7.34;0.00;0.00;2000.00;40.00;
"2019-09-18 04:41:00";10.40;14.20;14.50;0.00;64.00;0.00;1.00;0.00;0.00;0.00;7.86;96.54;7.35;0.00;0.00;2000.00;40.00;
"2019-09-18 04:46:00";10.50;14.20;14.50;0.00;56.00;0.00;1.00;0.00;0.00;0.00;7.94;96.56;7.43;0.00;0.00;2000.00;40.00;
"2019-09-18 04:51:00";10.50;14.20;14.50;0.00;72.00;0.00;1.00;0.00;0.00;0.00;7.93;96.68;7.44;0.00;0.00;2000.00;40.00;
"2019-09-18 04:56:00";10.50;14.20;14.50;0.00;109.00;0.00;1.00;0.00;0.00;0.00;7.93;96.70;7.44;0.00;0.00;2000.00;40.00;
"2019-09-18 05:01:00";10.40;14.20;14.50;0.00;98.00;0.00;1.00;0.00;0.00;0.00;7.97;96.78;7.48;0.00;0.00;2000.00;40.00;
"2019-09-18 05:06:00";10.30;14.20;14.50;0.00;112.00;0.00;1.00;0.00;0.00;0.00;7.91;96.75;7.43;0.00;0.00;2000.00;40.00;
"2019-09-18 05:11:00";10.20;14.20;14.50;0.00;95.00;0.00;1.00;0.00;0.00;0.00;7.83;96.73;7.34;0.00;0.00;2000.00;40.00;
"2019-09-18 05:16:00";10.20;14.20;14.50;0.00;85.00;0.00;1.00;0.00;0.00;0.00;7.74;97.02;7.30;0.00;0.00;2000.00;40.00;
"2019-09-18 05:21:00";10.20;14.10;14.40;0.00;112.00;0.00;1.00;0.00;0.00;0.00;7.85;97.08;7.41;0.00;0.00;2000.00;40.00;
"2019-09-18 05:26:00";10.20;14.10;14.40;0.00;82.00;0.00;1.00;0.00;0.00;0.00;7.80;97.12;7.37;0.00;0.00;2000.00;40.00;
"2019-09-18 05:31:00";10.00;14.10;14.40;0.00;72.00;0.00;1.00;0.00;0.00;0.00;7.76;97.07;7.33;0.00;0.00;2000.00;40.00;
"2019-09-18 05:36:00";9.90;14.10;14.40;0.00;85.00;0.00;1.00;0.00;0.00;0.00;7.75;97.12;7.33;0.00;0.00;2000.00;40.00;
"2019-09-18 05:41:00";9.90;14.10;14.40;0.00;90.00;0.00;1.00;0.00;0.00;0.00;7.70;97.25;7.29;0.00;0.00;2000.00;40.00;
"2019-09-18 05:46:00";9.80;14.10;14.40;0.00;61.00;0.00;1.00;0.00;0.00;0.00;7.70;97.27;7.30;0.00;0.00;2000.00;40.00;
"2019-09-18 05:51:00";9.60;14.00;14.40;0.00;95.00;0.00;1.00;0.00;0.00;0.00;7.63;97.35;7.23;0.00;0.00;2000.00;40.00;
"2019-09-18 05:56:00";9.70;14.00;14.30;0.00;77.00;0.00;1.00;2.22;70.38;3.26;7.61;97.53;7.24;0.00;0.00;2000.00;40.00;
"2019-09-18 06:01:00";9.80;14.00;14.30;0.00;95.00;0.00;1.00;0.00;0.00;2.08;7.76;97.74;7.43;0.00;0.00;2000.00;40.00;
"2019-09-18 06:06:00";9.90;14.00;14.30;0.00;72.00;0.00;1.00;0.00;0.00;0.00;7.83;97.67;7.49;0.00;0.00;2000.00;40.00;
"2019-09-18 06:11:00";9.80;14.00;14.30;0.00;90.00;0.00;1.00;0.00;0.00;0.00;7.82;97.67;7.48;0.00;0.00;2000.00;40.00;
"2019-09-18 06:16:00";9.90;14.00;14.30;0.00;85.00;0.00;1.00;0.00;0.00;0.00;7.77;97.66;7.42;0.00;0.00;2000.00;40.00;
"2019-09-18 06:21:00";9.90;14.00;14.30;0.00;59.00;0.00;1.00;0.00;0.00;0.00;7.75;97.73;7.41;0.00;0.00;2000.00;40.00;
"2019-09-18 06:26:00";9.90;13.90;14.20;0.00;54.00;0.00;1.00;0.00;0.00;0.00;7.68;97.72;7.35;0.00;0.00;2000.00;40.00;
"2019-09-18 06:31:00";9.90;13.90;14.20;0.00;66.00;0.00;1.00;0.00;0.00;0.00;7.63;97.72;7.29;0.00;0.00;2000.00;40.00;
"2019-09-18 06:36:00";9.80;13.90;14.20;0.00;56.00;0.00;1.00;0.00;0.00;0.00;7.51;97.71;7.17;0.00;0.00;2000.00;40.00;
"2019-09-18 06:41:00";9.80;13.90;14.20;0.00;48.00;0.00;1.00;0.00;0.00;0.00;7.47;97.87;7.15;0.00;0.00;2000.00;40.00;
"2019-09-18 06:46:00";9.80;13.90;14.20;0.00;169.00;0.00;1.00;0.00;0.00;0.98;7.56;97.87;7.25;0.06;60.00;2000.00;40.06;
"2019-09-18 06:51:00";9.70;13.90;14.20;0.00;281.00;0.00;1.00;0.00;0.00;0.00;7.46;97.98;7.17;0.23;60.00;2000.00;40.29;
"2019-09-18 06:56:00";9.70;13.80;14.20;0.00;218.00;0.00;1.00;0.00;0.00;0.00;7.45;98.04;7.16;0.17;60.00;2000.00;40.46;
"2019-09-18 07:01:00";9.70;13.80;14.10;0.00;193.00;0.00;1.00;0.00;0.00;0.00;7.48;97.95;7.18;0.01;0.00;2000.00;40.47;
"2019-09-18 07:06:00";9.60;13.80;14.10;0.00;163.00;0.00;1.00;0.00;0.00;0.00;7.38;98.19;7.12;0.00;0.00;2000.00;40.47;
"2019-09-18 07:11:00";9.50;13.80;14.10;0.00;157.00;0.00;1.00;0.00;0.00;0.00;7.42;98.24;7.16;0.00;0.00;2000.00;40.47;
"2019-09-18 07:16:00";9.60;13.80;14.10;0.00;137.00;0.00;1.00;0.00;0.00;0.00;7.52;98.35;7.28;0.00;0.00;2000.00;40.47;
"2019-09-18 07:21:00";9.70;13.70;14.10;0.00;202.00;0.00;1.00;0.00;0.00;0.00;7.59;98.50;7.37;0.00;0.00;2000.00;40.47;
"2019-09-18 07:26:00";9.90;13.70;14.00;0.00;154.00;0.00;1.00;0.00;0.00;0.00;7.71;98.49;7.49;0.00;0.00;2000.00;40.47;
"2019-09-18 07:31:00";9.90;13.70;14.00;0.00;199.00;0.00;1.00;0.00;0.00;0.00;7.80;98.55;7.58;0.16;60.00;2000.00;40.63;
"2019-09-18 07:36:00";9.80;13.70;14.00;0.00;264.00;0.00;1.00;3.10;53.90;4.38;7.78;98.12;7.50;0.24;60.00;2000.00;40.87;
"2019-09-18 07:41:00";9.70;13.70;14.00;0.00;450.00;0.00;2.00;3.34;65.98;5.01;7.72;98.11;7.44;1.00;60.00;2000.00;41.87;
"2019-09-18 07:46:00";9.70;13.60;14.00;0.00;445.00;0.00;2.00;0.00;0.00;0.00;7.66;98.01;7.37;0.83;60.00;2000.00;42.70;
"2019-09-18 07:51:00";9.80;13.60;14.00;0.00;240.00;0.00;1.00;0.00;0.00;0.00;7.73;98.27;7.47;0.03;0.00;2000.00;42.73;
"2019-09-18 07:56:00";9.90;13.60;14.00;0.00;260.00;0.00;1.00;0.00;0.00;0.00;7.80;98.26;7.55;0.00;0.00;2000.00;42.73;
"2019-09-18 08:01:00";9.80;13.60;13.90;0.00;175.00;0.00;1.00;0.00;0.00;0.00;7.88;98.36;7.64;0.00;0.00;2000.00;42.73;
"2019-09-18 08:06:00";9.80;13.60;13.90;0.00;151.00;0.00;1.00;0.00;0.00;0.00;7.82;98.59;7.61;0.00;0.00;2000.00;42.73;
"2019-09-18 08:11:00";9.60;13.50;13.90;0.00;134.00;0.00;1.00;0.00;0.00;0.00;7.83;98.28;7.57;0.00;0.00;2000.00;42.73;
"2019-09-18 08:16:00";9.50;13.50;13.90;0.00;112.00;0.00;1.00;0.00;0.00;0.00;7.75;98.26;7.49;0.00;0.00;2000.00;42.73;
"2019-09-18 08:21:00";9.50;13.50;13.90;0.00;82.00;0.00;1.00;0.00;0.00;0.00;7.77;98.25;7.51;0.00;0.00;2000.00;42.73;
"2019-09-18 08:26:00";9.50;13.50;13.80;0.00;106.00;0.00;1.00;0.00;0.00;0.00;7.81;98.46;7.58;0.00;0.00;2000.00;42.73;
"2019-09-18 08:31:00";9.40;13.50;13.80;0.00;101.00;0.00;1.00;0.00;0.00;0.00;7.76;98.47;7.53;0.00;0.00;2000.00;42.73;
"2019-09-18 08:36:00";9.40;13.50;13.80;0.00;90.00;0.00;1.00;0.00;0.00;0.00;7.93;98.44;7.70;0.00;0.00;2000.00;42.73;
"2019-09-18 08:41:00";9.30;13.50;13.80;0.00;98.00;0.00;1.00;0.00;0.00;0.00;8.04;98.60;7.83;0.00;0.00;2000.00;42.73;
"2019-09-18 08:46:00";9.40;13.50;13.80;0.00;106.00;0.00;1.00;0.00;0.00;0.00;8.09;98.21;7.82;0.00;0.00;2000.00;42.73;
"2019-09-18 08:51:00";9.50;13.40;13.80;0.00;126.00;0.00;1.00;0.00;0.00;0.00;8.24;98.51;8.02;0.00;0.00;2000.00;42.73;
"2019-09-18 08:56:00";9.50;13.40;13.80;0.00;101.00;0.00;1.00;0.00;0.00;0.00;8.29;98.66;8.09;0.00;0.00;2000.00;42.73;
"2019-09-18 09:01:00";9.50;13.40;13.70;0.00;134.00;0.00;1.00;0.00;0.00;0.00;8.25;98.39;8.01;0.00;0.00;2000.00;42.73;
"2019-09-18 09:06:00";9.50;13.40;13.70;0.00;79.00;0.00;1.00;0.00;0.00;0.00;8.65;98.97;8.50;0.00;0.00;2000.00;42.73;
"2019-09-18 09:11:00";9.50;13.40;13.70;0.00;59.00;0.00;1.00;0.00;0.00;0.00;8.54;97.61;8.18;0.00;0.00;2000.00;42.73;
"2019-09-18 09:16:00";9.50;13.40;13.70;0.00;51.00;0.00;1.00;0.00;0.00;0.00;8.79;98.47;8.56;0.00;0.00;2000.00;42.73;
"2019-09-18 09:21:00";9.70;13.40;13.70;0.00;48.00;0.00;1.00;0.00;0.00;0.00;8.97;98.32;8.72;0.00;0.00;2000.00;42.73;
"2019-09-18 09:26:00";9.80;13.40;13.70;0.00;120.00;0.00;1.00;1.21;301.64;3.07;9.17;98.35;8.92;0.00;0.00;2000.00;42.73;
"2019-09-18 09:31:00";9.80;13.40;13.70;0.00;72.00;0.00;1.00;0.00;0.00;0.00;9.10;98.03;8.81;0.00;0.00;2000.00;42.73;
"2019-09-18 09:36:00";10.50;13.40;13.70;0.00;54.00;0.00;1.00;0.00;0.00;0.00;9.39;98.15;9.11;0.00;0.00;2000.00;42.73;
"2019-09-18 09:41:00";11.00;13.40;13.60;0.00;38.00;0.00;1.00;0.00;0.00;0.00;9.61;98.55;9.39;0.00;0.00;2000.00;42.73;
"2019-09-18 09:46:00";11.10;13.40;13.60;0.00;28.00;0.00;0.00;3.11;311.23;4.12;9.76;98.50;9.53;0.00;0.00;2000.00;42.73;
"2019-09-18 09:51:00";11.00;13.40;13.60;0.00;43.00;0.00;1.00;4.04;331.78;5.14;9.82;97.62;9.47;0.01;60.00;2000.00;42.74;
"2019-09-18 09:56:00";11.10;13.40;13.60;0.00;82.00;0.00;1.00;0.00;0.00;0.75;9.55;98.69;9.36;0.06;60.00;2000.00;42.80;
"2019-09-18 10:01:00";11.20;13.40;13.60;0.00;224.00;0.00;1.00;0.00;0.00;0.00;9.60;98.75;9.41;0.13;60.00;2000.00;42.93;
"2019-09-18 10:06:00";11.40;13.40;13.60;0.00;184.00;0.00;1.00;0.00;0.00;0.00;9.57;98.33;9.32;0.13;60.00;2000.00;43.06;
"2019-09-18 10:11:00";11.40;13.40;13.60;0.00;212.00;0.00;1.00;0.00;0.00;0.00;9.38;97.86;9.06;0.43;60.00;2000.00;43.49;
"2019-09-18 10:16:00";11.60;13.30;13.60;0.00;234.00;0.00;1.00;0.00;0.00;0.00;9.30;98.16;9.03;0.00;0.00;2000.00;43.49;
"2019-09-18 10:21:00";11.40;13.30;13.60;0.00;120.00;0.00;1.00;0.00;0.00;0.00;9.32;97.98;9.02;0.00;0.00;2000.00;43.49;
"2019-09-18 10:26:00";11.50;13.30;13.60;0.00;142.00;0.00;1.00;0.00;0.00;0.00;9.36;98.02;9.06;0.00;0.00;2000.00;43.49;
"2019-09-18 10:31:00";11.70;13.30;13.50;0.00;123.00;0.00;1.00;0.00;0.00;0.00;9.42;97.21;9.00;0.00;0.00;2000.00;43.49;
"2019-09-18 10:36:00";13.20;13.30;13.50;0.00;95.00;0.00;1.00;0.00;0.00;0.00;9.61;97.37;9.21;0.00;0.00;2000.00;43.49;
"2019-09-18 10:41:00";13.50;13.30;13.50;0.00;90.00;0.00;1.00;0.00;0.00;4.45;9.80;97.33;9.40;0.00;0.00;2000.00;43.49;
"2019-09-18 10:46:00";14.20;13.30;13.50;0.00;117.00;0.00;1.00;0.00;0.00;0.00;10.24;97.23;9.81;0.00;0.00;2000.00;43.49;
"2019-09-18 10:51:00";14.80;13.30;13.50;0.00;61.00;0.00;1.00;0.00;0.00;0.00;10.61;97.56;10.24;0.00;0.00;2000.00;43.49;
"2019-09-18 10:56:00";15.40;13.30;13.50;0.00;82.00;0.00;1.00;0.00;0.00;0.00;10.80;97.55;10.42;0.00;0.00;2000.00;43.49;
"2019-09-18 11:01:00";15.40;13.30;13.50;0.00;66.00;0.00;1.00;0.00;0.00;0.00;10.86;96.68;10.35;0.00;0.00;2000.00;43.49;
"2019-09-18 11:06:00";15.40;13.30;13.50;0.00;61.00;0.00;1.00;0.00;0.00;0.00;10.91;97.19;10.48;0.00;0.00;2000.00;43.49;
"2019-09-18 11:11:00";15.00;13.40;13.50;0.00;56.00;0.00;1.00;0.00;0.00;0.00;11.00;96.05;10.40;0.02;60.00;2000.00;43.51;
"2019-09-18 11:16:00";15.40;13.40;13.60;0.00;51.00;0.00;1.00;0.00;0.00;4.35;11.38;95.93;10.76;0.00;0.00;2000.00;43.51;
"2019-09-18 11:21:00";15.10;13.40;13.60;0.00;46.00;0.00;1.00;0.00;0.00;0.00;11.64;95.77;10.99;0.00;0.00;2000.00;43.51;
"2019-09-18 11:26:00";16.40;13.40;13.60;0.00;90.00;0.00;1.00;0.00;0.00;0.00;12.00;94.68;11.17;0.06;60.00;2000.00;43.57;
"2019-09-18 11:31:00";16.20;13.40;13.60;0.00;79.00;0.00;1.00;3.80;307.70;4.30;11.72;93.63;10.72;0.05;0.00;2000.00;43.62;
"2019-09-18 11:36:00";16.10;13.40;13.60;0.00;56.00;0.00;1.00;0.00;0.00;0.00;11.60;93.24;10.54;0.00;0.00;2000.00;43.62;
"2019-09-18 11:41:00";16.00;13.40;13.60;0.00;41.00;0.00;1.00;0.00;0.00;0.00;11.81;92.87;10.69;0.00;0.00;2000.00;43.62;
"2019-09-18 11:46:00";16.00;13.40;13.60;0.00;31.00;0.00;1.00;0.00;0.00;0.00;11.96;92.13;10.72;0.00;0.00;2000.00;43.62;
"2019-09-18 11:51:00";16.40;13.50;13.70;0.00;0.00;0.00;0.00;0.00;0.00;0.00;12.09;91.17;10.69;0.00;0.00;2000.00;43.62;
"2019-09-18 11:56:00";16.60;13.50;13.70;0.00;0.00;0.00;0.00;0.00;0.00;5.06;12.28;89.58;10.61;0.00;0.00;2000.00;43.62;
"2019-09-18 12:01:00";16.70;13.50;13.70;0.00;0.00;0.00;0.00;0.00;0.00;2.37;12.40;88.75;10.59;0.01;60.00;2000.00;43.63;
"2019-09-18 12:06:00";15.00;13.50;13.70;0.00;250.00;0.00;1.00;0.00;0.00;1.33;12.18;87.26;10.12;0.27;60.00;2000.00;43.90;
"2019-09-18 12:11:00";14.60;13.60;13.80;0.00;172.00;0.00;1.00;0.00;0.00;0.00;11.64;86.50;9.46;0.00;0.00;2000.00;43.90;
"2019-09-18 12:16:00";14.40;13.60;13.80;0.00;126.00;0.00;1.00;0.79;334.00;3.30;11.30;85.99;9.04;0.00;0.00;2000.00;43.90;
"2019-09-18 12:21:00";14.30;13.60;13.80;0.00;157.00;0.00;1.00;0.00;0.00;0.00;11.20;86.21;8.98;0.00;0.00;2000.00;43.90;
"2019-09-18 12:26:00";14.70;13.70;13.90;0.00;103.00;0.00;1.00;0.00;0.00;0.00;11.33;86.27;9.12;0.00;0.00;2000.00;43.90;
"2019-09-18 12:31:00";15.90;13.70;13.90;0.00;95.00;0.00;1.00;4.24;339.95;5.05;11.69;86.27;9.47;0.00;0.00;2000.00;43.90;
"2019-09-18 12:36:00";16.00;13.70;13.90;0.00;64.00;0.00;1.00;4.52;336.63;4.97;11.91;86.65;9.75;0.00;0.00;2000.00;43.90;
"2019-09-18 12:41:00";16.80;13.70;13.90;0.00;36.00;0.00;1.00;4.06;340.72;6.83;12.23;85.06;9.79;0.00;0.00;2000.00;43.90;
"2019-09-18 12:46:00";17.30;13.80;14.00;0.00;24.00;0.00;0.00;3.43;321.94;5.40;12.65;84.51;10.10;0.00;0.00;2000.00;43.90;
"2019-09-18 12:51:00";17.50;13.80;14.00;0.00;61.00;0.00;1.00;0.00;0.00;4.71;12.86;82.99;10.04;0.00;0.00;2000.00;43.90;
"2019-09-18 12:56:00";17.10;13.80;14.00;0.00;36.00;0.00;1.00;0.00;0.00;0.00;12.66;81.43;9.56;0.00;0.00;2000.00;43.90;
"2019-09-18 13:01:00";17.40;13.90;14.00;0.00;11.00;0.00;0.00;0.00;0.00;0.00;12.95;80.30;9.63;0.00;0.00;2000.00;43.90;
"2019-09-18 13:06:00";16.70;13.90;14.10;0.00;0.00;0.00;0.00;0.00;0.00;0.00;12.86;78.94;9.30;0.02;0.00;2000.00;43.92;
"2019-09-18 13:11:00";16.50;13.90;14.10;0.00;0.00;0.00;0.00;0.00;0.00;0.00;12.19;78.22;8.51;0.00;0.00;2000.00;43.92;
"2019-09-18 13:16:00";16.60;14.00;14.10;0.00;0.00;0.00;0.00;2.44;94.27;2.80;11.76;78.93;8.22;0.00;0.00;2000.00;43.92;
"2019-09-18 13:21:00";17.80;14.00;14.10;0.00;41.00;0.00;1.00;0.00;0.00;0.00;12.10;80.69;8.87;0.04;60.00;2000.00;43.96;
"2019-09-18 13:26:00";16.90;14.00;14.20;0.00;26.00;0.00;0.00;0.00;0.00;0.00;12.13;80.18;8.81;0.01;60.00;2000.00;43.97;
"2019-09-18 13:31:00";16.30;14.00;14.20;0.00;131.00;0.00;1.00;0.00;0.00;0.00;11.90;80.30;8.61;0.06;60.00;2000.00;44.03;
"2019-09-18 13:36:00";15.30;14.10;14.20;0.00;202.00;0.00;1.00;0.00;0.00;0.00;11.52;80.76;8.32;0.14;60.00;2000.00;44.17;
"2019-09-18 13:41:00";14.20;14.10;14.20;0.00;288.00;0.00;1.00;0.00;0.00;1.76;10.79;80.74;7.61;0.44;60.00;2000.00;44.61;
"2019-09-18 13:46:00";13.70;14.10;14.30;0.00;244.00;0.00;1.00;1.00;322.56;3.08;10.13;81.55;7.11;0.19;60.00;2000.00;44.80;
"2019-09-18 13:51:00";13.30;14.20;14.30;0.00;145.00;0.00;1.00;0.00;0.00;0.00;9.86;82.06;6.94;0.09;60.00;2000.00;44.89;
"2019-09-18 13:56:00";13.20;14.20;14.30;0.00;160.00;0.00;1.00;0.00;0.00;0.00;9.66;82.98;6.90;0.00;0.00;2000.00;44.89;
"2019-09-18 14:01:00";13.30;14.20;14.40;0.00;202.00;0.00;1.00;0.00;0.00;3.32;9.68;83.58;7.04;0.11;60.00;2000.00;45.00;
"2019-09-18 14:06:00";13.50;14.30;14.40;0.00;169.00;0.00;1.00;0.00;0.00;0.00;9.77;84.58;7.30;0.02;0.00;2000.00;45.02;
"2019-09-18 14:11:00";13.80;14.30;14.40;0.00;250.00;0.00;1.00;0.00;0.00;0.00;9.95;85.01;7.54;0.01;0.00;2000.00;45.03;
"2019-09-18 14:16:00";14.20;14.30;14.40;0.00;126.00;0.00;1.00;3.15;314.59;4.62;10.14;85.57;7.82;0.00;0.00;2000.00;45.03;
"2019-09-18 14:21:00";14.20;14.30;14.40;0.00;93.00;0.00;1.00;0.00;0.00;0.00;10.29;86.40;8.12;0.00;0.00;2000.00;45.03;
"2019-09-18 14:26:00";13.90;14.30;14.40;0.00;172.00;0.00;1.00;2.34;306.93;4.51;10.30;86.91;8.21;0.07;60.00;2000.00;45.10;
"2019-09-18 14:31:00";13.90;14.30;14.50;0.00;117.00;0.00;1.00;4.17;308.70;4.17;10.34;87.19;8.30;0.07;60.00;2000.00;45.17;
"2019-09-18 14:36:00";14.00;14.30;14.50;0.00;90.00;0.00;1.00;0.00;0.00;0.00;10.33;87.16;8.28;0.00;0.00;2000.00;45.17;
"2019-09-18 14:41:00";14.80;14.40;14.50;0.00;69.00;0.00;1.00;3.04;303.37;3.13;10.47;86.84;8.37;0.01;0.00;2000.00;45.18;
"2019-09-18 14:46:00";15.00;14.40;14.50;0.00;98.00;0.00;1.00;0.00;0.00;0.00;10.68;88.31;8.82;0.00;0.00;2000.00;45.18;
"2019-09-18 14:51:00";14.80;14.40;14.50;0.00;131.00;0.00;1.00;3.21;328.00;4.10;10.62;87.42;8.62;0.07;60.00;2000.00;45.25;
"2019-09-18 14:56:00";14.20;14.40;14.50;0.00;117.00;0.00;1.00;0.00;0.00;0.00;10.59;87.82;8.65;0.03;0.00;2000.00;45.28;
"2019-09-18 15:01:00";14.20;14.40;14.50;0.00;103.00;0.00;1.00;0.00;0.00;0.00;10.64;88.16;8.76;0.01;0.00;2000.00;45.29;
"2019-09-18 15:06:00";14.20;14.40;14.50;0.00;82.00;0.00;1.00;0.00;0.00;0.00;10.61;87.86;8.68;0.01;0.00;2000.00;45.30;
"2019-09-18 15:11:00";14.10;14.40;14.50;0.00;77.00;0.00;1.00;4.23;347.08;4.23;10.57;88.12;8.69;0.00;0.00;2000.00;45.30;
"2019-09-18 15:16:00";13.70;14.40;14.50;0.00;79.00;0.00;1.00;3.03;330.75;4.90;10.50;87.96;8.59;0.00;0.00;2000.00;45.30;
"2019-09-18 15:21:00";13.40;14.40;14.50;0.00;90.00;0.00;1.00;3.06;291.80;3.06;10.42;88.49;8.60;0.03;60.00;2000.00;45.33;
"2019-09-18 15:26:00";13.30;14.40;14.60;0.00;74.00;0.00;1.00;0.00;0.00;0.00;10.42;88.34;8.58;0.00;0.00;2000.00;45.33;
"2019-09-18 15:31:00";13.60;14.40;14.60;0.00;61.00;0.00;1.00;0.00;0.00;0.00;10.43;88.46;8.60;0.00;0.00;2000.00;45.33;
"2019-09-18 15:36:00";14.20;14.40;14.60;0.00;66.00;0.00;1.00;0.00;0.00;0.00;10.68;88.71;8.89;0.00;0.00;2000.00;45.33;
"2019-09-18 15:41:00";14.70;14.40;14.60;0.00;51.00;0.00;1.00;0.00;0.00;0.00;10.83;88.14;8.95;0.00;0.00;2000.00;45.33;
"2019-09-18 15:46:00";14.30;14.40;14.60;0.00;43.00;0.00;1.00;0.00;0.00;0.00;10.99;88.11;9.10;0.00;0.00;2000.00;45.33;
"2019-09-18 15:51:00";13.90;14.40;14.60;0.00;36.00;0.00;1.00;0.00;0.00;0.00;11.05;88.07;9.15;0.00;0.00;2000.00;45.33;
"2019-09-18 15:56:00";13.70;14.50;14.60;0.00;28.00;0.00;0.00;0.00;0.00;0.00;11.04;87.51;9.04;0.00;0.00;2000.00;45.33;
"2019-09-18 16:01:00";13.70;14.50;14.60;0.00;24.00;0.00;0.00;0.00;0.00;0.00;10.92;87.26;8.89;0.00;0.00;2000.00;45.33;
"2019-09-18 16:06:00";13.70;14.50;14.60;0.00;24.00;0.00;0.00;0.00;0.00;0.00;11.03;87.20;8.98;0.00;0.00;2000.00;45.33;
"2019-09-18 16:11:00";13.80;14.50;14.60;0.00;36.00;0.00;1.00;0.00;0.00;0.00;11.07;86.93;8.98;0.00;0.00;2000.00;45.33;
"2019-09-18 16:16:00";13.90;14.50;14.60;0.00;24.00;0.00;0.00;0.00;0.00;0.00;11.07;86.65;8.93;0.00;0.00;2000.00;45.33;
"2019-09-18 16:21:00";13.80;14.50;14.60;0.00;38.00;0.00;1.00;0.00;0.00;0.00;11.07;87.07;9.00;0.00;0.00;2000.00;45.33;
"2019-09-18 16:26:00";13.80;14.50;14.60;0.00;24.00;0.00;0.00;0.00;0.00;0.00;11.29;86.55;9.12;0.00;0.00;2000.00;45.33;
"2019-09-18 16:31:00";13.80;14.50;14.60;0.00;46.00;0.00;1.00;0.00;0.00;0.00;11.14;86.70;9.01;0.03;60.00;2000.00;45.36;
"2019-09-18 16:36:00";13.70;14.50;14.60;0.00;56.00;0.00;1.00;0.00;0.00;0.00;11.05;86.41;8.87;0.03;60.00;2000.00;45.39;
"2019-09-18 16:41:00";14.20;14.50;14.60;0.00;41.00;0.00;1.00;0.00;0.00;0.00;11.25;86.51;9.08;0.00;0.00;2000.00;45.39;
"2019-09-18 16:46:00";14.80;14.50;14.60;0.00;24.00;0.00;0.00;0.00;0.00;0.00;11.55;86.43;9.36;0.00;0.00;2000.00;45.39;
"2019-09-18 16:51:00";15.10;14.50;14.60;0.00;0.00;0.00;0.00;0.00;0.00;0.00;11.74;86.39;9.54;0.00;0.00;2000.00;45.39;
"2019-09-18 16:56:00";14.80;14.50;14.60;0.00;0.00;0.00;0.00;0.00;0.00;0.00;11.78;85.65;9.45;0.00;0.00;2000.00;45.39;
"2019-09-18 17:01:00";14.40;14.50;14.60;0.00;0.00;0.00;0.00;0.00;0.00;0.00;11.61;85.71;9.29;0.00;0.00;2000.00;45.39;
"2019-09-18 17:06:00";14.20;14.50;14.60;0.00;0.00;0.00;0.00;0.00;0.00;0.00;11.50;85.35;9.12;0.00;0.00;2000.00;45.39;
"2019-09-18 17:11:00";13.90;14.50;14.60;0.00;0.00;0.00;0.00;0.00;0.00;0.00;11.36;85.36;8.99;0.00;0.00;2000.00;45.39;
"2019-09-18 17:16:00";13.70;14.50;14.60;0.00;0.00;0.00;0.00;0.00;0.00;0.00;11.30;85.12;8.89;0.00;0.00;2000.00;45.39;
"2019-09-18 17:21:00";14.20;14.50;14.70;0.00;0.00;0.00;0.00;0.00;0.00;0.00;11.43;85.81;9.14;0.00;0.00;2000.00;45.39;
"2019-09-18 17:26:00";14.40;14.50;14.60;0.00;0.00;0.00;0.00;0.00;0.00;0.00;11.55;85.37;9.18;0.00;0.00;2000.00;45.39;
"2019-09-18 17:31:00";14.20;14.50;14.70;0.00;0.00;0.00;0.00;4.72;285.26;5.24;11.46;84.92;9.01;0.00;0.00;2000.00;45.39;
"2019-09-18 17:36:00";13.90;14.50;14.70;0.00;0.00;0.00;0.00;0.00;0.00;0.00;11.18;85.14;8.78;0.00;0.00;2000.00;45.39;
"2019-09-18 17:41:00";13.90;14.50;14.60;0.00;0.00;0.00;0.00;0.00;0.00;0.00;11.22;85.56;8.88;0.00;0.00;2000.00;45.39;
"2019-09-18 17:46:00";14.20;14.50;14.70;0.00;0.00;0.00;0.00;0.00;0.00;0.00;11.34;85.61;9.01;0.00;0.00;2000.00;45.39;
"2019-09-18 17:51:00";14.20;14.50;14.60;0.00;0.00;0.00;0.00;0.00;0.00;0.00;11.39;85.39;9.03;0.00;0.00;2000.00;45.39;
"2019-09-18 17:56:00";14.10;14.50;14.60;0.00;0.00;0.00;0.00;1.46;288.62;2.84;11.15;84.98;8.72;0.00;0.00;2000.00;45.39;
"2019-09-18 18:01:00";13.80;14.50;14.60;0.00;0.00;0.00;0.00;2.82;292.41;3.79;10.93;84.53;8.42;0.00;0.00;2000.00;45.39;
"2019-09-18 18:06:00";13.50;14.50;14.70;0.00;0.00;0.00;0.00;0.00;0.00;0.00;10.80;84.64;8.32;0.00;0.00;2000.00;45.39;
"2019-09-18 18:11:00";13.20;14.50;14.60;0.00;0.00;0.00;0.00;0.00;0.00;0.00;10.71;84.69;8.24;0.00;0.00;2000.00;45.39;
"2019-09-18 18:16:00";13.20;14.50;14.70;0.00;0.00;0.00;0.00;0.00;0.00;0.00;10.69;84.70;8.22;0.00;0.00;2000.00;45.39;
"2019-09-18 18:21:00";13.30;14.50;14.60;0.00;0.00;0.00;0.00;0.00;0.00;0.00;10.79;85.25;8.41;0.00;0.00;2000.00;45.39;
"2019-09-18 18:26:00";13.30;14.50;14.60;0.00;0.00;0.00;0.00;0.00;0.00;0.00;10.84;84.95;8.41;0.00;0.00;2000.00;45.39;
"2019-09-18 18:31:00";13.20;14.50;14.60;0.00;0.00;0.00;0.00;0.00;0.00;0.00;10.80;84.91;8.36;0.00;0.00;2000.00;45.39;
"2019-09-18 18:36:00";12.90;14.50;14.60;0.00;0.00;0.00;0.00;0.00;0.00;0.00;10.59;84.99;8.17;0.00;0.00;2000.00;45.39;
"2019-09-18 18:41:00";12.70;14.50;14.60;0.00;0.00;0.00;0.00;0.00;0.00;0.00;10.55;85.22;8.17;0.00;0.00;2000.00;45.39;
"2019-09-18 18:46:00";12.60;14.50;14.60;0.00;0.00;0.00;0.00;0.00;0.00;1.95;10.45;85.52;8.13;0.00;0.00;2000.00;45.39;
"2019-09-18 18:51:00";12.50;14.40;14.60;0.00;0.00;0.00;0.00;0.00;0.00;0.00;10.44;85.69;8.15;0.00;0.00;2000.00;45.39;
"2019-09-18 18:56:00";12.60;14.40;14.60;0.00;0.00;0.00;0.00;0.00;0.00;0.00;10.44;85.85;8.17;0.00;0.00;2000.00;45.39;
"2019-09-18 19:01:00";12.60;14.40;14.60;0.00;0.00;0.00;0.00;0.00;0.00;0.00;10.47;86.14;8.25;0.00;0.00;2000.00;45.39;
"2019-09-18 19:06:00";12.40;14.40;14.60;0.00;0.00;0.00;0.00;0.00;0.00;0.00;10.51;86.24;8.31;0.00;0.00;2000.00;45.39;
"2019-09-18 19:11:00";12.40;14.40;14.60;0.00;0.00;0.00;0.00;0.00;0.00;0.00;10.51;86.34;8.32;0.00;0.00;2000.00;45.39;
"2019-09-18 19:16:00";12.40;14.40;14.60;0.00;0.00;0.00;0.00;0.00;0.00;0.00;10.40;86.54;8.25;0.00;0.00;2000.00;45.39;
"2019-09-18 19:21:00";12.40;14.40;14.60;0.00;0.00;0.00;0.00;0.00;0.00;0.00;10.39;86.74;8.27;0.00;0.00;2000.00;45.39;
"2019-09-18 19:26:00";12.30;14.40;14.60;0.00;0.00;0.00;0.00;0.00;0.00;0.00;10.44;87.00;8.37;0.00;0.00;2000.00;45.39;
"2019-09-18 19:31:00";12.30;14.40;14.60;0.00;0.00;0.00;0.00;2.63;306.35;2.63;10.47;87.20;8.43;0.00;0.00;2000.00;45.39;
"2019-09-18 19:36:00";12.30;14.40;14.50;0.00;0.00;0.00;0.00;0.00;0.00;0.00;10.40;87.23;8.37;0.00;0.00;2000.00;45.39;
"2019-09-18 19:41:00";12.20;14.40;14.60;0.00;0.00;0.00;0.00;0.00;0.00;0.00;10.27;87.39;8.27;0.00;0.00;2000.00;45.39;
"2019-09-18 19:46:00";12.20;14.40;14.50;0.00;0.00;0.00;0.00;0.00;0.00;0.00;10.22;87.54;8.25;0.00;0.00;2000.00;45.39;
"2019-09-18 19:51:00";12.10;14.30;14.50;0.00;0.00;0.00;0.00;0.00;0.00;0.00;10.20;87.84;8.27;0.01;60.00;2000.00;45.40;
"2019-09-18 19:56:00";11.90;14.30;14.50;0.00;31.00;0.00;1.00;0.00;0.00;0.00;10.13;87.90;8.21;0.02;0.00;2000.00;45.42;
"2019-09-18 20:01:00";11.70;14.30;14.50;0.00;103.00;0.00;1.00;0.00;0.00;0.00;10.10;88.02;8.20;0.04;60.00;2000.00;45.46;
"2019-09-18 20:06:00";11.60;14.30;14.50;0.00;169.00;0.00;1.00;0.00;0.00;0.00;10.03;88.32;8.18;0.06;60.00;2000.00;45.52;
"2019-09-18 20:11:00";11.50;14.30;14.50;0.00;82.00;0.00;1.00;0.00;0.00;0.00;10.01;88.33;8.17;0.01;0.00;2000.00;45.53;
"2019-09-18 20:16:00";11.20;14.30;14.50;0.00;43.00;0.00;1.00;0.00;0.00;0.00;9.89;88.49;8.08;0.00;0.00;2000.00;45.53;
"2019-09-18 20:21:00";11.00;14.30;14.50;0.00;28.00;0.00;0.00;0.00;0.00;0.00;9.77;88.73;8.00;0.00;0.00;2000.00;45.53;
"2019-09-18 20:26:00";10.80;14.30;14.50;0.00;21.00;0.00;0.00;0.00;0.00;0.00;9.70;88.81;7.94;0.00;0.00;2000.00;45.53;
"2019-09-18 20:31:00";10.50;14.30;14.50;0.00;54.00;0.00;1.00;0.00;0.00;0.00;9.67;89.01;7.95;0.00;0.00;2000.00;45.53;
"2019-09-18 20:36:00";10.30;14.20;14.40;0.00;72.00;0.00;1.00;0.00;0.00;0.00;9.54;89.03;7.82;0.00;0.00;2000.00;45.53;
"2019-09-18 20:41:00";10.10;14.20;14.40;0.00;46.00;0.00;1.00;0.00;0.00;0.00;9.48;89.41;7.82;0.00;0.00;2000.00;45.53;
"2019-09-18 20:46:00";10.00;14.20;14.40;0.00;41.00;0.00;1.00;0.00;0.00;0.00;9.39;89.53;7.76;0.00;0.00;2000.00;45.53;
"2019-09-18 20:51:00";9.90;14.20;14.40;0.00;26.00;0.00;0.00;0.00;0.00;0.00;9.39;89.55;7.76;0.00;0.00;2000.00;45.53;
"2019-09-18 20:56:00";10.00;14.20;14.40;0.00;19.00;0.00;0.00;0.00;0.00;0.00;9.28;89.77;7.69;0.00;0.00;2000.00;45.53;
"2019-09-18 21:01:00";10.10;14.20;14.40;0.00;24.00;0.00;0.00;0.00;0.00;0.00;9.27;89.82;7.68;0.00;0.00;2000.00;45.53;
"2019-09-18 21:06:00";10.10;14.10;14.40;0.00;16.00;0.00;0.00;0.00;0.00;2.78;9.17;89.89;7.60;0.00;0.00;2000.00;45.53;
"2019-09-18 21:11:00";10.10;14.10;14.30;0.00;19.00;0.00;0.00;0.00;0.00;1.89;9.15;90.05;7.60;0.00;0.00;2000.00;45.53;
"2019-09-18 21:16:00";10.30;14.10;14.30;0.00;16.00;0.00;0.00;0.00;0.00;0.00;9.18;90.13;7.65;0.00;0.00;2000.00;45.53;
"2019-09-18 21:21:00";10.30;14.10;14.30;0.00;59.00;0.00;1.00;0.00;0.00;0.00;9.28;90.20;7.76;0.03;60.00;2000.00;45.56;
"2019-09-18 21:26:00";10.30;14.10;14.30;0.00;178.00;0.00;1.00;0.00;0.00;0.00;9.32;90.22;7.80;0.06;60.00;2000.00;45.62;
"2019-09-18 21:31:00";10.30;14.00;14.30;0.00;278.00;0.00;1.00;0.00;0.00;0.00;9.39;90.22;7.87;0.28;60.00;2000.00;45.90;
"2019-09-18 21:36:00";10.30;14.00;14.30;0.00;398.00;0.00;2.00;0.00;0.00;0.00;9.31;90.42;7.82;0.22;60.00;2000.00;46.12;
"2019-09-18 21:41:00";10.40;14.00;14.20;0.00;295.00;0.00;1.00;0.00;0.00;0.00;9.32;90.49;7.84;0.18;60.00;2000.00;46.30;
"2019-09-18 21:46:00";10.40;14.00;14.20;0.00;328.00;0.00;2.00;0.00;0.00;0.00;9.25;90.50;7.77;0.24;60.00;2000.00;46.54;
"2019-09-18 21:51:00";10.40;14.00;14.20;0.00;250.00;0.00;1.00;0.00;0.00;0.00;9.15;90.55;7.68;0.15;60.00;2000.00;46.69;
"2019-09-18 21:56:00";10.50;13.90;14.20;0.00;234.00;0.00;1.00;0.00;0.00;0.00;9.07;90.83;7.65;0.01;0.00;2000.00;46.70;
"2019-09-18 22:01:00";10.50;13.90;14.20;0.00;166.00;0.00;1.00;0.00;0.00;0.00;9.10;90.86;7.69;0.07;60.00;2000.00;46.77;
"2019-09-18 22:06:00";10.50;13.90;14.10;0.00;163.00;0.00;1.00;0.00;0.00;0.00;9.10;90.98;7.71;0.04;60.00;2000.00;46.81;
"2019-09-18 22:11:00";10.30;13.90;14.10;0.00;196.00;0.00;1.00;0.00;0.00;0.00;9.03;90.83;7.61;0.00;0.00;2000.00;46.81;
"2019-09-18 22:16:00";10.10;13.90;14.10;0.00;128.00;0.00;1.00;0.00;0.00;0.00;8.98;91.30;7.64;0.00;0.00;2000.00;46.81;
"2019-09-18 22:21:00";10.10;13.80;14.10;0.00;196.00;0.00;1.00;0.00;0.00;0.00;8.88;91.33;7.55;0.00;0.00;2000.00;46.81;
"2019-09-18 22:26:00";10.00;13.80;14.10;0.00;240.00;0.00;1.00;0.00;0.00;0.00;8.90;91.77;7.63;0.00;0.00;2000.00;46.81;
"2019-09-18 22:31:00";10.20;13.80;14.10;0.00;137.00;0.00;1.00;0.00;0.00;0.00;8.82;91.72;7.55;0.00;0.00;2000.00;46.81;
"2019-09-18 22:36:00";10.20;13.80;14.00;0.00;415.00;0.00;2.00;0.00;0.00;0.00;8.87;92.06;7.65;0.31;60.00;2000.00;47.12;
"2019-09-18 22:41:00";10.30;13.70;14.00;0.00;257.00;0.00;1.00;0.00;0.00;0.00;8.79;92.10;7.57;0.19;60.00;2000.00;47.31;
"2019-09-18 22:46:00";10.30;13.70;14.00;0.00;247.00;0.00;1.00;0.00;0.00;0.00;8.65;92.43;7.49;0.07;0.00;2000.00;47.38;
"2019-09-18 22:51:00";10.10;13.70;14.00;0.00;175.00;0.00;1.00;0.00;0.00;0.00;8.62;92.69;7.50;0.00;0.00;2000.00;47.38;
"2019-09-18 22:56:00";9.90;13.70;14.00;0.00;202.00;0.00;1.00;0.00;0.00;0.00;8.63;92.90;7.55;0.00;0.00;2000.00;47.38;
"2019-09-18 23:01:00";9.90;13.70;13.90;0.00;148.00;0.00;1.00;0.00;0.00;0.00;8.51;93.01;7.45;0.00;0.00;2000.00;47.38;
"2019-09-18 23:06:00";9.60;13.70;13.90;0.00;175.00;0.00;1.00;0.00;0.00;0.00;8.49;93.16;7.44;0.00;0.00;2000.00;47.38;
"2019-09-18 23:11:00";9.40;13.60;13.90;0.00;193.00;0.00;1.00;0.00;0.00;0.00;8.33;93.29;7.31;0.00;0.00;2000.00;47.38;
"2019-09-18 23:16:00";9.20;13.60;13.90;0.00;250.00;0.00;1.00;0.00;0.00;0.00;8.19;93.53;7.21;0.00;0.00;2000.00;47.38;
"2019-09-18 23:21:00";9.10;13.60;13.90;0.00;151.00;0.00;1.00;0.00;0.00;0.00;8.21;93.65;7.24;0.00;0.00;2000.00;47.38;
"2019-09-18 23:26:00";9.00;13.60;13.90;0.00;131.00;0.00;1.00;0.00;0.00;0.00;8.05;93.93;7.13;0.00;0.00;2000.00;47.38;
"2019-09-18 23:31:00";8.80;13.60;13.80;0.00;93.00;0.00;1.00;0.00;0.00;0.00;7.97;94.20;7.09;0.00;0.00;2000.00;47.38;
"2019-09-18 23:36:00";8.90;13.60;13.80;0.00;103.00;0.00;1.00;0.00;0.00;0.00;7.89;93.90;6.97;0.00;0.00;2000.00;47.38;
"2019-09-18 23:41:00";9.00;13.50;13.80;0.00;157.00;0.00;1.00;0.00;0.00;0.00;7.91;94.54;7.08;0.00;0.00;2000.00;47.38;
"2019-09-18 23:46:00";8.90;13.50;13.80;0.00;126.00;0.00;1.00;0.00;0.00;0.00;7.92;94.52;7.09;0.00;0.00;2000.00;47.38;
"2019-09-18 23:51:00";8.80;13.50;13.80;0.00;114.00;0.00;1.00;0.00;0.00;0.00;7.79;94.67;6.98;0.00;0.00;2000.00;47.38;
"2019-09-18 23:56:00";9.00;13.50;13.80;0.00;117.00;0.00;1.00;0.00;0.00;0.00;7.79;95.01;7.04;0.00;0.00;2000.00;47.38;
"2019-09-19 00:01:00";9.00;13.40;13.70;0.00;82.00;0.00;1.00;0.00;0.00;0.00;7.73;94.85;6.95;0.00;0.00;2000.00;47.38;
"2019-09-19 00:06:00";8.90;13.50;13.70;0.00;72.00;0.00;1.00;0.00;0.00;0.00;7.71;94.95;6.95;0.00;0.00;2000.00;47.38;
"2019-09-19 00:11:00";8.80;13.40;13.70;0.00;66.00;0.00;1.00;0.00;0.00;0.00;7.64;94.94;6.88;0.00;0.00;2000.00;47.38;
"2019-09-19 00:16:00";8.80;13.40;13.70;0.00;64.00;0.00;1.00;0.00;0.00;0.00;7.55;95.21;6.83;0.00;0.00;2000.00;47.38;
"2019-09-19 00:21:00";8.70;13.40;13.70;0.00;64.00;0.00;1.00;0.00;0.00;0.00;7.59;95.42;6.90;0.00;0.00;2000.00;47.38;
"2019-09-19 00:26:00";8.60;13.40;13.70;0.00;74.00;0.00;1.00;0.00;0.00;0.00;7.59;95.49;6.92;0.00;0.00;2000.00;47.38;
"2019-09-19 00:31:00";8.50;13.40;13.60;0.00;142.00;0.00;1.00;0.00;0.00;0.00;7.49;95.37;6.80;0.00;0.00;2000.00;47.38;
"2019-09-19 00:36:00";8.40;13.40;13.60;0.00;134.00;0.00;1.00;0.00;0.00;0.00;7.49;95.72;6.85;0.00;0.00;2000.00;47.38;
"2019-09-19 00:41:00";8.30;13.40;13.60;0.00;93.00;0.00;1.00;0.00;0.00;0.00;7.45;95.53;6.78;0.00;0.00;2000.00;47.38;
"2019-09-19 00:46:00";8.20;13.40;13.60;0.00;93.00;0.00;1.00;0.00;0.00;0.00;7.41;95.81;6.78;0.00;0.00;2000.00;47.38;
"2019-09-19 00:51:00";8.20;13.40;13.60;0.00;114.00;0.00;1.00;0.00;0.00;0.00;7.42;95.96;6.82;0.00;0.00;2000.00;47.38;
"2019-09-19 00:56:00";8.10;13.30;13.50;0.00;85.00;0.00;1.00;0.00;0.00;0.00;7.35;96.19;6.79;0.00;0.00;2000.00;47.38;
"2019-09-19 01:01:00";8.20;13.30;13.50;0.00;69.00;0.00;1.00;0.00;0.00;0.00;7.21;96.11;6.63;0.00;0.00;2000.00;47.38;
"2019-09-19 01:06:00";8.50;13.30;13.50;0.00;64.00;0.00;1.00;0.00;0.00;0.00;7.25;96.18;6.68;0.00;0.00;2000.00;47.38;
"2019-09-19 01:11:00";8.60;13.30;13.50;0.00;56.00;0.00;1.00;0.00;0.00;0.00;7.37;96.56;6.86;0.00;0.00;2000.00;47.38;
"2019-09-19 01:16:00";8.60;13.20;13.50;0.00;59.00;0.00;1.00;0.00;0.00;0.00;7.45;96.44;6.92;0.00;0.00;2000.00;47.38;
"2019-09-19 01:21:00";8.70;13.20;13.40;0.00;90.00;0.00;1.00;0.00;0.00;0.00;7.47;96.50;6.95;0.00;0.00;2000.00;47.38;
"2019-09-19 01:26:00";8.80;13.20;13.40;0.00;190.00;0.00;1.00;0.00;0.00;0.00;7.46;96.54;6.94;0.07;60.00;2000.00;47.45;
"2019-09-19 01:31:00";9.00;13.20;13.40;0.00;181.00;0.00;1.00;0.00;0.00;0.00;7.53;96.56;7.02;0.06;60.00;2000.00;47.51;
"2019-09-19 01:36:00";9.00;13.20;13.40;0.00;350.00;0.00;2.00;0.00;0.00;0.00;7.47;96.57;6.96;0.23;60.00;2000.00;47.74;
"2019-09-19 01:41:00";9.00;13.10;13.40;0.00;281.00;0.00;1.00;0.00;0.00;0.00;7.45;96.66;6.95;0.45;60.00;2000.00;48.19;
"2019-09-19 01:46:00";9.00;13.10;13.40;0.00;260.00;0.00;1.00;0.00;0.00;0.00;7.55;97.04;7.11;0.32;60.00;2000.00;48.51;
"2019-09-19 01:51:00";9.00;13.10;13.40;0.00;199.00;0.00;1.00;0.00;0.00;0.00;7.62;96.91;7.16;0.03;0.00;2000.00;48.54;
"2019-09-19 01:56:00";9.00;13.10;13.40;0.00;205.00;0.00;1.00;0.00;0.00;0.00;7.64;96.93;7.18;0.00;0.00;2000.00;48.54;
"2019-09-19 02:01:00";9.00;13.00;13.40;0.00;187.00;0.00;1.00;0.00;0.00;0.00;7.63;96.95;7.18;0.00;0.00;2000.00;48.54;
"2019-09-19 02:06:00";8.80;13.00;13.40;0.00;160.00;0.00;1.00;0.00;0.00;0.00;7.54;97.00;7.10;0.00;0.00;2000.00;48.54;
"2019-09-19 02:11:00";8.60;13.00;13.30;0.00;142.00;0.00;1.00;0.00;0.00;0.00;7.50;97.10;7.07;0.00;0.00;2000.00;48.54;
"2019-09-19 02:16:00";8.40;13.00;13.30;0.00;140.00;0.00;1.00;0.00;0.00;0.00;7.46;96.91;7.00;0.00;0.00;2000.00;48.54;
"2019-09-19 02:21:00";8.20;13.00;13.30;0.00;166.00;0.00;1.00;0.00;0.00;0.00;7.21;97.14;6.79;0.00;0.00;2000.00;48.54;
"2019-09-19 02:26:00";8.10;12.90;13.30;0.00;123.00;0.00;1.00;0.00;0.00;0.00;7.20;97.33;6.80;0.00;0.00;2000.00;48.54;
"2019-09-19 02:31:00";8.00;12.90;13.30;0.00;169.00;0.00;1.00;0.00;0.00;0.00;7.25;97.07;6.81;0.00;0.00;2000.00;48.54;
"2019-09-19 02:36:00";7.90;12.90;13.20;0.00;106.00;0.00;1.00;0.00;0.00;0.00;7.25;97.22;6.84;0.00;0.00;2000.00;48.54;
"2019-09-19 02:41:00";7.80;12.90;13.20;0.00;82.00;0.00;1.00;0.00;0.00;0.00;7.24;97.21;6.83;0.00;0.00;2000.00;48.54;
"2019-09-19 02:46:00";7.90;12.90;13.20;0.00;66.00;0.00;1.00;0.00;0.00;0.00;7.21;97.18;6.79;0.00;0.00;2000.00;48.54;
"2019-09-19 02:51:00";7.90;12.90;13.20;0.00;106.00;0.00;1.00;0.00;0.00;0.00;7.29;97.34;6.90;0.00;0.00;2000.00;48.54;
"2019-09-19 02:56:00";8.00;12.90;13.20;0.00;66.00;0.00;1.00;0.00;0.00;0.00;7.21;97.27;6.80;0.00;0.00;2000.00;48.54;
"2019-09-19 03:01:00";7.90;12.80;13.20;0.00;61.00;0.00;1.00;0.00;0.00;0.00;7.25;97.22;6.84;0.00;0.00;2000.00;48.54;
"2019-09-19 03:06:00";7.80;12.80;13.10;0.00;51.00;0.00;1.00;0.00;0.00;0.00;7.22;97.24;6.81;0.00;0.00;2000.00;48.54;
"2019-09-19 03:11:00";7.70;12.80;13.10;0.00;46.00;0.00;1.00;0.00;0.00;0.00;7.17;97.16;6.75;0.00;0.00;2000.00;48.54;
"2019-09-19 03:16:00";7.50;12.80;13.10;0.00;64.00;0.00;1.00;0.00;0.00;0.00;7.06;97.25;6.65;0.00;0.00;2000.00;48.54;
"2019-09-19 03:21:00";7.40;12.70;13.10;0.00;48.00;0.00;1.00;0.00;0.00;0.00;6.98;97.33;6.59;0.00;0.00;2000.00;48.54;
"2019-09-19 03:26:00";7.40;12.70;13.10;0.00;43.00;0.00;1.00;0.00;0.00;0.00;6.96;97.20;6.54;0.00;0.00;2000.00;48.54;
"2019-09-19 03:31:00";7.40;12.70;13.10;0.00;117.00;0.00;1.00;0.00;0.00;0.00;6.80;97.13;6.37;0.00;0.00;2000.00;48.54;
"2019-09-19 03:36:00";7.30;12.70;13.00;0.00;79.00;0.00;1.00;0.00;0.00;0.00;6.76;97.38;6.38;0.00;0.00;2000.00;48.54;
"2019-09-19 03:41:00";7.20;12.70;13.00;0.00;85.00;0.00;1.00;0.00;0.00;0.00;6.77;97.34;6.38;0.00;0.00;2000.00;48.54;
"2019-09-19 03:46:00";7.20;12.60;13.00;0.00;61.00;0.00;1.00;0.00;0.00;0.00;6.74;97.31;6.34;0.00;0.00;2000.00;48.54;
"2019-09-19 03:51:00";7.10;12.60;13.00;0.00;54.00;0.00;1.00;0.00;0.00;0.00;6.74;97.28;6.33;0.00;0.00;2000.00;48.54;
"2019-09-19 03:56:00";7.10;12.60;12.90;0.00;46.00;0.00;1.00;0.00;0.00;0.00;6.73;97.29;6.33;0.00;0.00;2000.00;48.54;
"2019-09-19 04:01:00";7.00;12.60;12.90;0.00;41.00;0.00;1.00;0.00;0.00;0.00;6.71;97.23;6.30;0.00;0.00;2000.00;48.54;
"2019-09-19 04:06:00";7.00;12.60;12.90;0.00;38.00;0.00;1.00;0.00;0.00;0.00;6.66;97.16;6.24;0.00;0.00;2000.00;48.54;
"2019-09-19 04:11:00";7.00;12.50;12.90;0.00;33.00;0.00;1.00;0.00;0.00;0.00;6.56;97.26;6.15;0.00;0.00;2000.00;48.54;
"2019-09-19 04:16:00";7.00;12.50;12.90;0.00;38.00;0.00;1.00;0.00;0.00;0.00;6.46;97.02;6.02;0.00;0.00;2000.00;48.54;
"2019-09-19 04:21:00";6.90;12.50;12.90;0.00;36.00;0.00;1.00;0.00;0.00;0.00;6.41;97.36;6.02;0.00;0.00;2000.00;48.54;
"2019-09-19 04:26:00";6.90;12.50;12.80;0.00;33.00;0.00;1.00;0.00;0.00;0.00;6.33;97.08;5.90;0.00;0.00;2000.00;48.54;
"2019-09-19 04:31:00";6.80;12.40;12.80;0.00;31.00;0.00;1.00;0.00;0.00;0.00;6.26;97.11;5.84;0.00;0.00;2000.00;48.54;
"2019-09-19 04:36:00";6.80;12.40;12.80;0.00;114.00;0.00;1.00;0.00;0.00;0.00;6.13;97.03;5.69;0.00;0.00;2000.00;48.54;
"2019-09-19 04:41:00";6.70;12.40;12.80;0.00;98.00;0.00;1.00;0.00;0.00;0.00;6.12;97.24;5.71;0.00;0.00;2000.00;48.54;
"2019-09-19 04:46:00";6.70;12.40;12.70;0.00;79.00;0.00;1.00;0.00;0.00;0.00;6.00;97.06;5.57;0.00;0.00;2000.00;48.54;
"2019-09-19 04:51:00";6.60;12.40;12.70;0.00;93.00;0.00;1.00;0.00;0.00;0.00;5.89;97.21;5.48;0.00;0.00;2000.00;48.54;
"2019-09-19 04:56:00";6.60;12.30;12.70;0.00;85.00;0.00;1.00;0.00;0.00;0.00;5.84;97.17;5.43;0.00;0.00;2000.00;48.54;
"2019-09-19 05:01:00";6.50;12.30;12.70;0.00;87.00;0.00;1.00;0.00;0.00;0.00;5.78;97.25;5.38;0.00;0.00;2000.00;48.54;
"2019-09-19 05:06:00";6.50;12.30;12.70;0.00;93.00;0.00;1.00;0.00;0.00;0.00;5.76;97.00;5.32;0.00;0.00;2000.00;48.54;
"2019-09-19 05:11:00";6.50;12.20;12.60;0.00;69.00;0.00;1.00;0.00;0.00;0.00;5.65;97.18;5.24;0.00;0.00;2000.00;48.54;
"2019-09-19 05:16:00";6.50;12.20;12.60;0.00;69.00;0.00;1.00;0.00;0.00;0.00;5.62;97.11;5.20;0.00;0.00;2000.00;48.54;
"2019-09-19 05:21:00";6.40;12.20;12.60;0.00;61.00;0.00;1.00;0.00;0.00;0.00;5.59;97.23;5.19;0.00;0.00;2000.00;48.54;
"2019-09-19 05:26:00";6.40;12.20;12.60;0.00;56.00;0.00;1.00;0.00;0.00;0.00;5.57;97.14;5.15;0.00;0.00;2000.00;48.54;
"2019-09-19 05:31:00";6.40;12.20;12.50;0.00;56.00;0.00;1.00;0.00;0.00;0.00;5.67;97.45;5.30;0.00;0.00;2000.00;48.54;
"2019-09-19 05:36:00";6.30;12.20;12.50;0.00;77.00;0.00;1.00;0.00;0.00;0.00;5.60;97.14;5.18;0.00;0.00;2000.00;48.54;
"2019-09-19 05:41:00";6.30;12.20;12.50;0.00;106.00;0.00;1.00;0.00;0.00;0.00;5.61;97.16;5.19;0.00;0.00;2000.00;48.54;
"2019-09-19 05:46:00";6.30;12.20;12.50;0.00;82.00;0.00;1.00;0.00;0.00;0.00;5.61;97.12;5.19;0.00;0.00;2000.00;48.54;
"2019-09-19 05:51:00";6.20;12.20;12.40;0.00;95.00;0.00;1.00;0.00;0.00;0.00;5.55;97.12;5.13;0.00;0.00;2000.00;48.54;
"2019-09-19 05:56:00";6.20;12.10;12.40;0.00;85.00;0.00;1.00;0.00;0.00;0.00;5.55;97.28;5.15;0.00;0.00;2000.00;48.54;
"2019-09-19 06:01:00";6.10;12.10;12.40;0.00;48.00;0.00;1.00;0.00;0.00;0.00;5.52;97.18;5.11;0.00;0.00;2000.00;48.54;
"2019-09-19 06:06:00";6.10;12.10;12.40;0.00;103.00;0.00;1.00;0.00;0.00;0.00;5.44;97.24;5.04;0.00;0.00;2000.00;48.54;
"2019-09-19 06:11:00";6.30;12.10;12.40;0.00;101.00;0.00;1.00;0.00;0.00;0.00;5.35;97.29;4.95;0.00;0.00;2000.00;48.54;
"2019-09-19 06:16:00";6.60;12.10;12.30;0.00;66.00;0.00;1.00;0.00;0.00;0.00;5.36;97.25;4.96;0.00;0.00;2000.00;48.54;
"2019-09-19 06:21:00";6.80;12.00;12.30;0.00;90.00;0.00;1.00;0.00;0.00;0.00;5.54;97.75;5.21;0.00;0.00;2000.00;48.54;
"2019-09-19 06:26:00";7.00;12.00;12.30;0.00;61.00;0.00;1.00;0.00;0.00;0.00;5.64;97.27;5.24;0.00;0.00;2000.00;48.54;
"2019-09-19 06:31:00";7.00;12.00;12.30;0.00;79.00;0.00;1.00;0.00;0.00;0.00;5.60;97.31;5.21;0.00;0.00;2000.00;48.54;
"2019-09-19 06:36:00";7.10;11.90;12.30;0.00;95.00;0.00;1.00;0.00;0.00;0.00;5.63;97.45;5.25;0.00;0.00;2000.00;48.54;
"2019-09-19 06:41:00";7.10;11.90;12.20;0.00;77.00;0.00;1.00;0.00;0.00;0.00;5.63;97.39;5.25;0.00;0.00;2000.00;48.54;
"2019-09-19 06:46:00";7.10;11.90;12.20;0.00;56.00;0.00;1.00;0.00;0.00;0.00;5.75;97.48;5.38;0.00;0.00;2000.00;48.54;
"2019-09-19 06:51:00";7.20;11.90;12.20;0.00;41.00;0.00;1.00;0.00;0.00;0.00;5.80;97.56;5.44;0.00;0.00;2000.00;48.54;
"2019-09-19 06:56:00";7.30;11.90;12.20;0.00;33.00;0.00;1.00;0.00;0.00;0.00;5.91;97.70;5.57;0.00;0.00;2000.00;48.54;
"2019-09-19 07:01:00";7.40;11.80;12.20;0.00;24.00;0.00;0.00;0.00;0.00;0.00;5.96;97.51;5.60;0.00;0.00;2000.00;48.54;
"2019-09-19 07:06:00";7.40;11.80;12.20;0.00;28.00;0.00;0.00;0.00;0.00;0.00;5.95;97.44;5.57;0.00;0.00;2000.00;48.54;
"2019-09-19 07:11:00";7.40;11.80;12.20;0.00;26.00;0.00;0.00;0.00;0.00;0.00;6.00;97.72;5.67;0.00;0.00;2000.00;48.54;
"2019-09-19 07:16:00";7.40;11.80;12.20;0.00;21.00;0.00;0.00;0.00;0.00;0.00;5.91;97.41;5.53;0.00;0.00;2000.00;48.54;
"2019-09-19 07:21:00";7.50;11.80;12.20;0.00;31.00;0.00;1.00;0.00;0.00;0.00;5.91;97.70;5.57;0.00;0.00;2000.00;48.54;
"2019-09-19 07:26:00";7.60;11.70;12.10;0.00;26.00;0.00;0.00;0.00;0.00;0.00;6.04;97.77;5.71;0.00;0.00;2000.00;48.54;
"2019-09-19 07:31:00";7.60;11.70;12.10;0.00;69.00;0.00;1.00;0.00;0.00;0.00;6.01;97.74;5.68;0.00;0.00;2000.00;48.54;
"2019-09-19 07:36:00";7.70;11.70;12.10;0.00;33.00;0.00;1.00;0.00;0.00;0.00;6.05;97.61;5.70;0.00;0.00;2000.00;48.54;
"2019-09-19 07:41:00";7.70;11.70;12.10;0.00;28.00;0.00;0.00;0.00;0.00;0.00;5.97;97.66;5.63;0.00;0.00;2000.00;48.54;
"2019-09-19 07:46:00";7.80;11.70;12.10;0.00;26.00;0.00;0.00;0.00;0.00;0.00;6.13;97.81;5.81;0.00;0.00;2000.00;48.54;
"2019-09-19 07:51:00";7.80;11.70;12.10;0.00;21.00;0.00;0.00;0.00;0.00;0.00;6.06;97.54;5.70;0.00;0.00;2000.00;48.54;
"2019-09-19 07:56:00";8.00;11.70;12.10;0.00;16.00;0.00;0.00;0.00;0.00;0.00;6.13;97.65;5.79;0.00;0.00;2000.00;48.54;
"2019-09-19 08:01:00";8.00;11.60;12.00;0.00;11.00;0.00;0.00;0.00;0.00;0.00;6.14;97.57;5.78;0.00;0.00;2000.00;48.54;
"2019-09-19 08:06:00";8.10;11.60;12.00;0.00;38.00;0.00;1.00;0.00;0.00;0.00;6.14;97.87;5.83;0.00;0.00;2000.00;48.54;
"2019-09-19 08:11:00";8.20;11.60;12.00;0.00;28.00;0.00;0.00;0.00;0.00;0.00;6.24;97.84;5.93;0.00;0.00;2000.00;48.54;
"2019-09-19 08:16:00";8.20;11.60;12.00;0.00;21.00;0.00;0.00;0.00;0.00;0.00;6.29;97.91;5.98;0.00;0.00;2000.00;48.54;
"2019-09-19 08:21:00";8.30;11.60;12.00;0.00;16.00;0.00;0.00;0.00;0.00;0.00;6.35;97.81;6.03;0.00;0.00;2000.00;48.54;
"2019-09-19 08:26:00";8.40;11.60;12.00;0.00;14.00;0.00;0.00;0.00;0.00;0.00;6.37;97.75;6.04;0.00;0.00;2000.00;48.54;
"2019-09-19 08:31:00";8.60;11.60;12.00;0.00;11.00;0.00;0.00;0.00;0.00;0.00;6.38;97.81;6.06;0.00;0.00;2000.00;48.54;
"2019-09-19 08:36:00";8.70;11.60;12.00;0.00;0.00;0.00;0.00;0.00;0.00;0.00;6.49;97.94;6.19;0.00;0.00;2000.00;48.54;
"2019-09-19 08:41:00";8.90;11.60;12.00;0.00;0.00;0.00;0.00;0.00;0.00;0.00;6.67;97.88;6.35;0.00;0.00;2000.00;48.54;
"2019-09-19 08:46:00";9.00;11.60;11.90;0.00;0.00;0.00;0.00;0.00;0.00;0.00;6.70;97.89;6.39;0.00;0.00;2000.00;48.54;
"2019-09-19 08:51:00";9.00;11.60;11.90;0.00;0.00;0.00;0.00;0.00;0.00;0.00;6.81;97.85;6.49;0.00;0.00;2000.00;48.54;
"2019-09-19 08:56:00";9.20;11.50;11.90;0.00;0.00;0.00;0.00;0.00;0.00;0.00;6.74;97.65;6.40;0.00;0.00;2000.00;48.54;
"2019-09-19 09:01:00";9.40;11.50;11.90;0.00;0.00;0.00;0.00;0.00;0.00;0.00;6.80;97.92;6.49;0.00;0.00;2000.00;48.54;
"2019-09-19 09:06:00";9.50;11.50;11.90;0.00;0.00;0.00;0.00;0.00;0.00;0.00;6.94;98.25;6.68;0.00;0.00;2000.00;48.54;
"2019-09-19 09:11:00";9.80;11.50;11.90;0.00;0.00;0.00;0.00;0.00;0.00;0.00;6.95;97.45;6.58;0.00;0.00;2000.00;48.54;
"2019-09-19 09:16:00";10.00;11.50;11.90;0.00;0.00;0.00;0.00;0.00;0.00;0.00;6.91;98.03;6.62;0.00;0.00;2000.00;48.54;
"2019-09-19 09:21:00";10.20;11.50;11.90;0.00;0.00;0.00;0.00;0.00;0.00;0.00;6.96;98.56;6.75;0.00;0.00;2000.00;48.54;
"2019-09-19 09:26:00";10.30;11.50;11.90;0.00;0.00;0.00;0.00;0.00;0.00;0.00;6.85;97.72;6.52;0.00;0.00;2000.00;48.54;
"2019-09-19 09:31:00";10.30;11.50;11.90;0.00;0.00;0.00;0.00;0.00;0.00;1.27;7.03;98.23;6.77;0.00;0.00;2000.00;48.54;
"2019-09-19 09:36:00";10.50;11.50;11.90;0.00;0.00;0.00;0.00;0.00;0.00;0.00;7.13;98.15;6.85;0.00;0.00;2000.00;48.54;
"2019-09-19 09:41:00";10.70;11.50;11.90;0.00;0.00;0.00;0.00;0.00;0.00;0.00;7.27;98.06;6.99;0.00;0.00;2000.00;48.54;
"2019-09-19 09:46:00";10.80;11.50;11.90;0.00;0.00;0.00;0.00;0.00;0.00;0.00;7.32;97.85;7.01;0.00;0.00;2000.00;48.54;
"2019-09-19 09:51:00";10.80;11.50;11.90;0.00;0.00;0.00;0.00;0.00;0.00;0.00;7.37;97.71;7.03;0.00;0.00;2000.00;48.54;
"2019-09-19 09:56:00";10.80;11.50;11.90;0.00;0.00;0.00;0.00;0.00;0.00;0.00;7.52;97.75;7.19;0.00;0.00;2000.00;48.54;
"2019-09-19 10:01:00";11.00;11.50;11.90;0.00;0.00;0.00;0.00;0.00;0.00;0.00;7.54;97.64;7.19;0.00;0.00;2000.00;48.54;
"2019-09-19 10:06:00";11.00;11.60;11.90;0.00;0.00;0.00;0.00;0.00;0.00;0.00;7.67;97.82;7.35;0.00;0.00;2000.00;48.54;
"2019-09-19 10:11:00";11.10;11.60;11.90;0.00;0.00;0.00;0.00;0.00;0.00;0.00;7.74;97.89;7.43;0.00;0.00;2000.00;48.54;
"2019-09-19 10:16:00";11.20;11.60;11.90;0.00;0.00;0.00;0.00;0.00;0.00;0.00;7.82;98.01;7.53;0.00;0.00;2000.00;48.54;
"2019-09-19 10:21:00";11.30;11.60;11.90;0.00;0.00;0.00;0.00;0.00;0.00;0.00;7.82;97.48;7.45;0.00;0.00;2000.00;48.54;
"2019-09-19 10:26:00";11.40;11.60;11.90;0.00;0.00;0.00;0.00;0.00;0.00;0.00;7.88;97.91;7.57;0.00;0.00;2000.00;48.54;
"2019-09-19 10:31:00";11.40;11.60;11.90;0.00;0.00;0.00;0.00;0.00;0.00;0.00;8.02;97.89;7.71;0.00;0.00;2000.00;48.54;
"2019-09-19 10:36:00";11.50;11.60;11.90;0.00;0.00;0.00;0.00;0.00;0.00;0.00;8.16;97.88;7.84;0.00;0.00;2000.00;48.54;
"2019-09-19 10:41:00";11.60;11.60;11.90;0.00;0.00;0.00;0.00;0.00;0.00;0.00;8.18;97.68;7.83;0.00;0.00;2000.00;48.54;
"2019-09-19 10:46:00";11.60;11.60;11.90;0.00;0.00;0.00;0.00;0.00;0.00;0.00;8.10;97.36;7.71;0.00;0.00;2000.00;48.54;
"2019-09-19 10:51:00";11.50;11.60;11.90;0.00;0.00;0.00;0.00;0.00;0.00;0.00;7.87;97.31;7.47;0.00;0.00;2000.00;48.54;
"2019-09-19 10:56:00";11.50;11.60;12.00;0.00;0.00;0.00;0.00;0.00;0.00;0.00;7.94;97.66;7.59;0.00;0.00;2000.00;48.54;
"2019-09-19 11:01:00";11.50;11.70;11.90;0.00;0.00;0.00;0.00;0.00;0.00;0.00;7.94;97.45;7.56;0.00;0.00;2000.00;48.54;
"2019-09-19 11:06:00";11.70;11.70;12.00;0.00;0.00;0.00;0.00;0.00;0.00;0.00;7.94;97.61;7.58;0.00;0.00;2000.00;48.54;
"2019-09-19 11:11:00";12.30;11.70;12.00;0.00;0.00;0.00;0.00;0.00;0.00;0.00;8.03;97.44;7.65;0.00;0.00;2000.00;48.54;
"2019-09-19 11:16:00";14.00;11.70;12.00;0.00;0.00;0.00;0.00;0.00;0.00;0.00;8.41;97.03;7.97;0.00;0.00;2000.00;48.54;
"2019-09-19 11:21:00";13.90;11.70;12.00;0.00;0.00;0.00;0.00;0.00;0.00;0.00;8.47;96.66;7.97;0.00;0.00;2000.00;48.54;
"2019-09-19 11:26:00";14.10;11.70;12.00;0.00;0.00;0.00;0.00;1.95;65.98;2.56;8.59;96.21;8.02;0.00;0.00;2000.00;48.54;
"2019-09-19 11:31:00";14.30;11.70;12.00;0.00;0.00;0.00;0.00;0.00;0.00;0.00;8.70;96.54;8.18;0.00;0.00;2000.00;48.54;
"2019-09-19 11:36:00";15.60;11.70;12.00;0.00;0.00;0.00;0.00;0.00;0.00;0.00;9.07;97.12;8.64;0.00;0.00;2000.00;48.54;
"2019-09-19 11:41:00";15.40;11.80;12.00;0.00;0.00;0.00;0.00;0.00;0.00;0.00;9.50;96.30;8.94;0.00;0.00;2000.00;48.54;
"2019-09-19 11:46:00";14.80;11.80;12.00;0.00;0.00;0.00;0.00;0.00;0.00;0.00;9.69;96.24;9.12;0.00;0.00;2000.00;48.54;
"2019-09-19 11:51:00";14.70;11.80;12.10;0.00;0.00;0.00;0.00;0.00;0.00;0.00;10.06;95.53;9.38;0.00;0.00;2000.00;48.54;
"2019-09-19 11:56:00";14.80;11.90;12.10;0.00;0.00;0.00;0.00;0.00;0.00;0.00;10.45;95.59;9.77;0.00;0.00;2000.00;48.54;
"2019-09-19 12:01:00";14.90;11.90;12.10;0.00;0.00;0.00;0.00;0.00;0.00;0.00;10.65;95.82;10.01;0.00;0.00;2000.00;48.54;
"2019-09-19 12:06:00";15.40;11.90;12.10;0.00;0.00;0.00;0.00;0.00;0.00;0.00;10.40;94.24;9.51;0.00;0.00;2000.00;48.54;
"2019-09-19 12:11:00";16.30;11.90;12.20;0.00;0.00;0.00;0.00;0.00;0.00;0.00;10.45;94.40;9.59;0.00;0.00;2000.00;48.54;
"2019-09-19 12:16:00";17.90;12.00;12.20;0.00;0.00;0.00;0.00;0.00;0.00;0.00;10.26;93.44;9.25;0.00;0.00;2000.00;48.54;
"2019-09-19 12:21:00";18.90;12.00;12.20;0.00;0.00;0.00;0.00;0.00;0.00;0.00;10.03;92.87;8.92;0.00;0.00;2000.00;48.54;
"2019-09-19 12:26:00";19.90;12.00;12.20;0.00;0.00;0.00;0.00;0.00;0.00;0.00;10.00;92.90;8.90;0.00;0.00;2000.00;48.54;
"2019-09-19 12:31:00";20.90;12.00;12.20;0.00;0.00;0.00;0.00;0.00;0.00;0.00;10.45;92.38;9.27;0.00;0.00;2000.00;48.54;
"2019-09-19 12:36:00";21.60;12.10;12.20;0.00;0.00;0.00;0.00;0.00;0.00;0.00;10.80;92.00;9.55;0.00;0.00;2000.00;48.54;
"2019-09-19 12:41:00";21.90;12.10;12.20;0.00;0.00;0.00;0.00;0.00;0.00;0.00;10.95;91.24;9.57;0.00;0.00;2000.00;48.54;
"2019-09-19 12:46:00";22.20;12.20;12.30;0.00;0.00;0.00;0.00;0.00;0.00;0.00;11.26;90.82;9.81;0.00;0.00;2000.00;48.54;
"2019-09-19 12:51:00";22.40;12.20;12.30;0.00;0.00;0.00;0.00;0.00;0.00;0.00;11.37;89.65;9.73;0.00;0.00;2000.00;48.54;
"2019-09-19 12:56:00";22.60;12.20;12.30;0.00;0.00;0.00;0.00;0.00;0.00;0.00;11.09;89.24;9.39;0.00;0.00;2000.00;48.54;
"2019-09-19 13:01:00";23.10;12.20;12.40;0.00;0.00;0.00;0.00;0.00;0.00;0.00;11.31;87.73;9.34;0.00;0.00;2000.00;48.54;
"2019-09-19 13:06:00";23.00;12.30;12.40;0.00;0.00;0.00;0.00;0.00;0.00;0.00;11.74;86.15;9.49;0.00;0.00;2000.00;48.54;
"2019-09-19 13:11:00";23.80;12.40;12.50;0.00;0.00;0.00;0.00;0.00;0.00;0.00;11.61;85.64;9.28;0.00;0.00;2000.00;48.54;
"2019-09-19 13:16:00";24.50;12.40;12.50;0.00;0.00;0.00;0.00;0.00;0.00;0.00;12.00;84.06;9.39;0.00;0.00;2000.00;48.54;
"2019-09-19 13:21:00";24.80;12.50;12.60;0.00;0.00;0.00;0.00;0.00;0.00;0.00;11.90;83.38;9.17;0.00;0.00;2000.00;48.54;
"2019-09-19 13:26:00";23.10;12.60;12.70;0.00;0.00;0.00;0.00;0.00;0.00;0.00;11.79;81.78;8.77;0.00;0.00;2000.00;48.54;
"2019-09-19 13:31:00";21.50;12.70;12.70;0.00;0.00;0.00;0.00;0.00;0.00;0.00;11.39;81.20;8.28;0.00;0.00;2000.00;48.54;
"2019-09-19 13:36:00";20.90;12.70;12.80;0.00;0.00;0.00;0.00;0.00;0.00;0.00;11.48;81.21;8.37;0.00;0.00;2000.00;48.54;
"2019-09-19 13:41:00";20.80;12.80;12.90;0.00;0.00;0.00;0.00;0.00;0.00;0.00;11.59;80.79;8.40;0.00;0.00;2000.00;48.54;
"2019-09-19 13:46:00";20.80;12.90;13.00;0.00;0.00;0.00;0.00;0.00;0.00;0.00;11.85;80.47;8.59;0.00;0.00;2000.00;48.54;
"2019-09-19 13:51:00";20.90;13.00;13.00;0.00;0.00;0.00;0.00;0.00;0.00;0.00;11.76;79.64;8.35;0.00;0.00;2000.00;48.54;
"2019-09-19 13:56:00";21.00;13.10;13.10;0.00;0.00;0.00;0.00;0.00;0.00;0.00;11.72;78.56;8.11;0.00;0.00;2000.00;48.54;
"2019-09-19 14:01:00";22.00;13.20;13.10;0.00;0.00;0.00;0.00;0.00;0.00;0.00;11.78;78.22;8.11;0.00;0.00;2000.00;48.54;
"2019-09-19 14:06:00";21.80;13.20;13.20;0.00;0.00;0.00;0.00;0.00;0.00;0.00;12.13;77.15;8.24;0.00;0.00;2000.00;48.54;
"2019-09-19 14:11:00";20.50;13.30;13.30;0.00;0.00;0.00;0.00;0.00;0.00;0.00;11.92;75.87;7.80;0.00;0.00;2000.00;48.54;
"2019-09-19 14:16:00";19.50;13.40;13.30;0.00;0.00;0.00;0.00;0.00;0.00;0.00;11.68;75.19;7.43;0.00;0.00;2000.00;48.54;
"2019-09-19 14:21:00";18.90;13.40;13.40;0.00;0.00;0.00;0.00;0.00;0.00;0.00;11.69;74.66;7.33;0.00;0.00;2000.00;48.54;
"2019-09-19 14:26:00";18.40;13.40;13.40;0.00;0.00;0.00;0.00;0.00;0.00;0.00;11.64;74.38;7.23;0.00;0.00;2000.00;48.54;
"2019-09-19 14:31:00";18.00;13.50;13.40;0.00;0.00;0.00;0.00;0.00;0.00;0.00;11.53;74.33;7.11;0.00;0.00;2000.00;48.54;
"2019-09-19 14:36:00";17.70;13.50;13.50;0.00;0.00;0.00;0.00;0.00;0.00;0.00;11.44;74.62;7.09;0.00;0.00;2000.00;48.54;
"2019-09-19 14:41:00";17.80;13.60;13.60;0.00;0.00;0.00;0.00;0.00;0.00;0.00;11.35;75.44;7.16;0.00;0.00;2000.00;48.54;
"2019-09-19 14:46:00";18.50;13.70;13.60;0.00;0.00;0.00;0.00;0.00;0.00;0.00;11.35;75.93;7.26;0.00;0.00;2000.00;48.54;
"2019-09-19 14:51:00";18.90;13.70;13.60;0.00;0.00;0.00;0.00;0.00;0.00;0.00;11.38;76.29;7.35;0.00;0.00;2000.00;48.54;
"2019-09-19 14:56:00";18.90;13.80;13.70;0.00;0.00;0.00;0.00;0.00;0.00;0.00;11.26;76.80;7.34;0.00;0.00;2000.00;48.54;
"2019-09-19 15:01:00";18.30;13.80;13.70;0.00;0.00;0.00;0.00;0.00;0.00;0.00;11.28;76.68;7.33;0.02;60.00;2000.00;48.56;
"2019-09-19 15:06:00";16.60;13.90;13.80;0.00;264.00;0.00;1.00;1.95;331.44;3.25;11.24;76.63;7.28;0.15;60.00;2000.00;48.71;
"2019-09-19 15:11:00";15.40;13.90;13.80;0.00;267.00;0.00;1.00;0.00;0.00;0.00;10.72;76.58;6.77;0.55;60.00;2000.00;49.26;
"2019-09-19 15:16:00";14.70;13.90;13.90;0.00;299.00;0.00;1.00;0.00;0.00;0.00;10.34;77.79;6.63;0.45;60.00;2000.00;49.71;
"2019-09-19 15:21:00";14.10;14.00;13.90;0.00;370.00;0.00;2.00;0.00;0.00;0.00;10.05;79.09;6.59;0.27;60.00;2000.00;49.98;
"2019-09-19 15:26:00";13.60;14.00;13.90;0.00;295.00;0.00;1.00;1.79;301.82;2.87;9.65;80.42;6.44;0.59;60.00;2000.00;50.57;
"2019-09-19 15:31:00";13.20;14.10;14.00;0.00;350.00;0.00;2.00;0.00;0.00;0.00;9.31;81.70;6.33;1.15;60.00;2000.00;51.72;
"2019-09-19 15:36:00";13.20;14.10;14.00;0.00;382.00;0.00;2.00;0.00;0.00;0.00;9.37;82.82;6.60;0.32;60.00;2000.00;52.04;
"2019-09-19 15:41:00";13.10;14.10;14.00;0.00;366.00;0.00;2.00;0.00;0.00;0.00;9.08;83.98;6.51;0.24;60.00;2000.00;52.28;
"2019-09-19 15:46:00";13.30;14.10;14.10;0.00;257.00;0.00;1.00;0.00;0.00;0.00;9.10;85.04;6.72;0.06;60.00;2000.00;52.34;
"2019-09-19 15:51:00";14.40;14.10;14.10;0.00;254.00;0.00;1.00;0.00;0.00;0.00;9.45;86.04;7.23;0.03;60.00;2000.00;52.37;
"2019-09-19 15:56:00";16.00;14.20;14.10;0.00;354.00;0.00;2.00;0.00;0.00;0.00;9.51;85.79;7.25;0.00;0.00;2000.00;52.37;
"2019-09-19 16:01:00";15.90;14.20;14.10;0.00;148.00;0.00;1.00;0.00;0.00;0.00;9.57;86.29;7.39;0.00;0.00;2000.00;52.37;
"2019-09-19 16:06:00";16.10;14.20;14.10;0.00;117.00;0.00;1.00;0.00;0.00;0.00;10.13;87.58;8.16;0.00;0.00;2000.00;52.37;
"2019-09-19 16:11:00";15.70;14.20;14.10;0.00;112.00;0.00;1.00;0.00;0.00;1.47;10.33;87.34;8.31;0.00;0.00;2000.00;52.37;
"2019-09-19 16:16:00";15.30;14.20;14.20;0.00;101.00;0.00;1.00;0.00;0.00;0.00;10.67;88.29;8.81;0.00;0.00;2000.00;52.37;
"2019-09-19 16:21:00";15.60;14.20;14.20;0.00;85.00;0.00;1.00;0.00;0.00;0.00;10.87;88.06;8.97;0.00;0.00;2000.00;52.37;
"2019-09-19 16:26:00";16.00;14.20;14.20;0.00;54.00;0.00;1.00;0.00;0.00;0.00;10.86;88.10;8.97;0.00;0.00;2000.00;52.37;
"2019-09-19 16:31:00";16.50;14.20;14.20;0.00;72.00;0.00;1.00;0.00;0.00;0.00;11.04;87.27;9.01;0.00;0.00;2000.00;52.37;
"2019-09-19 16:36:00";16.50;14.20;14.20;0.00;61.00;0.00;1.00;0.00;0.00;0.00;11.16;87.57;9.18;0.00;0.00;2000.00;52.37;
"2019-09-19 16:41:00";16.40;14.20;14.20;0.00;56.00;0.00;1.00;0.00;0.00;0.00;11.40;86.78;9.28;0.00;0.00;2000.00;52.37;
"2019-09-19 16:46:00";16.40;14.20;14.20;0.00;51.00;0.00;1.00;0.00;0.00;0.00;11.33;86.18;9.10;0.00;0.00;2000.00;52.37;
"2019-09-19 16:51:00";16.40;14.20;14.20;0.00;0.00;0.00;0.00;0.00;0.00;0.00;11.40;85.64;9.08;0.00;0.00;2000.00;52.37;
"2019-09-19 16:56:00";16.30;14.20;14.20;0.00;0.00;0.00;0.00;0.00;0.00;0.00;11.38;84.82;8.91;0.00;0.00;2000.00;52.37;
"2019-09-19 17:01:00";15.70;14.30;14.20;0.00;0.00;0.00;0.00;0.00;0.00;3.21;11.42;83.30;8.68;0.00;0.00;2000.00;52.37;
"2019-09-19 17:06:00";16.00;14.30;14.30;0.00;0.00;0.00;0.00;0.00;0.00;0.00;11.51;83.29;8.77;0.00;0.00;2000.00;52.37;
"2019-09-19 17:11:00";15.80;14.30;14.30;0.00;0.00;0.00;0.00;2.43;251.10;3.09;11.48;82.13;8.53;0.00;0.00;2000.00;52.37;
"2019-09-19 17:16:00";15.90;14.30;14.30;0.00;0.00;0.00;0.00;0.00;0.00;0.00;11.39;81.79;8.39;0.00;0.00;2000.00;52.37;
"2019-09-19 17:21:00";15.80;14.30;14.30;0.00;0.00;0.00;0.00;0.00;0.00;0.00;11.23;81.81;8.24;0.00;0.00;2000.00;52.37;
"2019-09-19 17:26:00";15.50;14.30;14.30;0.00;0.00;0.00;0.00;2.04;8.04;2.04;11.05;81.56;8.02;0.00;0.00;2000.00;52.37;
"2019-09-19 17:31:00";15.30;14.30;14.30;0.00;0.00;0.00;0.00;0.00;0.00;0.00;10.98;81.61;7.95;0.00;0.00;2000.00;52.37;
"2019-09-19 17:36:00";15.00;14.30;14.30;0.00;0.00;0.00;0.00;0.00;0.00;0.00;10.89;81.88;7.92;0.00;0.00;2000.00;52.37;
"2019-09-19 17:41:00";14.80;14.30;14.30;0.00;0.00;0.00;0.00;0.00;0.00;0.00;10.88;81.91;7.91;0.00;0.00;2000.00;52.37;
"2019-09-19 17:46:00";14.60;14.40;14.40;0.00;0.00;0.00;0.00;0.00;0.00;0.00;10.85;82.26;7.94;0.01;0.00;2000.00;52.38;
"2019-09-19 17:51:00";14.20;14.30;14.30;0.00;0.00;0.00;0.00;0.00;0.00;0.00;10.64;82.77;7.83;0.00;0.00;2000.00;52.38;
"2019-09-19 17:56:00";14.10;14.30;14.30;0.00;0.00;0.00;0.00;0.00;0.00;0.00;10.66;82.59;7.81;0.00;0.00;2000.00;52.38;
"2019-09-19 18:01:00";14.00;14.40;14.40;0.00;0.00;0.00;0.00;0.00;0.00;0.00;10.63;83.04;7.86;0.00;0.00;2000.00;52.38;
"2019-09-19 18:06:00";13.80;14.40;14.40;0.00;0.00;0.00;0.00;0.00;0.00;0.00;10.59;83.34;7.88;0.00;0.00;2000.00;52.38;
"2019-09-19 18:11:00";13.60;14.40;14.40;0.00;0.00;0.00;0.00;0.00;0.00;0.00;10.53;83.49;7.85;0.02;60.00;2000.00;52.40;
"2019-09-19 18:16:00";13.50;14.40;14.40;0.00;54.00;0.00;1.00;0.00;0.00;0.00;10.53;83.42;7.83;0.06;60.00;2000.00;52.46;
"2019-09-19 18:21:00";13.50;14.40;14.40;0.00;112.00;0.00;1.00;0.00;0.00;0.00;10.59;83.88;7.97;0.04;0.00;2000.00;52.50;
"2019-09-19 18:26:00";13.30;14.40;14.40;0.00;72.00;0.00;1.00;0.00;0.00;0.00;10.50;84.51;8.00;0.00;0.00;2000.00;52.50;
"2019-09-19 18:31:00";13.10;14.40;14.40;0.00;51.00;0.00;1.00;0.00;0.00;0.00;10.45;84.60;7.96;0.00;0.00;2000.00;52.50;
"2019-09-19 18:36:00";12.70;14.40;14.40;0.00;41.00;0.00;1.00;0.00;0.00;0.00;10.21;84.71;7.74;0.00;0.00;2000.00;52.50;
"2019-09-19 18:41:00";12.30;14.40;14.40;0.00;36.00;0.00;1.00;0.00;0.00;0.00;10.10;84.91;7.67;0.00;0.00;2000.00;52.50;
"2019-09-19 18:46:00";12.10;14.30;14.40;0.00;33.00;0.00;1.00;0.00;0.00;0.00;10.30;85.21;7.92;0.00;0.00;2000.00;52.50;
"2019-09-19 18:51:00";11.90;14.30;14.40;0.00;28.00;0.00;0.00;0.00;0.00;0.00;10.28;85.17;7.90;0.00;0.00;2000.00;52.50;
"2019-09-19 18:56:00";11.70;14.30;14.40;0.00;21.00;0.00;0.00;0.00;0.00;0.00;10.14;85.02;7.74;0.00;0.00;2000.00;52.50;
"2019-09-19 19:01:00";11.70;14.30;14.40;0.00;14.00;0.00;0.00;0.00;0.00;0.00;10.04;85.09;7.64;0.00;0.00;2000.00;52.50;
"2019-09-19 19:06:00";11.70;14.30;14.40;0.00;0.00;0.00;0.00;0.00;0.00;0.00;9.99;84.69;7.53;0.00;0.00;2000.00;52.50;
"2019-09-19 19:11:00";11.70;14.30;14.30;0.00;0.00;0.00;0.00;0.00;0.00;0.00;10.02;84.91;7.60;0.00;0.00;2000.00;52.50;
"2019-09-19 19:16:00";11.60;14.30;14.30;0.00;0.00;0.00;0.00;0.00;0.00;0.00;9.96;84.85;7.53;0.00;0.00;2000.00;52.50;
"2019-09-19 19:21:00";11.50;14.30;14.30;0.00;0.00;0.00;0.00;0.00;0.00;3.92;9.90;84.75;7.45;0.00;0.00;2000.00;52.50;
"2019-09-19 19:26:00";11.60;14.20;14.30;0.00;0.00;0.00;0.00;1.49;253.81;3.00;9.89;84.83;7.45;0.00;0.00;2000.00;52.50;
"2019-09-19 19:31:00";11.50;14.20;14.30;0.00;0.00;0.00;0.00;1.42;275.57;3.39;9.85;84.93;7.44;0.00;0.00;2000.00;52.50;
"2019-09-19 19:36:00";11.50;14.20;14.30;0.00;0.00;0.00;0.00;0.00;0.00;0.00;9.94;84.95;7.52;0.00;0.00;2000.00;52.50;
"2019-09-19 19:41:00";11.40;14.20;14.30;0.00;0.00;0.00;0.00;0.00;0.00;0.00;9.82;84.93;7.40;0.01;60.00;2000.00;52.51;
"2019-09-19 19:46:00";11.10;14.20;14.30;0.00;43.00;0.00;1.00;0.00;0.00;0.00;9.68;84.98;7.27;0.03;0.00;2000.00;52.54;
"2019-09-19 19:51:00";10.80;14.20;14.20;0.00;41.00;0.00;1.00;0.00;0.00;0.00;9.63;85.16;7.26;0.00;0.00;2000.00;52.54;
"2019-09-19 19:56:00";10.40;14.10;14.20;0.00;36.00;0.00;1.00;0.00;0.00;0.00;9.48;85.35;7.14;0.00;0.00;2000.00;52.54;
"2019-09-19 20:01:00";10.30;14.10;14.20;0.00;36.00;0.00;1.00;0.00;0.00;0.00;9.39;85.54;7.09;0.00;0.00;2000.00;52.54;
"2019-09-19 20:06:00";10.40;14.10;14.20;0.00;26.00;0.00;0.00;0.00;0.00;0.00;9.30;85.83;7.05;0.00;0.00;2000.00;52.54;
"2019-09-19 20:11:00";10.50;14.10;14.20;0.00;21.00;0.00;0.00;0.00;0.00;0.00;9.33;85.87;7.09;0.00;0.00;2000.00;52.54;
"2019-09-19 20:16:00";10.30;14.00;14.20;0.00;19.00;0.00;0.00;0.00;0.00;0.00;9.29;86.07;7.08;0.00;0.00;2000.00;52.54;
"2019-09-19 20:21:00";10.30;14.00;14.10;0.00;14.00;0.00;0.00;0.00;0.00;0.00;9.15;86.28;6.97;0.00;0.00;2000.00;52.54;
"2019-09-19 20:26:00";10.30;14.00;14.10;0.00;0.00;0.00;0.00;0.00;0.00;0.00;9.06;86.49;6.92;0.00;0.00;2000.00;52.54;
"2019-09-19 20:31:00";10.30;14.00;14.10;0.00;16.00;0.00;0.00;0.00;0.00;0.00;9.02;86.73;6.93;0.00;0.00;2000.00;52.54;
"2019-09-19 20:36:00";10.00;13.90;14.10;0.00;11.00;0.00;0.00;0.00;0.00;0.00;8.94;86.88;6.87;0.00;0.00;2000.00;52.54;
"2019-09-19 20:41:00";9.90;13.90;14.10;0.00;0.00;0.00;0.00;0.00;0.00;0.00;8.76;86.97;6.71;0.00;0.00;2000.00;52.54;
"2019-09-19 20:46:00";10.00;13.90;14.00;0.00;0.00;0.00;0.00;0.00;0.00;0.00;8.64;87.26;6.64;0.00;0.00;2000.00;52.54;
"2019-09-19 20:51:00";10.10;13.90;14.00;0.00;77.00;0.00;1.00;0.00;0.00;0.00;8.62;87.60;6.68;0.03;60.00;2000.00;52.57;
"2019-09-19 20:56:00";10.10;13.80;14.00;0.00;66.00;0.00;1.00;0.00;0.00;0.00;8.58;87.82;6.67;0.02;0.00;2000.00;52.59;
"2019-09-19 21:01:00";10.20;13.80;14.00;0.00;43.00;0.00;1.00;0.00;0.00;0.00;8.54;88.02;6.66;0.00;0.00;2000.00;52.59;
"2019-09-19 21:06:00";10.10;13.80;14.00;0.00;142.00;0.00;1.00;0.00;0.00;0.00;8.51;88.36;6.69;0.14;60.00;2000.00;52.73;
"2019-09-19 21:11:00";10.20;13.80;13.90;0.00;160.00;0.00;1.00;0.00;0.00;0.00;8.50;88.53;6.71;0.05;60.00;2000.00;52.78;
"2019-09-19 21:16:00";10.10;13.70;13.90;0.00;137.00;0.00;1.00;0.00;0.00;0.00;8.47;88.78;6.72;0.00;0.00;2000.00;52.78;
"2019-09-19 21:21:00";9.90;13.70;13.90;0.00;77.00;0.00;1.00;2.51;291.34;2.72;8.42;89.20;6.74;0.00;0.00;2000.00;52.78;
"2019-09-19 21:26:00";9.90;13.70;13.90;0.00;101.00;0.00;1.00;0.00;0.00;0.87;8.39;89.39;6.74;0.00;0.00;2000.00;52.78;
"2019-09-19 21:31:00";9.90;13.70;13.80;0.00;157.00;0.00;1.00;0.00;0.00;0.00;8.42;89.68;6.82;0.01;60.00;2000.00;52.79;
"2019-09-19 21:36:00";9.90;13.60;13.80;0.00;257.00;0.00;1.00;0.00;0.00;0.00;8.45;90.08;6.91;0.21;60.00;2000.00;53.00;
"2019-09-19 21:41:00";9.90;13.60;13.80;0.00;114.00;0.00;1.00;1.60;322.28;4.62;8.55;90.35;7.06;0.18;60.00;2000.00;53.18;
"2019-09-19 21:46:00";9.90;13.60;13.80;0.00;227.00;0.00;1.00;3.01;300.10;3.35;8.59;90.58;7.14;0.02;0.00;2000.00;53.20;
"2019-09-19 21:51:00";10.00;13.60;13.80;0.00;184.00;0.00;1.00;2.22;335.25;3.26;8.57;90.92;7.17;0.15;60.00;2000.00;53.35;
"2019-09-19 21:56:00";9.90;13.50;13.70;0.00;205.00;0.00;1.00;3.01;325.29;3.62;8.63;91.16;7.27;0.18;60.00;2000.00;53.53;
"2019-09-19 22:01:00";9.90;13.50;13.70;0.00;166.00;0.00;1.00;4.22;318.82;7.38;8.64;91.06;7.26;0.46;60.00;2000.00;53.99;
"2019-09-19 22:06:00";9.90;13.50;13.70;0.00;309.00;0.00;2.00;3.51;300.01;4.74;8.58;91.38;7.25;0.46;60.00;2000.00;54.45;
"2019-09-19 22:11:00";9.80;13.50;13.70;0.00;163.00;0.00;1.00;2.44;315.08;4.07;8.43;91.69;7.15;0.14;60.00;2000.00;54.59;
"2019-09-19 22:16:00";9.80;13.40;13.60;0.00;224.00;0.00;1.00;0.00;0.00;0.00;8.43;92.06;7.21;0.39;60.00;2000.00;54.98;
"2019-09-19 22:21:00";9.70;13.40;13.60;0.00;306.00;0.00;2.00;0.00;0.00;3.18;8.25;92.13;7.05;0.37;60.00;2000.00;55.35;
"2019-09-19 22:26:00";9.70;13.40;13.60;0.00;407.00;0.00;2.00;1.13;343.79;3.74;8.16;92.43;7.00;0.36;60.00;2000.00;55.71;
"2019-09-19 22:31:00";9.70;13.40;13.60;0.00;247.00;0.00;1.00;0.00;0.00;0.00;8.19;92.72;7.08;0.38;60.00;2000.00;56.09;
"2019-09-19 22:36:00";9.70;13.40;13.60;0.00;254.00;0.00;1.00;0.00;0.00;0.00;8.19;92.85;7.10;0.21;60.00;2000.00;56.30;
"2019-09-19 22:41:00";9.60;13.40;13.50;0.00;215.00;0.00;1.00;0.00;0.00;0.00;8.01;92.81;6.92;0.20;60.00;2000.00;56.50;
"2019-09-19 22:46:00";9.60;13.40;13.50;0.00;227.00;0.00;1.00;0.00;0.00;0.84;7.98;93.15;6.94;0.17;60.00;2000.00;56.67;
"2019-09-19 22:51:00";9.60;13.40;13.50;0.00;181.00;0.00;1.00;1.83;327.07;1.83;8.04;93.38;7.03;0.21;60.00;2000.00;56.88;
"2019-09-19 22:56:00";9.60;13.30;13.50;0.00;257.00;0.00;1.00;0.00;0.00;0.00;7.94;93.40;6.94;0.18;60.00;2000.00;57.06;
"2019-09-19 23:01:00";9.60;13.30;13.50;0.00;285.00;0.00;1.00;0.00;0.00;0.00;7.98;93.69;7.02;0.30;60.00;2000.00;57.36;
"2019-09-19 23:06:00";9.80;13.30;13.40;0.00;205.00;0.00;1.00;0.00;0.00;0.00;8.04;93.73;7.09;0.06;60.00;2000.00;57.42;
"2019-09-19 23:11:00";9.70;13.30;13.40;0.00;264.00;0.00;1.00;0.00;0.00;0.90;7.97;93.84;7.03;0.24;60.00;2000.00;57.66;
"2019-09-19 23:16:00";9.80;13.30;13.40;0.00;281.00;0.00;1.00;0.00;0.00;1.47;8.02;94.17;7.14;0.00;0.00;2000.00;57.66;
"2019-09-19 23:21:00";9.70;13.20;13.40;0.00;140.00;0.00;1.00;0.00;0.00;0.00;8.05;94.33;7.20;0.00;0.00;2000.00;57.66;
"2019-09-19 23:26:00";9.70;13.20;13.40;0.00;120.00;0.00;1.00;0.00;0.00;0.00;8.11;94.46;7.27;0.00;0.00;2000.00;57.66;
"2019-09-19 23:31:00";9.60;13.20;13.40;0.00;123.00;0.00;1.00;0.00;0.00;0.00;8.04;94.41;7.20;0.00;0.00;2000.00;57.66;
"2019-09-19 23:36:00";9.50;13.20;13.40;0.00;85.00;0.00;1.00;0.00;0.00;0.00;7.89;94.37;7.04;0.04;60.00;2000.00;57.70;
"2019-09-19 23:41:00";9.50;13.10;13.40;0.00;134.00;0.00;1.00;0.00;0.00;0.00;7.91;94.48;7.07;0.05;60.00;2000.00;57.75;
"2019-09-19 23:46:00";9.50;13.10;13.40;0.00;221.00;0.00;1.00;0.00;0.00;0.00;7.89;94.74;7.10;0.17;60.00;2000.00;57.92;
"2019-09-19 23:51:00";9.50;13.10;13.40;0.00;196.00;0.00;1.00;0.00;0.00;0.00;7.84;94.70;7.04;0.20;60.00;2000.00;58.12;
"2019-09-19 23:56:00";9.40;13.10;13.30;0.00;95.00;0.00;1.00;0.00;0.00;0.00;7.75;95.02;7.00;0.00;0.00;2000.00;58.12;
"2019-09-20 00:01:00";9.20;13.10;13.30;0.00;154.00;0.00;1.00;3.50;325.66;4.09;7.62;94.92;6.86;0.00;0.00;2000.00;58.12;
"2019-09-20 00:06:00";9.20;13.10;13.30;0.00;103.00;0.00;1.00;4.72;328.22;4.89;7.54;95.06;6.80;0.00;0.00;2000.00;58.12;
"2019-09-20 00:11:00";9.10;13.00;13.30;0.00;77.00;0.00;1.00;3.99;338.70;6.23;7.54;95.23;6.83;0.00;0.00;2000.00;58.12;
"2019-09-20 00:16:00";9.10;13.00;13.30;0.00;160.00;0.00;1.00;5.41;312.96;6.15;7.56;95.17;6.83;0.11;60.00;2000.00;58.23;
"2019-09-20 00:21:00";8.90;13.00;13.30;0.00;331.00;0.00;2.00;2.13;322.73;6.28;7.25;94.82;6.48;0.94;60.00;2000.00;59.17;
"2019-09-20 00:26:00";8.90;13.00;13.30;0.00;231.00;0.00;1.00;2.68;330.36;2.68;7.13;95.33;6.44;0.39;60.00;2000.00;59.56;
"2019-09-20 00:31:00";8.90;13.00;13.20;0.00;264.00;0.00;1.00;0.00;0.00;0.00;7.08;95.41;6.39;0.33;60.00;2000.00;59.89;
"2019-09-20 00:36:00";8.90;12.90;13.20;0.00;95.00;0.00;1.00;0.00;0.00;0.00;7.00;95.49;6.33;0.04;0.00;2000.00;59.93;
"2019-09-20 00:41:00";9.00;12.90;13.20;0.00;172.00;0.00;1.00;0.00;0.00;0.00;6.94;95.56;6.28;0.04;60.00;2000.00;59.97;
"2019-09-20 00:46:00";8.90;12.90;13.20;0.00;324.00;0.00;2.00;0.00;0.00;0.00;6.94;95.63;6.29;0.31;60.00;2000.00;60.28;
"2019-09-20 00:51:00";9.00;12.90;13.20;0.00;190.00;0.00;1.00;0.00;0.00;0.00;6.93;95.69;6.29;0.05;60.00;2000.00;60.33;
"2019-09-20 00:56:00";9.00;12.90;13.10;0.00;163.00;0.00;1.00;0.00;0.00;0.00;6.96;95.75;6.32;0.10;60.00;2000.00;60.43;
"2019-09-20 01:01:00";9.00;12.80;13.10;0.00;85.00;0.00;1.00;0.00;0.00;0.00;6.96;95.82;6.33;0.02;0.00;2000.00;60.45;
"2019-09-20 01:06:00";9.00;12.80;13.10;0.00;109.00;0.00;1.00;0.00;0.00;0.00;6.93;95.88;6.32;0.00;0.00;2000.00;60.45;
"2019-09-20 01:11:00";9.10;12.80;13.10;0.00;106.00;0.00;1.00;0.00;0.00;0.00;7.02;96.16;6.45;0.01;0.00;2000.00;60.46;
"2019-09-20 01:16:00";9.00;12.80;13.10;0.00;126.00;0.00;1.00;0.00;0.00;0.00;7.04;95.99;6.44;0.08;60.00;2000.00;60.54;
"2019-09-20 01:21:00";9.00;12.80;13.00;0.00;98.00;0.00;1.00;0.00;0.00;0.00;6.99;95.81;6.37;0.03;0.00;2000.00;60.57;
"2019-09-20 01:26:00";8.90;12.70;13.00;0.00;187.00;0.00;1.00;0.00;0.00;0.00;6.96;95.89;6.35;0.08;60.00;2000.00;60.65;
"2019-09-20 01:31:00";8.90;12.70;13.00;0.00;114.00;0.00;1.00;0.00;0.00;0.00;6.91;95.96;6.31;0.00;0.00;2000.00;60.65;
"2019-09-20 01:36:00";8.90;12.70;13.00;0.00;285.00;0.00;1.00;0.00;0.00;0.00;6.87;95.92;6.26;0.12;60.00;2000.00;60.77;
"2019-09-20 01:41:00";8.80;12.70;13.00;0.00;278.00;0.00;1.00;0.00;0.00;0.00;6.78;95.94;6.18;0.20;60.00;2000.00;60.97;
"2019-09-20 01:46:00";8.80;12.70;13.00;0.00;202.00;0.00;1.00;0.00;0.00;0.00;6.80;96.07;6.21;0.15;60.00;2000.00;61.12;
"2019-09-20 01:51:00";8.80;12.70;12.90;0.00;123.00;0.00;1.00;0.00;0.00;0.00;6.77;96.16;6.20;0.12;60.00;2000.00;61.24;
"2019-09-20 01:56:00";8.80;12.60;12.90;0.00;101.00;0.00;1.00;0.00;0.00;1.47;6.79;96.19;6.22;0.00;0.00;2000.00;61.24;
"2019-09-20 02:01:00";8.80;12.60;12.90;0.00;114.00;0.00;1.00;0.00;0.00;0.52;6.83;96.34;6.29;0.00;0.00;2000.00;61.24;
"2019-09-20 02:06:00";8.60;12.60;12.90;0.00;114.00;0.00;1.00;2.65;293.20;3.56;6.70;96.08;6.12;0.00;0.00;2000.00;61.24;
"2019-09-20 02:11:00";8.50;12.60;12.90;0.00;120.00;0.00;1.00;1.82;352.64;3.33;6.65;96.07;6.07;0.00;0.00;2000.00;61.24;
"2019-09-20 02:16:00";8.40;12.50;12.90;0.00;61.00;0.00;1.00;0.00;0.00;0.00;6.65;96.12;6.08;0.00;0.00;2000.00;61.24;
"2019-09-20 02:21:00";8.40;12.50;12.80;0.00;54.00;0.00;1.00;0.00;0.00;0.00;6.59;96.19;6.02;0.00;0.00;2000.00;61.24;
"2019-09-20 02:26:00";8.50;12.50;12.80;0.00;56.00;0.00;1.00;0.00;0.00;0.00;6.58;96.25;6.03;0.00;0.00;2000.00;61.24;
"2019-09-20 02:31:00";8.60;12.50;12.80;0.00;46.00;0.00;1.00;0.00;0.00;0.00;6.56;96.15;5.99;0.00;0.00;2000.00;61.24;
"2019-09-20 02:36:00";8.60;12.50;12.80;0.00;43.00;0.00;1.00;0.00;0.00;0.00;6.64;96.07;6.06;0.00;0.00;2000.00;61.24;
"2019-09-20 02:41:00";8.50;12.50;12.80;0.00;36.00;0.00;1.00;1.33;272.42;2.15;6.52;95.97;5.92;0.00;0.00;2000.00;61.24;
"2019-09-20 02:46:00";8.20;12.50;12.80;0.00;31.00;0.00;1.00;0.00;0.00;0.00;6.41;96.02;5.83;0.00;0.00;2000.00;61.24;
"2019-09-20 02:51:00";8.10;12.40;12.70;0.00;28.00;0.00;0.00;0.00;0.00;0.00;6.31;96.16;5.74;0.00;0.00;2000.00;61.24;
"2019-09-20 02:56:00";7.80;12.40;12.70;0.00;181.00;0.00;1.00;0.00;0.00;0.00;6.23;96.12;5.66;0.00;0.00;2000.00;61.24;
"2019-09-20 03:01:00";7.50;12.40;12.70;0.00;140.00;0.00;1.00;0.00;0.00;0.00;6.03;95.88;5.42;0.00;0.00;2000.00;61.24;
"2019-09-20 03:06:00";7.30;12.40;12.70;0.00;140.00;0.00;1.00;0.00;0.00;0.00;5.89;95.96;5.30;0.00;0.00;2000.00;61.24;
"2019-09-20 03:11:00";7.10;12.40;12.70;0.00;98.00;0.00;1.00;1.88;320.41;3.26;5.87;96.18;5.31;0.00;0.00;2000.00;61.24;
"2019-09-20 03:16:00";7.20;12.30;12.70;0.00;79.00;0.00;1.00;0.00;0.00;0.00;5.85;96.33;5.31;0.00;0.00;2000.00;61.24;
"2019-09-20 03:21:00";7.40;12.30;12.60;0.00;66.00;0.00;1.00;0.00;0.00;0.00;5.70;96.15;5.13;0.00;0.00;2000.00;61.24;
"2019-09-20 03:26:00";7.60;12.30;12.60;0.00;112.00;0.00;1.00;0.00;0.00;0.00;5.63;96.20;5.07;0.01;60.00;2000.00;61.25;
"2019-09-20 03:31:00";7.50;12.30;12.60;0.00;358.00;0.00;2.00;1.24;319.82;5.07;5.66;96.26;5.11;0.93;60.00;2000.00;62.18;
"2019-09-20 03:36:00";7.50;12.30;12.60;0.00;131.00;0.00;1.00;0.00;0.00;2.61;5.60;96.26;5.06;0.43;60.00;2000.00;62.61;
"2019-09-20 03:41:00";7.50;12.30;12.60;0.00;148.00;0.00;1.00;0.00;0.00;0.00;5.63;96.28;5.08;0.00;0.00;2000.00;62.61;
"2019-09-20 03:46:00";7.50;12.20;12.60;0.00;95.00;0.00;1.00;1.88;318.67;3.85;5.65;96.37;5.12;0.00;0.00;2000.00;62.61;
"2019-09-20 03:51:00";7.50;12.20;12.50;0.00;69.00;0.00;1.00;1.40;70.24;2.48;5.67;96.21;5.11;0.00;0.00;2000.00;62.61;
"2019-09-20 03:56:00";7.50;12.20;12.50;0.00;51.00;0.00;1.00;0.00;0.00;0.00;5.73;96.18;5.16;0.00;0.00;2000.00;62.61;
"2019-09-20 04:01:00";7.50;12.20;12.50;0.00;61.00;0.00;1.00;2.63;315.29;3.51;5.68;96.02;5.09;0.00;0.00;2000.00;62.61;
"2019-09-20 04:06:00";7.40;12.20;12.50;0.00;61.00;0.00;1.00;2.02;325.11;3.86;5.65;96.04;5.07;0.00;0.00;2000.00;62.61;
"2019-09-20 04:11:00";7.10;12.20;12.50;0.00;54.00;0.00;1.00;4.09;297.66;4.09;5.58;95.96;4.98;0.00;0.00;2000.00;62.61;
"2019-09-20 04:16:00";7.10;12.20;12.40;0.00;69.00;0.00;1.00;2.95;302.03;4.09;5.54;96.07;4.96;0.00;0.00;2000.00;62.61;
"2019-09-20 04:21:00";7.30;12.20;12.40;0.00;66.00;0.00;1.00;0.00;0.00;1.49;5.59;96.24;5.04;0.00;0.00;2000.00;62.61;
"2019-09-20 04:26:00";7.40;12.20;12.40;0.00;56.00;0.00;1.00;0.00;0.00;0.00;5.57;96.12;5.00;0.01;60.00;2000.00;62.62;
"2019-09-20 04:31:00";7.30;12.10;12.40;0.00;51.00;0.00;1.00;0.00;0.00;0.00;5.54;96.05;4.96;0.00;0.00;2000.00;62.62;
"2019-09-20 04:36:00";7.00;12.10;12.30;0.00;151.00;0.00;1.00;0.00;0.00;0.00;5.44;95.99;4.85;0.00;0.00;2000.00;62.62;
"2019-09-20 04:41:00";6.80;12.10;12.30;0.00;112.00;0.00;1.00;0.00;0.00;0.00;5.40;96.00;4.81;0.00;0.00;2000.00;62.62;
"2019-09-20 04:46:00";6.50;12.10;12.30;0.00;95.00;0.00;1.00;0.00;0.00;0.00;5.29;95.96;4.69;0.00;0.00;2000.00;62.62;
"2019-09-20 04:51:00";6.50;12.10;12.30;0.00;101.00;0.00;1.00;0.00;0.00;0.00;5.14;95.87;4.54;0.00;0.00;2000.00;62.62;
"2019-09-20 04:56:00";6.60;12.00;12.30;0.00;85.00;0.00;1.00;0.00;0.00;0.00;5.05;96.07;4.47;0.00;0.00;2000.00;62.62;
"2019-09-20 05:01:00";6.50;12.00;12.30;0.00;72.00;0.00;1.00;0.00;0.00;0.00;5.12;96.08;4.55;0.00;0.00;2000.00;62.62;
"2019-09-20 05:06:00";6.50;12.00;12.20;0.00;66.00;0.00;1.00;0.00;0.00;0.00;5.11;96.03;4.53;0.00;0.00;2000.00;62.62;
"2019-09-20 05:11:00";6.60;12.00;12.20;0.00;64.00;0.00;1.00;0.00;0.00;0.00;5.09;95.88;4.49;0.00;0.00;2000.00;62.62;
"2019-09-20 05:16:00";6.80;11.90;12.20;0.00;114.00;0.00;1.00;0.00;0.00;0.00;5.02;96.03;4.44;0.03;60.00;2000.00;62.65;
"2019-09-20 05:21:00";6.70;11.90;12.20;0.00;114.00;0.00;1.00;0.00;0.00;0.00;4.99;95.98;4.40;0.00;0.00;2000.00;62.65;
"2019-09-20 05:26:00";6.60;11.90;12.20;0.00;95.00;0.00;1.00;0.00;0.00;0.00;4.97;96.00;4.39;0.00;0.00;2000.00;62.65;
"2019-09-20 05:31:00";6.50;11.90;12.20;0.00;178.00;0.00;1.00;0.00;0.00;0.00;4.86;96.03;4.28;0.00;0.00;2000.00;62.65;
"2019-09-20 05:36:00";6.50;11.80;12.20;0.00;103.00;0.00;1.00;0.00;0.00;0.00;4.86;96.25;4.31;0.00;0.00;2000.00;62.65;
"2019-09-20 05:41:00";6.70;11.80;12.20;0.00;120.00;0.00;1.00;0.00;0.00;0.00;4.93;96.16;4.37;0.01;60.00;2000.00;62.66;
"2019-09-20 05:46:00";6.80;11.80;12.20;0.00;202.00;0.00;1.00;0.00;0.00;0.00;4.98;96.27;4.43;0.02;60.00;2000.00;62.68;
"2019-09-20 05:51:00";7.00;11.80;12.10;0.00;154.00;0.00;1.00;0.00;0.00;0.00;5.04;96.25;4.50;0.01;0.00;2000.00;62.69;
"2019-09-20 05:56:00";7.00;11.70;12.10;0.00;278.00;0.00;1.00;0.00;0.00;0.00;5.13;96.48;4.62;0.05;60.00;2000.00;62.74;
"2019-09-20 06:01:00";7.00;11.70;12.10;0.00;178.00;0.00;1.00;0.00;0.00;0.00;5.05;95.90;4.45;0.19;60.00;2000.00;62.93;
"2019-09-20 06:06:00";6.90;11.70;12.10;0.00;187.00;0.00;1.00;0.00;0.00;0.00;5.01;96.26;4.47;0.00;0.00;2000.00;62.93;
"2019-09-20 06:11:00";7.00;11.70;12.00;0.00;160.00;0.00;1.00;0.00;0.00;0.00;4.91;96.27;4.37;0.00;0.00;2000.00;62.93;
"2019-09-20 06:16:00";7.00;11.60;12.00;0.00;151.00;0.00;1.00;0.00;0.00;0.00;5.01;96.46;4.49;0.00;0.00;2000.00;62.93;
"2019-09-20 06:21:00";7.10;11.60;12.00;0.00;154.00;0.00;1.00;0.00;0.00;0.00;5.01;96.50;4.50;0.00;0.00;2000.00;62.93;
"2019-09-20 06:26:00";7.20;11.60;12.00;0.00;172.00;0.00;1.00;0.00;0.00;0.00;5.08;96.51;4.57;0.02;60.00;2000.00;62.95;
"2019-09-20 06:31:00";7.20;11.60;12.00;0.00;218.00;0.00;1.00;0.00;0.00;0.00;5.17;96.45;4.65;0.13;60.00;2000.00;63.08;
"2019-09-20 06:36:00";7.20;11.60;11.90;0.00;271.00;0.00;1.00;3.21;264.70;3.35;4.99;96.44;4.47;0.09;60.00;2000.00;63.17;
"2019-09-20 06:41:00";7.10;11.50;11.90;0.00;154.00;0.00;1.00;0.00;0.00;0.00;5.11;96.54;4.60;0.01;0.00;2000.00;63.18;
"2019-09-20 06:46:00";6.90;11.50;11.90;0.00;331.00;0.00;2.00;0.00;0.00;0.00;5.11;96.48;4.59;0.00;0.00;2000.00;63.18;
"2019-09-20 06:51:00";6.50;11.50;11.90;0.00;181.00;0.00;1.00;0.00;0.00;0.00;5.05;96.50;4.54;0.00;0.00;2000.00;63.18;
"2019-09-20 06:56:00";6.50;11.50;11.90;0.00;267.00;0.00;1.00;1.32;321.30;1.36;4.94;96.08;4.36;0.00;0.00;2000.00;63.18;
"2019-09-20 07:01:00";6.50;11.50;11.90;0.00;123.00;0.00;1.00;0.00;0.00;0.00;4.99;96.65;4.50;0.00;0.00;2000.00;63.18;
"2019-09-20 07:06:00";6.60;11.40;11.80;0.00;221.00;0.00;1.00;3.80;351.46;3.80;5.01;96.54;4.51;0.00;0.00;2000.00;63.18;
"2019-09-20 07:11:00";6.70;11.40;11.80;0.00;148.00;0.00;1.00;0.00;0.00;0.00;4.99;96.65;4.50;0.00;0.00;2000.00;63.18;
"2019-09-20 07:16:00";6.70;11.40;11.80;0.00;117.00;0.00;1.00;3.22;311.08;4.93;4.87;96.42;4.35;0.00;0.00;2000.00;63.18;
"2019-09-20 07:21:00";6.90;11.40;11.80;0.00;148.00;0.00;1.00;0.00;0.00;0.00;5.05;96.67;4.57;0.00;0.00;2000.00;63.18;
"2019-09-20 07:26:00";7.00;11.40;11.70;0.00;120.00;0.00;1.00;0.00;0.00;0.00;5.09;96.60;4.59;0.01;60.00;2000.00;63.19;
"2019-09-20 07:31:00";7.00;11.40;11.80;0.00;123.00;0.00;1.00;0.00;0.00;0.00;5.25;96.80;4.78;0.00;0.00;2000.00;63.19;
"2019-09-20 07:36:00";7.00;11.30;11.70;0.00;114.00;0.00;1.00;0.00;0.00;0.00;5.33;96.94;4.89;0.00;0.00;2000.00;63.19;
"2019-09-20 07:41:00";7.00;11.30;11.70;0.00;128.00;0.00;1.00;0.00;0.00;0.00;5.38;96.65;4.89;0.00;0.00;2000.00;63.19;
"2019-09-20 07:46:00";7.10;11.30;11.70;0.00;95.00;0.00;1.00;1.38;300.83;1.38;5.37;96.73;4.89;0.00;0.00;2000.00;63.19;
"2019-09-20 07:51:00";7.20;11.30;11.70;0.00;131.00;0.00;1.00;1.92;314.89;3.60;5.31;96.32;4.77;0.03;60.00;2000.00;63.22;
"2019-09-20 07:56:00";7.20;11.30;11.70;0.00;98.00;0.00;1.00;1.66;304.17;2.81;5.30;96.42;4.77;0.07;0.00;2000.00;63.29;
"2019-09-20 08:01:00";7.20;11.30;11.60;0.00;85.00;0.00;1.00;0.00;0.00;0.00;5.20;96.65;4.71;0.01;60.00;2000.00;63.30;
"2019-09-20 08:06:00";7.10;11.20;11.60;0.00;103.00;0.00;1.00;2.83;304.94;3.03;5.16;96.28;4.62;0.00;0.00;2000.00;63.30;
"2019-09-20 08:11:00";7.20;11.20;11.60;0.00;95.00;0.00;1.00;2.26;301.37;3.13;5.18;96.34;4.65;0.00;0.00;2000.00;63.30;
"2019-09-20 08:16:00";7.40;11.20;11.60;0.00;112.00;0.00;1.00;0.00;0.00;0.00;5.41;96.73;4.93;0.01;0.00;2000.00;63.31;
"2019-09-20 08:21:00";7.40;11.20;11.60;0.00;254.00;0.00;1.00;0.00;0.00;3.64;5.44;96.58;4.94;0.12;60.00;2000.00;63.43;
"2019-09-20 08:26:00";7.40;11.20;11.60;0.00;231.00;0.00;1.00;0.00;0.00;3.30;5.40;96.74;4.92;0.33;60.00;2000.00;63.76;
"2019-09-20 08:31:00";7.40;11.20;11.50;0.00;244.00;0.00;1.00;4.39;308.14;4.39;5.48;96.90;5.03;0.06;0.00;2000.00;63.82;
"2019-09-20 08:36:00";7.30;11.20;11.50;0.00;320.00;0.00;2.00;1.67;311.16;2.50;5.48;96.64;4.99;0.00;0.00;2000.00;63.82;
"2019-09-20 08:41:00";7.20;11.20;11.50;0.00;184.00;0.00;1.00;0.00;0.00;1.73;5.38;96.58;4.88;0.00;0.00;2000.00;63.82;
"2019-09-20 08:46:00";7.40;11.20;11.50;0.00;166.00;0.00;1.00;0.00;0.00;0.00;5.35;96.66;4.86;0.00;0.00;2000.00;63.82;
"2019-09-20 08:51:00";7.80;11.20;11.50;0.00;151.00;0.00;1.00;2.30;333.56;3.25;5.50;96.39;4.97;0.00;0.00;2000.00;63.82;
"2019-09-20 08:56:00";7.80;11.20;11.50;0.00;218.00;0.00;1.00;2.46;26.79;3.92;5.54;96.64;5.04;0.00;0.00;2000.00;63.82;
"2019-09-20 09:01:00";7.70;11.20;11.50;0.00;112.00;0.00;1.00;0.00;0.00;0.00;5.68;96.52;5.17;0.00;0.00;2000.00;63.82;
"2019-09-20 09:06:00";7.80;11.20;11.40;0.00;184.00;0.00;1.00;1.71;301.69;1.71;6.06;97.16;5.64;0.00;0.00;2000.00;63.82;
"2019-09-20 09:11:00";8.10;11.10;11.40;0.00;131.00;0.00;1.00;0.00;0.00;0.00;6.23;96.78;5.75;0.00;0.00;2000.00;63.82;
"2019-09-20 09:16:00";8.20;11.20;11.40;0.00;126.00;0.00;1.00;0.00;0.00;0.00;6.44;97.19;6.02;0.00;0.00;2000.00;63.82;
"2019-09-20 09:21:00";8.40;11.10;11.40;0.00;120.00;0.00;1.00;0.00;0.00;0.00;6.95;96.78;6.47;0.00;0.00;2000.00;63.82;
"2019-09-20 09:26:00";8.50;11.10;11.40;0.00;117.00;0.00;1.00;0.00;0.00;0.00;7.21;96.37;6.67;0.00;0.00;2000.00;63.82;
"2019-09-20 09:31:00";8.90;11.10;11.40;0.00;142.00;0.00;1.00;0.00;0.00;0.00;7.65;97.18;7.23;0.00;0.00;2000.00;63.82;
"2019-09-20 09:36:00";9.50;11.10;11.40;0.00;112.00;0.00;1.00;2.80;301.59;2.80;8.10;96.65;7.60;0.00;0.00;2000.00;63.82;
"2019-09-20 09:41:00";9.30;11.10;11.40;0.00;109.00;0.00;1.00;0.88;31.19;2.37;8.27;95.96;7.66;0.00;0.00;2000.00;63.82;
"2019-09-20 09:46:00";9.00;11.10;11.40;0.00;87.00;0.00;1.00;0.00;0.00;1.89;8.28;95.96;7.67;0.00;0.00;2000.00;63.82;
"2019-09-20 09:51:00";9.40;11.10;11.40;0.00;85.00;0.00;1.00;0.00;0.00;0.00;8.80;96.65;8.29;0.00;0.00;2000.00;63.82;
"2019-09-20 09:56:00";9.50;11.10;11.40;0.00;74.00;0.00;1.00;2.44;338.91;5.03;8.98;95.98;8.37;0.00;0.00;2000.00;63.82;
"2019-09-20 10:01:00";10.50;11.10;11.30;0.00;85.00;0.00;1.00;0.00;0.00;0.00;9.01;95.01;8.25;0.00;0.00;2000.00;63.82;
"2019-09-20 10:06:00";11.20;11.10;11.30;0.00;59.00;0.00;1.00;1.73;315.19;3.29;8.79;94.42;7.94;0.00;0.00;2000.00;63.82;
"2019-09-20 10:11:00";11.70;11.10;11.40;0.00;46.00;0.00;1.00;2.03;339.60;3.66;8.63;94.39;7.78;0.00;0.00;2000.00;63.82;
"2019-09-20 10:16:00";12.10;11.10;11.30;0.00;33.00;0.00;1.00;0.00;0.00;3.17;8.68;93.30;7.66;0.00;0.00;2000.00;63.82;
"2019-09-20 10:21:00";11.70;11.10;11.30;0.00;24.00;0.00;0.00;0.00;0.00;0.00;8.49;93.36;7.48;0.00;0.00;2000.00;63.82;
"2019-09-20 10:26:00";11.70;11.10;11.40;0.00;24.00;0.00;0.00;0.00;0.00;0.00;8.39;92.98;7.32;0.00;0.00;2000.00;63.82;
"2019-09-22 21:33:00";5.30;11.40;11.80;0.00;38.00;0.00;1.00;0.00;0.00;0.00;4.46;94.80;3.70;3.69;0.00;2000.00;67.51;
"2019-09-22 21:38:00";5.30;11.40;11.80;0.00;36.00;0.00;1.00;0.00;0.00;0.00;4.40;94.77;3.64;0.00;0.00;2000.00;67.51;
"2019-09-22 21:43:00";5.30;11.40;11.70;0.00;33.00;0.00;1.00;0.00;0.00;0.00;4.35;94.89;3.60;0.00;0.00;2000.00;67.51;
"2019-09-22 21:48:00";5.40;11.40;11.70;0.00;36.00;0.00;1.00;0.00;0.00;0.00;4.43;94.93;3.68;0.00;0.00;2000.00;67.51;
"2019-09-22 21:53:00";5.40;11.30;11.70;0.00;31.00;0.00;1.00;0.00;0.00;0.00;4.46;95.25;3.76;0.00;0.00;2000.00;67.51;
"2019-09-22 21:58:00";5.50;11.30;11.70;0.00;28.00;0.00;0.00;0.00;0.00;0.00;3.94;94.34;3.11;0.00;0.00;2000.00;67.51;
"2019-09-22 22:03:00";5.60;11.30;11.60;0.00;24.00;0.00;0.00;0.00;0.00;0.00;3.86;95.43;3.19;0.00;0.00;2000.00;67.51;
"2019-09-22 22:08:00";5.70;11.20;11.60;0.00;36.00;0.00;1.00;0.00;0.00;0.00;4.02;95.33;3.34;0.00;0.00;2000.00;67.51;
"2019-09-22 22:13:00";5.70;11.20;11.60;0.00;36.00;0.00;1.00;0.00;0.00;0.00;4.00;95.26;3.31;0.00;0.00;2000.00;67.51;
"2019-09-22 22:18:00";5.60;11.20;11.50;0.00;33.00;0.00;1.00;0.00;0.00;0.00;3.86;95.28;3.17;0.00;0.00;2000.00;67.51;
"2019-09-22 22:23:00";5.50;11.20;11.50;0.00;33.00;0.00;1.00;0.00;0.00;0.00;3.75;95.26;3.06;0.00;0.00;2000.00;67.51;
"2019-09-22 22:28:00";5.30;11.20;11.50;0.00;36.00;0.00;1.00;0.00;0.00;0.00;3.65;95.14;2.94;0.00;0.00;2000.00;67.51;
"2019-09-22 22:33:00";5.30;11.20;11.50;0.00;31.00;0.00;1.00;0.00;0.00;0.00;3.46;95.27;2.78;0.00;0.00;2000.00;67.51;
"2019-09-22 22:38:00";5.10;11.20;11.40;0.00;28.00;0.00;0.00;0.00;0.00;0.00;3.36;95.61;2.73;0.00;0.00;2000.00;67.51;
"2019-09-22 22:43:00";4.90;11.10;11.40;0.00;26.00;0.00;0.00;0.00;0.00;0.00;3.35;95.57;2.70;0.00;0.00;2000.00;67.51;
"2019-09-22 22:48:00";4.90;11.10;11.40;0.00;24.00;0.00;0.00;0.00;0.00;0.00;3.22;95.76;2.61;0.00;0.00;2000.00;67.51;
"2019-09-22 22:53:00";4.70;11.10;11.40;0.00;24.00;0.00;0.00;0.00;0.00;0.00;3.25;95.94;2.67;0.00;0.00;2000.00;67.51;
"2019-09-22 22:58:00";4.60;11.00;11.30;0.00;21.00;0.00;0.00;0.00;0.00;0.00;3.15;95.83;2.55;0.00;0.00;2000.00;67.51;
"2019-09-22 23:03:00";4.60;11.00;11.30;0.00;19.00;0.00;0.00;0.00;0.00;0.00;3.21;96.07;2.65;0.00;0.00;2000.00;67.51;
"2019-09-22 23:08:00";4.60;11.00;11.30;0.00;19.00;0.00;0.00;0.00;0.00;0.00;3.15;96.08;2.58;0.00;0.00;2000.00;67.51;
"2019-09-22 23:13:00";4.70;11.00;11.30;0.00;26.00;0.00;0.00;0.00;0.00;0.00;3.10;96.11;2.54;0.00;0.00;2000.00;67.51;
"2019-09-22 23:18:00";4.80;10.90;11.20;0.00;26.00;0.00;0.00;0.00;0.00;0.00;3.17;96.31;2.64;0.00;0.00;2000.00;67.51;
"2019-09-22 23:23:00";4.90;10.90;11.20;0.00;28.00;0.00;0.00;0.00;0.00;0.00;3.21;96.27;2.67;0.00;0.00;2000.00;67.51;
"2019-09-22 23:28:00";4.90;10.90;11.20;0.00;24.00;0.00;0.00;0.00;0.00;0.00;3.06;96.22;2.52;0.00;0.00;2000.00;67.51;
"2019-09-22 23:33:00";4.80;10.90;11.20;0.00;24.00;0.00;0.00;0.00;0.00;0.00;3.01;96.15;2.45;0.00;0.00;2000.00;67.51;
"2019-09-22 23:38:00";4.70;10.80;11.20;0.00;24.00;0.00;0.00;0.00;0.00;0.00;2.88;96.25;2.34;0.00;0.00;2000.00;67.51;
"2019-09-22 23:43:00";4.60;10.80;11.20;0.00;16.00;0.00;0.00;0.00;0.00;0.00;2.77;96.34;2.24;0.00;0.00;2000.00;67.51;
"2019-09-22 23:48:00";4.50;10.80;11.20;0.00;14.00;0.00;0.00;0.00;0.00;0.00;2.71;96.39;2.20;0.00;0.00;2000.00;67.51;
"2019-09-22 23:53:00";4.40;10.70;11.20;0.00;14.00;0.00;0.00;0.00;0.00;0.00;2.59;96.34;2.06;0.00;0.00;2000.00;67.51;
"2019-09-22 23:58:00";4.30;10.70;11.10;0.00;14.00;0.00;0.00;0.00;0.00;0.00;2.55;96.68;2.08;0.00;0.00;2000.00;67.51;
"2019-09-23 00:03:00";4.30;10.70;11.10;0.00;14.00;0.00;0.00;0.00;0.00;0.00;2.64;96.74;2.18;0.00;0.00;2000.00;67.51;
"2019-09-23 00:08:00";4.30;10.70;11.10;0.00;11.00;0.00;0.00;0.00;0.00;0.00;2.61;96.67;2.14;0.00;0.00;2000.00;67.51;
"2019-09-23 00:13:00";4.30;10.60;11.00;0.00;14.00;0.00;0.00;0.00;0.00;0.00;2.44;96.57;1.95;0.00;0.00;2000.00;67.51;
"2019-09-23 00:18:00";4.20;10.60;11.00;0.00;16.00;0.00;0.00;0.00;0.00;0.00;2.36;96.69;1.89;0.00;0.00;2000.00;67.51;
"2019-09-23 00:23:00";4.20;10.60;11.00;0.00;16.00;0.00;0.00;0.00;0.00;0.00;2.35;96.99;1.92;0.00;0.00;2000.00;67.51;
"2019-09-23 00:28:00";4.20;10.60;11.00;0.00;16.00;0.00;0.00;0.00;0.00;0.00;2.36;97.05;1.94;0.00;0.00;2000.00;67.51;
"2019-09-23 00:33:00";4.20;10.50;10.90;0.00;19.00;0.00;0.00;0.00;0.00;0.00;2.40;97.00;1.97;0.00;0.00;2000.00;67.51;
"2019-09-23 00:38:00";4.20;10.50;10.90;0.00;19.00;0.00;0.00;0.00;0.00;0.00;2.40;97.08;1.99;0.00;0.00;2000.00;67.51;
"2019-09-23 00:43:00";4.20;10.50;10.90;0.00;19.00;0.00;0.00;0.00;0.00;0.00;2.35;97.00;1.92;0.00;0.00;2000.00;67.51;
"2019-09-23 00:48:00";4.10;10.40;10.90;0.00;21.00;0.00;0.00;0.00;0.00;0.00;2.34;97.10;1.93;0.00;0.00;2000.00;67.51;
"2019-09-23 00:53:00";4.10;10.40;10.80;0.00;21.00;0.00;0.00;0.00;0.00;0.00;2.18;96.87;1.73;0.00;0.00;2000.00;67.51;
"2019-09-23 00:58:00";4.00;10.40;10.80;0.00;19.00;0.00;0.00;0.00;0.00;0.00;2.08;97.12;1.67;0.00;0.00;2000.00;67.51;
"2019-09-23 01:03:00";4.00;10.40;10.80;0.00;19.00;0.00;0.00;0.00;0.00;0.00;2.09;97.26;1.70;0.00;0.00;2000.00;67.51;
"2019-09-23 01:08:00";3.90;10.30;10.80;0.00;19.00;0.00;0.00;0.00;0.00;0.00;1.99;97.25;1.60;0.00;0.00;2000.00;67.51;
"2019-09-23 01:13:00";3.90;10.30;10.70;0.00;19.00;0.00;0.00;0.00;0.00;0.00;2.00;97.35;1.63;0.00;0.00;2000.00;67.51;
"2019-09-23 01:18:00";3.70;10.30;10.70;0.00;19.00;0.00;0.00;0.00;0.00;0.00;1.87;97.18;1.47;0.00;0.00;2000.00;67.51;
"2019-09-23 01:23:00";3.70;10.30;10.70;0.00;16.00;0.00;0.00;0.00;0.00;0.00;1.76;96.92;1.32;0.00;0.00;2000.00;67.51;
"2019-09-23 01:28:00";3.70;10.20;10.70;0.00;16.00;0.00;0.00;0.00;0.00;0.00;1.56;97.19;1.16;0.00;0.00;2000.00;67.51;
"2019-09-23 01:33:00";3.70;10.20;10.60;0.00;16.00;0.00;0.00;0.00;0.00;0.00;1.52;97.47;1.17;0.00;0.00;2000.00;67.51;
"2019-09-23 01:38:00";3.70;10.20;10.60;0.00;16.00;0.00;0.00;0.00;0.00;0.00;1.57;97.67;1.25;0.00;0.00;2000.00;67.51;
"2019-09-23 01:43:00";3.70;10.20;10.60;0.00;16.00;0.00;0.00;0.00;0.00;0.00;1.64;97.73;1.32;0.00;0.00;2000.00;67.51;
"2019-09-23 01:48:00";3.60;10.20;10.60;0.00;19.00;0.00;0.00;0.00;0.00;0.00;1.64;97.68;1.31;0.00;0.00;2000.00;67.51;
"2019-09-23 01:53:00";3.60;10.20;10.50;0.00;19.00;0.00;0.00;0.00;0.00;0.00;1.53;97.49;1.17;0.00;0.00;2000.00;67.51;
"2019-09-23 01:58:00";3.50;10.20;10.50;0.00;19.00;0.00;0.00;0.00;0.00;0.00;1.64;97.92;1.35;0.00;0.00;2000.00;67.51;
"2019-09-23 02:03:00";3.50;10.10;10.50;0.00;19.00;0.00;0.00;0.00;0.00;0.00;1.78;97.90;1.49;0.00;0.00;2000.00;67.51;
"2019-09-23 02:08:00";3.50;10.10;10.50;0.00;19.00;0.00;0.00;0.00;0.00;0.00;1.82;97.93;1.52;0.00;0.00;2000.00;67.51;
"2019-09-23 02:13:00";3.40;10.10;10.40;0.00;19.00;0.00;0.00;0.00;0.00;0.00;1.80;97.75;1.48;0.00;0.00;2000.00;67.51;
"2019-09-23 02:18:00";3.50;10.10;10.40;0.00;0.00;0.00;0.00;0.00;0.00;0.00;1.70;97.74;1.38;0.00;0.00;2000.00;67.51;
"2019-09-23 02:23:00";3.50;10.00;10.40;0.00;11.00;0.00;0.00;0.00;0.00;0.00;1.64;97.79;1.33;0.00;0.00;2000.00;67.51;
"2019-09-23 02:28:00";3.40;10.00;10.40;0.00;0.00;0.00;0.00;0.00;0.00;0.00;1.57;97.83;1.26;0.00;0.00;2000.00;67.51;
"2019-09-23 02:33:00";3.40;10.00;10.30;0.00;0.00;0.00;0.00;0.00;0.00;0.00;1.50;97.76;1.19;0.00;0.00;2000.00;67.51;
"2019-09-23 02:38:00";3.40;10.00;10.30;0.00;0.00;0.00;0.00;0.00;0.00;0.00;1.41;97.80;1.10;0.00;0.00;2000.00;67.51;
"2019-09-23 02:43:00";3.40;9.90;10.30;0.00;0.00;0.00;0.00;0.00;0.00;0.00;1.27;97.78;0.96;0.00;0.00;2000.00;67.51;
"2019-09-23 02:48:00";3.30;9.90;10.30;0.00;0.00;0.00;0.00;0.00;0.00;0.00;1.16;97.70;0.84;0.00;0.00;2000.00;67.51;
"2019-09-23 02:53:00";3.30;9.90;10.20;0.00;0.00;0.00;0.00;0.00;0.00;0.00;1.01;97.72;0.70;0.00;0.00;2000.00;67.51;
"2019-09-23 02:58:00";3.30;9.90;10.20;0.00;0.00;0.00;0.00;0.00;0.00;0.00;0.85;97.95;0.56;0.00;0.00;2000.00;67.51;
"2019-09-23 03:03:00";3.30;9.80;10.20;0.00;0.00;0.00;0.00;0.00;0.00;0.00;0.94;98.32;0.70;0.00;0.00;2000.00;67.51;
"2019-09-23 03:08:00";3.30;9.80;10.20;0.00;0.00;0.00;0.00;0.00;0.00;0.00;1.06;98.41;0.83;0.00;0.00;2000.00;67.51;
"2019-09-23 03:13:00";3.30;9.80;10.20;0.00;0.00;0.00;0.00;0.00;0.00;0.00;1.08;98.15;0.82;0.00;0.00;2000.00;67.51;
"2019-09-23 03:18:00";3.30;9.70;10.20;0.00;0.00;0.00;0.00;0.00;0.00;0.00;1.04;98.17;0.78;0.00;0.00;2000.00;67.51;
"2019-09-23 03:23:00";3.30;9.70;10.20;0.00;0.00;0.00;0.00;0.00;0.00;0.00;0.99;98.17;0.73;0.00;0.00;2000.00;67.51;
"2019-09-23 03:28:00";3.30;9.70;10.20;0.00;0.00;0.00;0.00;0.00;0.00;0.00;1.10;98.44;0.88;0.00;0.00;2000.00;67.51;
"2019-09-23 03:33:00";3.30;9.60;10.10;0.00;0.00;0.00;0.00;0.00;0.00;0.00;1.12;98.44;0.90;0.00;0.00;2000.00;67.51;
"2019-09-23 03:38:00";3.30;9.60;10.10;0.00;0.00;0.00;0.00;0.00;0.00;0.00;1.14;98.36;0.91;0.00;0.00;2000.00;67.51;
"2019-09-23 03:43:00";3.30;9.60;10.10;0.00;0.00;0.00;0.00;0.00;0.00;0.00;0.96;98.19;0.71;0.00;0.00;2000.00;67.51;
"2019-09-23 03:48:00";3.30;9.60;10.10;0.00;0.00;0.00;0.00;0.00;0.00;0.00;0.90;98.28;0.66;0.00;0.00;2000.00;67.51;
"2019-09-23 03:53:00";3.20;9.60;10.00;0.00;0.00;0.00;0.00;0.00;0.00;0.00;0.84;98.26;0.59;0.00;0.00;2000.00;67.51;
"2019-09-23 03:58:00";3.10;9.50;10.00;0.00;0.00;0.00;0.00;0.00;0.00;0.00;0.69;98.20;0.44;0.00;0.00;2000.00;67.51;
"2019-09-23 04:03:00";3.00;9.50;10.00;0.00;0.00;0.00;0.00;0.00;0.00;0.00;0.56;98.36;0.33;0.00;0.00;2000.00;67.51;
"2019-09-23 04:08:00";3.00;9.50;10.00;0.00;0.00;0.00;0.00;0.00;0.00;0.00;0.60;98.53;0.39;0.00;0.00;2000.00;67.51;
"2019-09-23 04:13:00";3.10;9.40;9.90;0.00;0.00;0.00;0.00;0.00;0.00;0.00;0.61;98.60;0.42;0.00;0.00;2000.00;67.51;
"2019-09-23 04:18:00";3.10;9.40;9.90;0.00;0.00;0.00;0.00;0.00;0.00;0.00;0.67;98.64;0.48;0.00;0.00;2000.00;67.51;
"2019-09-23 04:23:00";3.10;9.40;9.90;0.00;0.00;0.00;0.00;0.00;0.00;0.00;0.66;98.59;0.46;0.00;0.00;2000.00;67.51;
"2019-09-23 04:28:00";3.10;9.40;9.90;0.00;0.00;0.00;0.00;0.00;0.00;0.00;0.58;98.60;0.38;0.00;0.00;2000.00;67.51;
"2019-09-23 04:33:00";3.20;9.30;9.80;0.00;0.00;0.00;0.00;0.00;0.00;0.00;0.53;98.57;0.33;0.00;0.00;2000.00;67.51;
"2019-09-23 04:38:00";3.20;9.30;9.80;0.00;0.00;0.00;0.00;0.00;0.00;0.00;0.47;98.60;0.27;0.00;0.00;2000.00;67.51;
"2019-09-23 04:43:00";3.20;9.30;9.80;0.00;0.00;0.00;0.00;0.00;0.00;0.00;0.46;98.70;0.28;0.00;0.00;2000.00;67.51;
"2019-09-23 04:48:00";3.20;9.30;9.80;0.00;0.00;0.00;0.00;0.00;0.00;0.00;0.39;98.60;0.20;0.00;0.00;2000.00;67.51;
"2019-09-23 04:53:00";3.20;9.30;9.70;0.00;11.00;0.00;0.00;0.00;0.00;0.00;0.31;98.64;0.12;0.00;0.00;2000.00;67.51;
"2019-09-23 04:58:00";3.10;9.30;9.70;0.00;11.00;0.00;0.00;0.00;0.00;0.00;0.31;98.89;0.16;0.00;0.00;2000.00;67.51;
"2019-09-23 05:03:00";3.10;9.30;9.70;0.00;11.00;0.00;0.00;0.00;0.00;0.00;0.38;98.93;0.23;0.00;0.00;2000.00;67.51;
"2019-09-23 05:08:00";3.20;9.30;9.70;0.00;14.00;0.00;0.00;0.00;0.00;0.00;0.33;98.86;0.17;0.00;0.00;2000.00;67.51;
"2019-09-23 05:13:00";3.30;9.30;9.60;0.00;0.00;0.00;0.00;0.00;0.00;0.00;0.34;98.83;0.18;0.00;0.00;2000.00;67.51;
"2019-09-23 05:18:00";3.30;9.20;9.60;0.00;0.00;0.00;0.00;0.00;0.00;0.00;0.32;98.78;0.15;0.00;0.00;2000.00;67.51;
"2019-09-23 05:23:00";3.30;9.20;9.60;0.00;0.00;0.00;0.00;0.00;0.00;0.00;0.29;98.82;0.12;0.00;0.00;2000.00;67.51;
"2019-09-23 05:28:00";3.30;9.20;9.60;0.00;0.00;0.00;0.00;0.00;0.00;0.00;0.20;98.93;0.05;0.00;0.00;2000.00;67.51;
"2019-09-23 05:33:00";3.30;9.20;9.50;0.00;0.00;0.00;0.00;0.00;0.00;0.00;0.07;98.72;-0.11;0.00;0.00;2000.00;67.51;
"2019-09-23 05:38:00";3.30;9.20;9.50;0.00;0.00;0.00;0.00;0.00;0.00;0.00;-0.02;99.02;-0.15;0.00;0.00;2000.00;67.51;
"2019-09-23 05:43:00";3.30;9.10;9.50;0.00;0.00;0.00;0.00;0.00;0.00;0.00;-0.03;98.89;-0.19;0.00;0.00;2000.00;67.51;
"2019-09-23 05:48:00";3.20;9.10;9.50;0.00;0.00;0.00;0.00;0.00;0.00;0.00;-0.11;98.81;-0.27;0.00;0.00;2000.00;67.51;
"2019-09-23 05:53:00";3.20;9.10;9.50;0.00;0.00;0.00;0.00;0.00;0.00;0.00;-0.17;98.96;-0.31;0.00;0.00;2000.00;67.51;
"2019-09-23 05:58:00";3.20;9.10;9.50;0.00;0.00;0.00;0.00;0.00;0.00;0.00;-0.12;99.05;-0.25;0.00;0.00;2000.00;67.51;
"2019-09-23 06:03:00";3.20;9.10;9.40;0.00;0.00;0.00;0.00;0.00;0.00;0.00;-0.08;99.16;-0.20;0.00;0.00;2000.00;67.51;
"2019-09-23 06:08:00";3.10;9.00;9.40;0.00;0.00;0.00;0.00;0.00;0.00;0.00;-0.07;99.18;-0.19;0.00;0.00;2000.00;67.51;
"2019-09-23 06:13:00";3.10;9.00;9.40;0.00;0.00;0.00;0.00;0.00;0.00;0.00;-0.12;99.03;-0.25;0.00;0.00;2000.00;67.51;
"2019-09-23 06:18:00";3.00;9.00;9.40;0.00;0.00;0.00;0.00;0.00;0.00;0.00;-0.15;99.16;-0.27;0.00;0.00;2000.00;67.51;
"2019-09-23 06:23:00";3.00;9.00;9.40;0.00;0.00;0.00;0.00;0.00;0.00;0.00;-0.22;99.19;-0.33;0.00;0.00;2000.00;67.51;
"2019-09-23 06:28:00";2.90;9.00;9.30;0.00;0.00;0.00;0.00;0.00;0.00;0.00;-0.24;99.17;-0.36;0.00;0.00;2000.00;67.51;
"2019-09-23 06:33:00";2.90;9.00;9.30;0.00;0.00;0.00;0.00;0.00;0.00;0.00;-0.18;99.35;-0.27;0.00;0.00;2000.00;67.51;
"2019-09-23 06:38:00";2.90;8.90;9.30;0.00;0.00;0.00;0.00;0.00;0.00;0.00;-0.09;99.51;-0.15;0.00;0.00;2000.00;67.51;
"2019-09-23 06:43:00";2.70;8.90;9.30;0.00;0.00;0.00;0.00;0.00;0.00;0.00;-0.10;99.36;-0.19;0.00;0.00;2000.00;67.51;
"2019-09-23 06:48:00";2.70;8.90;9.30;0.00;0.00;0.00;0.00;0.00;0.00;0.00;-0.13;99.43;-0.21;0.00;0.00;2000.00;67.51;
"2019-09-23 06:53:00";2.60;8.80;9.30;0.00;0.00;0.00;0.00;0.00;0.00;0.00;-0.10;99.35;-0.19;0.00;0.00;2000.00;67.51;
"2019-09-23 06:58:00";2.60;8.80;9.30;0.00;0.00;0.00;0.00;0.00;0.00;0.00;-0.18;99.37;-0.27;0.00;0.00;2000.00;67.51;
"2019-09-23 07:03:00";2.50;8.80;9.30;0.00;0.00;0.00;0.00;0.00;0.00;0.00;-0.26;99.58;-0.32;0.00;0.00;2000.00;67.51;
"2019-09-23 07:08:00";2.60;8.80;9.30;0.00;0.00;0.00;0.00;0.00;0.00;0.00;-0.14;99.52;-0.21;0.00;0.00;2000.00;67.51;
"2019-09-23 07:13:00";2.70;8.80;9.20;0.00;0.00;0.00;0.00;0.00;0.00;0.00;-0.19;99.52;-0.25;0.00;0.00;2000.00;67.51;
"2019-09-23 07:18:00";2.70;8.70;9.20;0.00;0.00;0.00;0.00;0.00;0.00;0.00;-0.21;99.65;-0.26;0.00;0.00;2000.00;67.51;
"2019-09-23 07:23:00";2.70;8.70;9.20;0.00;0.00;0.00;0.00;0.00;0.00;0.00;-0.15;99.72;-0.19;0.00;0.00;2000.00;67.51;
"2019-09-23 07:28:00";2.60;8.70;9.20;0.00;0.00;0.00;0.00;0.00;0.00;0.00;-0.11;99.80;-0.14;0.00;0.00;2000.00;67.51;
"2019-09-23 07:33:00";2.60;8.70;9.20;0.00;0.00;0.00;0.00;0.00;0.00;0.00;0.04;99.93;0.03;0.00;0.00;2000.00;67.51;
"2019-09-23 07:38:00";2.70;8.70;9.20;0.00;0.00;0.00;0.00;0.00;0.00;0.00;0.06;99.82;0.03;0.00;0.00;2000.00;67.51;
"2019-09-23 07:43:00";2.80;8.60;9.10;0.00;0.00;0.00;0.00;0.00;0.00;0.00;0.15;100.00;0.15;0.00;0.00;2000.00;67.51;
"2019-09-23 07:48:00";2.90;8.60;9.10;0.00;0.00;0.00;0.00;0.00;0.00;0.00;0.17;100.00;0.17;0.00;0.00;2000.00;67.51;
"2019-09-23 07:53:00";2.90;8.60;9.10;0.00;0.00;0.00;0.00;0.00;0.00;0.00;0.31;100.00;0.31;0.00;0.00;2000.00;67.51;
"2019-09-23 07:58:00";3.00;8.60;9.10;0.00;0.00;0.00;0.00;0.00;0.00;0.00;0.42;100.00;0.42;0.00;0.00;2000.00;67.51;
"2019-09-23 08:03:00";3.20;8.50;9.10;0.00;0.00;0.00;0.00;0.00;0.00;0.00;0.58;100.00;0.58;0.00;0.00;2000.00;67.51;
"2019-09-23 08:08:00";3.30;8.50;9.00;0.00;0.00;0.00;0.00;0.00;0.00;0.00;0.68;100.00;0.68;0.00;0.00;2000.00;67.51;
"2019-09-23 08:13:00";3.30;8.50;9.00;0.00;0.00;0.00;0.00;0.00;0.00;0.00;0.84;100.00;0.84;0.00;0.00;2000.00;67.51;
"2019-09-23 08:18:00";3.30;8.50;9.00;0.00;0.00;0.00;0.00;0.00;0.00;0.00;0.94;100.00;0.94;0.00;0.00;2000.00;67.51;
"2019-09-23 08:23:00";3.30;8.50;9.00;0.00;0.00;0.00;0.00;0.00;0.00;0.00;1.13;100.00;1.13;0.00;0.00;2000.00;67.51;
"2019-09-23 08:28:00";3.30;8.50;8.90;0.00;0.00;0.00;0.00;0.00;0.00;0.00;1.35;100.00;1.35;0.00;0.00;2000.00;67.51;
"2019-09-23 08:33:00";3.40;8.50;8.90;0.00;0.00;0.00;0.00;0.00;0.00;0.00;1.62;100.00;1.62;0.00;0.00;2000.00;67.51;
"2019-09-23 08:38:00";3.50;8.50;8.90;0.00;0.00;0.00;0.00;0.00;0.00;0.00;1.57;100.00;1.57;0.00;0.00;2000.00;67.51;
"2019-09-23 08:43:00";3.80;8.50;8.90;0.00;0.00;0.00;0.00;0.00;0.00;0.00;1.72;100.00;1.72;0.00;0.00;2000.00;67.51;
"2019-09-23 08:48:00";4.00;8.50;8.90;0.00;0.00;0.00;0.00;0.00;0.00;0.00;1.85;100.00;1.85;0.00;0.00;2000.00;67.51;
"2019-09-23 08:53:00";4.00;8.50;8.90;0.00;0.00;0.00;0.00;0.00;0.00;0.00;1.91;100.00;1.91;0.00;0.00;2000.00;67.51;
"2019-09-23 08:58:00";4.00;8.40;8.80;0.00;0.00;0.00;0.00;0.00;0.00;0.00;2.06;100.00;2.06;0.00;0.00;2000.00;67.51;
"2019-09-23 09:03:00";4.10;8.40;8.80;0.00;0.00;0.00;0.00;0.00;0.00;0.00;2.23;100.00;2.23;0.00;0.00;2000.00;67.51;
"2019-09-23 09:08:00";4.10;8.40;8.80;0.00;0.00;0.00;0.00;0.00;0.00;0.00;2.37;100.00;2.37;0.00;0.00;2000.00;67.51;
"2019-09-23 09:13:00";4.20;8.40;8.80;0.00;0.00;0.00;0.00;0.00;0.00;0.00;2.48;100.00;2.48;0.00;0.00;2000.00;67.51;
"2019-09-23 09:18:00";4.30;8.40;8.80;0.00;0.00;0.00;0.00;0.00;0.00;0.00;2.66;100.00;2.66;0.00;0.00;2000.00;67.51;
"2019-09-23 09:23:00";4.30;8.40;8.80;0.00;0.00;0.00;0.00;0.00;0.00;0.00;2.77;100.00;2.77;0.00;0.00;2000.00;67.51;
"2019-09-23 09:28:00";4.40;8.40;8.70;0.00;0.00;0.00;0.00;0.00;0.00;0.00;2.79;100.00;2.79;0.00;0.00;2000.00;67.51;
"2019-09-23 09:33:00";4.50;8.30;8.70;0.00;0.00;0.00;0.00;0.00;0.00;0.00;2.89;100.00;2.89;0.00;0.00;2000.00;67.51;
"2019-09-23 09:38:00";4.50;8.30;8.70;0.00;0.00;0.00;0.00;0.00;0.00;0.00;3.03;100.00;3.03;0.00;0.00;2000.00;67.51;
"2019-09-23 09:43:00";4.60;8.40;8.70;0.00;0.00;0.00;0.00;0.00;0.00;0.00;3.15;100.00;3.15;0.00;0.00;2000.00;67.51;
"2019-09-23 09:48:00";4.70;8.30;8.70;0.00;0.00;0.00;0.00;0.00;0.00;0.00;3.42;100.00;3.42;0.00;0.00;2000.00;67.51;
"2019-09-23 09:53:00";4.90;8.30;8.70;0.00;0.00;0.00;0.00;0.00;0.00;0.00;3.74;100.00;3.74;0.00;0.00;2000.00;67.51;
"2019-09-23 09:58:00";5.20;8.30;8.70;0.00;0.00;0.00;0.00;0.00;0.00;0.00;4.02;100.00;4.02;0.00;0.00;2000.00;67.51;
"2019-09-23 10:03:00";5.70;8.30;8.70;0.00;0.00;0.00;0.00;0.00;0.00;0.00;4.15;100.00;4.15;0.00;0.00;2000.00;67.51;
"2019-09-23 10:08:00";7.00;8.30;8.60;0.00;0.00;0.00;0.00;0.00;0.00;0.00;4.32;100.00;4.32;0.00;0.00;2000.00;67.51;
"2019-09-23 10:13:00";8.00;8.30;8.70;0.00;0.00;0.00;0.00;0.00;0.00;0.00;4.53;100.00;4.53;0.00;0.00;2000.00;67.51;
"2019-09-23 10:18:00";8.80;8.30;8.60;0.00;0.00;0.00;0.00;0.00;0.00;0.00;4.78;100.00;4.78;0.00;0.00;2000.00;67.51;
"2019-09-23 10:23:00";9.50;8.30;8.60;0.00;0.00;0.00;0.00;0.00;0.00;0.00;5.04;100.00;5.04;0.00;0.00;2000.00;67.51;
"2019-09-23 10:28:00";10.10;8.30;8.60;0.00;0.00;0.00;0.00;0.00;0.00;0.00;5.25;100.00;5.25;0.00;0.00;2000.00;67.51;
"2019-09-23 10:33:00";10.80;8.30;8.60;0.00;0.00;0.00;0.00;0.00;0.00;0.00;5.54;100.00;5.54;0.00;0.00;2000.00;67.51;
"2019-09-23 10:38:00";11.20;8.30;8.70;0.00;0.00;0.00;0.00;0.00;0.00;0.00;5.82;99.98;5.81;0.00;0.00;2000.00;67.51;
"2019-09-23 10:43:00";11.70;8.30;8.60;0.00;0.00;0.00;0.00;0.00;0.00;0.00;6.09;100.00;6.09;0.00;0.00;2000.00;67.51;
"2019-09-23 10:48:00";12.20;8.30;8.60;0.00;0.00;0.00;0.00;0.00;0.00;0.00;6.20;99.73;6.16;0.00;0.00;2000.00;67.51;
"2019-09-23 10:53:00";12.70;8.30;8.70;0.00;0.00;0.00;0.00;0.00;0.00;0.00;6.16;99.85;6.13;0.00;0.00;2000.00;67.51;
"2019-09-23 10:58:00";13.20;8.30;8.70;0.00;0.00;0.00;0.00;0.00;0.00;0.00;6.44;99.78;6.41;0.00;0.00;2000.00;67.51;
"2019-09-23 11:03:00";13.70;8.40;8.70;0.00;0.00;0.00;0.00;0.00;0.00;0.00;6.67;100.00;6.67;0.00;0.00;2000.00;67.51;
"2019-09-23 11:08:00";14.10;8.40;8.70;0.00;0.00;0.00;0.00;0.00;0.00;0.00;6.97;99.91;6.95;0.00;0.00;2000.00;67.51;
"2019-09-23 11:13:00";14.40;8.40;8.70;0.00;0.00;0.00;0.00;0.00;0.00;0.00;7.06;99.43;6.98;0.00;0.00;2000.00;67.51;
"2019-09-23 11:18:00";14.80;8.50;8.70;0.00;0.00;0.00;0.00;0.00;0.00;0.00;7.43;99.85;7.41;0.00;0.00;2000.00;67.51;
"2019-09-23 11:23:00";15.20;8.50;8.80;0.00;0.00;0.00;0.00;0.00;0.00;0.00;7.62;99.04;7.48;0.00;0.00;2000.00;67.51;
"2019-09-23 11:28:00";15.50;8.50;8.80;0.00;0.00;0.00;0.00;0.00;0.00;0.00;7.92;99.79;7.89;0.00;0.00;2000.00;67.51;
"2019-09-23 11:33:00";16.00;8.50;8.80;0.00;0.00;0.00;0.00;0.00;0.00;0.00;8.10;99.61;8.04;0.00;0.00;2000.00;67.51;
"2019-09-23 11:38:00";15.40;8.60;8.90;0.00;0.00;0.00;0.00;0.00;0.00;0.00;8.27;98.96;8.12;0.00;0.00;2000.00;67.51;
"2019-09-23 11:43:00";14.20;8.60;8.90;0.00;0.00;0.00;0.00;0.00;0.00;0.00;8.53;99.69;8.48;0.00;0.00;2000.00;67.51;
"2019-09-23 11:48:00";13.30;8.70;9.00;0.00;0.00;0.00;0.00;0.00;0.00;0.00;9.18;99.45;9.10;0.00;0.00;2000.00;67.51;
"2019-09-23 11:53:00";12.70;8.80;9.00;0.00;0.00;0.00;0.00;0.00;0.00;0.00;9.47;100.00;9.47;0.00;0.00;2000.00;67.51;
"2019-09-23 11:58:00";12.70;8.80;9.10;0.00;0.00;0.00;0.00;0.00;0.00;0.00;9.66;99.73;9.61;0.00;0.00;2000.00;67.51;
"2019-09-23 12:03:00";14.40;8.90;9.10;0.00;0.00;0.00;0.00;0.00;0.00;0.00;9.42;99.23;9.31;0.00;0.00;2000.00;67.51;
"2019-09-23 12:08:00";15.50;9.00;9.20;0.00;0.00;0.00;0.00;0.00;0.00;0.00;9.55;100.00;9.55;0.00;0.00;2000.00;67.51;
"2019-09-23 12:13:00";16.50;9.00;9.20;0.00;0.00;0.00;0.00;0.00;0.00;0.00;9.80;100.00;9.80;0.00;0.00;2000.00;67.51;
"2019-09-23 12:18:00";17.10;9.10;9.30;0.00;0.00;0.00;0.00;0.00;0.00;0.00;9.63;99.26;9.52;0.00;0.00;2000.00;67.51;
"2019-09-23 12:23:00";17.60;9.10;9.30;0.00;0.00;0.00;0.00;0.00;0.00;0.00;9.67;100.00;9.67;0.00;0.00;2000.00;67.51;
"2019-09-23 12:28:00";18.20;9.20;9.30;0.00;0.00;0.00;0.00;0.00;0.00;0.00;9.88;100.00;9.88;0.00;0.00;2000.00;67.51;
"2019-09-23 12:33:00";18.60;9.20;9.30;0.00;0.00;0.00;0.00;0.00;0.00;0.00;9.99;99.48;9.91;0.00;0.00;2000.00;67.51;
"2019-09-23 12:38:00";18.90;9.30;9.40;0.00;0.00;0.00;0.00;0.00;0.00;0.00;9.93;98.40;9.69;0.00;0.00;2000.00;67.51;
"2019-09-23 12:43:00";19.50;9.30;9.50;0.00;0.00;0.00;0.00;0.00;0.00;0.00;10.44;96.76;9.95;0.00;0.00;2000.00;67.51;
"2019-09-23 12:48:00";19.90;9.30;9.50;0.00;0.00;0.00;0.00;0.00;0.00;0.00;10.54;94.21;9.65;0.00;0.00;2000.00;67.51;
"2019-09-23 12:53:00";19.90;9.40;9.50;0.00;0.00;0.00;0.00;0.00;0.00;0.00;10.54;90.53;9.06;0.00;0.00;2000.00;67.51;
"2019-09-23 12:58:00";20.30;9.50;9.60;0.00;0.00;0.00;0.00;0.00;0.00;0.00;10.15;88.12;8.27;0.00;0.00;2000.00;67.51;
"2019-09-23 13:03:00";20.70;9.50;9.70;0.00;0.00;0.00;0.00;0.00;0.00;0.00;10.41;86.32;8.23;0.00;0.00;2000.00;67.51;
"2019-09-23 13:08:00";21.00;9.70;9.70;0.00;0.00;0.00;0.00;0.00;0.00;0.00;10.45;83.50;7.78;0.00;0.00;2000.00;67.51;
"2019-09-23 13:13:00";21.30;9.70;9.80;0.00;0.00;0.00;0.00;0.00;0.00;0.00;10.70;82.38;7.82;0.00;0.00;2000.00;67.51;
"2019-09-23 13:18:00";21.50;9.80;9.90;0.00;0.00;0.00;0.00;0.00;0.00;1.10;11.04;79.89;7.70;0.00;0.00;2000.00;67.51;
"2019-09-23 13:23:00";21.70;9.90;9.90;0.00;0.00;0.00;0.00;0.00;0.00;0.00;10.86;78.20;7.21;0.00;0.00;2000.00;67.51;
"2019-09-23 13:28:00";21.90;10.00;10.00;0.00;0.00;0.00;0.00;0.00;0.00;0.00;10.72;77.12;6.87;0.00;0.00;2000.00;67.51;
"2019-09-23 13:33:00";22.30;10.10;10.10;0.00;0.00;0.00;0.00;0.00;0.00;0.00;10.89;76.04;6.83;0.00;0.00;2000.00;67.51;
"2019-09-23 13:38:00";22.50;10.20;10.20;0.00;0.00;0.00;0.00;2.14;324.54;2.14;11.02;74.46;6.65;0.00;0.00;2000.00;67.51;
"2019-09-23 13:43:00";22.50;10.20;10.20;0.00;0.00;0.00;0.00;0.00;0.00;0.00;10.80;73.34;6.21;0.00;0.00;2000.00;67.51;
"2019-09-23 13:48:00";22.80;10.20;10.20;0.00;0.00;0.00;0.00;0.00;0.00;0.00;11.00;73.10;6.37;0.00;0.00;2000.00;67.51;
"2019-09-23 13:53:00";23.10;10.30;10.30;0.00;0.00;0.00;0.00;0.00;0.00;0.00;11.01;71.83;6.12;0.00;0.00;2000.00;67.51;
"2019-09-23 13:58:00";23.20;10.40;10.40;0.00;0.00;0.00;0.00;0.00;0.00;0.00;11.46;70.90;6.36;0.00;0.00;2000.00;67.51;
"2019-09-23 14:03:00";22.80;10.50;10.50;0.00;0.00;0.00;0.00;0.00;0.00;0.00;11.52;69.31;6.09;0.00;0.00;2000.00;67.51;
"2019-09-23 14:08:00";23.20;10.60;10.50;0.00;0.00;0.00;0.00;0.00;0.00;0.00;11.88;69.28;6.43;0.01;60.00;2000.00;67.52;
"2019-09-23 14:13:00";23.10;10.70;10.60;0.00;0.00;0.00;0.00;0.00;0.00;0.00;11.71;67.40;5.87;0.00;0.00;2000.00;67.52;
"2019-09-23 14:18:00";23.20;10.80;10.70;0.00;0.00;0.00;0.00;0.00;0.00;0.00;11.29;66.56;5.28;0.00;0.00;2000.00;67.52;
"2019-09-23 14:23:00";23.50;10.90;10.80;0.00;0.00;0.00;0.00;0.00;0.00;0.00;11.22;66.38;5.18;0.00;0.00;2000.00;67.52;
"2019-09-23 14:28:00";23.50;11.00;10.80;0.00;0.00;0.00;0.00;0.00;0.00;0.00;11.26;65.57;5.04;0.00;0.00;2000.00;67.52;
"2019-09-23 14:33:00";23.80;11.10;10.90;0.00;0.00;0.00;0.00;0.00;0.00;0.00;11.39;65.26;5.10;0.00;0.00;2000.00;67.52;
"2019-09-23 14:38:00";24.10;11.20;11.00;0.00;0.00;0.00;0.00;0.00;0.00;0.00;11.39;64.81;5.00;0.00;0.00;2000.00;67.52;
"2019-09-23 14:43:00";24.20;11.20;11.10;0.00;0.00;0.00;0.00;0.00;0.00;0.00;11.83;63.30;5.07;0.00;0.00;2000.00;67.52;
"2019-09-23 14:48:00";24.00;11.20;11.20;0.00;0.00;0.00;0.00;0.00;0.00;0.00;11.67;62.91;4.84;0.00;0.00;2000.00;67.52;
"2019-09-23 14:53:00";23.90;11.40;11.20;0.00;0.00;0.00;0.00;0.00;0.00;0.00;11.76;62.38;4.80;0.00;0.00;2000.00;67.52;
"2019-09-23 14:58:00";23.90;11.50;11.20;0.00;0.00;0.00;0.00;0.00;0.00;0.00;11.68;61.53;4.53;0.00;0.00;2000.00;67.52;
"2019-09-23 15:03:00";23.90;11.50;11.30;0.00;0.00;0.00;0.00;0.00;0.00;0.00;11.79;61.80;4.70;0.00;0.00;2000.00;67.52;
"2019-09-23 15:08:00";23.10;11.60;11.40;0.00;0.00;0.00;0.00;0.00;0.00;0.00;11.69;60.78;4.36;0.00;0.00;2000.00;67.52;
"2019-09-23 15:13:00";21.40;11.70;11.50;0.00;0.00;0.00;0.00;0.00;0.00;0.00;11.22;60.62;3.87;0.00;0.00;2000.00;67.52;
"2019-09-23 15:18:00";21.00;11.80;11.60;0.00;0.00;0.00;0.00;0.00;0.00;0.00;11.12;60.95;3.87;0.00;0.00;2000.00;67.52;
"2019-09-23 15:23:00";21.90;11.90;11.70;0.00;0.00;0.00;0.00;0.00;0.00;0.00;11.76;60.18;4.28;0.00;0.00;2000.00;67.52;
"2019-09-23 15:28:00";22.30;12.00;11.70;0.00;0.00;0.00;0.00;0.00;0.00;0.99;12.19;58.61;4.31;0.00;0.00;2000.00;67.52;
"2019-09-23 15:33:00";22.60;12.10;11.90;0.00;0.00;0.00;0.00;0.00;0.00;0.00;11.98;58.76;4.15;0.00;0.00;2000.00;67.52;
"2019-09-23 15:38:00";22.70;12.20;11.90;0.00;0.00;0.00;0.00;0.00;0.00;0.00;12.12;59.09;4.36;0.00;0.00;2000.00;67.52;
"2019-09-23 15:43:00";22.40;12.20;12.00;0.00;0.00;0.00;0.00;0.00;0.00;0.00;11.97;57.70;3.88;0.00;0.00;2000.00;67.52;
"2019-09-23 15:48:00";21.60;12.20;12.10;0.00;0.00;0.00;0.00;0.00;0.00;0.00;11.96;58.04;3.96;0.00;0.00;2000.00;67.52;
"2019-09-23 15:53:00";21.50;12.30;12.20;0.00;0.00;0.00;0.00;0.00;0.00;0.00;12.06;57.76;3.98;0.00;0.00;2000.00;67.52;
"2019-09-23 15:58:00";22.20;12.40;12.20;0.00;0.00;0.00;0.00;0.00;0.00;0.00;12.47;56.73;4.11;0.00;0.00;2000.00;67.52;
"2019-09-23 16:03:00";22.80;12.50;12.20;0.00;0.00;0.00;0.00;0.00;0.00;0.00;12.99;56.57;4.55;0.00;0.00;2000.00;67.52;
"2019-09-23 16:08:00";22.80;12.50;12.20;0.00;0.00;0.00;0.00;0.00;0.00;0.00;12.91;55.42;4.19;0.00;0.00;2000.00;67.52;
"2019-09-23 16:13:00";23.20;12.60;12.30;0.00;0.00;0.00;0.00;0.00;0.00;0.00;13.14;55.44;4.40;0.00;0.00;2000.00;67.52;
"2019-09-23 16:18:00";23.00;12.60;12.40;0.00;0.00;0.00;0.00;0.00;0.00;0.00;13.10;55.02;4.26;0.00;0.00;2000.00;67.52;
"2019-09-23 16:23:00";22.70;12.70;12.50;0.00;0.00;0.00;0.00;0.00;0.00;0.86;12.94;55.89;4.34;0.00;0.00;2000.00;67.52;
"2019-09-23 16:28:00";21.80;12.80;12.50;0.00;0.00;0.00;0.00;0.00;0.00;0.00;12.64;55.70;4.01;0.00;0.00;2000.00;67.52;
"2019-09-23 16:33:00";20.80;12.80;12.50;0.00;0.00;0.00;0.00;0.00;0.00;1.76;12.20;56.01;3.67;0.00;0.00;2000.00;67.52;
"2019-09-23 16:38:00";19.90;12.90;12.60;0.00;0.00;0.00;0.00;0.00;0.00;0.00;11.87;57.05;3.63;0.00;0.00;2000.00;67.52;
"2019-09-23 16:43:00";19.60;12.90;12.70;0.00;0.00;0.00;0.00;0.00;0.00;0.00;11.82;57.56;3.71;0.00;0.00;2000.00;67.52;
"2019-09-23 16:48:00";19.10;13.00;12.70;0.00;0.00;0.00;0.00;0.00;0.00;0.00;11.77;58.04;3.78;0.00;0.00;2000.00;67.52;
"2019-09-23 16:53:00";18.70;13.10;12.80;0.00;0.00;0.00;0.00;0.94;75.50;0.94;11.58;58.43;3.69;0.00;0.00;2000.00;67.52;
"2019-09-23 16:58:00";18.90;13.10;12.90;0.00;0.00;0.00;0.00;0.00;0.00;0.00;11.59;58.67;3.76;0.00;0.00;2000.00;67.52;
"2019-09-23 17:03:00";19.40;13.20;12.90;0.00;0.00;0.00;0.00;0.00;0.00;0.00;11.87;58.93;4.08;0.00;0.00;2000.00;67.52;
"2019-09-23 17:08:00";19.40;13.20;12.90;0.00;0.00;0.00;0.00;0.00;0.00;0.00;12.41;57.81;4.32;0.00;0.00;2000.00;67.52;
"2019-09-23 17:13:00";19.40;13.30;13.00;0.00;0.00;0.00;0.00;0.00;0.00;0.00;12.28;55.98;3.74;0.00;0.00;2000.00;67.52;
"2019-09-23 17:18:00";19.30;13.40;13.10;0.00;0.00;0.00;0.00;0.00;0.00;0.00;12.66;55.84;4.06;0.00;0.00;2000.00;67.52;
"2019-09-23 17:23:00";19.00;13.30;13.10;0.00;0.00;0.00;0.00;0.00;0.00;0.00;12.82;53.69;3.65;0.00;0.00;2000.00;67.52;
"2019-09-23 17:28:00";18.70;13.40;13.10;0.00;0.00;0.00;0.00;0.00;0.00;0.00;12.41;52.85;3.05;0.00;0.00;2000.00;67.52;
"2019-09-23 17:33:00";18.20;13.40;13.20;0.00;0.00;0.00;0.00;0.00;0.00;0.00;12.52;53.38;3.29;0.00;0.00;2000.00;67.52;
"2019-09-23 17:38:00";18.00;13.40;13.20;0.00;0.00;0.00;0.00;0.00;0.00;0.00;12.09;53.48;2.91;0.00;0.00;2000.00;67.52;
"2019-09-23 17:43:00";17.70;13.40;13.30;0.00;0.00;0.00;0.00;0.00;0.00;0.00;12.11;54.17;3.11;0.00;0.00;2000.00;67.52;
"2019-09-23 17:48:00";17.60;13.50;13.30;0.00;0.00;0.00;0.00;0.00;0.00;0.00;12.10;54.28;3.14;0.00;0.00;2000.00;67.52;
"2019-09-23 17:53:00";17.40;13.50;13.30;0.00;0.00;0.00;0.00;0.00;0.00;0.00;12.29;54.90;3.48;0.00;0.00;2000.00;67.52;
"2019-09-23 17:58:00";17.30;13.50;13.30;0.00;0.00;0.00;0.00;1.61;86.40;1.70;12.25;52.70;2.86;0.00;0.00;2000.00;67.52;
"2019-09-23 18:03:00";16.90;13.50;13.40;0.00;0.00;0.00;0.00;0.00;0.00;0.00;11.88;53.17;2.64;0.00;0.00;2000.00;67.52;
"2019-09-23 18:08:00";16.60;13.50;13.40;0.00;0.00;0.00;0.00;0.00;0.00;0.00;11.85;53.08;2.59;0.00;0.00;2000.00;67.52;
"2019-09-23 18:13:00";16.40;13.50;13.40;0.00;0.00;0.00;0.00;0.00;0.00;0.00;11.78;52.84;2.46;0.00;0.00;2000.00;67.52;
"2019-09-23 18:18:00";16.10;13.60;13.40;0.00;0.00;0.00;0.00;0.00;0.00;0.00;11.94;53.49;2.78;0.00;0.00;2000.00;67.52;
"2019-09-23 18:23:00";15.90;13.60;13.40;0.00;0.00;0.00;0.00;0.00;0.00;0.00;11.99;52.49;2.56;0.00;0.00;2000.00;67.52;
"2019-09-23 18:28:00";15.50;13.60;13.40;0.00;0.00;0.00;0.00;0.00;0.00;0.00;12.01;53.20;2.77;0.00;0.00;2000.00;67.52;
"2019-09-23 18:33:00";15.20;13.60;13.40;0.00;0.00;0.00;0.00;0.00;0.00;0.00;11.80;53.63;2.69;0.00;0.00;2000.00;67.52;
"2019-09-23 18:38:00";14.90;13.60;13.40;0.00;0.00;0.00;0.00;0.00;0.00;0.00;11.74;54.46;2.85;0.00;0.00;2000.00;67.52;
"2019-09-23 18:43:00";14.60;13.60;13.40;0.00;0.00;0.00;0.00;0.00;0.00;0.00;11.61;55.15;2.90;0.00;0.00;2000.00;67.52;
"2019-09-23 18:48:00";14.20;13.60;13.40;0.00;0.00;0.00;0.00;0.00;0.00;0.00;11.36;56.33;2.97;0.00;0.00;2000.00;67.52;
"2019-09-23 18:53:00";13.90;13.60;13.40;0.00;0.00;0.00;0.00;0.00;0.00;0.00;11.06;57.00;2.86;0.00;0.00;2000.00;67.52;
"2019-09-23 18:58:00";13.70;13.60;13.50;0.00;0.00;0.00;0.00;0.00;0.00;0.00;10.87;58.38;3.01;0.00;0.00;2000.00;67.52;
"2019-09-23 19:03:00";13.40;13.70;13.50;0.00;0.00;0.00;0.00;0.00;0.00;0.00;10.74;59.36;3.12;0.00;0.00;2000.00;67.52;
"2019-09-23 19:08:00";13.20;13.60;13.50;0.00;0.00;0.00;0.00;0.00;0.00;0.00;10.51;59.83;3.03;0.00;0.00;2000.00;67.52;
"2019-09-23 19:13:00";12.90;13.60;13.50;0.00;0.00;0.00;0.00;0.00;0.00;0.00;10.30;60.77;3.05;0.00;0.00;2000.00;67.52;
"2019-09-23 19:18:00";12.70;13.60;13.50;0.00;0.00;0.00;0.00;0.00;0.00;0.00;9.99;61.40;2.90;0.00;0.00;2000.00;67.52;
"2019-09-23 19:23:00";12.40;13.60;13.50;0.00;0.00;0.00;0.00;0.00;0.00;0.00;9.74;62.40;2.89;0.00;0.00;2000.00;67.52;
"2019-09-23 19:28:00";12.20;13.60;13.50;0.00;0.00;0.00;0.00;0.00;0.00;0.00;9.46;63.26;2.82;0.00;0.00;2000.00;67.52;
"2019-09-23 19:33:00";11.90;13.60;13.50;0.00;0.00;0.00;0.00;0.00;0.00;0.00;9.13;64.26;2.73;0.00;0.00;2000.00;67.52;
"2019-09-23 19:38:00";11.70;13.60;13.50;0.00;0.00;0.00;0.00;0.00;0.00;0.00;8.90;65.13;2.70;0.00;0.00;2000.00;67.52;
"2019-09-23 19:43:00";11.50;13.60;13.50;0.00;0.00;0.00;0.00;0.00;0.00;0.00;8.64;66.02;2.65;0.00;0.00;2000.00;67.52;
"2019-09-23 19:48:00";11.30;13.60;13.50;0.00;0.00;0.00;0.00;0.00;0.00;0.00;8.37;66.79;2.55;0.00;0.00;2000.00;67.52;
"2019-09-23 19:53:00";11.10;13.60;13.50;0.00;0.00;0.00;0.00;0.00;0.00;0.00;8.16;67.50;2.50;0.00;0.00;2000.00;67.52;
"2019-09-23 19:58:00";10.90;13.50;13.40;0.00;0.00;0.00;0.00;0.00;0.00;0.00;8.00;68.17;2.48;0.00;0.00;2000.00;67.52;
"2019-09-23 20:03:00";10.80;13.50;13.50;0.00;0.00;0.00;0.00;0.00;0.00;0.00;7.78;68.72;2.39;0.00;0.00;2000.00;67.52;
"2019-09-23 20:08:00";10.60;13.50;13.40;0.00;0.00;0.00;0.00;0.00;0.00;0.00;7.54;69.24;2.26;0.00;0.00;2000.00;67.52;
"2019-09-23 20:13:00";10.40;13.50;13.40;0.00;0.00;0.00;0.00;0.00;0.00;0.00;7.37;70.02;2.26;0.00;0.00;2000.00;67.52;
"2019-09-23 20:18:00";10.30;13.40;13.40;0.00;0.00;0.00;0.00;0.00;0.00;0.00;7.20;70.55;2.20;0.00;0.00;2000.00;67.52;
"2019-09-23 20:23:00";10.10;13.40;13.40;0.00;0.00;0.00;0.00;0.00;0.00;0.00;7.02;71.14;2.14;0.00;0.00;2000.00;67.52;
"2019-09-23 20:28:00";9.90;13.40;13.40;0.00;0.00;0.00;0.00;0.00;0.00;0.00;6.80;71.67;2.04;0.00;0.00;2000.00;67.52;
"2019-09-23 20:33:00";9.80;13.40;13.40;0.00;0.00;0.00;0.00;0.00;0.00;0.00;6.59;72.29;1.96;0.00;0.00;2000.00;67.52;
"2019-09-23 20:38:00";9.60;13.40;13.40;0.00;0.00;0.00;0.00;0.00;0.00;0.00;6.39;72.97;1.89;0.00;0.00;2000.00;67.52;
"2019-09-23 20:43:00";9.50;13.40;13.40;0.00;0.00;0.00;0.00;0.00;0.00;0.00;6.20;73.74;1.86;0.00;0.00;2000.00;67.52;
"2019-09-23 20:48:00";9.30;13.40;13.40;0.00;0.00;0.00;0.00;0.00;0.00;0.00;6.11;74.55;1.93;0.00;0.00;2000.00;67.52;
"2019-09-23 20:53:00";9.20;13.30;13.40;0.00;0.00;0.00;0.00;0.00;0.00;0.00;6.21;75.35;2.17;0.00;0.00;2000.00;67.52;
"2019-09-23 20:58:00";9.00;13.30;13.30;0.00;0.00;0.00;0.00;0.00;0.00;0.00;6.08;75.84;2.13;0.00;0.00;2000.00;67.52;
"2019-09-23 21:03:00";9.00;13.30;13.30;0.00;0.00;0.00;0.00;0.00;0.00;0.00;5.92;76.58;2.12;0.00;0.00;2000.00;67.52;
"2019-09-23 21:08:00";8.80;13.20;13.30;0.00;0.00;0.00;0.00;0.00;0.00;0.00;5.83;77.30;2.16;0.00;0.00;2000.00;67.52;
"2019-09-23 21:13:00";8.70;13.20;13.20;0.00;0.00;0.00;0.00;0.00;0.00;0.00;5.82;78.22;2.32;0.00;0.00;2000.00;67.52;
"2019-09-23 21:18:00";8.60;13.20;13.20;0.00;0.00;0.00;0.00;0.00;0.00;0.00;5.72;78.73;2.32;0.00;0.00;2000.00;67.52;
"2019-09-23 21:23:00";8.50;13.10;13.20;0.00;0.00;0.00;0.00;0.00;0.00;0.00;5.59;79.19;2.27;0.00;0.00;2000.00;67.52;
"2019-09-23 21:28:00";8.40;13.10;13.20;0.00;0.00;0.00;0.00;0.00;0.00;0.00;5.39;79.86;2.19;0.00;0.00;2000.00;67.52;
"2019-09-23 21:33:00";8.30;13.00;13.10;0.00;0.00;0.00;0.00;0.00;0.00;0.00;5.32;80.59;2.25;0.00;0.00;2000.00;67.52;
"2019-09-23 21:38:00";8.30;13.00;13.10;0.00;0.00;0.00;0.00;0.00;0.00;0.00;5.26;81.24;2.30;0.00;0.00;2000.00;67.52;
"2019-09-23 21:43:00";8.20;13.00;13.10;0.00;0.00;0.00;0.00;0.00;0.00;0.00;5.19;81.73;2.32;0.00;0.00;2000.00;67.52;
"2019-09-23 21:48:00";8.20;12.90;13.00;0.00;0.00;0.00;0.00;0.00;0.00;0.00;5.12;82.25;2.34;0.00;0.00;2000.00;67.52;
"2019-09-23 21:53:00";8.00;12.90;13.00;0.00;0.00;0.00;0.00;0.00;0.00;0.00;5.01;82.66;2.31;0.00;0.00;2000.00;67.52;
"2019-09-23 21:58:00";8.00;12.90;13.00;0.00;0.00;0.00;0.00;0.00;0.00;0.00;4.91;83.12;2.29;0.00;0.00;2000.00;67.52;
"2019-09-23 22:03:00";7.90;12.80;12.90;0.00;0.00;0.00;0.00;0.00;0.00;0.00;4.83;83.63;2.29;0.00;0.00;2000.00;67.52;
"2019-09-23 22:08:00";7.80;12.80;12.90;0.00;0.00;0.00;0.00;0.00;0.00;0.00;4.74;83.94;2.26;0.00;0.00;2000.00;67.52;
"2019-09-23 22:13:00";7.80;12.70;12.80;0.00;0.00;0.00;0.00;0.00;0.00;0.00;4.62;84.24;2.18;0.00;0.00;2000.00;67.52;
"2019-09-23 22:18:00";7.70;12.70;12.90;0.00;0.00;0.00;0.00;0.00;0.00;0.00;4.47;84.66;2.11;0.00;0.00;2000.00;67.52;
"2019-09-23 22:23:00";7.60;12.70;12.80;0.00;0.00;0.00;0.00;0.00;0.00;0.00;4.36;84.94;2.05;0.00;0.00;2000.00;67.52;
"2019-09-23 22:28:00";7.50;12.60;12.80;0.00;0.00;0.00;0.00;0.00;0.00;0.00;4.27;85.46;2.04;0.00;0.00;2000.00;67.52;
"2019-09-23 22:33:00";7.40;12.60;12.70;0.00;0.00;0.00;0.00;0.00;0.00;0.00;4.31;85.87;2.16;0.00;0.00;2000.00;67.52;
"2019-09-23 22:38:00";7.30;12.60;12.70;0.00;0.00;0.00;0.00;0.00;0.00;0.00;4.13;85.61;1.93;0.00;0.00;2000.00;67.52;
"2019-09-23 22:43:00";7.20;12.50;12.70;0.00;0.00;0.00;0.00;0.00;0.00;0.00;3.95;86.19;1.85;0.00;0.00;2000.00;67.52;
"2019-09-23 22:48:00";7.10;12.50;12.60;0.00;0.00;0.00;0.00;0.00;0.00;0.00;3.99;86.43;1.93;0.00;0.00;2000.00;67.52;
"2019-09-23 22:53:00";7.00;12.40;12.60;0.00;0.00;0.00;0.00;0.00;0.00;0.00;3.88;86.54;1.84;0.00;0.00;2000.00;67.52;
"2019-09-23 22:58:00";7.00;12.40;12.60;0.00;0.00;0.00;0.00;0.00;0.00;0.00;3.76;86.98;1.79;0.00;0.00;2000.00;67.52;
"2019-09-23 23:03:00";7.00;12.30;12.50;0.00;0.00;0.00;0.00;0.00;0.00;0.00;3.69;87.33;1.78;0.00;0.00;2000.00;67.52;
"2019-09-23 23:08:00";6.90;12.30;12.50;0.00;0.00;0.00;0.00;0.00;0.00;0.00;3.68;87.74;1.83;0.00;0.00;2000.00;67.52;
"2019-09-23 23:13:00";6.80;12.30;12.50;0.00;0.00;0.00;0.00;0.00;0.00;0.00;3.64;87.86;1.82;0.00;0.00;2000.00;67.52;
"2019-09-23 23:18:00";6.80;12.20;12.40;0.00;0.00;0.00;0.00;0.00;0.00;0.00;3.61;88.25;1.84;0.00;0.00;2000.00;67.52;
"2019-09-23 23:23:00";6.70;12.20;12.40;0.00;0.00;0.00;0.00;0.00;0.00;0.00;3.67;88.75;1.99;0.00;0.00;2000.00;67.52;
"2019-09-23 23:28:00";6.60;12.20;12.40;0.00;0.00;0.00;0.00;0.00;0.00;0.00;3.59;88.73;1.90;0.00;0.00;2000.00;67.52;
"2019-09-23 23:33:00";6.50;12.20;12.40;0.00;0.00;0.00;0.00;0.00;0.00;0.00;3.48;88.98;1.83;0.00;0.00;2000.00;67.52;
"2019-09-23 23:38:00";6.50;12.20;12.30;0.00;0.00;0.00;0.00;0.00;0.00;0.00;3.49;89.37;1.90;0.00;0.00;2000.00;67.52;
"2019-09-23 23:43:00";6.50;12.10;12.20;0.00;0.00;0.00;0.00;0.00;0.00;0.00;3.45;89.58;1.90;0.00;0.00;2000.00;67.52;
"2019-09-23 23:48:00";6.40;12.10;12.30;0.00;0.00;0.00;0.00;0.00;0.00;0.00;3.46;89.81;1.94;0.00;0.00;2000.00;67.52;
"2019-09-23 23:53:00";6.40;12.10;12.20;0.00;0.00;0.00;0.00;0.00;0.00;0.00;3.38;89.88;1.88;0.00;0.00;2000.00;67.52;
"2019-09-23 23:58:00";6.40;12.00;12.20;0.00;0.00;0.00;0.00;0.00;0.00;0.00;3.30;90.04;1.83;0.00;0.00;2000.00;67.52;
"2019-09-24 00:03:00";6.40;12.00;12.20;0.00;0.00;0.00;0.00;0.00;0.00;0.00;3.20;90.28;1.76;0.00;0.00;2000.00;67.52;
"2019-09-24 00:08:00";6.30;12.00;12.20;0.00;0.00;0.00;0.00;0.00;0.00;0.00;3.25;90.66;1.87;0.00;0.00;2000.00;67.52;
"2019-09-24 00:13:00";6.30;11.90;12.20;0.00;0.00;0.00;0.00;0.00;0.00;0.00;3.34;90.68;1.96;0.00;0.00;2000.00;67.52;
"2019-09-24 00:18:00";6.30;11.90;12.10;0.00;0.00;0.00;0.00;0.00;0.00;0.00;3.28;90.68;1.90;0.00;0.00;2000.00;67.52;
"2019-09-24 00:23:00";6.30;11.80;12.10;0.00;0.00;0.00;0.00;0.00;0.00;0.00;3.16;90.75;1.79;0.00;0.00;2000.00;67.52;
"2019-09-24 00:28:00";6.20;11.80;12.10;0.00;0.00;0.00;0.00;0.00;0.00;0.00;3.05;90.90;1.71;0.00;0.00;2000.00;67.52;
"2019-09-24 00:33:00";6.20;11.80;12.00;0.00;0.00;0.00;0.00;0.00;0.00;0.00;3.03;91.24;1.74;0.00;0.00;2000.00;67.52;
"2019-09-24 00:38:00";6.20;11.70;12.00;0.00;0.00;0.00;0.00;0.00;0.00;0.00;3.11;91.64;1.88;0.00;0.00;2000.00;67.52;
"2019-09-24 00:43:00";6.20;11.70;12.00;0.00;0.00;0.00;0.00;0.00;0.00;0.00;3.27;91.55;2.02;0.00;0.00;2000.00;67.52;
"2019-09-24 00:48:00";6.10;11.60;11.90;0.00;0.00;0.00;0.00;0.00;0.00;0.00;3.24;91.58;2.00;0.00;0.00;2000.00;67.52;
"2019-09-24 00:53:00";6.10;11.60;11.90;0.00;0.00;0.00;0.00;0.00;0.00;0.00;3.23;91.70;2.01;0.00;0.00;2000.00;67.52;
"2019-09-24 00:58:00";6.10;11.60;11.90;0.00;0.00;0.00;0.00;0.00;0.00;0.00;3.17;91.71;1.95;0.00;0.00;2000.00;67.52;
"2019-09-24 01:03:00";6.10;11.50;11.80;0.00;0.00;0.00;0.00;0.00;0.00;0.00;3.05;91.76;1.84;0.00;0.00;2000.00;67.52;
"2019-09-24 01:08:00";6.00;11.50;11.80;0.00;0.00;0.00;0.00;0.00;0.00;0.00;2.86;91.86;1.67;0.00;0.00;2000.00;67.52;
"2019-09-24 01:13:00";6.10;11.50;11.80;0.00;0.00;0.00;0.00;0.00;0.00;0.00;2.74;91.93;1.56;0.00;0.00;2000.00;67.52;
"2019-09-24 01:18:00";6.10;11.50;11.80;0.00;0.00;0.00;0.00;0.00;0.00;0.00;2.77;92.33;1.65;0.00;0.00;2000.00;67.52;
"2019-09-24 01:23:00";6.10;11.40;11.70;0.00;0.00;0.00;0.00;0.00;0.00;0.00;2.80;92.22;1.66;0.00;0.00;2000.00;67.52;
"2019-09-24 01:28:00";6.10;11.40;11.70;0.00;0.00;0.00;0.00;0.00;0.00;0.00;2.69;92.30;1.56;0.00;0.00;2000.00;67.52;
"2019-09-24 01:33:00";6.10;11.40;11.60;0.00;0.00;0.00;0.00;0.00;0.00;0.00;2.64;92.47;1.54;0.00;0.00;2000.00;67.52;
"2019-09-24 01:38:00";6.00;11.30;11.70;0.00;0.00;0.00;0.00;0.00;0.00;0.00;2.60;92.50;1.50;0.00;0.00;2000.00;67.52;
"2019-09-24 01:43:00";6.00;11.30;11.60;0.00;0.00;0.00;0.00;0.00;0.00;0.00;2.55;92.61;1.48;0.00;0.00;2000.00;67.52;
"2019-09-24 01:48:00";6.00;11.30;11.60;0.00;0.00;0.00;0.00;0.00;0.00;0.00;2.43;92.76;1.38;0.00;0.00;2000.00;67.52;
"2019-09-24 01:53:00";5.90;11.20;11.50;0.00;0.00;0.00;0.00;0.00;0.00;0.00;2.41;92.92;1.38;0.00;0.00;2000.00;67.52;
"2019-09-24 01:58:00";5.90;11.20;11.50;0.00;0.00;0.00;0.00;0.00;0.00;0.00;2.42;92.96;1.39;0.00;0.00;2000.00;67.52;
"2019-09-24 02:03:00";5.80;11.20;11.50;0.00;0.00;0.00;0.00;0.00;0.00;0.00;2.38;93.11;1.38;0.00;0.00;2000.00;67.52;
"2019-09-24 02:08:00";5.70;11.20;11.50;0.00;0.00;0.00;0.00;0.00;0.00;0.00;2.37;93.25;1.39;0.00;0.00;2000.00;67.52;
"2019-09-24 02:13:00";5.70;11.20;11.50;0.00;0.00;0.00;0.00;0.00;0.00;0.00;2.32;93.45;1.37;0.00;0.00;2000.00;67.52;
"2019-09-24 02:18:00";5.60;11.20;11.40;0.00;0.00;0.00;0.00;0.00;0.00;0.00;2.35;93.48;1.40;0.00;0.00;2000.00;67.52;
"2019-09-24 02:23:00";5.50;11.20;11.40;0.00;0.00;0.00;0.00;0.00;0.00;0.00;2.32;93.54;1.38;0.00;0.00;2000.00;67.52;
"2019-09-24 02:28:00";5.50;11.10;11.30;0.00;0.00;0.00;0.00;0.00;0.00;0.00;2.33;93.78;1.43;0.00;0.00;2000.00;67.52;
"2019-09-24 02:33:00";5.50;11.10;11.30;0.00;0.00;0.00;0.00;0.00;0.00;0.00;2.38;93.86;1.49;0.00;0.00;2000.00;67.52;
"2019-09-24 02:38:00";5.40;11.10;11.30;0.00;0.00;0.00;0.00;0.00;0.00;0.00;2.36;93.80;1.47;0.00;0.00;2000.00;67.52;
"2019-09-24 02:43:00";5.40;11.00;11.20;0.00;0.00;0.00;0.00;0.00;0.00;0.00;2.30;93.95;1.43;0.00;0.00;2000.00;67.52;
"2019-09-24 02:48:00";5.30;11.00;11.20;0.00;0.00;0.00;0.00;0.00;0.00;0.00;2.23;93.95;1.36;0.00;0.00;2000.00;67.52;
"2019-09-24 02:53:00";5.30;11.00;11.20;0.00;0.00;0.00;0.00;0.00;0.00;0.00;2.17;93.93;1.30;0.00;0.00;2000.00;67.52;
"2019-09-24 02:58:00";5.20;10.90;11.20;0.00;0.00;0.00;0.00;0.00;0.00;0.00;2.01;93.91;1.13;0.00;0.00;2000.00;67.52;
"2019-09-24 03:03:00";5.10;10.90;11.20;0.00;0.00;0.00;0.00;0.00;0.00;0.00;1.93;94.16;1.09;0.00;0.00;2000.00;67.52;
"2019-09-24 03:08:00";5.00;10.90;11.20;0.00;0.00;0.00;0.00;0.00;0.00;0.00;1.91;94.55;1.13;0.00;0.00;2000.00;67.52;
"2019-09-24 03:13:00";4.90;10.80;11.20;0.00;0.00;0.00;0.00;0.00;0.00;0.00;1.97;94.46;1.17;0.00;0.00;2000.00;67.52;
"2019-09-24 03:18:00";4.90;10.80;11.20;0.00;0.00;0.00;0.00;0.00;0.00;0.00;1.83;94.41;1.02;0.00;0.00;2000.00;67.52;
"2019-09-24 03:23:00";4.80;10.80;11.10;0.00;0.00;0.00;0.00;0.00;0.00;0.00;1.77;94.42;0.97;0.00;0.00;2000.00;67.52;
"2019-09-24 03:28:00";4.70;10.80;11.10;0.00;0.00;0.00;0.00;0.00;0.00;0.00;1.70;94.58;0.92;0.00;0.00;2000.00;67.52;
"2019-09-24 03:33:00";4.70;10.70;11.10;0.00;0.00;0.00;0.00;0.00;0.00;0.00;1.65;94.57;0.87;0.00;0.00;2000.00;67.52;
"2019-09-24 03:38:00";4.60;10.70;11.10;0.00;0.00;0.00;0.00;0.00;0.00;0.00;1.54;94.58;0.77;0.00;0.00;2000.00;67.52;
"2019-09-24 03:43:00";4.60;10.70;11.00;0.00;0.00;0.00;0.00;0.00;0.00;0.00;1.50;94.72;0.75;0.00;0.00;2000.00;67.52;
"2019-09-24 03:48:00";4.50;10.70;11.00;0.00;0.00;0.00;0.00;0.00;0.00;0.00;1.41;94.70;0.66;0.00;0.00;2000.00;67.52;
"2019-09-24 03:53:00";4.50;10.60;11.00;0.00;0.00;0.00;0.00;0.00;0.00;0.00;1.28;94.31;0.46;0.00;0.00;2000.00;67.52;
"2019-09-24 03:58:00";4.40;10.60;10.90;0.00;0.00;0.00;0.00;0.00;0.00;0.00;0.95;94.77;0.20;0.00;0.00;2000.00;67.52;
"2019-09-24 04:03:00";4.30;10.60;10.90;0.00;0.00;0.00;0.00;0.00;0.00;0.00;1.04;95.13;0.35;0.00;0.00;2000.00;67.52;
"2019-09-24 04:08:00";4.40;10.50;10.90;0.00;0.00;0.00;0.00;0.00;0.00;0.00;0.94;94.76;0.19;0.00;0.00;2000.00;67.52;
"2019-09-24 04:13:00";4.50;10.50;10.90;0.00;0.00;0.00;0.00;0.00;0.00;0.00;0.80;94.86;0.07;0.00;0.00;2000.00;67.52;
"2019-09-24 04:18:00";4.50;10.50;10.80;0.00;0.00;0.00;0.00;0.00;0.00;0.00;0.71;95.03;0.00;0.00;0.00;2000.00;67.52;
"2019-09-24 04:23:00";4.40;10.50;10.80;0.00;0.00;0.00;0.00;0.00;0.00;0.00;0.77;95.22;0.09;0.00;0.00;2000.00;67.52;
"2019-09-24 04:28:00";4.30;10.40;10.80;0.00;0.00;0.00;0.00;0.00;0.00;0.00;0.85;95.27;0.18;0.00;0.00;2000.00;67.52;
"2019-09-24 04:33:00";4.20;10.40;10.80;0.00;0.00;0.00;0.00;0.00;0.00;0.00;0.80;95.20;0.12;0.00;0.00;2000.00;67.52;
"2019-09-24 04:38:00";4.10;10.40;10.70;0.00;0.00;0.00;0.00;0.00;0.00;0.00;0.72;95.25;0.04;0.00;0.00;2000.00;67.52;
"2019-09-24 04:43:00";4.10;10.30;10.70;0.00;0.00;0.00;0.00;0.00;0.00;0.00;0.63;95.20;-0.05;0.00;0.00;2000.00;67.52;
"2019-09-24 04:48:00";4.10;10.30;10.70;0.00;0.00;0.00;0.00;0.00;0.00;0.00;0.64;95.41;-0.01;0.00;0.00;2000.00;67.52;
"2019-09-24 04:53:00";4.00;10.30;10.70;0.00;0.00;0.00;0.00;0.00;0.00;0.00;0.56;95.26;-0.11;0.00;0.00;2000.00;67.52;
"2019-09-24 04:58:00";4.00;10.30;10.60;0.00;0.00;0.00;0.00;0.00;0.00;0.00;0.48;95.54;-0.15;0.00;0.00;2000.00;67.52;
"2019-09-24 05:03:00";3.90;10.20;10.60;0.00;0.00;0.00;0.00;0.00;0.00;0.00;0.46;95.44;-0.19;0.00;0.00;2000.00;67.52;
"2019-09-24 05:08:00";3.90;10.20;10.60;0.00;0.00;0.00;0.00;0.00;0.00;0.00;0.42;95.56;-0.21;0.00;0.00;2000.00;67.52;
"2019-09-24 05:13:00";3.80;10.20;10.50;0.00;0.00;0.00;0.00;0.00;0.00;0.00;0.44;95.84;-0.14;0.00;0.00;2000.00;67.52;
"2019-09-24 05:18:00";3.80;10.20;10.50;0.00;0.00;0.00;0.00;0.00;0.00;0.00;0.44;95.48;-0.20;0.00;0.00;2000.00;67.52;
"2019-09-24 05:23:00";3.70;10.20;10.50;0.00;0.00;0.00;0.00;0.00;0.00;0.00;0.40;95.78;-0.20;0.00;0.00;2000.00;67.52;
"2019-09-24 05:28:00";3.70;10.20;10.50;0.00;0.00;0.00;0.00;0.00;0.00;0.00;0.30;95.80;-0.29;0.00;0.00;2000.00;67.52;
"2019-09-24 05:33:00";3.70;10.10;10.40;0.00;0.00;0.00;0.00;0.00;0.00;0.00;0.32;95.80;-0.27;0.00;0.00;2000.00;67.52;
"2019-09-24 05:38:00";3.70;10.10;10.40;0.00;0.00;0.00;0.00;0.00;0.00;0.00;0.21;95.54;-0.42;0.00;0.00;2000.00;67.52;
"2019-09-24 05:43:00";3.70;10.10;10.40;0.00;0.00;0.00;0.00;0.00;0.00;0.00;0.16;95.93;-0.41;0.00;0.00;2000.00;67.52;
"2019-09-24 05:48:00";3.70;10.10;10.40;0.00;0.00;0.00;0.00;0.00;0.00;0.00;0.13;95.98;-0.43;0.00;0.00;2000.00;67.52;
"2019-09-24 05:53:00";3.70;10.10;10.40;0.00;0.00;0.00;0.00;0.00;0.00;0.00;0.13;95.97;-0.43;0.00;0.00;2000.00;67.52;
"2019-09-24 05:58:00";3.70;10.00;10.30;0.00;0.00;0.00;0.00;0.00;0.00;0.00;0.14;96.08;-0.41;0.00;0.00;2000.00;67.52;
"2019-09-24 06:03:00";3.70;10.00;10.30;0.00;0.00;0.00;0.00;0.00;0.00;0.00;0.11;96.05;-0.44;0.00;0.00;2000.00;67.52;
"2019-09-24 06:08:00";3.70;9.90;10.30;0.00;0.00;0.00;0.00;0.00;0.00;0.00;0.10;96.20;-0.43;0.00;0.00;2000.00;67.52;
"2019-09-24 06:13:00";3.70;9.90;10.20;0.00;0.00;0.00;0.00;0.00;0.00;0.00;0.10;96.23;-0.43;0.00;0.00;2000.00;67.52;
"2019-09-24 06:18:00";3.70;9.90;10.20;0.00;0.00;0.00;0.00;0.00;0.00;0.00;0.03;96.06;-0.52;0.00;0.00;2000.00;67.52;
"2019-09-24 06:23:00";3.60;9.90;10.20;0.00;0.00;0.00;0.00;0.00;0.00;0.00;-0.06;96.13;-0.60;0.00;0.00;2000.00;67.52;
"2019-09-24 06:28:00";3.50;9.80;10.20;0.00;0.00;0.00;0.00;0.00;0.00;0.00;-0.09;96.29;-0.61;0.00;0.00;2000.00;67.52;
"2019-09-24 06:33:00";3.50;9.80;10.20;0.00;0.00;0.00;0.00;0.00;0.00;0.00;-0.08;96.38;-0.59;0.00;0.00;2000.00;67.52;
"2019-09-24 06:38:00";3.50;9.80;10.20;0.00;0.00;0.00;0.00;0.00;0.00;0.00;-0.17;96.26;-0.70;0.00;0.00;2000.00;67.52;
"2019-09-24 06:43:00";3.40;9.70;10.10;0.00;0.00;0.00;0.00;0.00;0.00;0.00;-0.24;96.34;-0.76;0.00;0.00;2000.00;67.52;
"2019-09-24 06:48:00";3.40;9.70;10.10;0.00;0.00;0.00;0.00;0.00;0.00;0.00;-0.31;96.42;-0.82;0.00;0.00;2000.00;67.52;
"2019-09-24 06:53:00";3.30;9.70;10.10;0.00;0.00;0.00;0.00;0.00;0.00;0.00;-0.23;96.62;-0.70;0.00;0.00;2000.00;67.52;
"2019-09-24 06:58:00";3.30;9.60;10.10;0.00;0.00;0.00;0.00;0.00;0.00;0.00;-0.24;96.58;-0.71;0.00;0.00;2000.00;67.52;
"2019-09-24 07:03:00";3.30;9.60;10.10;0.00;0.00;0.00;0.00;0.00;0.00;0.00;-0.13;97.25;-0.51;0.00;0.00;2000.00;67.52;
"2019-09-24 07:08:00";3.20;9.60;10.00;0.00;0.00;0.00;0.00;0.00;0.00;0.00;-0.13;96.74;-0.58;0.00;0.00;2000.00;67.52;
"2019-09-24 07:13:00";3.20;9.60;10.00;0.00;0.00;0.00;0.00;0.00;0.00;0.00;-0.07;96.85;-0.51;0.00;0.00;2000.00;67.52;
"2019-09-24 07:18:00";3.20;9.50;10.00;0.00;0.00;0.00;0.00;0.00;0.00;0.00;-0.09;96.74;-0.55;0.00;0.00;2000.00;67.52;
"2019-09-24 07:23:00";3.30;9.50;10.00;0.00;0.00;0.00;0.00;0.00;0.00;0.00;-0.15;96.72;-0.61;0.00;0.00;2000.00;67.52;
"2019-09-24 07:28:00";3.30;9.50;9.90;0.00;0.00;0.00;0.00;0.00;0.00;0.00;-0.13;96.94;-0.55;0.00;0.00;2000.00;67.52;
"2019-09-24 07:33:00";3.30;9.50;9.90;0.00;0.00;0.00;0.00;0.00;0.00;0.00;-0.18;96.75;-0.63;0.00;0.00;2000.00;67.52;
"2019-09-24 07:38:00";3.30;9.40;9.90;0.00;0.00;0.00;0.00;0.00;0.00;0.00;-0.28;96.76;-0.74;0.00;0.00;2000.00;67.52;
"2019-09-24 07:43:00";3.30;9.40;9.80;0.00;0.00;0.00;0.00;0.00;0.00;0.00;-0.29;97.00;-0.71;0.00;0.00;2000.00;67.52;
"2019-09-24 07:48:00";3.30;9.40;9.80;0.00;0.00;0.00;0.00;0.00;0.00;0.00;-0.27;96.94;-0.69;0.00;0.00;2000.00;67.52;
"2019-09-24 07:53:00";3.50;9.40;9.80;0.00;0.00;0.00;0.00;0.00;0.00;0.00;-0.26;97.21;-0.64;0.00;0.00;2000.00;67.52;
"2019-09-24 07:58:00";3.50;9.30;9.70;0.00;0.00;0.00;0.00;0.00;0.00;0.00;-0.11;97.30;-0.49;0.00;0.00;2000.00;67.52;
"2019-09-24 08:03:00";3.60;9.30;9.80;0.00;0.00;0.00;0.00;0.00;0.00;0.00;-0.07;97.19;-0.46;0.00;0.00;2000.00;67.52;
"2019-09-24 08:08:00";3.70;9.30;9.70;0.00;0.00;0.00;0.00;0.00;0.00;0.00;-0.03;96.99;-0.45;0.00;0.00;2000.00;67.52;
"2019-09-24 08:13:00";4.00;9.30;9.70;0.00;0.00;0.00;0.00;0.00;0.00;0.00;0.01;97.42;-0.35;0.00;0.00;2000.00;67.52;
"2019-09-24 08:18:00";4.30;9.30;9.70;0.00;0.00;0.00;0.00;0.00;0.00;0.00;0.26;97.79;-0.05;0.00;0.00;2000.00;67.52;
"2019-09-24 08:23:00";4.60;9.30;9.70;0.00;0.00;0.00;0.00;0.00;0.00;0.00;0.63;98.02;0.35;0.00;0.00;2000.00;67.52;
"2019-09-24 08:28:00";4.90;9.30;9.60;0.00;0.00;0.00;0.00;0.00;0.00;0.00;1.31;98.84;1.15;0.00;0.00;2000.00;67.52;
"2019-09-24 08:33:00";5.10;9.30;9.60;0.00;0.00;0.00;0.00;0.00;0.00;0.00;1.59;97.45;1.23;0.00;0.00;2000.00;67.52;
"2019-09-24 08:38:00";5.30;9.20;9.60;0.00;0.00;0.00;0.00;0.00;0.00;0.00;1.51;97.48;1.15;0.00;0.00;2000.00;67.52;
"2019-09-24 08:43:00";5.40;9.20;9.50;0.00;0.00;0.00;0.00;0.00;0.00;0.00;1.49;97.65;1.16;0.00;0.00;2000.00;67.52;
"2019-09-24 08:48:00";5.60;9.20;9.50;0.00;0.00;0.00;0.00;0.00;0.00;0.00;1.70;98.18;1.44;0.00;0.00;2000.00;67.52;
"2019-09-24 08:53:00";5.70;9.20;9.50;0.00;0.00;0.00;0.00;0.00;0.00;0.00;1.89;97.82;1.58;0.00;0.00;2000.00;67.52;
"2019-09-24 08:58:00";5.90;9.20;9.50;0.00;0.00;0.00;0.00;0.00;0.00;0.00;2.01;98.12;1.75;0.00;0.00;2000.00;67.52;
"2019-09-24 09:03:00";6.10;9.10;9.50;0.00;0.00;0.00;0.00;0.00;0.00;0.00;2.19;98.05;1.91;0.00;0.00;2000.00;67.52;
"2019-09-24 09:08:00";6.30;9.10;9.50;0.00;0.00;0.00;0.00;0.00;0.00;0.00;2.16;97.98;1.88;0.00;0.00;2000.00;67.52;
"2019-09-24 09:13:00";6.50;9.10;9.50;0.00;0.00;0.00;0.00;0.00;0.00;0.00;2.31;98.20;2.05;0.00;0.00;2000.00;67.52;
"2019-09-24 09:18:00";6.60;9.10;9.40;0.00;0.00;0.00;0.00;0.00;0.00;0.00;2.56;98.33;2.32;0.00;0.00;2000.00;67.52;
"2019-09-24 09:23:00";6.80;9.10;9.40;0.00;0.00;0.00;0.00;0.00;0.00;0.00;2.73;98.18;2.47;0.00;0.00;2000.00;67.52;
"2019-09-24 09:28:00";7.00;9.10;9.40;0.00;0.00;0.00;0.00;0.00;0.00;0.00;2.78;98.18;2.52;0.00;0.00;2000.00;67.52;
"2019-09-24 09:33:00";7.20;9.10;9.40;0.00;0.00;0.00;0.00;0.00;0.00;0.00;3.08;98.72;2.90;0.00;0.00;2000.00;67.52;
"2019-09-24 09:38:00";7.40;9.10;9.40;0.00;0.00;0.00;0.00;0.00;0.00;0.00;3.24;98.48;3.03;0.00;0.00;2000.00;67.52;
"2019-09-24 09:43:00";7.50;9.10;9.40;0.00;0.00;0.00;0.00;0.00;0.00;0.00;3.49;98.54;3.28;0.00;0.00;2000.00;67.52;
"2019-09-24 09:48:00";7.60;9.10;9.40;0.00;0.00;0.00;0.00;0.00;0.00;0.00;3.88;98.64;3.69;0.00;0.00;2000.00;67.52;
"2019-09-24 09:53:00";7.80;9.10;9.40;0.00;0.00;0.00;0.00;0.00;0.00;0.00;4.11;98.63;3.91;0.00;0.00;2000.00;67.52;
"2019-09-24 09:58:00";8.20;9.10;9.40;0.00;0.00;0.00;0.00;0.00;0.00;0.00;4.54;98.73;4.36;0.00;0.00;2000.00;67.52;
"2019-09-24 10:03:00";8.60;9.10;9.40;0.00;0.00;0.00;0.00;0.00;0.00;0.00;5.05;98.69;4.86;0.00;0.00;2000.00;67.52;
"2019-09-24 10:08:00";9.00;9.10;9.40;0.00;0.00;0.00;0.00;0.00;0.00;0.00;5.36;98.22;5.10;0.00;0.00;2000.00;67.52;
"2019-09-24 10:13:00";9.40;9.00;9.30;0.00;0.00;0.00;0.00;0.00;0.00;0.00;5.53;98.24;5.27;0.00;0.00;2000.00;67.52;
"2019-09-24 10:18:00";10.00;9.10;9.30;0.00;0.00;0.00;0.00;0.00;0.00;0.00;5.64;98.45;5.42;0.00;0.00;2000.00;67.52;
"2019-09-24 10:23:00";10.80;9.10;9.40;0.00;0.00;0.00;0.00;0.00;0.00;0.00;6.04;97.87;5.73;0.00;0.00;2000.00;67.52;
"2019-09-24 10:28:00";11.30;9.10;9.40;0.00;0.00;0.00;0.00;0.00;0.00;0.00;6.36;97.85;6.05;0.00;0.00;2000.00;67.52;
"2019-09-24 10:33:00";11.90;9.10;9.40;0.00;0.00;0.00;0.00;0.00;0.00;0.00;6.67;97.81;6.35;0.00;0.00;2000.00;67.52;
"2019-09-24 10:38:00";12.20;9.10;9.40;0.00;0.00;0.00;0.00;0.00;0.00;0.00;6.93;96.62;6.43;0.00;0.00;2000.00;67.52;
"2019-09-24 10:43:00";12.40;9.20;9.40;0.00;0.00;0.00;0.00;0.00;0.00;0.00;7.14;97.67;6.79;0.00;0.00;2000.00;67.52;
"2019-09-24 10:48:00";12.80;9.20;9.40;0.00;0.00;0.00;0.00;0.00;0.00;0.00;7.55;97.63;7.20;0.00;0.00;2000.00;67.52;
"2019-09-24 10:53:00";13.30;9.20;9.40;0.00;0.00;0.00;0.00;0.00;0.00;0.00;7.74;96.48;7.22;0.00;0.00;2000.00;67.52;
"2019-09-24 10:58:00";13.50;9.20;9.40;0.00;0.00;0.00;0.00;0.00;0.00;0.00;7.74;97.88;7.43;0.00;0.00;2000.00;67.52;
"2019-09-24 11:03:00";14.20;9.20;9.40;0.00;0.00;0.00;0.00;0.00;0.00;0.00;8.42;98.04;8.13;0.00;0.00;2000.00;67.52;
"2019-09-24 11:08:00";14.60;9.30;9.50;0.00;0.00;0.00;0.00;0.00;0.00;0.00;8.99;97.07;8.55;0.00;0.00;2000.00;67.52;
"2019-09-24 11:13:00";15.10;9.30;9.50;0.00;0.00;0.00;0.00;0.00;0.00;0.00;8.84;96.94;8.38;0.00;0.00;2000.00;67.52;
"2019-09-24 11:18:00";15.40;9.30;9.50;0.00;0.00;0.00;0.00;0.00;0.00;0.00;9.09;98.23;8.83;0.00;0.00;2000.00;67.52;
"2019-09-24 11:23:00";16.00;9.30;9.50;0.00;0.00;0.00;0.00;0.00;0.00;0.00;9.45;97.10;9.01;0.00;0.00;2000.00;67.52;
"2019-09-24 11:28:00";16.00;9.30;9.60;0.00;0.00;0.00;0.00;0.00;0.00;0.00;9.64;96.95;9.18;0.00;0.00;2000.00;67.52;
"2019-09-24 11:33:00";16.40;9.30;9.60;0.00;0.00;0.00;0.00;0.00;0.00;0.00;9.80;97.27;9.39;0.00;0.00;2000.00;67.52;
"2019-09-24 11:38:00";15.90;9.40;9.60;0.00;0.00;0.00;0.00;0.00;0.00;0.00;10.19;96.03;9.59;0.00;0.00;2000.00;67.52;
"2019-09-24 11:43:00";14.80;9.50;9.70;0.00;0.00;0.00;0.00;0.00;0.00;0.00;10.27;94.60;9.45;0.00;0.00;2000.00;67.52;
"2019-09-24 11:48:00";14.20;9.50;9.70;0.00;0.00;0.00;0.00;0.00;0.00;0.00;10.21;93.28;9.17;0.00;0.00;2000.00;67.52;
"2019-09-24 11:53:00";13.80;9.50;9.80;0.00;0.00;0.00;0.00;0.00;0.00;0.00;10.29;91.46;8.95;0.00;0.00;2000.00;67.52;
"2019-09-24 11:58:00";14.10;9.60;9.80;0.00;0.00;0.00;0.00;0.00;0.00;0.00;10.81;89.18;9.10;0.00;0.00;2000.00;67.52;
"2019-09-24 12:03:00";15.80;9.70;9.90;0.00;0.00;0.00;0.00;0.00;0.00;0.00;11.00;87.50;9.00;0.00;0.00;2000.00;67.52;
"2019-09-24 12:08:00";16.80;9.70;9.90;0.00;0.00;0.00;0.00;0.00;0.00;0.00;11.32;84.60;8.81;0.00;0.00;2000.00;67.52;
"2019-09-24 12:13:00";17.70;9.80;10.00;0.00;0.00;0.00;0.00;0.00;0.00;0.00;11.08;82.48;8.21;0.00;0.00;2000.00;67.52;
"2019-09-24 12:18:00";18.20;9.80;10.00;0.00;0.00;0.00;0.00;0.00;0.00;0.00;10.91;80.57;7.70;0.00;0.00;2000.00;67.52;
"2019-09-24 12:23:00";18.80;9.90;10.00;0.00;0.00;0.00;0.00;0.00;0.00;0.00;11.17;79.73;7.80;0.00;0.00;2000.00;67.52;
"2019-09-24 12:28:00";18.60;9.90;10.10;0.00;0.00;0.00;0.00;0.00;0.00;0.00;11.42;76.87;7.50;0.00;0.00;2000.00;67.52;
"2019-09-24 12:33:00";18.30;10.00;10.10;0.00;0.00;0.00;0.00;0.00;0.00;0.00;11.21;75.57;7.05;0.00;0.00;2000.00;67.52;
"2019-09-24 12:38:00";17.20;10.10;10.20;0.00;0.00;0.00;0.00;0.00;0.00;0.00;10.85;74.07;6.41;0.00;0.00;2000.00;67.52;
"2019-09-24 12:43:00";17.80;10.10;10.20;0.00;0.00;0.00;0.00;0.00;0.00;0.00;10.66;73.20;6.06;0.00;0.00;2000.00;67.52;
"2019-09-24 12:48:00";18.90;10.20;10.20;0.00;0.00;0.00;0.00;0.00;0.00;0.00;11.09;72.37;6.31;0.00;0.00;2000.00;67.52;
"2019-09-24 12:53:00";18.20;10.20;10.20;0.00;0.00;0.00;0.00;0.00;0.00;0.00;11.02;70.42;5.84;0.00;0.00;2000.00;67.52;
"2019-09-24 12:58:00";17.20;10.20;10.30;0.00;0.00;0.00;0.00;0.00;0.00;0.00;10.64;69.80;5.35;0.00;0.00;2000.00;67.52;
"2019-09-24 13:03:00";16.50;10.30;10.30;0.00;0.00;0.00;0.00;0.00;0.00;0.00;10.55;69.29;5.15;0.00;0.00;2000.00;67.52;
"2019-09-24 13:08:00";16.60;10.40;10.40;0.00;0.00;0.00;0.00;0.00;0.00;0.00;10.56;69.26;5.16;0.00;0.00;2000.00;67.52;
"2019-09-24 13:13:00";16.10;10.40;10.50;0.00;0.00;0.00;0.00;0.00;0.00;0.00;10.60;67.81;4.90;0.00;0.00;2000.00;67.52;
"2019-09-24 13:18:00";15.80;10.50;10.50;0.00;0.00;0.00;0.00;0.00;0.00;0.00;10.71;67.04;4.83;0.00;0.00;2000.00;67.52;
"2019-09-24 13:23:00";15.50;10.60;10.60;0.00;0.00;0.00;0.00;0.00;0.00;0.00;10.78;66.70;4.82;0.00;0.00;2000.00;67.52;
"2019-09-24 13:28:00";15.30;10.60;10.60;0.00;0.00;0.00;0.00;0.00;0.00;0.00;10.68;66.31;4.65;0.00;0.00;2000.00;67.52;
"2019-09-24 13:33:00";15.10;10.70;10.70;0.00;0.00;0.00;0.00;0.00;0.00;0.00;10.72;65.73;4.56;0.00;0.00;2000.00;67.52;
"2019-09-24 13:38:00";15.10;10.70;10.70;0.00;0.00;0.00;0.00;0.00;0.00;0.00;10.77;64.64;4.37;0.00;0.00;2000.00;67.52;
"2019-09-24 13:43:00";17.00;10.80;10.80;0.00;0.00;0.00;0.00;0.00;0.00;0.00;11.15;64.19;4.63;0.00;0.00;2000.00;67.52;
"2019-09-24 13:48:00";19.20;10.80;10.80;0.00;0.00;0.00;0.00;0.00;0.00;0.00;11.25;62.23;4.28;0.00;0.00;2000.00;67.52;
"2019-09-24 13:53:00";19.50;10.90;10.90;0.00;0.00;0.00;0.00;0.00;0.00;0.00;11.74;61.49;4.58;0.00;0.00;2000.00;67.52;
"2019-09-24 13:58:00";19.30;10.90;10.90;0.00;0.00;0.00;0.00;0.00;0.00;0.00;11.86;60.45;4.44;0.00;0.00;2000.00;67.52;
"2019-09-24 14:03:00";18.90;11.00;11.00;0.00;0.00;0.00;0.00;0.00;0.00;0.00;11.90;59.64;4.29;0.00;0.00;2000.00;67.52;
"2019-09-24 14:08:00";18.10;11.00;11.00;0.00;0.00;0.00;0.00;0.00;0.00;0.00;11.47;59.26;3.79;0.00;0.00;2000.00;67.52;
"2019-09-24 14:13:00";19.30;11.10;11.10;0.00;0.00;0.00;0.00;0.00;0.00;0.00;11.59;58.70;3.77;0.00;0.00;2000.00;67.52;
"2019-09-24 14:18:00";20.30;11.20;11.10;0.00;0.00;0.00;0.00;0.00;0.00;0.00;12.30;58.35;4.35;0.00;0.00;2000.00;67.52;
"2019-09-24 14:23:00";21.00;11.20;11.10;0.00;0.00;0.00;0.00;0.00;0.00;0.00;12.37;57.10;4.11;0.00;0.00;2000.00;67.52;
"2019-09-24 14:28:00";21.70;11.20;11.20;0.00;0.00;0.00;0.00;0.00;0.00;0.00;12.43;57.13;4.17;0.00;0.00;2000.00;67.52;
"2019-09-24 14:33:00";22.10;11.20;11.20;0.00;0.00;0.00;0.00;0.00;0.00;0.00;12.58;56.18;4.07;0.00;0.00;2000.00;67.52;
"2019-09-24 14:38:00";21.00;11.30;11.20;0.00;0.00;0.00;0.00;0.00;0.00;0.00;12.28;55.85;3.71;0.00;0.00;2000.00;67.52;
"2019-09-24 14:43:00";19.60;11.30;11.20;0.00;0.00;0.00;0.00;0.00;0.00;0.00;11.59;55.33;2.94;0.00;0.00;2000.00;67.52;
"2019-09-24 14:48:00";20.20;11.40;11.30;0.00;0.00;0.00;0.00;0.00;0.00;0.00;12.04;56.31;3.60;0.00;0.00;2000.00;67.52;
"2019-09-24 14:53:00";19.60;11.40;11.30;0.00;0.00;0.00;0.00;0.00;0.00;0.00;12.26;55.62;3.63;0.00;0.00;2000.00;67.52;
"2019-09-24 14:58:00";19.30;11.50;11.40;0.00;0.00;0.00;0.00;0.00;0.00;0.00;11.86;54.89;3.07;0.00;0.00;2000.00;67.52;
"2019-09-24 15:03:00";20.00;11.60;11.50;0.00;0.00;0.00;0.00;0.00;0.00;0.00;11.99;55.21;3.27;0.00;0.00;2000.00;67.52;
"2019-09-24 15:08:00";20.20;11.60;11.50;0.00;0.00;0.00;0.00;0.00;0.00;0.00;11.88;55.01;3.12;0.00;0.00;2000.00;67.52;
"2019-09-24 15:13:00";21.10;11.70;11.60;0.00;0.00;0.00;0.00;0.00;0.00;0.00;12.56;54.80;3.70;0.00;0.00;2000.00;67.52;
"2019-09-24 15:18:00";21.70;11.70;11.60;0.00;0.00;0.00;0.00;0.00;0.00;0.00;12.68;54.32;3.68;0.00;0.00;2000.00;67.52;
"2019-09-24 15:23:00";21.00;11.80;11.70;0.00;0.00;0.00;0.00;0.00;0.00;0.00;12.51;53.86;3.41;0.00;0.00;2000.00;67.52;
"2019-09-24 15:28:00";19.90;11.90;11.70;0.00;0.00;0.00;0.00;0.00;0.00;0.00;12.09;54.57;3.20;0.00;0.00;2000.00;67.52;
"2019-09-24 15:33:00";19.00;11.90;11.80;0.00;0.00;0.00;0.00;0.00;0.00;0.00;11.98;55.33;3.30;0.00;0.00;2000.00;67.52;
"2019-09-24 15:38:00";19.90;12.00;11.80;0.00;0.00;0.00;0.00;0.00;0.00;0.00;12.41;55.11;3.64;0.00;0.00;2000.00;67.52;
"2019-09-24 15:43:00";20.70;12.00;11.90;0.00;0.00;0.00;0.00;0.00;0.00;0.00;12.71;54.03;3.64;0.00;0.00;2000.00;67.52;
"2019-09-24 15:48:00";20.90;12.10;11.90;0.00;0.00;0.00;0.00;0.00;0.00;0.00;12.82;51.69;3.11;0.00;0.00;2000.00;67.52;
"2019-09-24 15:53:00";20.90;12.20;12.00;0.00;0.00;0.00;0.00;0.00;0.00;0.00;12.36;52.14;2.81;0.00;0.00;2000.00;67.52;
"2019-09-24 15:58:00";20.90;12.20;12.10;0.00;0.00;0.00;0.00;0.00;0.00;0.00;12.21;52.65;2.80;0.00;0.00;2000.00;67.52;
"2019-09-24 16:03:00";21.10;12.20;12.10;0.00;0.00;0.00;0.00;0.00;0.00;0.00;12.23;52.63;2.82;0.00;0.00;2000.00;67.52;
"2019-09-24 16:08:00";21.00;12.20;12.10;0.00;0.00;0.00;0.00;0.00;0.00;0.00;12.30;52.48;2.85;0.00;0.00;2000.00;67.52;
"2019-09-24 16:13:00";20.90;12.30;12.20;0.00;0.00;0.00;0.00;0.00;0.00;0.00;12.87;53.85;3.74;0.00;0.00;2000.00;67.52;
"2019-09-24 16:18:00";21.10;12.30;12.20;0.00;0.00;0.00;0.00;0.00;0.00;0.00;12.95;50.39;2.87;0.00;0.00;2000.00;67.52;
"2019-09-24 16:23:00";21.00;12.40;12.20;0.00;0.00;0.00;0.00;0.00;0.00;0.00;12.65;50.97;2.76;0.00;0.00;2000.00;67.52;
"2019-09-24 16:28:00";20.60;12.40;12.20;0.00;0.00;0.00;0.00;0.00;0.00;0.00;12.80;52.35;3.27;0.00;0.00;2000.00;67.52;
"2019-09-24 16:33:00";20.80;12.50;12.30;0.00;0.00;0.00;0.00;0.00;0.00;0.00;12.88;51.72;3.17;0.00;0.00;2000.00;67.52;
"2019-09-24 16:38:00";20.60;12.60;12.40;0.00;0.00;0.00;0.00;0.00;0.00;0.00;12.94;50.68;2.94;0.00;0.00;2000.00;67.52;
"2019-09-24 16:43:00";20.70;12.60;12.40;0.00;0.00;0.00;0.00;0.00;0.00;0.00;13.08;50.31;2.97;0.00;0.00;2000.00;67.52;
"2019-09-24 16:48:00";19.90;12.70;12.50;0.00;0.00;0.00;0.00;0.00;0.00;0.00;12.53;48.48;1.94;0.00;0.00;2000.00;67.52;
"2019-09-24 16:53:00";19.10;12.70;12.50;0.00;0.00;0.00;0.00;0.00;0.00;0.00;12.08;50.93;2.22;0.00;0.00;2000.00;67.52;
"2019-09-24 16:58:00";18.60;12.80;12.60;0.00;0.00;0.00;0.00;0.00;0.00;0.00;11.98;51.55;2.30;0.00;0.00;2000.00;67.52;
"2019-09-24 17:03:00";18.10;12.80;12.60;0.00;0.00;0.00;0.00;0.00;0.00;0.00;11.78;52.93;2.48;0.00;0.00;2000.00;67.52;
"2019-09-24 17:08:00";17.70;12.90;12.60;0.00;0.00;0.00;0.00;0.00;0.00;0.00;11.52;53.21;2.32;0.00;0.00;2000.00;67.52;
"2019-09-24 17:13:00";17.60;12.90;12.70;0.00;0.00;0.00;0.00;0.00;0.00;0.00;11.60;53.91;2.58;0.00;0.00;2000.00;67.52;
"2019-09-24 17:18:00";17.50;13.00;12.80;0.00;0.00;0.00;0.00;0.00;0.00;0.00;11.76;54.62;2.91;0.00;0.00;2000.00;67.52;
"2019-09-24 17:23:00";17.60;13.00;12.80;0.00;0.00;0.00;0.00;0.00;0.00;0.00;12.00;54.50;3.10;0.00;0.00;2000.00;67.52;
"2019-09-24 17:28:00";17.60;13.00;12.80;0.00;0.00;0.00;0.00;0.00;0.00;0.00;12.21;53.53;3.04;0.00;0.00;2000.00;67.52;
"2019-09-24 17:33:00";17.40;13.10;12.90;0.00;0.00;0.00;0.00;0.00;0.00;0.00;12.13;52.55;2.71;0.00;0.00;2000.00;67.52;
"2019-09-24 17:38:00";17.30;13.10;12.90;0.00;0.00;0.00;0.00;0.00;0.00;0.00;12.13;53.01;2.83;0.00;0.00;2000.00;67.52;
"2019-09-24 17:43:00";17.30;13.10;12.90;0.00;0.00;0.00;0.00;0.00;0.00;0.00;12.07;52.38;2.60;0.00;0.00;2000.00;67.52;
"2019-09-24 17:48:00";17.00;13.20;13.00;0.00;0.00;0.00;0.00;0.00;0.00;0.00;12.11;53.42;2.91;0.00;0.00;2000.00;67.52;
"2019-09-24 17:53:00";16.70;13.20;13.00;0.00;0.00;0.00;0.00;0.00;0.00;0.00;11.99;54.04;2.97;0.00;0.00;2000.00;67.52;
"2019-09-24 17:58:00";16.60;13.20;13.00;0.00;0.00;0.00;0.00;0.00;0.00;0.00;11.98;54.75;3.14;0.00;0.00;2000.00;67.52;
"2019-09-24 18:03:00";16.20;13.20;13.00;0.00;0.00;0.00;0.00;0.00;0.00;0.00;11.95;54.56;3.07;0.00;0.00;2000.00;67.52;
"2019-09-24 18:08:00";16.00;13.20;13.10;0.00;0.00;0.00;0.00;0.00;0.00;0.00;11.78;54.96;3.02;0.00;0.00;2000.00;67.52;
"2019-09-24 18:13:00";15.90;13.30;13.10;0.00;0.00;0.00;0.00;0.00;0.00;0.00;11.56;55.07;2.84;0.00;0.00;2000.00;67.52;
"2019-09-24 18:18:00";15.80;13.30;13.10;0.00;0.00;0.00;0.00;0.00;0.00;0.00;11.53;55.30;2.86;0.00;0.00;2000.00;67.52;
"2019-09-24 18:23:00";15.50;13.30;13.10;0.00;0.00;0.00;0.00;0.00;0.00;0.00;11.46;55.60;2.88;0.00;0.00;2000.00;67.52;
"2019-09-24 18:28:00";15.20;13.30;13.20;0.00;0.00;0.00;0.00;0.00;0.00;0.00;11.32;56.34;2.93;0.00;0.00;2000.00;67.52;
"2019-09-24 18:33:00";14.80;13.30;13.20;0.00;0.00;0.00;0.00;0.00;0.00;0.00;11.02;57.02;2.82;0.00;0.00;2000.00;67.52;
"2019-09-24 18:38:00";14.30;13.30;13.20;0.00;0.00;0.00;0.00;0.00;0.00;0.00;10.74;57.13;2.59;0.00;0.00;2000.00;67.52;
"2019-09-24 18:43:00";14.00;13.40;13.20;0.00;0.00;0.00;0.00;0.00;0.00;0.00;10.44;57.67;2.44;0.00;0.00;2000.00;67.52;
"2019-09-24 18:48:00";13.70;13.40;13.20;0.00;0.00;0.00;0.00;0.00;0.00;0.00;10.16;58.27;2.32;0.00;0.00;2000.00;67.52;
"2019-09-24 18:53:00";13.50;13.40;13.30;0.00;0.00;0.00;0.00;0.00;0.00;0.00;9.93;58.85;2.24;0.00;0.00;2000.00;67.52;
"2019-09-24 18:58:00";13.20;13.40;13.20;0.00;0.00;0.00;0.00;0.00;0.00;0.00;9.71;59.45;2.18;0.00;0.00;2000.00;67.52;
"2019-09-24 19:03:00";12.90;13.40;13.30;0.00;0.00;0.00;0.00;0.00;0.00;0.00;9.56;59.77;2.12;0.00;0.00;2000.00;67.52;
"2019-09-24 19:08:00";12.70;13.40;13.30;0.00;0.00;0.00;0.00;0.00;0.00;0.00;9.42;60.29;2.11;0.00;0.00;2000.00;67.52;
"2019-09-24 19:13:00";12.40;13.40;13.30;0.00;0.00;0.00;0.00;0.00;0.00;0.00;9.31;60.71;2.10;0.00;0.00;2000.00;67.52;
"2019-09-24 19:18:00";12.20;13.40;13.30;0.00;0.00;0.00;0.00;0.00;0.00;0.00;9.18;61.09;2.07;0.00;0.00;2000.00;67.52;
"2019-09-24 19:23:00";12.00;13.30;13.30;0.00;0.00;0.00;0.00;0.00;0.00;0.00;9.04;61.47;2.02;0.00;0.00;2000.00;67.52;
"2019-09-24 19:28:00";11.70;13.40;13.30;0.00;0.00;0.00;0.00;0.00;0.00;0.00;8.89;61.99;1.99;0.00;0.00;2000.00;67.52;
"2019-09-24 19:33:00";11.50;13.30;13.30;0.00;0.00;0.00;0.00;0.00;0.00;0.00;8.67;62.53;1.91;0.00;0.00;2000.00;67.52;
"2019-09-24 19:38:00";11.20;13.30;13.30;0.00;0.00;0.00;0.00;0.00;0.00;0.00;8.49;63.18;1.88;0.00;0.00;2000.00;67.52;
"2019-09-24 19:43:00";11.10;13.30;13.30;0.00;0.00;0.00;0.00;0.00;0.00;0.00;8.32;63.72;1.84;0.00;0.00;2000.00;67.52;
"2019-09-24 19:48:00";10.80;13.30;13.20;0.00;0.00;0.00;0.00;0.00;0.00;0.00;8.10;64.31;1.76;0.00;0.00;2000.00;67.52;
"2019-09-24 19:53:00";10.60;13.30;13.20;0.00;0.00;0.00;0.00;0.00;0.00;0.00;7.89;65.03;1.72;0.00;0.00;2000.00;67.52;
"2019-09-24 19:58:00";10.40;13.30;13.20;0.00;0.00;0.00;0.00;0.00;0.00;0.00;7.68;65.78;1.68;0.00;0.00;2000.00;67.52;
"2019-09-24 20:03:00";10.30;13.20;13.20;0.00;0.00;0.00;0.00;0.00;0.00;0.00;7.47;66.53;1.64;0.00;0.00;2000.00;67.52;
"2019-09-24 20:08:00";10.10;13.30;13.20;0.00;0.00;0.00;0.00;0.00;0.00;0.00;7.22;67.07;1.51;0.00;0.00;2000.00;67.52;
"2019-09-24 20:13:00";9.90;13.20;13.20;0.00;0.00;0.00;0.00;0.00;0.00;0.00;6.81;67.74;1.25;0.00;0.00;2000.00;67.52;
"2019-09-24 20:18:00";9.70;13.20;13.20;0.00;0.00;0.00;0.00;0.00;0.00;0.00;6.59;68.38;1.18;0.00;0.00;2000.00;67.52;
"2019-09-24 20:23:00";9.60;13.10;13.10;0.00;0.00;0.00;0.00;0.00;0.00;0.00;6.42;69.00;1.14;0.00;0.00;2000.00;67.52;
"2019-09-24 20:28:00";9.50;13.20;13.20;0.00;0.00;0.00;0.00;0.00;0.00;0.00;6.27;69.70;1.14;0.00;0.00;2000.00;67.52;
"2019-09-24 20:33:00";9.40;13.10;13.10;0.00;0.00;0.00;0.00;0.00;0.00;0.00;6.12;70.11;1.07;0.00;0.00;2000.00;67.52;
"2019-09-24 20:38:00";9.30;13.00;13.10;0.00;0.00;0.00;0.00;0.00;0.00;0.00;6.09;70.71;1.17;0.00;0.00;2000.00;67.52;
"2019-09-24 20:43:00";9.20;13.00;13.00;0.00;0.00;0.00;0.00;0.00;0.00;0.00;6.11;71.30;1.30;0.00;0.00;2000.00;67.52;
"2019-09-24 20:48:00";9.10;13.00;13.00;0.00;0.00;0.00;0.00;0.00;0.00;0.00;6.12;71.77;1.40;0.00;0.00;2000.00;67.52;
"2019-09-24 20:53:00";9.10;13.00;13.00;0.00;0.00;0.00;0.00;0.00;0.00;0.00;6.15;72.32;1.53;0.00;0.00;2000.00;67.52;
"2019-09-24 20:58:00";9.10;12.90;13.00;0.00;0.00;0.00;0.00;0.00;0.00;0.00;6.16;72.88;1.65;0.00;0.00;2000.00;67.52;
"2019-09-24 21:03:00";9.10;12.90;13.00;0.00;0.00;0.00;0.00;0.00;0.00;0.00;6.08;73.44;1.68;0.00;0.00;2000.00;67.52;
"2019-09-24 21:08:00";9.10;12.90;12.90;0.00;0.00;0.00;0.00;0.00;0.00;0.00;6.10;74.10;1.83;0.00;0.00;2000.00;67.52;
"2019-09-24 21:13:00";9.20;12.80;12.90;0.00;0.00;0.00;0.00;0.00;0.00;0.00;6.12;74.58;1.94;0.00;0.00;2000.00;67.52;
"2019-09-24 21:18:00";9.20;12.80;12.90;0.00;0.00;0.00;0.00;0.00;0.00;0.00;6.09;75.05;2.00;0.00;0.00;2000.00;67.52;
"2019-09-24 21:23:00";9.10;12.80;12.90;0.00;0.00;0.00;0.00;0.00;0.00;0.00;6.03;75.51;2.02;0.00;0.00;2000.00;67.52;
"2019-09-24 21:28:00";9.10;12.70;12.80;0.00;0.00;0.00;0.00;0.00;0.00;0.00;5.97;76.00;2.06;0.00;0.00;2000.00;67.52;
"2019-09-24 21:33:00";9.00;12.70;12.80;0.00;0.00;0.00;0.00;0.00;0.00;0.00;5.97;76.41;2.14;0.00;0.00;2000.00;67.52;
"2019-09-24 21:38:00";9.00;12.70;12.80;0.00;0.00;0.00;0.00;0.00;0.00;0.00;5.97;76.96;2.23;0.00;0.00;2000.00;67.52;
"2019-09-24 21:43:00";8.90;12.70;12.80;0.00;0.00;0.00;0.00;0.00;0.00;0.00;6.03;77.44;2.38;0.00;0.00;2000.00;67.52;
"2019-09-24 21:48:00";8.80;12.60;12.70;0.00;0.00;0.00;0.00;0.00;0.00;0.00;6.04;77.77;2.45;0.00;0.00;2000.00;67.52;
"2019-09-24 21:53:00";8.70;12.60;12.70;0.00;0.00;0.00;0.00;0.00;0.00;0.00;6.03;78.19;2.51;0.00;0.00;2000.00;67.52;
"2019-09-24 21:58:00";8.60;12.50;12.70;0.00;0.00;0.00;0.00;0.00;0.00;0.00;6.00;78.55;2.55;0.00;0.00;2000.00;67.52;
"2019-09-24 22:03:00";8.50;12.50;12.60;0.00;0.00;0.00;0.00;0.00;0.00;0.00;5.92;78.96;2.55;0.00;0.00;2000.00;67.52;
"2019-09-24 22:08:00";8.40;12.50;12.60;0.00;0.00;0.00;0.00;0.00;0.00;0.00;5.85;79.26;2.54;0.00;0.00;2000.00;67.52;
"2019-09-24 22:13:00";8.30;12.40;12.60;0.00;0.00;0.00;0.00;0.00;0.00;0.00;5.72;79.53;2.46;0.00;0.00;2000.00;67.52;
"2019-09-24 22:18:00";8.20;12.40;12.60;0.00;0.00;0.00;0.00;0.00;0.00;0.00;5.60;79.89;2.40;0.00;0.00;2000.00;67.52;
"2019-09-24 22:23:00";8.20;12.40;12.50;0.00;0.00;0.00;0.00;0.00;0.00;0.00;5.45;80.19;2.30;0.00;0.00;2000.00;67.52;
"2019-09-24 22:28:00";8.20;12.40;12.50;0.00;0.00;0.00;0.00;0.00;0.00;0.00;5.34;80.60;2.27;0.00;0.00;2000.00;67.52;
"2019-09-24 22:33:00";8.20;12.30;12.50;0.00;0.00;0.00;0.00;0.00;0.00;0.00;5.28;80.95;2.28;0.00;0.00;2000.00;67.52;
"2019-09-24 22:38:00";8.20;12.30;12.50;0.00;0.00;0.00;0.00;0.00;0.00;0.00;5.26;81.26;2.31;0.00;0.00;2000.00;67.52;
"2019-09-24 22:43:00";8.20;12.20;12.40;0.00;0.00;0.00;0.00;0.00;0.00;0.00;5.25;81.66;2.37;0.00;0.00;2000.00;67.52;
"2019-09-24 22:48:00";8.10;12.20;12.40;0.00;0.00;0.00;0.00;0.00;0.00;0.00;5.23;81.86;2.38;0.00;0.00;2000.00;67.52;
"2019-09-24 22:53:00";8.10;12.20;12.40;0.00;0.00;0.00;0.00;0.00;0.00;0.00;5.29;82.31;2.52;0.00;0.00;2000.00;67.52;
"2019-09-24 22:58:00";8.00;12.20;12.30;0.00;0.00;0.00;0.00;0.00;0.00;0.00;5.31;82.52;2.57;0.00;0.00;2000.00;67.52;
"2019-09-24 23:03:00";8.00;12.20;12.30;0.00;0.00;0.00;0.00;0.00;0.00;0.00;5.32;82.91;2.65;0.00;0.00;2000.00;67.52;
"2019-09-24 23:08:00";7.90;12.20;12.30;0.00;0.00;0.00;0.00;0.00;0.00;0.00;5.33;83.18;2.71;0.00;0.00;2000.00;67.52;
"2019-09-24 23:13:00";7.90;12.20;12.30;0.00;0.00;0.00;0.00;0.00;0.00;0.00;5.31;83.37;2.72;0.00;0.00;2000.00;67.52;
"2019-09-24 23:18:00";7.80;12.10;12.20;0.00;0.00;0.00;0.00;0.00;0.00;0.00;5.26;83.69;2.72;0.00;0.00;2000.00;67.52;
"2019-09-24 23:23:00";7.80;12.10;12.20;0.00;0.00;0.00;0.00;0.00;0.00;0.00;5.23;83.87;2.73;0.00;0.00;2000.00;67.52;
"2019-09-24 23:28:00";7.80;12.10;12.20;0.00;0.00;0.00;0.00;0.00;0.00;0.00;5.17;84.14;2.71;0.00;0.00;2000.00;67.52;
"2019-09-24 23:33:00";7.70;12.10;12.20;0.00;0.00;0.00;0.00;0.00;0.00;0.00;5.09;84.33;2.66;0.00;0.00;2000.00;67.52;
"2019-09-24 23:38:00";7.60;12.10;12.20;0.00;0.00;0.00;0.00;0.00;0.00;0.00;5.02;84.61;2.64;0.00;0.00;2000.00;67.52;
"2019-09-24 23:43:00";7.50;12.00;12.20;0.00;0.00;0.00;0.00;0.00;0.00;0.00;4.98;84.82;2.64;0.00;0.00;2000.00;67.52;
"2019-09-24 23:48:00";7.50;12.00;12.20;0.00;0.00;0.00;0.00;0.00;0.00;0.00;4.95;85.02;2.65;0.00;0.00;2000.00;67.52;
"2019-09-24 23:53:00";7.50;11.90;12.10;0.00;0.00;0.00;0.00;0.00;0.00;0.00;4.90;85.25;2.63;0.00;0.00;2000.00;67.52;
"2019-09-24 23:58:00";7.50;11.90;12.10;0.00;0.00;0.00;0.00;0.00;0.00;0.00;4.88;85.42;2.64;0.00;0.00;2000.00;67.52;
"2019-09-25 00:03:00";7.50;11.90;12.10;0.00;0.00;0.00;0.00;0.00;0.00;0.00;4.84;85.52;2.61;0.00;0.00;2000.00;67.52;
"2019-09-25 00:08:00";7.50;11.90;12.10;0.00;0.00;0.00;0.00;0.00;0.00;0.00;4.79;85.71;2.60;0.00;0.00;2000.00;67.52;
"2019-09-25 00:13:00";7.60;11.80;12.10;0.00;0.00;0.00;0.00;0.00;0.00;0.00;4.77;85.86;2.60;0.00;0.00;2000.00;67.52;
"2019-09-25 00:18:00";7.60;11.80;12.00;0.00;0.00;0.00;0.00;0.00;0.00;0.00;4.81;86.05;2.67;0.00;0.00;2000.00;67.52;
"2019-09-25 00:23:00";7.60;11.80;12.00;0.00;0.00;0.00;0.00;0.00;0.00;0.00;4.82;86.16;2.70;0.00;0.00;2000.00;67.52;
"2019-09-25 00:28:00";7.70;11.80;12.00;0.00;0.00;0.00;0.00;0.00;0.00;0.00;4.84;86.27;2.73;0.00;0.00;2000.00;67.52;
"2019-09-25 00:33:00";7.80;11.70;11.90;0.00;0.00;0.00;0.00;0.00;0.00;0.00;4.84;86.39;2.75;0.00;0.00;2000.00;67.52;
"2019-09-25 00:38:00";7.80;11.70;11.90;0.00;0.00;0.00;0.00;0.00;0.00;0.00;4.86;86.46;2.79;0.00;0.00;2000.00;67.52;
"2019-09-25 00:43:00";7.90;11.70;11.90;0.00;0.00;0.00;0.00;0.00;0.00;0.00;4.91;86.49;2.84;0.00;0.00;2000.00;67.52;
"2019-09-25 00:48:00";7.90;11.70;11.90;0.00;0.00;0.00;0.00;0.00;0.00;0.00;4.92;86.53;2.86;0.00;0.00;2000.00;67.52;
"2019-09-25 00:53:00";8.00;11.60;11.80;0.00;0.00;0.00;0.00;0.00;0.00;0.00;4.97;86.72;2.94;0.00;0.00;2000.00;67.52;
"2019-09-25 00:58:00";8.10;11.60;11.80;0.00;0.00;0.00;0.00;0.00;0.00;0.00;5.14;86.73;3.10;0.00;0.00;2000.00;67.52;
"2019-09-25 01:03:00";8.10;11.50;11.80;0.00;0.00;0.00;0.00;0.00;0.00;0.00;5.21;86.66;3.16;0.00;0.00;2000.00;67.52;
"2019-09-25 01:08:00";8.20;11.50;11.80;0.00;0.00;0.00;0.00;0.00;0.00;0.00;5.19;86.66;3.15;0.00;0.00;2000.00;67.52;
"2019-09-25 01:13:00";8.20;11.50;11.70;0.00;0.00;0.00;0.00;0.00;0.00;0.00;5.22;86.67;3.17;0.00;0.00;2000.00;67.52;
"2019-09-25 01:18:00";8.20;11.50;11.70;0.00;0.00;0.00;0.00;0.00;0.00;0.00;5.20;86.63;3.15;0.00;0.00;2000.00;67.52;
"2019-09-25 01:23:00";8.20;11.40;11.70;0.00;0.00;0.00;0.00;0.00;0.00;0.00;5.19;86.61;3.13;0.00;0.00;2000.00;67.52;
"2019-09-25 01:28:00";8.20;11.40;11.70;0.00;0.00;0.00;0.00;0.00;0.00;0.00;5.21;86.57;3.15;0.00;0.00;2000.00;67.52;
"2019-09-25 01:33:00";8.20;11.40;11.70;0.00;0.00;0.00;0.00;0.00;0.00;0.00;5.24;86.56;3.18;0.00;0.00;2000.00;67.52;
"2019-09-25 01:38:00";8.20;11.40;11.70;0.00;0.00;0.00;0.00;0.00;0.00;0.00;5.26;86.53;3.20;0.00;0.00;2000.00;67.52;
"2019-09-25 01:43:00";8.20;11.30;11.60;0.00;0.00;0.00;0.00;0.00;0.00;0.00;5.28;86.51;3.21;0.00;0.00;2000.00;67.52;
"2019-09-25 01:48:00";8.20;11.40;11.60;0.00;0.00;0.00;0.00;0.00;0.00;0.00;5.32;86.43;3.24;0.00;0.00;2000.00;67.52;
"2019-09-25 01:53:00";8.20;11.30;11.60;0.00;0.00;0.00;0.00;0.00;0.00;0.00;5.32;86.34;3.23;0.00;0.00;2000.00;67.52;
"2019-09-25 01:58:00";8.20;11.30;11.60;0.00;0.00;0.00;0.00;0.00;0.00;0.00;5.35;86.38;3.26;0.00;0.00;2000.00;67.52;
"2019-09-25 02:03:00";8.20;11.30;11.60;0.00;0.00;0.00;0.00;0.00;0.00;0.00;5.34;86.20;3.22;0.00;0.00;2000.00;67.52;
"2019-09-25 02:08:00";8.20;11.30;11.50;0.00;0.00;0.00;0.00;0.00;0.00;0.00;5.36;86.25;3.25;0.00;0.00;2000.00;67.52;
"2019-09-25 02:13:00";8.20;11.20;11.50;0.00;0.00;0.00;0.00;0.00;0.00;0.00;5.37;86.08;3.22;0.00;0.00;2000.00;67.52;
"2019-09-25 02:18:00";8.20;11.20;11.50;0.00;0.00;0.00;0.00;0.00;0.00;0.00;5.36;86.06;3.21;0.00;0.00;2000.00;67.52;
"2019-09-25 02:23:00";8.20;11.20;11.50;0.00;0.00;0.00;0.00;0.00;0.00;0.00;5.34;85.96;3.18;0.00;0.00;2000.00;67.52;
"2019-09-25 02:28:00";8.30;11.20;11.50;0.00;0.00;0.00;0.00;0.00;0.00;0.00;5.34;85.86;3.16;0.00;0.00;2000.00;67.52;
"2019-09-25 02:33:00";8.30;11.20;11.50;0.00;0.00;0.00;0.00;0.00;0.00;0.00;5.33;85.86;3.15;0.00;0.00;2000.00;67.52;
"2019-09-25 02:38:00";8.30;11.20;11.40;0.00;0.00;0.00;0.00;0.00;0.00;0.00;5.32;85.77;3.13;0.00;0.00;2000.00;67.52;
"2019-09-25 02:43:00";8.30;11.20;11.40;0.00;0.00;0.00;0.00;0.00;0.00;0.00;5.34;85.74;3.15;0.00;0.00;2000.00;67.52;
"2019-09-25 02:48:00";8.30;11.20;11.40;0.00;0.00;0.00;0.00;0.00;0.00;0.00;5.40;85.69;3.19;0.00;0.00;2000.00;67.52;
"2019-09-25 02:53:00";8.30;11.20;11.40;0.00;0.00;0.00;0.00;0.00;0.00;0.00;5.40;85.67;3.19;0.00;0.00;2000.00;67.52;
"2019-09-25 02:58:00";8.30;11.20;11.40;0.00;0.00;0.00;0.00;0.00;0.00;0.00;5.38;85.55;3.15;0.00;0.00;2000.00;67.52;
"2019-09-25 03:03:00";8.30;11.20;11.40;0.00;0.00;0.00;0.00;0.00;0.00;0.00;5.39;85.52;3.16;0.00;0.00;2000.00;67.52;
"2019-09-25 03:08:00";8.30;11.20;11.30;0.00;0.00;0.00;0.00;0.00;0.00;0.00;5.39;85.51;3.15;0.00;0.00;2000.00;67.52;
"2019-09-25 03:13:00";8.30;11.20;11.40;0.00;0.00;0.00;0.00;0.00;0.00;0.00;5.40;85.51;3.16;0.00;0.00;2000.00;67.52;
"2019-09-25 03:18:00";8.30;11.10;11.30;0.00;0.00;0.00;0.00;0.00;0.00;0.00;5.39;85.46;3.15;0.00;0.00;2000.00;67.52;
"2019-09-25 03:23:00";8.30;11.10;11.30;0.00;0.00;0.00;0.00;0.00;0.00;0.00;5.41;85.44;3.17;0.00;0.00;2000.00;67.52;
"2019-09-25 03:28:00";8.30;11.10;11.30;0.00;0.00;0.00;0.00;0.00;0.00;0.00;5.38;85.35;3.12;0.00;0.00;2000.00;67.52;
"2019-09-25 03:33:00";8.30;11.10;11.30;0.00;0.00;0.00;0.00;0.00;0.00;0.00;5.36;85.42;3.11;0.00;0.00;2000.00;67.52;
"2019-09-25 03:38:00";8.30;11.10;11.30;0.00;0.00;0.00;0.00;0.00;0.00;0.00;5.37;85.43;3.12;0.00;0.00;2000.00;67.52;
"2019-09-25 03:43:00";8.30;11.10;11.30;0.00;0.00;0.00;0.00;0.00;0.00;0.00;5.38;85.45;3.14;0.00;0.00;2000.00;67.52;
"2019-09-25 03:48:00";8.40;11.10;11.30;0.00;0.00;0.00;0.00;0.00;0.00;0.00;5.36;85.40;3.10;0.00;0.00;2000.00;67.52;
"2019-09-25 03:53:00";8.40;11.00;11.20;0.00;0.00;0.00;0.00;0.00;0.00;0.00;5.39;85.43;3.14;0.00;0.00;2000.00;67.52;
"2019-09-25 03:58:00";8.40;11.00;11.20;0.00;0.00;0.00;0.00;0.00;0.00;0.00;5.39;85.44;3.15;0.00;0.00;2000.00;67.52;
"2019-09-25 04:03:00";8.40;11.00;11.20;0.00;0.00;0.00;0.00;0.00;0.00;0.00;5.41;85.49;3.17;0.00;0.00;2000.00;67.52;
"2019-09-25 04:08:00";8.40;11.00;11.20;0.00;0.00;0.00;0.00;0.00;0.00;0.00;5.43;85.52;3.20;0.00;0.00;2000.00;67.52;
"2019-09-25 04:13:00";8.40;11.00;11.20;0.00;0.00;0.00;0.00;0.00;0.00;0.00;5.40;85.48;3.16;0.00;0.00;2000.00;67.52;
"2019-09-25 04:18:00";8.40;11.00;11.20;0.00;0.00;0.00;0.00;0.00;0.00;0.00;5.42;85.46;3.18;0.00;0.00;2000.00;67.52;
"2019-09-25 04:23:00";8.40;11.00;11.20;0.00;0.00;0.00;0.00;0.00;0.00;0.00;5.40;85.51;3.17;0.00;0.00;2000.00;67.52;
"2019-09-25 04:28:00";8.40;10.90;11.20;0.00;0.00;0.00;0.00;0.00;0.00;0.00;5.41;85.54;3.18;0.00;0.00;2000.00;67.52;
"2019-09-25 04:33:00";8.40;11.00;11.20;0.00;0.00;0.00;0.00;0.00;0.00;0.00;5.40;85.49;3.16;0.00;0.00;2000.00;67.52;
"2019-09-25 04:38:00";8.40;11.00;11.20;0.00;0.00;0.00;0.00;0.00;0.00;0.00;5.42;85.53;3.18;0.00;0.00;2000.00;67.52;
"2019-09-25 04:43:00";8.40;10.90;11.20;0.00;0.00;0.00;0.00;0.00;0.00;0.00;5.42;85.52;3.18;0.00;0.00;2000.00;67.52;
"2019-09-25 04:48:00";8.40;10.90;11.20;0.00;0.00;0.00;0.00;0.00;0.00;0.00;5.41;85.53;3.17;0.00;0.00;2000.00;67.52;
"2019-09-25 04:53:00";8.30;10.90;11.20;0.00;0.00;0.00;0.00;0.00;0.00;0.00;5.40;85.52;3.16;0.00;0.00;2000.00;67.52;
"2019-09-25 04:58:00";8.30;10.90;11.20;0.00;0.00;0.00;0.00;0.00;0.00;0.00;5.39;85.43;3.14;0.00;0.00;2000.00;67.52;
"2019-09-25 05:03:00";8.30;10.90;11.20;0.00;0.00;0.00;0.00;0.00;0.00;0.00;5.39;85.45;3.14;0.00;0.00;2000.00;67.52;
"2019-09-25 05:08:00";8.30;10.90;11.20;0.00;0.00;0.00;0.00;0.00;0.00;0.00;5.41;85.52;3.18;0.00;0.00;2000.00;67.52;
"2019-09-25 05:13:00";8.30;10.90;11.20;0.00;0.00;0.00;0.00;0.00;0.00;0.00;5.42;85.38;3.16;0.00;0.00;2000.00;67.52;
"2019-09-25 05:18:00";8.30;10.90;11.20;0.00;0.00;0.00;0.00;0.00;0.00;0.00;5.39;85.24;3.11;0.00;0.00;2000.00;67.52;
"2019-09-25 05:23:00";8.30;10.90;11.10;0.00;0.00;0.00;0.00;0.00;0.00;0.00;5.41;85.24;3.13;0.00;0.00;2000.00;67.52;
"2019-09-25 05:28:00";8.20;10.90;11.10;0.00;0.00;0.00;0.00;0.00;0.00;0.00;5.39;85.21;3.11;0.00;0.00;2000.00;67.52;
"2019-09-25 05:33:00";8.20;10.90;11.10;0.00;0.00;0.00;0.00;0.00;0.00;0.00;5.40;85.14;3.10;0.00;0.00;2000.00;67.52;
"2019-09-25 05:38:00";8.20;10.90;11.10;0.00;0.00;0.00;0.00;0.00;0.00;0.00;5.38;85.05;3.07;0.00;0.00;2000.00;67.52;
"2019-09-25 05:43:00";8.20;10.80;11.10;0.00;0.00;0.00;0.00;0.00;0.00;0.00;5.35;84.91;3.01;0.00;0.00;2000.00;67.52;
"2019-09-25 05:48:00";8.20;10.80;11.10;0.00;0.00;0.00;0.00;0.00;0.00;0.00;5.36;84.96;3.03;0.00;0.00;2000.00;67.52;
"2019-09-25 05:53:00";8.20;10.80;11.10;0.00;0.00;0.00;0.00;0.00;0.00;0.00;5.35;84.91;3.01;0.00;0.00;2000.00;67.52;
"2019-09-25 05:58:00";8.20;10.80;11.10;0.00;0.00;0.00;0.00;0.00;0.00;0.00;5.33;84.86;2.98;0.00;0.00;2000.00;67.52;
"2019-09-25 06:03:00";8.20;10.80;11.00;0.00;0.00;0.00;0.00;0.00;0.00;0.00;5.33;84.84;2.98;0.00;0.00;2000.00;67.52;
"2019-09-25 06:08:00";8.20;10.80;11.00;0.00;0.00;0.00;0.00;0.00;0.00;0.00;5.29;84.83;2.94;0.00;0.00;2000.00;67.52;
"2019-09-25 06:13:00";8.20;10.80;11.00;0.00;0.00;0.00;0.00;0.00;0.00;0.00;5.28;84.78;2.93;0.00;0.00;2000.00;67.52;
"2019-09-25 06:18:00";8.20;10.70;11.00;0.00;0.00;0.00;0.00;0.00;0.00;0.00;5.28;84.84;2.93;0.00;0.00;2000.00;67.52;
"2019-09-25 06:23:00";8.20;10.70;11.00;0.00;0.00;0.00;0.00;0.00;0.00;0.00;5.28;84.78;2.92;0.00;0.00;2000.00;67.52;
"2019-09-25 06:28:00";8.20;10.80;11.00;0.00;0.00;0.00;0.00;0.00;0.00;0.00;5.29;84.83;2.94;0.00;0.00;2000.00;67.52;
"2019-09-25 06:33:00";8.20;10.70;11.00;0.00;0.00;0.00;0.00;0.00;0.00;0.00;5.27;84.82;2.92;0.00;0.00;2000.00;67.52;
"2019-09-25 06:38:00";8.20;10.70;11.00;0.00;0.00;0.00;0.00;0.00;0.00;0.00;5.26;84.74;2.90;0.00;0.00;2000.00;67.52;
"2019-09-25 06:43:00";8.20;10.70;11.00;0.00;0.00;0.00;0.00;0.00;0.00;0.00;5.28;84.81;2.93;0.00;0.00;2000.00;67.52;
"2019-09-25 06:48:00";8.20;10.70;11.00;0.00;0.00;0.00;0.00;0.00;0.00;0.00;5.31;84.78;2.95;0.00;0.00;2000.00;67.52;
"2019-09-25 06:53:00";8.20;10.70;11.00;0.00;0.00;0.00;0.00;0.00;0.00;0.00;5.32;84.72;2.96;0.00;0.00;2000.00;67.52;
"2019-09-25 06:58:00";8.10;10.60;10.90;0.00;0.00;0.00;0.00;0.00;0.00;0.00;5.36;84.67;2.98;0.00;0.00;2000.00;67.52;
"2019-09-25 07:03:00";8.10;10.70;10.90;0.00;0.00;0.00;0.00;0.00;0.00;0.00;5.36;84.55;2.97;0.00;0.00;2000.00;67.52;
"2019-09-25 07:08:00";8.10;10.70;10.90;0.00;0.00;0.00;0.00;0.00;0.00;0.00;5.36;84.40;2.94;0.00;0.00;2000.00;67.52;
"2019-09-25 07:13:00";8.10;10.70;10.90;0.00;0.00;0.00;0.00;0.00;0.00;0.00;5.35;84.39;2.93;0.00;0.00;2000.00;67.52;
"2019-09-25 07:18:00";8.10;10.70;10.90;0.00;0.00;0.00;0.00;0.00;0.00;0.00;5.40;84.29;2.96;0.00;0.00;2000.00;67.52;
"2019-09-25 07:23:00";8.10;10.70;10.90;0.00;0.00;0.00;0.00;0.00;0.00;0.00;5.38;84.15;2.92;0.00;0.00;2000.00;67.52;
"2019-09-25 07:28:00";8.10;10.60;10.90;0.00;0.00;0.00;0.00;0.00;0.00;0.00;5.41;83.96;2.91;0.00;0.00;2000.00;67.52;
"2019-09-25 07:33:00";8.20;10.60;10.90;0.00;0.00;0.00;0.00;0.00;0.00;0.00;5.41;84.06;2.93;0.00;0.00;2000.00;67.52;
"2019-09-25 07:38:00";8.20;10.60;10.90;0.00;0.00;0.00;0.00;0.00;0.00;0.00;5.45;83.96;2.95;0.00;0.00;2000.00;67.52;
"2019-09-25 07:43:00";8.20;10.60;10.90;0.00;0.00;0.00;0.00;0.00;0.00;0.00;5.45;83.80;2.92;0.00;0.00;2000.00;67.52;
"2019-09-25 07:48:00";8.20;10.60;10.90;0.00;0.00;0.00;0.00;0.00;0.00;0.00;5.45;83.81;2.93;0.00;0.00;2000.00;67.52;
"2019-09-25 07:53:00";8.20;10.60;10.80;0.00;0.00;0.00;0.00;0.00;0.00;0.00;5.44;83.61;2.89;0.00;0.00;2000.00;67.52;
"2019-09-25 07:58:00";8.20;10.60;10.80;0.00;0.00;0.00;0.00;0.00;0.00;0.00;5.41;83.60;2.85;0.00;0.00;2000.00;67.52;
"2019-09-25 08:03:00";8.20;10.50;10.80;0.00;0.00;0.00;0.00;0.00;0.00;0.00;5.38;83.61;2.83;0.00;0.00;2000.00;67.52;
"2019-09-25 08:08:00";8.30;10.60;10.80;0.00;0.00;0.00;0.00;0.00;0.00;0.00;5.39;83.58;2.83;0.00;0.00;2000.00;67.52;
"2019-09-25 08:13:00";8.30;10.50;10.80;0.00;0.00;0.00;0.00;0.00;0.00;0.00;5.40;83.61;2.85;0.00;0.00;2000.00;67.52;
"2019-09-25 08:18:00";8.30;10.50;10.80;0.00;0.00;0.00;0.00;0.00;0.00;0.00;5.40;83.59;2.84;0.00;0.00;2000.00;67.52;
"2019-09-25 08:23:00";8.30;10.50;10.80;0.00;0.00;0.00;0.00;0.00;0.00;0.00;5.40;83.63;2.84;0.00;0.00;2000.00;67.52;
"2019-09-25 08:28:00";8.40;10.50;10.80;0.00;0.00;0.00;0.00;0.00;0.00;0.00;5.40;83.60;2.84;0.00;0.00;2000.00;67.52;
"2019-09-25 08:33:00";8.40;10.50;10.80;0.00;0.00;0.00;0.00;0.00;0.00;0.00;5.40;83.61;2.84;0.00;0.00;2000.00;67.52;
"2019-09-25 08:38:00";8.40;10.50;10.80;0.00;0.00;0.00;0.00;0.00;0.00;0.00;5.42;83.64;2.87;0.00;0.00;2000.00;67.52;
"2019-09-25 08:43:00";8.40;10.50;10.80;0.00;0.00;0.00;0.00;0.00;0.00;0.00;5.42;83.64;2.87;0.00;0.00;2000.00;67.52;
"2019-09-25 08:48:00";8.40;10.50;10.70;0.00;0.00;0.00;0.00;0.00;0.00;0.00;5.42;83.78;2.89;0.00;0.00;2000.00;67.52;
"2019-09-25 08:53:00";8.50;10.50;10.80;0.00;0.00;0.00;0.00;0.00;0.00;0.00;5.49;83.76;2.95;0.00;0.00;2000.00;67.52;
"2019-09-25 08:58:00";8.50;10.50;10.70;0.00;0.00;0.00;0.00;0.00;0.00;0.00;5.51;83.74;2.97;0.00;0.00;2000.00;67.52;
"2019-09-25 09:03:00";8.60;10.50;10.70;0.00;0.00;0.00;0.00;0.00;0.00;0.00;5.54;83.80;3.02;0.00;0.00;2000.00;67.52;
"2019-09-25 09:08:00";8.60;10.40;10.70;0.00;0.00;0.00;0.00;0.00;0.00;1.29;5.56;83.79;3.03;0.00;0.00;2000.00;67.52;
"2019-09-25 09:13:00";8.60;10.40;10.70;0.00;0.00;0.00;0.00;0.00;0.00;0.00;5.59;83.85;3.08;0.00;0.00;2000.00;67.52;
"2019-09-25 09:18:00";8.60;10.50;10.70;0.00;0.00;0.00;0.00;0.00;0.00;0.00;5.64;83.95;3.14;0.00;0.00;2000.00;67.52;
"2019-09-25 09:23:00";8.70;10.50;10.70;0.00;0.00;0.00;0.00;0.00;0.00;0.00;5.62;83.96;3.11;0.00;0.00;2000.00;67.52;
"2019-09-25 09:28:00";8.80;10.40;10.70;0.00;0.00;0.00;0.00;0.00;0.00;0.00;5.66;84.12;3.19;0.00;0.00;2000.00;67.52;
"2019-09-25 09:33:00";8.90;10.40;10.70;0.00;0.00;0.00;0.00;0.00;0.00;0.00;5.68;84.08;3.20;0.00;0.00;2000.00;67.52;
"2019-09-25 09:38:00";9.00;10.40;10.70;0.00;0.00;0.00;0.00;0.00;0.00;0.00;5.74;84.13;3.26;0.00;0.00;2000.00;67.52;
"2019-09-25 09:43:00";9.10;10.40;10.70;0.00;0.00;0.00;0.00;0.00;0.00;0.00;5.81;84.25;3.36;0.00;0.00;2000.00;67.52;
"2019-09-25 09:48:00";9.20;10.40;10.70;0.00;0.00;0.00;0.00;0.00;0.00;0.00;5.86;84.27;3.40;0.00;0.00;2000.00;67.52;
"2019-09-25 09:53:00";9.30;10.40;10.60;0.00;0.00;0.00;0.00;0.00;0.00;0.00;5.88;84.22;3.42;0.00;0.00;2000.00;67.52;
"2019-09-25 09:58:00";9.40;10.40;10.70;0.00;0.00;0.00;0.00;0.00;0.00;0.00;5.96;84.20;3.50;0.00;0.00;2000.00;67.52;
"2019-09-25 10:03:00";9.50;10.40;10.70;0.00;0.00;0.00;0.00;0.00;0.00;0.00;6.02;84.19;3.55;0.00;0.00;2000.00;67.52;
"2019-09-25 10:08:00";9.70;10.40;10.70;0.00;0.00;0.00;0.00;0.00;0.00;0.00;6.11;84.24;3.65;0.00;0.00;2000.00;67.52;
"2019-09-25 10:13:00";9.80;10.40;10.60;0.00;0.00;0.00;0.00;0.00;0.00;0.00;6.23;84.18;3.75;0.00;0.00;2000.00;67.52;
"2019-09-25 10:18:00";10.00;10.40;10.70;0.00;0.00;0.00;0.00;0.00;0.00;0.00;6.31;83.69;3.75;0.00;0.00;2000.00;67.52;
"2019-09-25 10:23:00";10.30;10.40;10.60;0.00;0.00;0.00;0.00;0.00;0.00;0.00;6.40;83.93;3.88;0.00;0.00;2000.00;67.52;
"2019-09-25 10:28:00";10.60;10.40;10.60;0.00;0.00;0.00;0.00;0.00;0.00;0.00;6.59;83.76;4.03;0.00;0.00;2000.00;67.52;
"2019-09-25 10:33:00";10.90;10.40;10.60;0.00;0.00;0.00;0.00;0.00;0.00;0.00;6.86;83.60;4.27;0.00;0.00;2000.00;67.52;
"2019-09-25 10:38:00";11.20;10.40;10.60;0.00;0.00;0.00;0.00;0.00;0.00;0.00;7.04;83.70;4.46;0.00;0.00;2000.00;67.52;
"2019-09-25 10:43:00";11.40;10.40;10.60;0.00;0.00;0.00;0.00;0.00;0.00;1.28;7.02;82.65;4.27;0.00;0.00;2000.00;67.52;
"2019-09-25 10:48:00";11.60;10.40;10.60;0.00;0.00;0.00;0.00;0.00;0.00;0.00;7.16;83.10;4.48;0.00;0.00;2000.00;67.52;
"2019-09-25 10:53:00";11.80;10.40;10.60;0.00;0.00;0.00;0.00;0.00;0.00;0.00;7.30;82.59;4.54;0.00;0.00;2000.00;67.52;
"2019-09-25 10:58:00";12.00;10.40;10.60;0.00;0.00;0.00;0.00;0.00;0.00;0.75;7.31;81.89;4.42;0.00;0.00;2000.00;67.52;
"2019-09-25 11:03:00";12.20;10.40;10.70;0.00;0.00;0.00;0.00;0.00;0.00;0.00;7.43;82.04;4.57;0.00;0.00;2000.00;67.52;
"2019-09-25 11:08:00";12.30;10.40;10.70;0.00;0.00;0.00;0.00;0.00;0.00;0.00;7.48;81.78;4.56;0.00;0.00;2000.00;67.52;
"2019-09-25 11:13:00";12.60;10.40;10.70;0.00;0.00;0.00;0.00;0.00;0.00;0.00;7.52;81.28;4.52;0.00;0.00;2000.00;67.52;
"2019-09-25 11:18:00";12.70;10.50;10.70;0.00;0.00;0.00;0.00;0.00;0.00;0.00;7.77;81.01;4.72;0.00;0.00;2000.00;67.52;
"2019-09-25 11:23:00";12.70;10.50;10.70;0.00;0.00;0.00;0.00;0.00;0.00;0.00;7.90;80.62;4.77;0.00;0.00;2000.00;67.52;
"2019-09-25 11:28:00";12.90;10.50;10.70;0.00;0.00;0.00;0.00;0.00;0.00;0.00;8.02;80.15;4.80;0.00;0.00;2000.00;67.52;
"2019-09-25 11:33:00";13.10;10.50;10.70;0.00;0.00;0.00;0.00;0.00;0.00;0.00;8.04;79.87;4.78;0.00;0.00;2000.00;67.52;
"2019-09-25 11:38:00";13.20;10.50;10.70;0.00;0.00;0.00;0.00;0.00;0.00;0.00;8.22;79.53;4.88;0.00;0.00;2000.00;67.52;
"2019-09-25 11:43:00";13.60;10.50;10.70;0.00;0.00;0.00;0.00;0.00;0.00;0.00;8.29;79.13;4.88;0.00;0.00;2000.00;67.52;
"2019-09-25 11:48:00";13.70;10.50;10.70;0.00;0.00;0.00;0.00;0.00;0.00;0.00;8.46;78.78;4.99;0.00;0.00;2000.00;67.52;
"2019-09-25 11:53:00";14.10;10.60;10.80;0.00;0.00;0.00;0.00;0.00;0.00;0.00;8.52;78.58;5.00;0.00;0.00;2000.00;67.52;
"2019-09-25 11:58:00";14.60;10.60;10.80;0.00;0.00;0.00;0.00;0.00;0.00;0.00;8.77;77.95;5.13;0.00;0.00;2000.00;67.52;
"2019-09-25 12:03:00";14.90;10.60;10.80;0.00;0.00;0.00;0.00;0.00;0.00;0.00;9.09;77.62;5.38;0.00;0.00;2000.00;67.52;
"2019-09-25 12:08:00";15.40;10.60;10.80;0.00;0.00;0.00;0.00;0.00;0.00;1.73;9.08;76.61;5.19;0.00;0.00;2000.00;67.52;
"2019-09-25 12:13:00";15.70;10.70;10.80;0.00;0.00;0.00;0.00;0.00;0.00;0.00;9.24;76.11;5.25;0.00;0.00;2000.00;67.52;
"2019-09-25 12:18:00";16.00;10.70;10.90;0.00;0.00;0.00;0.00;0.00;0.00;0.00;9.44;75.53;5.33;0.00;0.00;2000.00;67.52;
"2019-09-25 12:23:00";16.00;10.70;10.90;0.00;0.00;0.00;0.00;0.00;0.00;0.00;9.49;75.11;5.30;0.00;0.00;2000.00;67.52;
"2019-09-25 12:28:00";16.20;10.80;10.90;0.00;0.00;0.00;0.00;0.00;0.00;0.00;9.51;74.42;5.18;0.00;0.00;2000.00;67.52;
"2019-09-25 12:33:00";16.40;10.80;10.90;0.00;0.00;0.00;0.00;0.00;0.00;0.00;9.51;74.10;5.12;0.00;0.00;2000.00;67.52;
"2019-09-25 12:38:00";16.60;10.80;10.90;0.00;0.00;0.00;0.00;0.00;0.00;0.00;9.67;73.54;5.17;0.00;0.00;2000.00;67.52;
"2019-09-25 12:43:00";16.80;10.90;11.00;0.00;0.00;0.00;0.00;0.00;0.00;0.00;9.85;73.17;5.27;0.00;0.00;2000.00;67.52;
"2019-09-25 12:48:00";16.90;10.90;11.00;0.00;0.00;0.00;0.00;0.00;0.00;0.00;10.00;72.67;5.31;0.00;0.00;2000.00;67.52;
"2019-09-25 12:53:00";16.80;10.90;11.10;0.00;0.00;0.00;0.00;0.00;0.00;0.00;10.02;72.09;5.21;0.00;0.00;2000.00;67.52;
"2019-09-25 12:58:00";16.70;11.00;11.10;0.00;0.00;0.00;0.00;0.00;0.00;0.00;10.00;71.80;5.14;0.00;0.00;2000.00;67.52;
"2019-09-25 13:03:00";16.60;11.00;11.10;0.00;0.00;0.00;0.00;0.00;0.00;0.00;10.05;71.58;5.14;0.00;0.00;2000.00;67.52;
"2019-09-25 13:08:00";16.40;11.10;11.10;0.00;0.00;0.00;0.00;0.00;0.00;0.00;10.10;71.45;5.16;0.00;0.00;2000.00;67.52;
"2019-09-25 13:13:00";16.30;11.10;11.20;0.00;0.00;0.00;0.00;0.00;0.00;0.00;10.01;71.42;5.07;0.00;0.00;2000.00;67.52;
"2019-09-25 13:18:00";16.20;11.10;11.20;0.00;0.00;0.00;0.00;0.00;0.00;0.00;10.13;71.33;5.17;0.00;0.00;2000.00;67.52;
"2019-09-25 13:23:00";16.10;11.20;11.20;0.00;0.00;0.00;0.00;0.00;0.00;0.00;10.22;71.11;5.21;0.00;0.00;2000.00;67.52;
"2019-09-25 13:28:00";16.10;11.20;11.20;0.00;0.00;0.00;0.00;0.00;0.00;0.00;10.16;71.13;5.16;0.00;0.00;2000.00;67.52;
"2019-09-25 13:33:00";16.20;11.20;11.30;0.00;0.00;0.00;0.00;0.00;0.00;0.00;10.29;70.83;5.23;0.00;0.00;2000.00;67.52;
"2019-09-25 13:38:00";16.20;11.20;11.30;0.00;0.00;0.00;0.00;0.00;0.00;0.00;10.39;70.90;5.33;0.00;0.00;2000.00;67.52;
"2019-09-25 13:43:00";16.30;11.30;11.30;0.00;0.00;0.00;0.00;0.00;0.00;0.00;10.45;70.98;5.41;0.00;0.00;2000.00;67.52;
"2019-09-25 13:48:00";16.40;11.30;11.40;0.00;0.00;0.00;0.00;0.00;0.00;0.00;10.43;70.69;5.33;0.00;0.00;2000.00;67.52;
"2019-09-25 13:53:00";16.50;11.40;11.40;0.00;0.00;0.00;0.00;0.00;0.00;0.00;10.47;70.53;5.33;0.00;0.00;2000.00;67.52;
"2019-09-25 13:58:00";16.50;11.40;11.40;0.00;0.00;0.00;0.00;0.00;0.00;0.00;10.55;70.34;5.37;0.00;0.00;2000.00;67.52;
"2019-09-25 14:03:00";16.60;11.50;11.50;0.00;0.00;0.00;0.00;0.00;0.00;0.00;10.63;70.33;5.44;0.00;0.00;2000.00;67.52;
"2019-09-25 14:08:00";16.60;11.50;11.50;0.00;0.00;0.00;0.00;0.00;0.00;0.00;10.62;70.23;5.42;0.00;0.00;2000.00;67.52;
"2019-09-25 14:13:00";16.60;11.50;11.50;0.00;0.00;0.00;0.00;0.00;0.00;0.00;10.80;70.24;5.59;0.00;0.00;2000.00;67.52;
"2019-09-25 14:18:00";16.60;11.50;11.60;0.00;0.00;0.00;0.00;0.00;0.00;0.00;10.78;70.23;5.57;0.00;0.00;2000.00;67.52;
"2019-09-25 14:23:00";16.60;11.60;11.60;0.00;0.00;0.00;0.00;0.00;0.00;0.00;10.79;69.85;5.50;0.00;0.00;2000.00;67.52;
"2019-09-25 14:28:00";16.60;11.60;11.60;0.00;0.00;0.00;0.00;0.00;0.00;0.00;10.96;69.61;5.62;0.00;0.00;2000.00;67.52;
"2019-09-25 14:33:00";16.70;11.70;11.70;0.00;0.00;0.00;0.00;0.00;0.00;0.00;10.97;69.65;5.64;0.00;0.00;2000.00;67.52;
"2019-09-25 14:38:00";16.70;11.70;11.70;0.00;0.00;0.00;0.00;0.00;0.00;0.00;11.17;69.71;5.84;0.00;0.00;2000.00;67.52;
"2019-09-25 14:43:00";16.90;11.80;11.70;0.00;0.00;0.00;0.00;0.00;0.00;0.00;11.26;69.13;5.80;0.00;0.00;2000.00;67.52;
"2019-09-25 14:48:00";17.10;11.80;11.80;0.00;0.00;0.00;0.00;0.00;0.00;0.00;11.29;69.01;5.80;0.00;0.00;2000.00;67.52;
"2019-09-25 14:53:00";17.60;11.80;11.80;0.00;0.00;0.00;0.00;0.00;0.00;0.00;11.43;68.50;5.84;0.00;0.00;2000.00;67.52;
"2019-09-25 14:58:00";17.70;11.90;11.80;0.00;0.00;0.00;0.00;0.00;0.00;0.00;11.65;67.96;5.93;0.00;0.00;2000.00;67.52;
"2019-09-25 15:03:00";18.30;11.90;11.90;0.00;0.00;0.00;0.00;0.00;0.00;0.00;11.77;67.36;5.92;0.01;60.00;2000.00;67.53;
"2019-09-25 15:08:00";18.20;11.90;11.90;0.00;0.00;0.00;0.00;0.00;0.00;0.00;11.92;66.66;5.91;0.00;0.00;2000.00;67.53;
"2019-09-25 15:13:00";17.80;12.00;11.90;0.00;0.00;0.00;0.00;0.00;0.00;0.00;11.71;65.88;5.53;0.00;0.00;2000.00;67.53;
"2019-09-25 15:18:00";17.30;12.00;12.00;0.00;0.00;0.00;0.00;0.00;0.00;0.00;11.52;65.93;5.37;0.00;0.00;2000.00;67.53;
"2019-09-25 15:23:00";17.00;12.00;12.00;0.00;0.00;0.00;0.00;0.00;0.00;0.00;11.38;65.97;5.24;0.00;0.00;2000.00;67.53;
"2019-09-25 15:28:00";16.70;12.10;12.00;0.00;0.00;0.00;0.00;0.00;0.00;0.00;11.27;66.23;5.19;0.00;0.00;2000.00;67.53;
"2019-09-25 15:33:00";16.70;12.10;12.10;0.00;0.00;0.00;0.00;0.00;0.00;0.00;11.29;66.39;5.25;0.00;0.00;2000.00;67.53;
"2019-09-25 15:38:00";16.70;12.20;12.10;0.00;0.00;0.00;0.00;0.00;0.00;0.00;11.38;67.08;5.48;0.00;0.00;2000.00;67.53;
"2019-09-25 15:43:00";16.60;12.20;12.10;0.00;0.00;0.00;0.00;0.00;0.00;0.00;11.23;67.88;5.51;0.00;0.00;2000.00;67.53;
"2019-09-25 15:48:00";16.50;12.20;12.20;0.00;0.00;0.00;0.00;0.00;0.00;0.00;11.09;68.35;5.47;0.00;0.00;2000.00;67.53;
"2019-09-25 15:53:00";16.40;12.20;12.20;0.00;0.00;0.00;0.00;0.00;0.00;0.00;10.87;69.05;5.41;0.00;0.00;2000.00;67.53;
"2019-09-25 15:58:00";16.40;12.20;12.20;0.00;0.00;0.00;0.00;0.00;0.00;0.00;10.77;69.79;5.47;0.00;0.00;2000.00;67.53;
"2019-09-25 16:03:00";16.60;12.20;12.20;0.00;0.00;0.00;0.00;0.00;0.00;0.00;10.78;70.28;5.58;0.00;0.00;2000.00;67.53;
"2019-09-25 16:08:00";16.70;12.20;12.20;0.00;0.00;0.00;0.00;0.00;0.00;0.00;10.85;71.05;5.80;0.00;0.00;2000.00;67.53;
"2019-09-25 16:13:00";16.80;12.30;12.20;0.00;0.00;0.00;0.00;0.00;0.00;0.00;11.04;71.13;6.00;0.00;0.00;2000.00;67.53;
"2019-09-25 16:18:00";16.80;12.30;12.30;0.00;0.00;0.00;0.00;0.00;0.00;0.00;11.02;71.54;6.07;0.00;0.00;2000.00;67.53;
"2019-09-25 16:23:00";16.60;12.40;12.30;0.00;0.00;0.00;0.00;0.00;0.00;0.00;10.91;71.62;5.98;0.00;0.00;2000.00;67.53;
"2019-09-25 16:28:00";16.50;12.40;12.30;0.00;0.00;0.00;0.00;0.00;0.00;0.00;10.98;71.84;6.09;0.00;0.00;2000.00;67.53;
"2019-09-25 16:33:00";16.30;12.40;12.30;0.00;0.00;0.00;0.00;0.00;0.00;0.00;10.69;71.92;5.82;0.00;0.00;2000.00;67.53;
"2019-09-25 16:38:00";16.10;12.40;12.40;0.00;0.00;0.00;0.00;0.00;0.00;0.00;10.75;72.04;5.91;0.00;0.00;2000.00;67.53;
"2019-09-25 16:43:00";16.00;12.50;12.40;0.00;0.00;0.00;0.00;0.00;0.00;0.00;10.70;72.24;5.90;0.00;0.00;2000.00;67.53;
"2019-09-25 16:48:00";15.90;12.50;12.40;0.00;0.00;0.00;0.00;0.00;0.00;0.84;10.65;72.44;5.89;0.00;0.00;2000.00;67.53;
"2019-09-25 16:53:00";15.70;12.50;12.50;0.00;0.00;0.00;0.00;0.00;0.00;0.00;10.62;72.35;5.85;0.00;0.00;2000.00;67.53;
"2019-09-25 16:58:00";15.60;12.50;12.40;0.00;0.00;0.00;0.00;0.00;0.00;0.00;10.55;72.57;5.83;0.00;0.00;2000.00;67.53;
"2019-09-25 17:03:00";15.50;12.60;12.50;0.00;0.00;0.00;0.00;0.00;0.00;0.00;10.56;72.69;5.86;0.00;0.00;2000.00;67.53;
"2019-09-25 17:08:00";15.40;12.60;12.50;0.00;0.00;0.00;0.00;0.00;0.00;0.00;10.57;72.82;5.89;0.00;0.00;2000.00;67.53;
"2019-09-25 17:13:00";15.30;12.60;12.60;0.00;0.00;0.00;0.00;0.00;0.00;0.00;10.57;72.98;5.92;0.00;0.00;2000.00;67.53;
"2019-09-25 17:18:00";15.10;12.60;12.60;0.00;0.00;0.00;0.00;0.00;0.00;0.00;10.57;73.04;5.94;0.00;0.00;2000.00;67.53;
"2019-09-25 17:23:00";14.90;12.60;12.60;0.00;0.00;0.00;0.00;0.00;0.00;2.68;10.45;72.90;5.79;0.00;0.00;2000.00;67.53;
"2019-09-25 17:28:00";14.80;12.60;12.60;0.00;0.00;0.00;0.00;0.00;0.00;0.00;10.36;73.19;5.76;0.00;0.00;2000.00;67.53;
"2019-09-25 17:33:00";14.60;12.70;12.60;0.00;0.00;0.00;0.00;0.00;0.00;0.00;10.24;73.26;5.66;0.00;0.00;2000.00;67.53;
"2019-09-25 17:38:00";14.50;12.70;12.60;0.00;0.00;0.00;0.00;0.00;0.00;0.00;10.24;73.35;5.68;0.00;0.00;2000.00;67.53;
"2019-09-25 17:43:00";14.30;12.70;12.60;0.00;0.00;0.00;0.00;0.00;0.00;0.00;10.20;73.50;5.67;0.00;0.00;2000.00;67.53;
"2019-09-25 17:48:00";14.20;12.70;12.70;0.00;0.00;0.00;0.00;0.00;0.00;0.00;10.16;73.75;5.68;0.00;0.00;2000.00;67.53;
"2019-09-25 17:53:00";14.20;12.70;12.70;0.00;0.00;0.00;0.00;0.00;0.00;0.00;10.14;73.84;5.68;0.00;0.00;2000.00;67.53;
"2019-09-25 17:58:00";14.00;12.70;12.70;0.00;0.00;0.00;0.00;0.00;0.00;0.00;10.07;73.89;5.63;0.00;0.00;2000.00;67.53;
"2019-09-25 18:03:00";13.90;12.80;12.70;0.00;0.00;0.00;0.00;0.00;0.00;0.00;10.05;74.09;5.64;0.00;0.00;2000.00;67.53;
"2019-09-25 18:08:00";13.70;12.80;12.70;0.00;0.00;0.00;0.00;0.00;0.00;0.00;9.96;74.31;5.60;0.00;0.00;2000.00;67.53;
"2019-09-25 18:13:00";13.60;12.80;12.70;0.00;0.00;0.00;0.00;0.00;0.00;0.00;9.91;74.51;5.59;0.00;0.00;2000.00;67.53;
"2019-09-25 18:18:00";13.50;12.80;12.70;0.00;0.00;0.00;0.00;0.00;0.00;0.00;9.84;74.70;5.56;0.00;0.00;2000.00;67.53;
"2019-09-25 18:23:00";13.40;12.80;12.70;0.00;0.00;0.00;0.00;0.00;0.00;0.00;9.78;74.93;5.55;0.00;0.00;2000.00;67.53;
"2019-09-25 18:28:00";13.20;12.80;12.70;0.00;0.00;0.00;0.00;0.00;0.00;0.00;9.73;75.13;5.53;0.00;0.00;2000.00;67.53;
"2019-09-25 18:33:00";13.20;12.70;12.70;0.00;0.00;0.00;0.00;0.00;0.00;0.00;9.68;75.36;5.53;0.00;0.00;2000.00;67.53;
"2019-09-25 18:38:00";13.00;12.80;12.70;0.00;0.00;0.00;0.00;0.00;0.00;1.54;9.60;75.57;5.49;0.00;0.00;2000.00;67.53;
"2019-09-25 18:43:00";12.90;12.80;12.80;0.00;0.00;0.00;0.00;0.00;0.00;0.00;9.55;75.70;5.47;0.00;0.00;2000.00;67.53;
"2019-09-25 18:48:00";12.70;12.80;12.80;0.00;0.00;0.00;0.00;0.00;0.00;0.00;9.49;75.78;5.42;0.00;0.00;2000.00;67.53;
"2019-09-25 18:53:00";12.70;12.80;12.80;0.00;0.00;0.00;0.00;0.00;0.00;0.00;9.40;75.93;5.37;0.00;0.00;2000.00;67.53;
"2019-09-25 18:58:00";12.50;12.80;12.80;0.00;0.00;0.00;0.00;0.00;0.00;0.00;9.32;76.14;5.33;0.00;0.00;2000.00;67.53;
"2019-09-25 19:03:00";12.40;12.80;12.80;0.00;0.00;0.00;0.00;0.00;0.00;0.00;9.26;76.27;5.29;0.00;0.00;2000.00;67.53;
"2019-09-25 19:08:00";12.20;12.80;12.80;0.00;0.00;0.00;0.00;0.00;0.00;0.00;9.21;76.47;5.28;0.00;0.00;2000.00;67.53;
"2019-09-25 19:13:00";12.20;12.80;12.80;0.00;0.00;0.00;0.00;0.00;0.00;0.00;9.13;76.62;5.24;0.00;0.00;2000.00;67.53;
"2019-09-25 19:18:00";12.10;12.70;12.80;0.00;0.00;0.00;0.00;0.00;0.00;0.00;9.03;76.87;5.19;0.00;0.00;2000.00;67.53;
"2019-09-25 19:23:00";12.00;12.70;12.80;0.00;0.00;0.00;0.00;0.00;0.00;0.00;8.98;77.22;5.20;0.00;0.00;2000.00;67.53;
"2019-09-25 19:28:00";12.00;12.70;12.80;0.00;0.00;0.00;0.00;0.00;0.00;0.00;8.93;77.39;5.19;0.00;0.00;2000.00;67.53;
"2019-09-25 19:33:00";11.80;12.80;12.80;0.00;0.00;0.00;0.00;0.00;0.00;0.00;8.86;77.66;5.17;0.00;0.00;2000.00;67.53;
"2019-09-25 19:38:00";11.70;12.70;12.70;0.00;0.00;0.00;0.00;0.00;0.00;0.00;8.81;77.84;5.15;0.00;0.00;2000.00;67.53;
"2019-09-25 19:43:00";11.70;12.70;12.70;0.00;0.00;0.00;0.00;0.00;0.00;0.00;8.77;78.06;5.15;0.00;0.00;2000.00;67.53;
"2019-09-25 19:48:00";11.60;12.70;12.80;0.00;0.00;0.00;0.00;0.00;0.00;0.00;8.72;78.25;5.14;0.00;0.00;2000.00;67.53;
"2019-09-25 19:53:00";11.50;12.70;12.70;0.00;0.00;0.00;0.00;0.00;0.00;0.00;8.69;78.35;5.13;0.00;0.00;2000.00;67.53;
"2019-09-25 19:58:00";11.40;12.70;12.70;0.00;0.00;0.00;0.00;0.00;0.00;0.00;8.64;78.39;5.09;0.00;0.00;2000.00;67.53;
"2019-09-25 20:03:00";11.40;12.70;12.70;0.00;0.00;0.00;0.00;0.00;0.00;0.00;8.61;78.44;5.07;0.00;0.00;2000.00;67.53;
"2019-09-25 20:08:00";11.30;12.70;12.70;0.00;0.00;0.00;0.00;0.00;0.00;0.00;8.50;78.47;4.97;0.00;0.00;2000.00;67.53;
"2019-09-25 20:13:00";11.20;12.60;12.70;0.00;0.00;0.00;0.00;0.00;0.00;0.00;8.49;78.61;4.99;0.00;0.00;2000.00;67.53;
"2019-09-25 20:18:00";11.20;12.60;12.70;0.00;0.00;0.00;0.00;0.00;0.00;0.00;8.47;78.66;4.97;0.00;0.00;2000.00;67.53;
"2019-09-25 20:23:00";11.20;12.60;12.70;0.00;0.00;0.00;0.00;0.00;0.00;0.00;8.37;78.76;4.89;0.00;0.00;2000.00;67.53;
"2019-09-25 20:28:00";11.10;12.60;12.70;0.00;0.00;0.00;0.00;0.00;0.00;1.34;8.37;78.87;4.91;0.00;0.00;2000.00;67.53;
"2019-09-25 20:33:00";11.10;12.60;12.70;0.00;0.00;0.00;0.00;0.00;0.00;0.00;8.37;79.02;4.94;0.00;0.00;2000.00;67.53;
"2019-09-25 20:38:00";11.00;12.60;12.70;0.00;0.00;0.00;0.00;0.00;0.00;0.00;8.34;79.07;4.92;0.00;0.00;2000.00;67.53;
"2019-09-25 20:43:00";11.00;12.50;12.60;0.00;0.00;0.00;0.00;0.00;0.00;0.00;8.30;79.12;4.89;0.00;0.00;2000.00;67.53;
"2019-09-25 20:48:00";10.90;12.50;12.60;0.00;0.00;0.00;0.00;0.00;0.00;0.00;8.25;79.22;4.86;0.00;0.00;2000.00;67.53;
"2019-09-25 20:53:00";10.90;12.50;12.60;0.00;0.00;0.00;0.00;0.00;0.00;0.00;8.22;79.36;4.85;0.00;0.00;2000.00;67.53;
"2019-09-25 20:58:00";10.80;12.50;12.60;0.00;0.00;0.00;0.00;0.00;0.00;0.00;8.14;79.45;4.79;0.00;0.00;2000.00;67.53;
"2019-09-25 21:03:00";10.80;12.50;12.60;0.00;0.00;0.00;0.00;0.00;0.00;0.00;8.10;79.51;4.77;0.00;0.00;2000.00;67.53;
"2019-09-25 21:08:00";10.80;12.50;12.60;0.00;0.00;0.00;0.00;0.00;0.00;0.00;8.07;79.66;4.77;0.00;0.00;2000.00;67.53;
"2019-09-25 21:13:00";10.80;12.40;12.60;0.00;0.00;0.00;0.00;0.00;0.00;0.00;8.07;79.73;4.77;0.00;0.00;2000.00;67.53;
"2019-09-25 21:18:00";10.70;12.40;12.50;0.00;0.00;0.00;0.00;0.00;0.00;0.00;7.99;79.76;4.71;0.00;0.00;2000.00;67.53;
"2019-09-25 21:23:00";10.60;12.40;12.50;0.00;0.00;0.00;0.00;0.00;0.00;0.00;7.92;79.91;4.67;0.00;0.00;2000.00;67.53;
"2019-09-25 21:28:00";10.60;12.40;12.50;0.00;0.00;0.00;0.00;0.00;0.00;0.00;7.85;80.12;4.63;0.00;0.00;2000.00;67.53;
"2019-09-25 21:33:00";10.50;12.40;12.50;0.00;0.00;0.00;0.00;0.00;0.00;0.00;7.82;80.29;4.63;0.00;0.00;2000.00;67.53;
"2019-09-25 21:38:00";10.40;12.40;12.50;0.00;0.00;0.00;0.00;0.00;0.00;0.00;7.75;80.41;4.59;0.00;0.00;2000.00;67.53;
"2019-09-25 21:43:00";10.40;12.40;12.50;0.00;0.00;0.00;0.00;0.00;0.00;0.00;7.72;80.61;4.60;0.00;0.00;2000.00;67.53;
"2019-09-25 21:48:00";10.30;12.30;12.50;0.00;0.00;0.00;0.00;0.00;0.00;0.00;7.70;80.77;4.60;0.00;0.00;2000.00;67.53;
"2019-09-25 21:53:00";10.30;12.30;12.50;0.00;0.00;0.00;0.00;0.00;0.00;0.00;7.70;80.87;4.62;0.00;0.00;2000.00;67.53;
"2019-09-25 21:58:00";10.30;12.30;12.40;0.00;0.00;0.00;0.00;0.00;0.00;0.00;7.63;80.95;4.57;0.00;0.00;2000.00;67.53;
"2019-09-25 22:03:00";10.20;12.30;12.40;0.00;0.00;0.00;0.00;0.00;0.00;0.00;7.59;81.08;4.55;0.00;0.00;2000.00;67.53;
"2019-09-25 22:08:00";10.10;12.30;12.40;0.00;0.00;0.00;0.00;0.00;0.00;0.00;7.57;81.14;4.54;0.00;0.00;2000.00;67.53;
"2019-09-25 22:13:00";9.90;12.30;12.40;0.00;0.00;0.00;0.00;0.00;0.00;0.00;7.48;81.24;4.47;0.00;0.00;2000.00;67.53;
"2019-09-25 22:18:00";9.80;12.20;12.40;0.00;0.00;0.00;0.00;0.00;0.00;0.00;7.43;81.31;4.43;0.00;0.00;2000.00;67.53;
"2019-09-25 22:23:00";9.60;12.20;12.30;0.00;0.00;0.00;0.00;0.00;0.00;0.00;7.34;81.48;4.38;0.00;0.00;2000.00;67.53;
"2019-09-25 22:28:00";9.50;12.20;12.40;0.00;0.00;0.00;0.00;0.00;0.00;0.00;7.26;81.53;4.30;0.00;0.00;2000.00;67.53;
"2019-09-25 22:33:00";9.30;12.20;12.40;0.00;0.00;0.00;0.00;0.00;0.00;0.00;7.16;81.84;4.26;0.00;0.00;2000.00;67.53;
"2019-09-25 22:38:00";9.20;12.20;12.30;0.00;0.00;0.00;0.00;0.00;0.00;0.00;7.12;81.81;4.21;0.00;0.00;2000.00;67.53;
"2019-09-25 22:43:00";9.00;12.20;12.30;0.00;0.00;0.00;0.00;0.00;0.00;0.00;6.97;81.95;4.10;0.00;0.00;2000.00;67.53;
"2019-09-25 22:48:00";8.90;12.20;12.30;0.00;0.00;0.00;0.00;0.00;0.00;0.00;6.86;82.13;4.02;0.00;0.00;2000.00;67.53;
"2019-09-25 22:53:00";8.80;12.20;12.30;0.00;0.00;0.00;0.00;0.00;0.00;0.00;6.75;82.37;3.96;0.00;0.00;2000.00;67.53;
"2019-09-25 22:58:00";8.70;12.20;12.30;0.00;0.00;0.00;0.00;0.00;0.00;0.00;6.72;82.57;3.96;0.00;0.00;2000.00;67.53;
"2019-09-25 23:03:00";8.60;12.20;12.20;0.00;0.00;0.00;0.00;0.00;0.00;0.00;6.61;82.75;3.88;0.00;0.00;2000.00;67.53;
"2019-09-25 23:08:00";8.60;12.20;12.20;0.00;0.00;0.00;0.00;0.00;0.00;0.00;6.51;83.03;3.84;0.00;0.00;2000.00;67.53;
"2019-09-25 23:13:00";8.60;12.20;12.20;0.00;0.00;0.00;0.00;0.00;0.00;0.00;6.46;83.30;3.83;0.00;0.00;2000.00;67.53;
"2019-09-25 23:18:00";8.60;12.10;12.20;0.00;0.00;0.00;0.00;0.00;0.00;0.00;6.42;83.53;3.83;0.00;0.00;2000.00;67.53;
"2019-09-25 23:23:00";8.60;12.10;12.20;0.00;0.00;0.00;0.00;0.00;0.00;0.00;6.40;83.75;3.85;0.00;0.00;2000.00;67.53;
"2019-09-25 23:28:00";8.60;12.10;12.20;0.00;0.00;0.00;0.00;0.00;0.00;0.00;6.37;84.00;3.86;0.00;0.00;2000.00;67.53;
"2019-09-25 23:33:00";8.50;12.00;12.20;0.00;0.00;0.00;0.00;0.00;0.00;0.00;6.35;84.20;3.88;0.00;0.00;2000.00;67.53;
"2019-09-25 23:38:00";8.50;12.00;12.20;0.00;0.00;0.00;0.00;0.00;0.00;0.00;6.32;84.38;3.88;0.00;0.00;2000.00;67.53;
"2019-09-25 23:43:00";8.40;12.00;12.20;0.00;0.00;0.00;0.00;0.00;0.00;0.00;6.31;84.59;3.90;0.00;0.00;2000.00;67.53;
"2019-09-25 23:48:00";8.40;12.00;12.20;0.00;0.00;0.00;0.00;0.00;0.00;0.00;6.28;84.79;3.91;0.00;0.00;2000.00;67.53;
"2019-09-25 23:53:00";8.40;11.90;12.10;0.00;0.00;0.00;0.00;0.00;0.00;0.00;6.25;84.92;3.90;0.00;0.00;2000.00;67.53;
"2019-09-25 23:58:00";8.40;11.90;12.10;0.00;0.00;0.00;0.00;0.00;0.00;0.00;6.25;85.05;3.92;0.00;0.00;2000.00;67.53;
"2019-09-26 00:03:00";8.40;11.90;12.10;0.00;0.00;0.00;0.00;0.00;0.00;0.00;6.25;85.17;3.94;0.00;0.00;2000.00;67.53;
"2019-09-26 00:08:00";8.30;11.90;12.10;0.00;0.00;0.00;0.00;0.00;0.00;0.00;6.21;85.32;3.93;0.00;0.00;2000.00;67.53;
"2019-09-26 00:13:00";8.30;11.90;12.10;0.00;0.00;0.00;0.00;0.00;0.00;0.00;6.20;85.50;3.94;0.00;0.00;2000.00;67.53;
"2019-09-26 00:18:00";8.30;11.80;12.10;0.00;0.00;0.00;0.00;0.00;0.00;0.00;6.24;85.55;4.00;0.00;0.00;2000.00;67.53;
"2019-09-26 00:23:00";8.30;11.80;12.00;0.00;0.00;0.00;0.00;0.00;0.00;0.00;6.25;85.69;4.02;0.00;0.00;2000.00;67.53;
"2019-09-26 00:28:00";8.30;11.80;12.00;0.00;0.00;0.00;0.00;0.00;0.00;0.00;6.27;85.73;4.05;0.00;0.00;2000.00;67.53;
"2019-09-26 00:33:00";8.40;11.80;12.00;0.00;0.00;0.00;0.00;0.00;0.00;0.00;6.25;85.79;4.05;0.00;0.00;2000.00;67.53;
"2019-09-26 00:38:00";8.40;11.70;12.00;0.00;0.00;0.00;0.00;0.00;0.00;0.00;6.30;85.88;4.11;0.00;0.00;2000.00;67.53;
"2019-09-26 00:43:00";8.50;11.70;12.00;0.00;0.00;0.00;0.00;0.00;0.00;0.00;6.29;86.01;4.12;0.00;0.00;2000.00;67.53;
"2019-09-26 00:48:00";8.50;11.70;11.90;0.00;0.00;0.00;0.00;0.00;0.00;0.00;6.31;85.99;4.14;0.00;0.00;2000.00;67.53;
"2019-09-26 00:53:00";8.60;11.60;11.90;0.00;0.00;0.00;0.00;0.00;0.00;0.00;6.36;86.03;4.19;0.00;0.00;2000.00;67.53;
"2019-09-26 00:58:00";8.60;11.70;11.90;0.00;0.00;0.00;0.00;0.00;0.00;0.00;6.35;86.03;4.18;0.00;0.00;2000.00;67.53;
"2019-09-26 01:03:00";8.60;11.60;11.80;0.00;0.00;0.00;0.00;0.00;0.00;0.00;6.37;86.05;4.20;0.00;0.00;2000.00;67.53;
"2019-09-26 01:08:00";8.60;11.60;11.80;0.00;0.00;0.00;0.00;0.00;0.00;0.00;6.37;86.07;4.20;0.00;0.00;2000.00;67.53;
"2019-09-26 01:13:00";8.60;11.60;11.80;0.00;0.00;0.00;0.00;0.00;0.00;0.00;6.38;86.10;4.23;0.00;0.00;2000.00;67.53;
"2019-09-26 01:18:00";8.60;11.60;11.80;0.00;0.00;0.00;0.00;0.00;0.00;0.00;6.38;86.07;4.22;0.00;0.00;2000.00;67.53;
"2019-09-26 01:23:00";8.60;11.50;11.80;0.00;0.00;0.00;0.00;0.00;0.00;0.00;6.38;86.05;4.22;0.00;0.00;2000.00;67.53;
"2019-09-26 01:28:00";8.60;11.50;11.70;0.00;0.00;0.00;0.00;0.00;0.00;0.00;6.41;86.04;4.25;0.00;0.00;2000.00;67.53;
"2019-09-26 01:33:00";8.60;11.50;11.80;0.00;0.00;0.00;0.00;0.00;0.00;0.00;6.42;86.04;4.25;0.00;0.00;2000.00;67.53;
"2019-09-26 01:38:00";8.60;11.50;11.70;0.00;0.00;0.00;0.00;0.00;0.00;0.00;6.43;86.02;4.26;0.00;0.00;2000.00;67.53;
"2019-09-26 01:43:00";8.60;11.40;11.70;0.00;0.00;0.00;0.00;0.00;0.00;0.00;6.40;85.93;4.22;0.00;0.00;2000.00;67.53;
"2019-09-26 01:48:00";8.60;11.50;11.70;0.00;0.00;0.00;0.00;0.00;0.00;0.00;6.36;85.92;4.18;0.00;0.00;2000.00;67.53;
"2019-09-26 01:53:00";8.60;11.40;11.70;0.00;0.00;0.00;0.00;0.00;0.00;0.00;6.36;85.91;4.17;0.00;0.00;2000.00;67.53;
"2019-09-26 01:58:00";8.60;11.40;11.70;0.00;0.00;0.00;0.00;0.00;0.00;0.00;6.32;85.89;4.13;0.00;0.00;2000.00;67.53;
"2019-09-26 02:03:00";8.50;11.40;11.60;0.00;0.00;0.00;0.00;0.00;0.00;0.00;6.33;85.86;4.14;0.00;0.00;2000.00;67.53;
"2019-09-26 02:08:00";8.40;11.30;11.60;0.00;0.00;0.00;0.00;0.00;0.00;0.00;6.28;85.81;4.08;0.00;0.00;2000.00;67.53;
"2019-09-26 02:13:00";8.40;11.30;11.60;0.00;0.00;0.00;0.00;0.00;0.00;0.00;6.22;85.79;4.02;0.00;0.00;2000.00;67.53;
"2019-09-26 02:18:00";8.40;11.30;11.60;0.00;0.00;0.00;0.00;0.00;0.00;0.00;6.24;85.89;4.05;0.00;0.00;2000.00;67.53;
"2019-09-26 02:23:00";8.40;11.30;11.60;0.00;0.00;0.00;0.00;0.00;0.00;0.00;6.26;85.81;4.06;0.00;0.00;2000.00;67.53;
"2019-09-26 02:28:00";8.40;11.30;11.50;0.00;0.00;0.00;0.00;0.00;0.00;0.00;6.32;85.76;4.10;0.00;0.00;2000.00;67.53;
"2019-09-26 02:33:00";8.30;11.30;11.50;0.00;0.00;0.00;0.00;0.00;0.00;0.00;6.27;85.75;4.06;0.00;0.00;2000.00;67.53;
"2019-09-26 02:38:00";8.30;11.30;11.60;0.00;0.00;0.00;0.00;0.00;0.00;0.00;6.28;85.74;4.07;0.00;0.00;2000.00;67.53;
"2019-09-26 02:43:00";8.20;11.30;11.50;0.00;0.00;0.00;0.00;0.00;0.00;0.00;6.24;85.67;4.02;0.00;0.00;2000.00;67.53;
"2019-09-26 02:48:00";8.20;11.20;11.50;0.00;0.00;0.00;0.00;0.00;0.00;0.00;6.17;85.64;3.94;0.00;0.00;2000.00;67.53;
"2019-09-26 02:53:00";8.20;11.30;11.50;0.00;0.00;0.00;0.00;0.00;0.00;0.00;6.14;85.64;3.91;0.00;0.00;2000.00;67.53;
"2019-09-26 02:58:00";8.10;11.20;11.50;0.00;0.00;0.00;0.00;0.00;0.00;0.00;6.09;85.57;3.85;0.00;0.00;2000.00;67.53;
"2019-09-26 03:03:00";8.10;11.20;11.50;0.00;0.00;0.00;0.00;0.00;0.00;0.00;6.05;85.53;3.80;0.00;0.00;2000.00;67.53;
"2019-09-26 03:08:00";8.00;11.20;11.40;0.00;0.00;0.00;0.00;0.00;0.00;0.00;6.02;85.57;3.78;0.00;0.00;2000.00;67.53;
"2019-09-26 03:13:00";8.00;11.20;11.40;0.00;0.00;0.00;0.00;0.00;0.00;0.00;5.98;85.53;3.73;0.00;0.00;2000.00;67.53;
"2019-09-26 03:18:00";8.00;11.20;11.40;0.00;0.00;0.00;0.00;0.00;0.00;0.00;5.90;85.57;3.67;0.00;0.00;2000.00;67.53;
"2019-09-26 03:23:00";7.90;11.20;11.40;0.00;0.00;0.00;0.00;0.00;0.00;0.00;5.89;85.62;3.66;0.00;0.00;2000.00;67.53;
"2019-09-26 03:28:00";7.90;11.20;11.40;0.00;0.00;0.00;0.00;0.00;0.00;0.00;5.85;85.57;3.61;0.00;0.00;2000.00;67.53;
"2019-09-26 03:33:00";7.80;11.20;11.40;0.00;0.00;0.00;0.00;0.00;0.00;0.00;5.77;85.56;3.54;0.00;0.00;2000.00;67.53;
"2019-09-26 03:38:00";7.80;11.20;11.30;0.00;0.00;0.00;0.00;0.00;0.00;0.00;5.72;85.63;3.49;0.00;0.00;2000.00;67.53;
"2019-09-26 03:43:00";7.70;11.20;11.30;0.00;0.00;0.00;0.00;0.00;0.00;0.00;5.70;85.65;3.48;0.00;0.00;2000.00;67.53;
"2019-09-26 03:48:00";7.60;11.10;11.30;0.00;0.00;0.00;0.00;0.00;0.00;0.00;5.66;85.67;3.45;0.00;0.00;2000.00;67.53;
"2019-09-26 03:53:00";7.50;11.20;11.30;0.00;0.00;0.00;0.00;0.00;0.00;0.00;5.58;85.70;3.37;0.00;0.00;2000.00;67.53;
"2019-09-26 03:58:00";7.40;11.10;11.30;0.00;0.00;0.00;0.00;0.00;0.00;0.00;5.48;85.77;3.28;0.00;0.00;2000.00;67.53;
"2019-09-26 04:03:00";7.30;11.10;11.30;0.00;0.00;0.00;0.00;0.00;0.00;0.00;5.40;85.92;3.23;0.00;0.00;2000.00;67.53;
"2019-09-26 04:08:00";7.10;11.10;11.20;0.00;0.00;0.00;0.00;0.00;0.00;0.00;5.41;86.00;3.25;0.00;0.00;2000.00;67.53;
"2019-09-26 04:13:00";7.00;11.10;11.30;0.00;0.00;0.00;0.00;0.00;0.00;0.00;5.32;85.88;3.14;0.00;0.00;2000.00;67.53;
"2019-09-26 04:18:00";6.90;11.10;11.30;0.00;0.00;0.00;0.00;0.00;0.00;0.00;5.18;85.99;3.03;0.00;0.00;2000.00;67.53;
"2019-09-26 04:23:00";6.70;11.00;11.20;0.00;0.00;0.00;0.00;0.00;0.00;0.00;5.10;86.11;2.96;0.00;0.00;2000.00;67.53;
"2019-09-26 04:28:00";6.60;11.00;11.20;0.00;0.00;0.00;0.00;0.00;0.00;0.00;5.00;86.23;2.88;0.00;0.00;2000.00;67.53;
"2019-09-26 04:33:00";6.50;11.00;11.20;0.00;0.00;0.00;0.00;0.00;0.00;0.00;4.98;86.34;2.89;0.00;0.00;2000.00;67.53;
"2019-09-26 04:38:00";6.50;11.00;11.20;0.00;0.00;0.00;0.00;0.00;0.00;0.00;4.93;86.40;2.85;0.00;0.00;2000.00;67.53;
"2019-09-26 04:43:00";6.40;11.00;11.20;0.00;0.00;0.00;0.00;0.00;0.00;0.00;4.88;86.50;2.82;0.00;0.00;2000.00;67.53;
"2019-09-26 04:48:00";6.30;11.00;11.20;0.00;0.00;0.00;0.00;0.00;0.00;0.00;4.78;86.56;2.73;0.00;0.00;2000.00;67.53;
"2019-09-26 04:53:00";6.20;10.90;11.20;0.00;0.00;0.00;0.00;0.00;0.00;0.00;4.68;86.73;2.66;0.00;0.00;2000.00;67.53;
"2019-09-26 04:58:00";6.10;10.90;11.20;0.00;0.00;0.00;0.00;0.00;0.00;0.00;4.62;86.94;2.63;0.00;0.00;2000.00;67.53;
"2019-09-26 05:03:00";6.10;10.90;11.20;0.00;0.00;0.00;0.00;0.00;0.00;0.00;4.54;87.08;2.57;0.00;0.00;2000.00;67.53;
"2019-09-26 05:08:00";6.10;10.90;11.10;0.00;0.00;0.00;0.00;0.00;0.00;0.00;4.50;87.14;2.55;0.00;0.00;2000.00;67.53;
"2019-09-26 05:13:00";6.00;10.90;11.10;0.00;0.00;0.00;0.00;0.00;0.00;0.00;4.43;87.26;2.50;0.00;0.00;2000.00;67.53;
"2019-09-26 05:18:00";5.90;10.80;11.10;0.00;0.00;0.00;0.00;0.00;0.00;0.00;4.37;87.43;2.46;0.00;0.00;2000.00;67.53;
"2019-09-26 05:23:00";5.90;10.80;11.10;0.00;0.00;0.00;0.00;0.00;0.00;0.00;4.33;87.64;2.46;0.00;0.00;2000.00;67.53;
"2019-09-26 05:28:00";5.80;10.80;11.10;0.00;0.00;0.00;0.00;0.00;0.00;0.00;4.34;87.78;2.49;0.00;0.00;2000.00;67.53;
"2019-09-26 05:33:00";5.80;10.80;11.10;0.00;0.00;0.00;0.00;0.00;0.00;0.00;4.32;87.82;2.47;0.00;0.00;2000.00;67.53;
"2019-09-26 05:38:00";5.80;10.70;11.00;0.00;0.00;0.00;0.00;0.00;0.00;0.00;4.29;87.97;2.47;0.00;0.00;2000.00;67.53;
"2019-09-26 05:43:00";5.70;10.70;11.00;0.00;0.00;0.00;0.00;0.00;0.00;0.00;4.28;88.09;2.48;0.00;0.00;2000.00;67.53;
"2019-09-26 05:48:00";5.70;10.60;11.00;0.00;0.00;0.00;0.00;0.00;0.00;0.00;4.20;88.10;2.41;0.00;0.00;2000.00;67.53;
"2019-09-26 05:53:00";5.70;10.60;11.00;0.00;0.00;0.00;0.00;0.00;0.00;0.00;4.08;88.29;2.31;0.00;0.00;2000.00;67.53;
"2019-09-26 05:58:00";5.60;10.60;10.90;0.00;0.00;0.00;0.00;0.00;0.00;0.00;4.04;88.47;2.30;0.00;0.00;2000.00;67.53;
"2019-09-26 06:03:00";5.60;10.60;10.90;0.00;0.00;0.00;0.00;0.00;0.00;0.00;3.95;88.52;2.23;0.00;0.00;2000.00;67.53;
"2019-09-26 06:08:00";5.50;10.60;10.90;0.00;0.00;0.00;0.00;0.00;0.00;0.00;3.89;88.58;2.18;0.00;0.00;2000.00;67.53;
"2019-09-26 06:13:00";5.50;10.60;10.90;0.00;0.00;0.00;0.00;0.00;0.00;0.00;3.84;88.66;2.13;0.00;0.00;2000.00;67.53;
"2019-09-26 06:18:00";5.40;10.60;10.90;0.00;0.00;0.00;0.00;0.00;0.00;0.00;3.71;88.82;2.04;0.00;0.00;2000.00;67.53;
"2019-09-26 06:23:00";5.40;10.50;10.80;0.00;0.00;0.00;0.00;0.00;0.00;0.00;3.66;88.95;2.01;0.00;0.00;2000.00;67.53;
"2019-09-26 06:28:00";5.30;10.50;10.80;0.00;0.00;0.00;0.00;0.00;0.00;0.00;3.65;89.05;2.01;0.00;0.00;2000.00;67.53;
"2019-09-26 06:33:00";5.30;10.50;10.80;0.00;0.00;0.00;0.00;0.00;0.00;0.00;3.65;89.20;2.04;0.00;0.00;2000.00;67.53;
"2019-09-26 06:38:00";5.40;10.40;10.80;0.00;0.00;0.00;0.00;0.00;0.00;0.00;3.59;89.07;1.95;0.00;0.00;2000.00;67.53;
"2019-09-26 06:43:00";5.30;10.40;10.70;0.00;0.00;0.00;0.00;0.00;0.00;0.00;3.53;89.37;1.94;0.00;0.00;2000.00;67.53;
"2019-09-26 06:48:00";5.30;10.40;10.70;0.00;0.00;0.00;0.00;0.00;0.00;0.00;3.46;89.37;1.87;0.00;0.00;2000.00;67.53;
"2019-09-26 06:53:00";5.30;10.30;10.70;0.00;0.00;0.00;0.00;0.00;0.00;0.00;3.41;89.48;1.84;0.00;0.00;2000.00;67.53;
"2019-09-26 06:58:00";5.20;10.40;10.70;0.00;0.00;0.00;0.00;0.00;0.00;0.00;3.36;89.59;1.81;0.00;0.00;2000.00;67.53;
"2019-09-26 07:03:00";5.20;10.30;10.60;0.00;0.00;0.00;0.00;0.00;0.00;0.00;3.33;89.78;1.81;0.00;0.00;2000.00;67.53;
"2019-09-26 07:08:00";5.20;10.30;10.60;0.00;0.00;0.00;0.00;0.00;0.00;0.00;3.25;89.79;1.74;0.00;0.00;2000.00;67.53;
"2019-09-26 07:13:00";5.10;10.20;10.60;0.00;0.00;0.00;0.00;0.00;0.00;0.00;3.26;89.94;1.77;0.00;0.00;2000.00;67.53;
"2019-09-26 07:18:00";5.20;10.20;10.60;0.00;0.00;0.00;0.00;0.00;0.00;0.00;3.22;90.03;1.75;0.00;0.00;2000.00;67.53;
"2019-09-26 07:23:00";5.20;10.20;10.60;0.00;0.00;0.00;0.00;0.00;0.00;0.00;3.16;90.10;1.69;0.00;0.00;2000.00;67.53;
"2019-09-26 07:28:00";5.20;10.20;10.50;0.00;0.00;0.00;0.00;0.00;0.00;0.00;3.08;90.14;1.62;0.00;0.00;2000.00;67.53;
"2019-09-26 07:33:00";5.20;10.20;10.50;0.00;0.00;0.00;0.00;0.00;0.00;0.00;3.09;90.29;1.65;0.00;0.00;2000.00;67.53;
"2019-09-26 07:38:00";5.30;10.20;10.50;0.00;0.00;0.00;0.00;0.00;0.00;0.00;3.08;90.38;1.65;0.00;0.00;2000.00;67.53;
"2019-09-26 07:43:00";5.30;10.20;10.50;0.00;0.00;0.00;0.00;0.00;0.00;0.00;3.05;90.51;1.64;0.00;0.00;2000.00;67.53;
"2019-09-26 07:48:00";5.30;10.20;10.40;0.00;0.00;0.00;0.00;0.00;0.00;0.00;3.01;90.64;1.63;0.00;0.00;2000.00;67.53;
"2019-09-26 07:53:00";5.40;10.10;10.40;0.00;0.00;0.00;0.00;0.00;0.00;0.00;3.03;90.71;1.66;0.00;0.00;2000.00;67.53;
"2019-09-26 07:58:00";5.50;10.10;10.40;0.00;0.00;0.00;0.00;0.00;0.00;0.00;3.05;90.78;1.69;0.00;0.00;2000.00;67.53;
"2019-09-26 08:03:00";5.60;10.10;10.40;0.00;0.00;0.00;0.00;0.00;0.00;0.00;3.10;90.98;1.77;0.00;0.00;2000.00;67.53;
"2019-09-26 08:08:00";5.60;10.10;10.40;0.00;0.00;0.00;0.00;0.00;0.00;0.00;3.20;91.10;1.89;0.00;0.00;2000.00;67.53;
"2019-09-26 08:13:00";5.70;10.10;10.30;0.00;0.00;0.00;0.00;0.00;0.00;0.00;3.32;91.21;2.02;0.00;0.00;2000.00;67.53;
"2019-09-26 08:18:00";5.70;10.00;10.30;0.00;0.00;0.00;0.00;0.00;0.00;0.00;3.42;91.23;2.12;0.00;0.00;2000.00;67.53;
"2019-09-26 08:23:00";5.70;10.00;10.30;0.00;0.00;0.00;0.00;0.00;0.00;0.00;3.51;91.30;2.23;0.00;0.00;2000.00;67.53;
"2019-09-26 08:28:00";5.80;10.00;10.20;0.00;0.00;0.00;0.00;0.00;0.00;0.00;3.75;91.37;2.47;0.00;0.00;2000.00;67.53;
"2019-09-26 08:33:00";5.80;10.00;10.20;0.00;0.00;0.00;0.00;1.20;170.86;1.36;3.89;91.14;2.57;0.00;0.00;2000.00;67.53;
"2019-09-26 08:38:00";6.00;9.90;10.20;0.00;0.00;0.00;0.00;0.00;0.00;0.00;3.97;91.26;2.67;0.00;0.00;2000.00;67.53;
"2019-09-26 08:43:00";6.10;9.90;10.20;0.00;0.00;0.00;0.00;0.00;0.00;2.20;4.01;91.47;2.75;0.00;0.00;2000.00;67.53;
"2019-09-26 08:48:00";6.10;9.90;10.20;0.00;0.00;0.00;0.00;0.50;106.01;2.31;4.12;91.29;2.83;0.00;0.00;2000.00;67.53;
"2019-09-26 08:53:00";6.10;9.90;10.20;0.00;0.00;0.00;0.00;0.00;0.00;1.59;4.16;91.49;2.89;0.00;0.00;2000.00;67.53;
"2019-09-26 08:58:00";6.10;9.90;10.20;0.00;0.00;0.00;0.00;0.00;0.00;0.00;4.24;91.36;2.95;0.00;0.00;2000.00;67.53;
"2019-09-26 09:03:00";6.20;9.80;10.20;0.00;0.00;0.00;0.00;0.00;0.00;0.00;4.34;91.50;3.07;0.00;0.00;2000.00;67.53;
"2019-09-26 09:08:00";6.20;9.80;10.20;0.00;0.00;0.00;0.00;0.00;0.00;0.00;4.44;91.60;3.19;0.00;0.00;2000.00;67.53;
"2019-09-26 09:13:00";6.40;9.80;10.20;0.00;0.00;0.00;0.00;0.00;0.00;0.00;4.58;91.54;3.32;0.00;0.00;2000.00;67.53;
"2019-09-26 09:18:00";6.50;9.80;10.20;0.00;0.00;0.00;0.00;0.00;0.00;0.00;4.80;91.49;3.53;0.00;0.00;2000.00;67.53;
"2019-09-26 09:23:00";6.50;9.80;10.10;0.00;0.00;0.00;0.00;0.00;0.00;0.00;4.96;91.43;3.68;0.00;0.00;2000.00;67.53;
"2019-09-26 09:28:00";6.60;9.80;10.20;0.00;0.00;0.00;0.00;0.00;0.00;0.00;5.16;91.49;3.89;0.00;0.00;2000.00;67.53;
"2019-09-26 09:33:00";6.70;9.80;10.10;0.00;0.00;0.00;0.00;0.00;0.00;0.00;5.36;91.31;4.06;0.00;0.00;2000.00;67.53;
"2019-09-26 09:38:00";6.90;9.70;10.10;0.00;0.00;0.00;0.00;0.00;0.00;0.00;5.56;91.30;4.26;0.00;0.00;2000.00;67.53;
"2019-09-26 09:43:00";7.00;9.70;10.10;0.00;0.00;0.00;0.00;0.00;0.00;0.00;5.78;91.35;4.47;0.00;0.00;2000.00;67.53;
"2019-09-26 09:48:00";7.00;9.70;10.10;0.00;0.00;0.00;0.00;0.00;0.00;0.00;6.05;91.03;4.69;0.00;0.00;2000.00;67.53;
"2019-09-26 09:53:00";7.20;9.70;10.10;0.00;0.00;0.00;0.00;0.00;0.00;0.00;6.43;90.92;5.06;0.00;0.00;2000.00;67.53;
"2019-09-26 09:58:00";7.20;9.70;10.10;0.00;0.00;0.00;0.00;0.00;0.00;0.00;6.86;90.86;5.47;0.00;0.00;2000.00;67.53;
"2019-09-26 10:03:00";7.90;9.70;10.10;0.00;0.00;0.00;0.00;0.00;0.00;0.00;7.36;90.81;5.95;0.00;0.00;2000.00;67.53;
"2019-09-26 10:08:00";9.00;9.70;10.10;0.00;0.00;0.00;0.00;0.00;0.00;0.00;7.40;89.37;5.76;0.00;0.00;2000.00;67.53;
"2019-09-26 10:13:00";9.90;9.70;10.00;0.00;0.00;0.00;0.00;0.00;0.00;0.00;7.68;90.08;6.15;0.00;0.00;2000.00;67.53;
"2019-09-26 10:18:00";10.80;9.60;10.00;0.00;0.00;0.00;0.00;0.00;0.00;0.00;8.35;89.81;6.77;0.00;0.00;2000.00;67.53;
"2019-09-26 10:23:00";11.40;9.60;10.00;0.00;0.00;0.00;0.00;0.00;0.00;0.00;8.60;88.12;6.74;0.00;0.00;2000.00;67.53;
"2019-09-26 10:28:00";12.10;9.70;10.00;0.00;0.00;0.00;0.00;0.00;0.00;0.00;8.81;87.45;6.84;0.00;0.00;2000.00;67.53;
"2019-09-26 10:33:00";12.60;9.60;10.00;0.00;0.00;0.00;0.00;0.00;0.00;0.00;8.69;87.25;6.68;0.00;0.00;2000.00;67.53;
"2019-09-26 10:38:00";13.10;9.60;10.00;0.00;0.00;0.00;0.00;0.00;0.00;0.00;8.93;86.57;6.81;0.00;0.00;2000.00;67.53;
"2019-09-26 10:43:00";13.60;9.70;10.00;0.00;0.00;0.00;0.00;0.00;0.00;0.00;9.04;85.92;6.81;0.00;0.00;2000.00;67.53;
"2019-09-26 10:48:00";14.10;9.70;10.00;0.00;0.00;0.00;0.00;0.00;0.00;0.00;8.97;85.07;6.59;0.00;0.00;2000.00;67.53;
"2019-09-26 10:53:00";14.60;9.70;10.00;0.00;0.00;0.00;0.00;0.00;0.00;0.00;9.11;83.76;6.51;0.00;0.00;2000.00;67.53;
"2019-09-26 10:58:00";15.00;9.70;10.00;0.00;0.00;0.00;0.00;0.00;0.00;0.00;9.31;83.22;6.61;0.00;0.00;2000.00;67.53;
"2019-09-26 11:03:00";15.50;9.70;10.00;0.00;0.00;0.00;0.00;0.00;0.00;0.00;9.58;82.63;6.76;0.00;0.00;2000.00;67.53;
"2019-09-26 11:08:00";16.00;9.70;10.00;0.00;0.00;0.00;0.00;0.00;0.00;0.00;9.84;81.49;6.82;0.00;0.00;2000.00;67.53;
"2019-09-26 11:13:00";16.40;9.70;10.00;0.00;0.00;0.00;0.00;0.00;0.00;0.00;10.15;80.61;6.96;0.00;0.00;2000.00;67.53;
"2019-09-26 11:18:00";16.80;9.80;10.10;0.00;0.00;0.00;0.00;0.00;0.00;0.00;10.18;79.13;6.72;0.00;0.00;2000.00;67.53;
"2019-09-26 11:23:00";17.20;9.80;10.10;0.00;0.00;0.00;0.00;0.00;0.00;0.00;10.38;78.49;6.80;0.00;0.00;2000.00;67.53;
"2019-09-26 11:28:00";17.50;9.90;10.10;0.00;0.00;0.00;0.00;0.00;0.00;0.00;10.40;77.34;6.60;0.00;0.00;2000.00;67.53;
"2019-09-26 11:33:00";17.90;9.90;10.10;0.00;0.00;0.00;0.00;0.00;0.00;0.00;10.75;76.62;6.81;0.00;0.00;2000.00;67.53;
"2019-09-26 11:38:00";18.10;10.00;10.20;0.00;0.00;0.00;0.00;0.00;0.00;0.00;10.74;75.74;6.63;0.00;0.00;2000.00;67.53;
"2019-09-26 11:43:00";17.60;10.00;10.20;0.00;0.00;0.00;0.00;0.00;0.00;0.86;11.26;74.68;6.93;0.00;0.00;2000.00;67.53;
"2019-09-26 11:48:00";16.60;10.10;10.20;0.00;0.00;0.00;0.00;0.00;0.00;0.00;11.53;73.70;6.99;0.00;0.00;2000.00;67.53;
"2019-09-26 11:53:00";16.00;10.10;10.20;0.00;0.00;0.00;0.00;0.00;0.00;0.00;11.76;72.30;6.93;0.00;0.00;2000.00;67.53;
"2019-09-26 11:58:00";16.40;10.20;10.30;0.00;0.00;0.00;0.00;0.00;0.00;0.00;11.60;71.29;6.57;0.00;0.00;2000.00;67.53;
"2019-09-26 12:03:00";17.60;10.20;10.30;0.00;0.00;0.00;0.00;0.00;0.00;0.00;11.95;70.82;6.81;0.00;0.00;2000.00;67.53;
"2019-09-26 12:08:00";18.30;10.20;10.30;0.00;0.00;0.00;0.00;0.00;0.00;0.00;12.15;69.97;6.83;0.00;0.00;2000.00;67.53;
"2019-09-26 12:13:00";18.90;10.30;10.40;0.00;0.00;0.00;0.00;0.00;0.00;0.00;12.14;69.05;6.63;0.00;0.00;2000.00;67.53;
"2019-09-26 12:18:00";19.50;10.30;10.40;0.00;0.00;0.00;0.00;0.00;0.00;1.75;12.28;68.40;6.62;0.00;0.00;2000.00;67.53;
"2019-09-26 12:23:00";20.00;10.40;10.50;0.00;0.00;0.00;0.00;0.00;0.00;0.00;12.46;68.08;6.73;0.00;0.00;2000.00;67.53;
"2019-09-26 12:28:00";20.40;10.40;10.60;0.00;0.00;0.00;0.00;0.00;0.00;0.00;12.40;67.01;6.44;0.00;0.00;2000.00;67.53;
"2019-09-26 12:33:00";20.90;10.50;10.60;0.00;0.00;0.00;0.00;0.00;0.00;0.00;12.54;67.02;6.58;0.00;0.00;2000.00;67.53;
"2019-09-26 12:38:00";21.00;10.60;10.70;0.00;0.00;0.00;0.00;0.00;0.00;0.00;12.78;66.65;6.72;0.00;0.00;2000.00;67.53;
"2019-09-26 12:43:00";21.40;10.60;10.70;0.00;0.00;0.00;0.00;0.00;0.00;0.00;12.99;66.05;6.80;0.00;0.00;2000.00;67.53;
"2019-09-26 12:48:00";21.70;10.70;10.80;0.00;0.00;0.00;0.00;0.00;0.00;0.00;13.04;65.75;6.77;0.00;0.00;2000.00;67.53;
"2019-09-26 12:53:00";21.90;10.80;10.80;0.00;0.00;0.00;0.00;0.00;0.00;0.00;13.02;65.22;6.64;0.00;0.00;2000.00;67.53;
"2019-09-26 12:58:00";22.20;10.90;10.90;0.00;0.00;0.00;0.00;0.00;0.00;0.00;13.02;64.94;6.58;0.00;0.00;2000.00;67.53;
"2019-09-26 13:03:00";22.50;10.90;10.90;0.00;0.00;0.00;0.00;0.00;0.00;0.00;13.18;64.92;6.72;0.00;0.00;2000.00;67.53;
"2019-09-26 13:08:00";22.70;11.00;11.00;0.00;0.00;0.00;0.00;0.00;0.00;0.00;13.67;64.75;7.15;0.00;0.00;2000.00;67.53;
"2019-09-26 13:13:00";22.90;11.10;11.00;0.00;0.00;0.00;0.00;0.00;0.00;0.00;13.97;64.45;7.37;0.00;0.00;2000.00;67.53;
"2019-09-26 13:18:00";23.10;11.20;11.10;0.00;0.00;0.00;0.00;0.00;0.00;1.88;13.77;62.63;6.76;0.00;0.00;2000.00;67.53;
"2019-09-26 13:23:00";23.20;11.20;11.20;0.00;0.00;0.00;0.00;0.00;0.00;0.00;13.79;62.60;6.77;0.00;0.00;2000.00;67.53;
"2019-09-26 13:28:00";23.60;11.20;11.20;0.00;0.00;0.00;0.00;0.00;0.00;0.00;14.04;62.47;6.98;0.00;0.00;2000.00;67.53;
"2019-09-26 13:33:00";23.70;11.30;11.20;0.00;0.00;0.00;0.00;0.00;0.00;0.00;14.27;61.52;6.97;0.00;0.00;2000.00;67.53;
"2019-09-26 13:38:00";23.80;11.30;11.30;0.00;0.00;0.00;0.00;0.00;0.00;0.00;14.34;60.11;6.70;0.00;0.00;2000.00;67.53;
"2019-09-26 13:43:00";23.90;11.40;11.30;0.00;0.00;0.00;0.00;0.00;0.00;0.63;14.11;59.66;6.37;0.00;0.00;2000.00;67.53;
"2019-09-26 13:48:00";24.00;11.50;11.40;0.00;0.00;0.00;0.00;0.82;180.00;0.82;14.18;59.34;6.35;0.00;0.00;2000.00;67.53;
"2019-09-26 13:53:00";24.30;11.60;11.50;0.00;0.00;0.00;0.00;0.00;0.00;0.00;14.39;58.28;6.30;0.00;0.00;2000.00;67.53;
"2019-09-26 13:58:00";24.40;11.70;11.60;0.00;0.00;0.00;0.00;0.00;0.00;0.00;14.40;58.26;6.30;0.00;0.00;2000.00;67.53;
"2019-09-26 14:03:00";24.60;11.80;11.60;0.00;0.00;0.00;0.00;0.00;0.00;0.00;14.70;57.63;6.42;0.00;0.00;2000.00;67.53;
"2019-09-26 14:08:00";24.70;11.90;11.70;0.00;0.00;0.00;0.00;0.00;0.00;0.00;15.00;57.70;6.72;0.00;0.00;2000.00;67.53;
"2019-09-26 14:13:00";24.90;12.00;11.80;0.00;0.00;0.00;0.00;0.00;0.00;0.00;15.17;56.75;6.64;0.00;0.00;2000.00;67.53;
"2019-09-26 14:18:00";25.10;12.10;11.90;0.00;0.00;0.00;0.00;0.00;0.00;0.00;15.13;56.91;6.64;0.00;0.00;2000.00;67.53;
"2019-09-26 14:23:00";25.20;12.20;12.00;0.00;0.00;0.00;0.00;0.00;0.00;0.00;15.24;57.26;6.83;0.00;0.00;2000.00;67.53;
"2019-09-26 14:28:00";25.30;12.20;12.00;0.00;0.00;0.00;0.00;0.00;0.00;1.66;15.39;55.59;6.54;0.00;0.00;2000.00;67.53;
"2019-09-26 14:33:00";25.20;12.20;12.10;0.00;0.00;0.00;0.00;0.00;0.00;0.00;15.16;55.98;6.43;0.00;0.00;2000.00;67.53;
"2019-09-26 14:38:00";25.10;12.30;12.20;0.00;0.00;0.00;0.00;0.00;0.00;0.00;15.18;55.14;6.23;0.00;0.00;2000.00;67.53;
"2019-09-26 14:43:00";25.20;12.40;12.20;0.00;0.00;0.00;0.00;0.00;0.00;0.00;15.18;54.54;6.07;0.00;0.00;2000.00;67.53;
"2019-09-26 14:48:00";25.10;12.50;12.20;0.00;0.00;0.00;0.00;0.00;0.00;0.00;15.39;54.02;6.13;0.00;0.00;2000.00;67.53;
"2019-09-26 14:53:00";25.10;12.50;12.30;0.00;0.00;0.00;0.00;0.61;180.00;0.65;15.47;54.46;6.32;0.00;0.00;2000.00;67.53;
"2019-09-26 14:58:00";25.10;12.60;12.40;0.00;0.00;0.00;0.00;0.00;0.00;0.00;15.63;54.74;6.55;0.00;0.00;2000.00;67.53;
"2019-09-26 15:03:00";25.00;12.70;12.50;0.00;0.00;0.00;0.00;0.00;0.00;0.00;15.64;52.68;6.00;0.00;0.00;2000.00;67.53;
"2019-09-26 15:08:00";25.20;12.80;12.50;0.00;0.00;0.00;0.00;0.00;0.00;0.00;15.64;53.04;6.09;0.00;0.00;2000.00;67.53;
"2019-09-26 15:13:00";25.20;12.90;12.60;0.00;0.00;0.00;0.00;0.00;0.00;0.00;15.98;53.89;6.64;0.00;0.00;2000.00;67.53;
"2019-09-26 15:18:00";25.30;12.90;12.70;0.00;0.00;0.00;0.00;0.00;0.00;0.00;16.17;53.48;6.70;0.00;0.00;2000.00;67.53;
"2019-09-26 15:23:00";25.00;13.00;12.70;0.00;0.00;0.00;0.00;0.00;0.00;0.00;16.30;53.68;6.88;0.00;0.00;2000.00;67.53;
"2019-09-26 15:28:00";24.90;13.10;12.80;0.00;0.00;0.00;0.00;0.00;0.00;0.00;16.12;52.91;6.51;0.00;0.00;2000.00;67.53;
"2019-09-26 15:33:00";25.00;13.20;12.90;0.00;0.00;0.00;0.00;0.00;0.00;0.00;16.00;52.77;6.35;0.00;0.00;2000.00;67.53;
"2019-09-26 15:38:00";25.10;13.30;13.00;0.00;0.00;0.00;0.00;0.00;0.00;0.00;16.12;51.24;6.04;0.00;0.00;2000.00;67.53;
"2019-09-26 15:43:00";25.00;13.40;13.00;0.00;0.00;0.00;0.00;0.00;0.00;2.16;16.06;50.72;5.83;0.00;0.00;2000.00;67.53;
"2019-09-26 15:48:00";25.00;13.40;13.10;0.00;0.00;0.00;0.00;0.00;0.00;0.00;16.30;52.35;6.52;0.00;0.00;2000.00;67.53;
"2019-09-26 15:53:00";24.80;13.40;13.20;0.00;0.00;0.00;0.00;0.00;0.00;0.00;16.51;51.91;6.59;0.00;0.00;2000.00;67.53;
"2019-09-26 15:58:00";24.60;13.50;13.30;0.00;0.00;0.00;0.00;0.00;0.00;0.00;16.34;49.62;5.77;0.00;0.00;2000.00;67.53;
"2019-09-26 16:03:00";24.30;13.50;13.30;0.00;0.00;0.00;0.00;0.00;0.00;0.00;16.47;50.22;6.07;0.00;0.00;2000.00;67.53;
"2019-09-26 16:08:00";24.20;13.60;13.40;0.00;0.00;0.00;0.00;0.00;0.00;0.00;16.56;50.40;6.21;0.00;0.00;2000.00;67.53;
"2019-09-26 16:13:00";24.00;13.70;13.40;0.00;0.00;0.00;0.00;0.00;0.00;0.00;16.84;50.46;6.48;0.00;0.00;2000.00;67.53;
"2019-09-26 16:18:00";23.90;13.80;13.40;0.00;0.00;0.00;0.00;0.00;0.00;0.00;16.67;47.97;5.59;0.00;0.00;2000.00;67.53;
"2019-09-26 16:23:00";23.90;13.80;13.50;0.00;0.00;0.00;0.00;0.00;0.00;0.00;16.59;48.03;5.54;0.00;0.00;2000.00;67.53;
"2019-09-26 16:28:00";23.70;13.90;13.50;0.00;0.00;0.00;0.00;0.00;0.00;0.00;16.66;46.38;5.10;0.00;0.00;2000.00;67.53;
"2019-09-26 16:33:00";23.20;14.00;13.60;0.00;0.00;0.00;0.00;0.00;0.00;0.00;16.50;46.00;4.83;0.00;0.00;2000.00;67.53;
"2019-09-26 16:38:00";23.00;14.00;13.70;0.00;0.00;0.00;0.00;0.00;0.00;0.00;16.47;47.63;5.31;0.00;0.00;2000.00;67.53;
"2019-09-26 16:43:00";22.70;14.00;13.70;0.00;0.00;0.00;0.00;0.00;0.00;0.00;16.60;48.22;5.60;0.00;0.00;2000.00;67.53;
"2019-09-26 16:48:00";22.60;14.10;13.80;0.00;0.00;0.00;0.00;0.00;0.00;0.00;16.74;47.91;5.64;0.00;0.00;2000.00;67.53;
"2019-09-26 16:53:00";22.40;14.20;13.80;0.00;0.00;0.00;0.00;0.00;0.00;0.00;16.76;45.96;5.06;0.00;0.00;2000.00;67.53;
"2019-09-26 16:58:00";22.20;14.20;13.90;0.00;0.00;0.00;0.00;0.00;0.00;0.00;16.84;48.04;5.77;0.00;0.00;2000.00;67.53;
"2019-09-26 17:03:00";21.90;14.30;13.90;0.00;0.00;0.00;0.00;0.00;0.00;0.00;16.88;45.46;5.01;0.00;0.00;2000.00;67.53;
"2019-09-26 17:08:00";21.70;14.30;14.00;0.00;0.00;0.00;0.00;0.00;0.00;0.00;16.86;45.20;4.91;0.00;0.00;2000.00;67.53;
"2019-09-26 17:13:00";21.40;14.40;14.00;0.00;0.00;0.00;0.00;0.00;0.00;0.00;16.90;46.10;5.23;0.00;0.00;2000.00;67.53;
"2019-09-26 17:18:00";21.20;14.40;14.10;0.00;0.00;0.00;0.00;0.00;0.00;0.00;16.77;45.74;5.00;0.00;0.00;2000.00;67.53;
"2019-09-26 17:23:00";21.00;14.50;14.10;0.00;0.00;0.00;0.00;0.00;0.00;0.00;16.72;45.39;4.84;0.00;0.00;2000.00;67.53;
"2019-09-26 17:28:00";20.80;14.50;14.20;0.00;0.00;0.00;0.00;0.00;0.00;0.00;16.81;46.28;5.20;0.00;0.00;2000.00;67.53;
"2019-09-26 17:33:00";20.50;14.60;14.20;0.00;0.00;0.00;0.00;0.00;0.00;0.00;16.69;46.29;5.10;0.00;0.00;2000.00;67.53;
"2019-09-26 17:38:00";20.20;14.60;14.30;0.00;0.00;0.00;0.00;0.00;0.00;0.00;16.74;47.39;5.48;0.00;0.00;2000.00;67.53;
"2019-09-26 17:43:00";19.90;14.60;14.30;0.00;0.00;0.00;0.00;0.00;0.00;0.00;16.60;47.18;5.29;0.00;0.00;2000.00;67.53;
"2019-09-26 17:48:00";19.50;14.60;14.30;0.00;0.00;0.00;0.00;0.00;0.00;0.00;16.54;47.18;5.24;0.00;0.00;2000.00;67.53;
"2019-09-26 17:53:00";19.10;14.70;14.40;0.00;0.00;0.00;0.00;0.00;0.00;0.00;16.32;47.83;5.23;0.00;0.00;2000.00;67.53;
"2019-09-26 17:58:00";18.90;14.70;14.40;0.00;0.00;0.00;0.00;0.00;0.00;0.00;16.25;48.19;5.27;0.00;0.00;2000.00;67.53;
"2019-09-26 18:03:00";18.60;14.70;14.40;0.00;0.00;0.00;0.00;0.00;0.00;0.00;16.19;48.79;5.39;0.00;0.00;2000.00;67.53;
"2019-09-26 18:08:00";18.30;14.80;14.50;0.00;0.00;0.00;0.00;0.00;0.00;0.00;16.29;48.80;5.48;0.00;0.00;2000.00;67.53;
"2019-09-26 18:13:00";18.10;14.80;14.50;0.00;0.00;0.00;0.00;0.00;0.00;0.00;16.28;49.38;5.65;0.00;0.00;2000.00;67.53;
"2019-09-26 18:18:00";17.90;14.80;14.50;0.00;0.00;0.00;0.00;0.00;0.00;0.00;16.28;50.28;5.91;0.00;0.00;2000.00;67.53;
"2019-09-26 18:23:00";17.70;14.80;14.50;0.00;0.00;0.00;0.00;0.00;0.00;0.00;16.19;50.74;5.96;0.00;0.00;2000.00;67.53;
"2019-09-26 18:28:00";17.40;14.80;14.50;0.00;0.00;0.00;0.00;0.00;0.00;0.00;15.93;51.48;5.93;0.00;0.00;2000.00;67.53;
"2019-09-26 18:33:00";17.20;14.80;14.60;0.00;0.00;0.00;0.00;0.00;0.00;0.00;15.68;51.68;5.76;0.00;0.00;2000.00;67.53;
"2019-09-26 18:38:00";16.90;14.80;14.60;0.00;0.00;0.00;0.00;0.00;0.00;0.00;15.51;52.29;5.77;0.00;0.00;2000.00;67.53;
"2019-09-26 18:43:00";16.60;14.90;14.60;0.00;0.00;0.00;0.00;0.00;0.00;0.00;15.28;52.46;5.60;0.00;0.00;2000.00;67.53;
"2019-09-26 18:48:00";16.30;14.90;14.60;0.00;0.00;0.00;0.00;0.00;0.00;0.00;15.03;53.44;5.64;0.00;0.00;2000.00;67.53;
"2019-09-26 18:53:00";16.00;14.90;14.60;0.00;0.00;0.00;0.00;0.00;0.00;0.00;14.77;54.07;5.57;0.00;0.00;2000.00;67.53;
"2019-09-26 18:58:00";15.70;14.90;14.70;0.00;0.00;0.00;0.00;0.00;0.00;0.00;14.53;54.80;5.53;0.00;0.00;2000.00;67.53;
"2019-09-26 19:03:00";15.40;14.90;14.60;0.00;0.00;0.00;0.00;0.00;0.00;0.00;14.19;55.93;5.51;0.00;0.00;2000.00;67.53;
"2019-09-26 19:08:00";15.20;14.90;14.70;0.00;0.00;0.00;0.00;0.00;0.00;0.00;13.79;57.30;5.48;0.00;0.00;2000.00;67.53;
"2019-09-26 19:13:00";14.90;14.90;14.70;0.00;0.00;0.00;0.00;0.00;0.00;0.00;13.35;59.35;5.58;0.00;0.00;2000.00;67.53;
"2019-09-26 19:18:00";14.70;14.90;14.60;0.00;0.00;0.00;0.00;0.00;0.00;0.00;13.02;60.95;5.66;0.00;0.00;2000.00;67.53;
"2019-09-26 19:23:00";14.40;14.90;14.60;0.00;0.00;0.00;0.00;0.00;0.00;0.00;12.75;62.34;5.73;0.00;0.00;2000.00;67.53;
"2019-09-26 19:28:00";14.20;14.90;14.70;0.00;0.00;0.00;0.00;0.00;0.00;0.00;12.57;63.40;5.80;0.00;0.00;2000.00;67.53;
"2019-09-26 19:33:00";14.00;14.90;14.60;0.00;0.00;0.00;0.00;0.00;0.00;0.00;12.28;64.32;5.74;0.00;0.00;2000.00;67.53;
"2019-09-26 19:38:00";13.70;14.80;14.70;0.00;0.00;0.00;0.00;0.00;0.00;0.00;11.97;64.96;5.58;0.00;0.00;2000.00;67.53;
"2019-09-26 19:43:00";13.60;14.80;14.60;0.00;0.00;0.00;0.00;0.00;0.00;0.00;11.60;65.96;5.45;0.00;0.00;2000.00;67.53;
"2019-09-26 19:48:00";13.30;14.80;14.60;0.00;0.00;0.00;0.00;0.00;0.00;0.00;11.37;66.74;5.40;0.00;0.00;2000.00;67.53;
"2019-09-26 19:53:00";13.20;14.80;14.60;0.00;0.00;0.00;0.00;0.00;0.00;0.00;11.09;67.48;5.29;0.00;0.00;2000.00;67.53;
"2019-09-26 19:58:00";12.90;14.70;14.60;0.00;0.00;0.00;0.00;0.00;0.00;0.00;10.85;68.11;5.19;0.00;0.00;2000.00;67.53;
"2019-09-26 20:03:00";12.70;14.70;14.60;0.00;0.00;0.00;0.00;0.00;0.00;0.00;10.58;68.72;5.06;0.00;0.00;2000.00;67.53;
"2019-09-26 20:08:00";12.50;14.70;14.60;0.00;0.00;0.00;0.00;0.00;0.00;0.00;10.32;69.26;4.93;0.00;0.00;2000.00;67.53;
"2019-09-26 20:13:00";12.30;14.70;14.60;0.00;0.00;0.00;0.00;0.00;0.00;0.00;9.97;69.69;4.68;0.00;0.00;2000.00;67.53;
"2019-09-26 20:18:00";12.20;14.70;14.50;0.00;0.00;0.00;0.00;0.00;0.00;0.00;9.62;70.17;4.45;0.00;0.00;2000.00;67.53;
"2019-09-26 20:23:00";12.00;14.60;14.50;0.00;0.00;0.00;0.00;0.00;0.00;0.00;9.37;70.78;4.33;0.00;0.00;2000.00;67.53;
"2019-09-26 20:28:00";11.80;14.60;14.50;0.00;0.00;0.00;0.00;0.00;0.00;0.00;9.16;71.31;4.24;0.00;0.00;2000.00;67.53;
"2019-09-26 20:33:00";11.70;14.60;14.50;0.00;0.00;0.00;0.00;0.00;0.00;0.00;8.98;71.85;4.17;0.00;0.00;2000.00;67.53;
"2019-09-26 20:38:00";11.50;14.50;14.50;0.00;0.00;0.00;0.00;0.00;0.00;0.00;8.86;72.49;4.18;0.00;0.00;2000.00;67.53;
"2019-09-26 20:43:00";11.30;14.50;14.40;0.00;0.00;0.00;0.00;0.00;0.00;0.00;8.65;73.10;4.10;0.00;0.00;2000.00;67.53;
"2019-09-26 20:48:00";11.20;14.50;14.40;0.00;0.00;0.00;0.00;0.00;0.00;0.00;8.48;73.94;4.09;0.00;0.00;2000.00;67.53;
"2019-09-26 20:53:00";11.10;14.40;14.40;0.00;0.00;0.00;0.00;0.00;0.00;0.00;8.27;74.80;4.06;0.00;0.00;2000.00;67.53;
"2019-09-26 20:58:00";11.00;14.40;14.40;0.00;0.00;0.00;0.00;0.00;0.00;0.00;8.18;75.83;4.17;0.00;0.00;2000.00;67.53;
"2019-09-26 21:03:00";10.80;14.40;14.30;0.00;0.00;0.00;0.00;0.00;0.00;0.00;8.05;76.68;4.20;0.00;0.00;2000.00;67.53;
"2019-09-26 21:08:00";10.80;14.30;14.30;0.00;0.00;0.00;0.00;0.00;0.00;0.00;7.93;77.52;4.24;0.00;0.00;2000.00;67.53;
"2019-09-26 21:13:00";10.70;14.30;14.30;0.00;0.00;0.00;0.00;0.00;0.00;0.00;7.84;78.28;4.29;0.00;0.00;2000.00;67.53;
"2019-09-26 21:18:00";10.50;14.30;14.30;0.00;0.00;0.00;0.00;0.00;0.00;0.00;7.76;79.06;4.35;0.00;0.00;2000.00;67.53;
"2019-09-26 21:23:00";10.40;14.30;14.30;0.00;0.00;0.00;0.00;0.00;0.00;0.00;7.66;79.56;4.35;0.00;0.00;2000.00;67.53;
"2019-09-26 21:28:00";10.30;14.20;14.20;0.00;0.00;0.00;0.00;0.00;0.00;0.00;7.57;80.16;4.36;0.00;0.00;2000.00;67.53;
"2019-09-26 21:33:00";10.20;14.20;14.20;0.00;0.00;0.00;0.00;0.00;0.00;0.00;7.51;80.73;4.41;0.00;0.00;2000.00;67.53;
"2019-09-26 21:38:00";10.10;14.10;14.10;0.00;0.00;0.00;0.00;0.00;0.00;0.00;7.44;81.22;4.43;0.00;0.00;2000.00;67.53;
"2019-09-26 21:43:00";10.00;14.10;14.10;0.00;0.00;0.00;0.00;0.00;0.00;0.00;7.30;81.62;4.36;0.00;0.00;2000.00;67.53;
"2019-09-26 21:48:00";9.90;14.10;14.10;0.00;0.00;0.00;0.00;0.00;0.00;0.00;7.19;82.06;4.33;0.00;0.00;2000.00;67.53;
"2019-09-26 21:53:00";9.90;14.00;14.00;0.00;0.00;0.00;0.00;0.00;0.00;0.00;7.06;82.52;4.28;0.00;0.00;2000.00;67.53;
"2019-09-26 21:58:00";9.80;14.00;14.00;0.00;0.00;0.00;0.00;0.00;0.00;0.00;6.92;83.00;4.23;0.00;0.00;2000.00;67.53;
"2019-09-26 22:03:00";9.70;14.00;14.00;0.00;0.00;0.00;0.00;0.00;0.00;0.00;6.88;83.47;4.27;0.00;0.00;2000.00;67.53;
"2019-09-26 22:08:00";9.50;13.90;14.00;0.00;0.00;0.00;0.00;0.00;0.00;0.00;6.82;83.83;4.27;0.00;0.00;2000.00;67.53;
"2019-09-26 22:13:00";9.50;13.90;13.90;0.00;0.00;0.00;0.00;0.00;0.00;0.00;6.74;84.13;4.25;0.00;0.00;2000.00;67.53;
"2019-09-26 22:18:00";9.40;13.80;13.90;0.00;0.00;0.00;0.00;0.00;0.00;0.00;6.69;84.50;4.26;0.00;0.00;2000.00;67.53;
"2019-09-26 22:23:00";9.30;13.80;13.90;0.00;0.00;0.00;0.00;0.00;0.00;0.00;6.53;84.76;4.14;0.00;0.00;2000.00;67.53;
"2019-09-26 22:28:00";9.20;13.80;13.80;0.00;0.00;0.00;0.00;0.00;0.00;0.00;6.32;85.04;3.99;0.00;0.00;2000.00;67.53;
"2019-09-26 22:33:00";9.10;13.70;13.80;0.00;0.00;0.00;0.00;0.00;0.00;0.00;6.24;85.57;4.00;0.00;0.00;2000.00;67.53;
"2019-09-26 22:38:00";9.00;13.60;13.70;0.00;0.00;0.00;0.00;0.00;0.00;0.00;6.16;85.70;3.94;0.00;0.00;2000.00;67.53;
"2019-09-26 22:43:00";9.00;13.60;13.70;0.00;0.00;0.00;0.00;0.00;0.00;0.00;6.05;86.01;3.88;0.00;0.00;2000.00;67.53;
"2019-09-26 22:48:00";9.00;13.60;13.70;0.00;0.00;0.00;0.00;0.00;0.00;0.00;6.00;86.34;3.89;0.00;0.00;2000.00;67.53;
"2019-09-26 22:53:00";8.90;13.50;13.60;0.00;0.00;0.00;0.00;0.00;0.00;0.00;5.94;86.71;3.90;0.00;0.00;2000.00;67.53;
"2019-09-26 22:58:00";8.80;13.50;13.60;0.00;0.00;0.00;0.00;0.00;0.00;0.00;5.92;87.00;3.92;0.00;0.00;2000.00;67.53;
"2019-09-26 23:03:00";8.70;13.50;13.60;0.00;0.00;0.00;0.00;0.00;0.00;0.00;5.97;87.38;4.03;0.00;0.00;2000.00;67.53;
"2019-09-26 23:08:00";8.60;13.40;13.60;0.00;0.00;0.00;0.00;0.00;0.00;0.00;6.02;87.65;4.13;0.00;0.00;2000.00;67.53;
"2019-09-26 23:13:00";8.60;13.40;13.50;0.00;0.00;0.00;0.00;0.00;0.00;0.00;5.88;87.53;3.97;0.00;0.00;2000.00;67.53;
"2019-09-26 23:18:00";8.60;13.40;13.50;0.00;0.00;0.00;0.00;0.00;0.00;0.00;5.71;87.77;3.84;0.00;0.00;2000.00;67.53;
"2019-09-26 23:23:00";8.50;13.40;13.50;0.00;0.00;0.00;0.00;0.00;0.00;0.00;5.57;88.09;3.75;0.00;0.00;2000.00;67.53;
"2019-09-26 23:28:00";8.40;13.40;13.40;0.00;0.00;0.00;0.00;0.00;0.00;0.00;5.50;88.40;3.74;0.00;0.00;2000.00;67.53;
"2019-09-26 23:33:00";8.40;13.30;13.40;0.00;0.00;0.00;0.00;0.00;0.00;0.00;5.57;88.73;3.86;0.00;0.00;2000.00;67.53;
"2019-09-26 23:38:00";8.30;13.30;13.40;0.00;0.00;0.00;0.00;0.00;0.00;0.00;5.50;88.73;3.79;0.00;0.00;2000.00;67.53;
"2019-09-26 23:43:00";8.20;13.30;13.40;0.00;0.00;0.00;0.00;0.00;0.00;0.00;5.44;88.94;3.76;0.00;0.00;2000.00;67.53;
"2019-09-26 23:48:00";8.20;13.20;13.40;0.00;0.00;0.00;0.00;0.00;0.00;0.00;5.38;89.20;3.74;0.00;0.00;2000.00;67.53;
"2019-09-26 23:53:00";8.20;13.20;13.40;0.00;0.00;0.00;0.00;0.00;0.00;0.00;5.36;89.42;3.76;0.00;0.00;2000.00;67.53;
"2019-09-26 23:58:00";8.20;13.20;13.30;0.00;0.00;0.00;0.00;0.00;0.00;0.00;5.38;89.69;3.82;0.00;0.00;2000.00;67.53;
"2019-09-27 00:03:00";8.10;13.10;13.30;0.00;0.00;0.00;0.00;0.00;0.00;0.00;5.39;89.93;3.87;0.00;0.00;2000.00;67.53;
"2019-09-27 00:08:00";8.00;13.00;13.20;0.00;0.00;0.00;0.00;0.00;0.00;0.00;5.41;89.81;3.87;0.00;0.00;2000.00;67.53;
"2019-09-27 00:13:00";7.90;13.00;13.20;0.00;0.00;0.00;0.00;0.00;0.00;0.00;5.43;90.21;3.95;0.00;0.00;2000.00;67.53;
"2019-09-27 00:18:00";7.90;13.00;13.20;0.00;0.00;0.00;0.00;0.00;0.00;0.00;5.42;90.19;3.94;0.00;0.00;2000.00;67.53;
"2019-09-27 00:23:00";7.80;13.00;13.10;0.00;0.00;0.00;0.00;0.00;0.00;0.00;5.36;90.20;3.89;0.00;0.00;2000.00;67.53;
"2019-09-27 00:28:00";7.80;12.90;13.10;0.00;0.00;0.00;0.00;0.00;0.00;0.00;5.24;90.20;3.77;0.00;0.00;2000.00;67.53;
"2019-09-27 00:33:00";7.80;12.90;13.10;0.00;0.00;0.00;0.00;0.00;0.00;0.00;5.09;90.36;3.64;0.00;0.00;2000.00;67.53;
"2019-09-27 00:38:00";7.70;12.90;13.00;0.00;0.00;0.00;0.00;0.00;0.00;0.00;4.99;90.66;3.59;0.00;0.00;2000.00;67.53;
"2019-09-27 00:43:00";7.70;12.80;13.00;0.00;0.00;0.00;0.00;0.00;0.00;0.00;5.06;90.91;3.70;0.00;0.00;2000.00;67.53;
"2019-09-27 00:48:00";7.60;12.80;13.00;0.00;0.00;0.00;0.00;0.00;0.00;0.00;5.16;91.18;3.84;0.00;0.00;2000.00;67.53;
"2019-09-27 00:53:00";7.50;12.70;13.00;0.00;0.00;0.00;0.00;0.00;0.00;0.00;5.19;91.11;3.85;0.00;0.00;2000.00;67.53;
"2019-09-27 00:58:00";7.50;12.70;12.90;0.00;0.00;0.00;0.00;0.00;0.00;0.00;5.13;91.12;3.80;0.00;0.00;2000.00;67.53;
"2019-09-27 01:03:00";7.40;12.70;12.90;0.00;0.00;0.00;0.00;0.00;0.00;0.00;5.07;91.36;3.78;0.00;0.00;2000.00;67.53;
"2019-09-27 01:08:00";7.40;12.70;12.90;0.00;0.00;0.00;0.00;0.00;0.00;0.00;5.00;91.32;3.70;0.00;0.00;2000.00;67.53;
"2019-09-27 01:13:00";7.40;12.60;12.80;0.00;0.00;0.00;0.00;0.00;0.00;0.00;5.00;91.59;3.75;0.00;0.00;2000.00;67.53;
"2019-09-27 01:18:00";7.30;12.60;12.80;0.00;0.00;0.00;0.00;0.00;0.00;0.00;4.96;91.50;3.69;0.00;0.00;2000.00;67.53;
"2019-09-27 01:23:00";7.30;12.50;12.80;0.00;0.00;0.00;0.00;0.00;0.00;0.00;4.81;91.61;3.56;0.00;0.00;2000.00;67.53;
"2019-09-27 01:28:00";7.30;12.50;12.80;0.00;0.00;0.00;0.00;0.00;0.00;0.00;4.77;91.90;3.56;0.00;0.00;2000.00;67.53;
"2019-09-27 01:33:00";7.20;12.50;12.70;0.00;0.00;0.00;0.00;0.00;0.00;0.00;4.80;91.88;3.59;0.00;0.00;2000.00;67.53;
"2019-09-27 01:38:00";7.20;12.40;12.70;0.00;0.00;0.00;0.00;0.00;0.00;0.00;4.68;91.81;3.46;0.00;0.00;2000.00;67.53;
"2019-09-27 01:43:00";7.20;12.40;12.60;0.00;0.00;0.00;0.00;0.00;0.00;0.00;4.56;91.93;3.36;0.00;0.00;2000.00;67.53;
"2019-09-27 01:48:00";7.10;12.40;12.60;0.00;0.00;0.00;0.00;0.00;0.00;0.00;4.52;92.18;3.36;0.00;0.00;2000.00;67.53;
"2019-09-27 01:53:00";7.10;12.30;12.60;0.00;0.00;0.00;0.00;0.00;0.00;0.00;4.57;92.34;3.43;0.00;0.00;2000.00;67.53;
"2019-09-27 01:58:00";7.00;12.30;12.50;0.00;0.00;0.00;0.00;0.00;0.00;0.00;4.52;92.17;3.36;0.00;0.00;2000.00;67.53;
"2019-09-27 02:03:00";7.00;12.30;12.50;0.00;0.00;0.00;0.00;0.00;0.00;0.00;4.43;92.33;3.30;0.00;0.00;2000.00;67.53;
"2019-09-27 02:08:00";7.00;12.20;12.50;0.00;0.00;0.00;0.00;0.00;0.00;0.00;4.35;92.45;3.24;0.00;0.00;2000.00;67.53;
"2019-09-27 02:13:00";6.90;12.20;12.50;0.00;0.00;0.00;0.00;0.00;0.00;0.00;4.31;92.54;3.21;0.00;0.00;2000.00;67.53;
"2019-09-27 02:18:00";6.90;12.20;12.40;0.00;0.00;0.00;0.00;0.00;0.00;0.00;4.25;92.64;3.16;0.00;0.00;2000.00;67.53;
"2019-09-27 02:23:00";6.80;12.20;12.40;0.00;0.00;0.00;0.00;0.00;0.00;0.00;4.31;92.97;3.27;0.00;0.00;2000.00;67.53;
"2019-09-27 02:28:00";6.70;12.20;12.40;0.00;0.00;0.00;0.00;0.00;0.00;0.00;4.36;92.95;3.32;0.00;0.00;2000.00;67.53;
"2019-09-27 02:33:00";6.70;12.20;12.30;0.00;0.00;0.00;0.00;0.00;0.00;0.00;4.35;92.91;3.30;0.00;0.00;2000.00;67.53;
"2019-09-27 02:38:00";6.60;12.20;12.30;0.00;0.00;0.00;0.00;0.00;0.00;0.00;4.24;92.93;3.19;0.00;0.00;2000.00;67.53;
"2019-09-27 02:43:00";6.60;12.10;12.30;0.00;0.00;0.00;0.00;0.00;0.00;0.00;4.27;93.21;3.27;0.00;0.00;2000.00;67.53;
"2019-09-27 02:48:00";6.60;12.10;12.30;0.00;0.00;0.00;0.00;0.00;0.00;0.00;4.28;93.23;3.28;0.00;0.00;2000.00;67.53;
"2019-09-27 02:53:00";6.50;12.00;12.20;0.00;0.00;0.00;0.00;0.00;0.00;0.00;4.34;93.30;3.35;0.00;0.00;2000.00;67.53;
"2019-09-27 02:58:00";6.50;12.00;12.20;0.00;0.00;0.00;0.00;0.00;0.00;0.00;4.38;93.44;3.41;0.00;0.00;2000.00;67.53;
"2019-09-27 03:03:00";6.50;11.90;12.20;0.00;0.00;0.00;0.00;0.00;0.00;0.00;4.32;93.25;3.33;0.00;0.00;2000.00;67.53;
"2019-09-27 03:08:00";6.50;11.90;12.20;0.00;0.00;0.00;0.00;0.00;0.00;0.00;4.16;93.26;3.16;0.00;0.00;2000.00;67.53;
"2019-09-27 03:13:00";6.50;11.90;12.20;0.00;0.00;0.00;0.00;0.00;0.00;0.00;4.04;93.54;3.09;0.00;0.00;2000.00;67.53;
"2019-09-27 03:18:00";6.50;11.90;12.20;0.00;0.00;0.00;0.00;0.00;0.00;0.00;4.11;93.87;3.21;0.00;0.00;2000.00;67.53;
"2019-09-27 03:23:00";6.40;11.80;12.20;0.00;0.00;0.00;0.00;0.00;0.00;0.00;4.14;93.72;3.22;0.00;0.00;2000.00;67.53;
"2019-09-27 03:28:00";6.40;11.80;12.10;0.00;0.00;0.00;0.00;0.00;0.00;0.00;4.10;93.95;3.22;0.00;0.00;2000.00;67.53;
"2019-09-27 03:33:00";6.30;11.80;12.10;0.00;0.00;0.00;0.00;0.00;0.00;0.00;4.01;93.74;3.09;0.00;0.00;2000.00;67.53;
"2019-09-27 03:38:00";6.30;11.70;12.10;0.00;0.00;0.00;0.00;0.00;0.00;0.00;3.97;93.79;3.06;0.00;0.00;2000.00;67.53;
"2019-09-27 03:43:00";6.20;11.70;12.00;0.00;0.00;0.00;0.00;0.00;0.00;0.00;3.84;93.81;2.93;0.00;0.00;2000.00;67.53;
"2019-09-27 03:48:00";6.20;11.70;12.00;0.00;0.00;0.00;0.00;0.00;0.00;0.00;3.76;93.82;2.85;0.00;0.00;2000.00;67.53;
"2019-09-27 03:53:00";6.10;11.70;12.00;0.00;0.00;0.00;0.00;0.00;0.00;0.00;3.64;94.03;2.77;0.00;0.00;2000.00;67.53;
"2019-09-27 03:58:00";6.10;11.60;11.90;0.00;0.00;0.00;0.00;0.00;0.00;0.00;3.57;94.04;2.70;0.00;0.00;2000.00;67.53;
"2019-09-27 04:03:00";6.10;11.60;11.90;0.00;0.00;0.00;0.00;0.00;0.00;0.00;3.52;94.12;2.66;0.00;0.00;2000.00;67.53;
"2019-09-27 04:08:00";6.10;11.60;11.90;0.00;0.00;0.00;0.00;0.00;0.00;0.00;3.57;94.28;2.74;0.00;0.00;2000.00;67.53;
"2019-09-27 04:13:00";6.10;11.50;11.90;0.00;0.00;0.00;0.00;0.00;0.00;0.00;3.54;94.08;2.67;0.00;0.00;2000.00;67.53;
"2019-09-27 04:18:00";6.00;11.50;11.90;0.00;0.00;0.00;0.00;0.00;0.00;0.00;3.53;94.40;2.71;0.00;0.00;2000.00;67.53;
"2019-09-27 04:23:00";6.00;11.50;11.80;0.00;0.00;0.00;0.00;0.00;0.00;0.00;3.51;94.19;2.67;0.00;0.00;2000.00;67.53;
"2019-09-27 04:28:00";5.90;11.40;11.80;0.00;0.00;0.00;0.00;0.00;0.00;0.00;3.48;94.39;2.66;0.00;0.00;2000.00;67.53;
"2019-09-27 04:33:00";5.90;11.40;11.80;0.00;0.00;0.00;0.00;0.00;0.00;0.00;3.37;94.15;2.52;0.00;0.00;2000.00;67.53;
"2019-09-27 04:38:00";5.90;11.40;11.70;0.00;0.00;0.00;0.00;0.00;0.00;0.00;3.28;94.27;2.45;0.00;0.00;2000.00;67.53;
"2019-09-27 04:43:00";5.80;11.30;11.70;0.00;0.00;0.00;0.00;0.00;0.00;0.00;3.18;94.42;2.37;0.00;0.00;2000.00;67.53;
"2019-09-27 04:48:00";5.80;11.30;11.70;0.00;0.00;0.00;0.00;0.00;0.00;0.00;3.29;94.64;2.51;0.00;0.00;2000.00;67.53;
"2019-09-27 04:53:00";5.70;11.30;11.60;0.00;0.00;0.00;0.00;0.00;0.00;0.00;3.26;94.65;2.49;0.00;0.00;2000.00;67.53;
"2019-09-27 04:58:00";5.70;11.30;11.60;0.00;0.00;0.00;0.00;0.00;0.00;0.00;3.19;94.29;2.36;0.00;0.00;2000.00;67.53;
"2019-09-27 05:03:00";5.70;11.20;11.60;0.00;0.00;0.00;0.00;0.00;0.00;0.00;2.97;94.14;2.12;0.00;0.00;2000.00;67.53;
"2019-09-27 05:08:00";5.70;11.20;11.60;0.00;0.00;0.00;0.00;0.00;0.00;0.00;2.83;94.66;2.06;0.00;0.00;2000.00;67.53;
"2019-09-27 05:13:00";5.60;11.20;11.50;0.00;0.00;0.00;0.00;0.00;0.00;0.00;2.80;94.64;2.02;0.00;0.00;2000.00;67.53;
"2019-09-27 05:18:00";5.60;11.20;11.50;0.00;0.00;0.00;0.00;0.00;0.00;0.00;2.81;94.75;2.05;0.00;0.00;2000.00;67.53;
"2019-09-27 05:23:00";5.60;11.20;11.50;0.00;0.00;0.00;0.00;0.00;0.00;0.00;2.74;94.68;1.97;0.00;0.00;2000.00;67.53;
"2019-09-27 05:28:00";5.50;11.20;11.40;0.00;0.00;0.00;0.00;0.00;0.00;0.00;2.67;94.81;1.92;0.00;0.00;2000.00;67.53;
"2019-09-27 05:33:00";5.50;11.20;11.40;0.00;0.00;0.00;0.00;0.00;0.00;0.00;2.80;95.10;2.10;0.00;0.00;2000.00;67.53;
"2019-09-27 05:38:00";5.40;11.10;11.40;0.00;0.00;0.00;0.00;0.00;0.00;0.00;2.87;95.12;2.16;0.00;0.00;2000.00;67.53;
"2019-09-27 05:43:00";5.40;11.10;11.40;0.00;0.00;0.00;0.00;0.00;0.00;0.00;2.79;94.97;2.06;0.00;0.00;2000.00;67.53;
"2019-09-27 05:48:00";5.40;11.10;11.40;0.00;0.00;0.00;0.00;0.00;0.00;0.00;2.72;94.88;1.98;0.00;0.00;2000.00;67.53;
"2019-09-27 05:53:00";5.30;11.10;11.30;0.00;0.00;0.00;0.00;0.00;0.00;0.00;2.66;95.04;1.95;0.00;0.00;2000.00;67.53;
"2019-09-27 05:58:00";5.30;11.00;11.30;0.00;0.00;0.00;0.00;0.00;0.00;0.00;2.56;95.22;1.87;0.00;0.00;2000.00;67.53;
"2019-09-27 06:03:00";5.30;11.00;11.30;0.00;0.00;0.00;0.00;0.00;0.00;0.00;2.61;95.33;1.94;0.00;0.00;2000.00;67.53;
"2019-09-27 06:08:00";5.30;11.00;11.20;0.00;0.00;0.00;0.00;0.00;0.00;0.00;2.80;95.42;2.14;0.00;0.00;2000.00;67.53;
"2019-09-27 06:13:00";5.30;10.90;11.20;0.00;0.00;0.00;0.00;0.00;0.00;0.00;2.84;95.44;2.18;0.00;0.00;2000.00;67.53;
"2019-09-27 06:18:00";5.30;10.90;11.20;0.00;0.00;0.00;0.00;0.00;0.00;0.00;2.81;95.40;2.14;0.00;0.00;2000.00;67.53;
"2019-09-27 06:23:00";5.30;10.90;11.20;0.00;0.00;0.00;0.00;0.00;0.00;0.00;2.85;95.57;2.21;0.00;0.00;2000.00;67.53;
"2019-09-27 06:28:00";5.30;10.90;11.20;0.00;0.00;0.00;0.00;0.00;0.00;0.00;2.79;95.38;2.13;0.00;0.00;2000.00;67.53;
"2019-09-27 06:33:00";5.30;10.80;11.20;0.00;0.00;0.00;0.00;0.00;0.00;0.00;2.82;95.83;2.22;0.00;0.00;2000.00;67.53;
"2019-09-27 06:38:00";5.30;10.80;11.20;0.00;0.00;0.00;0.00;0.00;0.00;0.00;2.91;95.66;2.28;0.00;0.00;2000.00;67.53;
"2019-09-27 06:43:00";5.30;10.80;11.20;0.00;0.00;0.00;0.00;0.00;0.00;0.00;2.84;95.56;2.21;0.00;0.00;2000.00;67.53;
"2019-09-27 06:48:00";5.30;10.80;11.10;0.00;0.00;0.00;0.00;0.00;0.00;0.00;2.82;95.68;2.20;0.00;0.00;2000.00;67.53;
"2019-09-27 06:53:00";5.30;10.70;11.10;0.00;0.00;0.00;0.00;0.00;0.00;0.00;2.86;96.02;2.29;0.00;0.00;2000.00;67.53;
"2019-09-27 06:58:00";5.30;10.70;11.10;0.00;0.00;0.00;0.00;0.00;0.00;0.00;2.94;95.86;2.34;0.00;0.00;2000.00;67.53;
"2019-09-27 07:03:00";5.20;10.70;11.10;0.00;0.00;0.00;0.00;0.00;0.00;0.00;2.88;95.72;2.27;0.00;0.00;2000.00;67.53;
"2019-09-27 07:08:00";5.20;10.60;11.00;0.00;0.00;0.00;0.00;0.00;0.00;0.00;2.79;95.77;2.18;0.00;0.00;2000.00;67.53;
"2019-09-27 07:13:00";5.20;10.60;11.00;0.00;0.00;0.00;0.00;0.00;0.00;0.00;2.72;95.82;2.12;0.00;0.00;2000.00;67.53;
"2019-09-27 07:18:00";5.20;10.60;11.00;0.00;0.00;0.00;0.00;0.00;0.00;0.00;2.71;95.89;2.12;0.00;0.00;2000.00;67.53;
"2019-09-27 07:23:00";5.30;10.60;11.00;0.00;0.00;0.00;0.00;0.00;0.00;0.00;2.83;96.18;2.28;0.00;0.00;2000.00;67.53;
"2019-09-27 07:28:00";5.30;10.60;10.90;0.00;0.00;0.00;0.00;0.00;0.00;0.00;2.81;96.02;2.23;0.00;0.00;2000.00;67.53;
"2019-09-27 07:33:00";5.30;10.50;10.90;0.00;0.00;0.00;0.00;0.00;0.00;0.00;2.81;96.07;2.25;0.00;0.00;2000.00;67.53;
"2019-09-27 07:38:00";5.40;10.50;10.90;0.00;0.00;0.00;0.00;0.00;0.00;0.00;2.85;96.15;2.29;0.00;0.00;2000.00;67.53;
"2019-09-27 07:43:00";5.50;10.50;10.90;0.00;0.00;0.00;0.00;0.00;0.00;0.00;2.90;96.20;2.36;0.00;0.00;2000.00;67.53;
"2019-09-27 07:48:00";5.60;10.50;10.80;0.00;0.00;0.00;0.00;0.00;0.00;0.00;2.79;95.94;2.21;0.00;0.00;2000.00;67.53;
"2019-09-27 07:53:00";5.70;10.40;10.80;0.00;0.00;0.00;0.00;0.00;0.00;0.00;2.75;96.10;2.19;0.00;0.00;2000.00;67.53;
"2019-09-27 07:58:00";5.70;10.40;10.80;0.00;0.00;0.00;0.00;0.00;0.00;0.00;2.87;96.62;2.39;0.00;0.00;2000.00;67.53;
"2019-09-27 08:03:00";5.80;10.40;10.70;0.00;0.00;0.00;0.00;0.00;0.00;0.00;2.98;96.56;2.49;0.00;0.00;2000.00;67.53;
"2019-09-27 08:08:00";5.80;10.30;10.70;0.00;0.00;0.00;0.00;0.00;0.00;0.00;3.12;96.52;2.62;0.00;0.00;2000.00;67.53;
"2019-09-27 08:13:00";5.90;10.30;10.70;0.00;0.00;0.00;0.00;0.00;0.00;0.00;3.25;96.69;2.78;0.00;0.00;2000.00;67.53;
"2019-09-27 08:18:00";6.00;10.30;10.70;0.00;0.00;0.00;0.00;0.00;0.00;0.00;3.44;96.86;2.99;0.00;0.00;2000.00;67.53;
"2019-09-27 08:23:00";6.10;10.30;10.70;0.00;0.00;0.00;0.00;0.00;0.00;0.00;3.76;97.33;3.37;0.00;0.00;2000.00;67.53;
"2019-09-27 08:28:00";6.10;10.30;10.70;0.00;0.00;0.00;0.00;0.00;0.00;0.00;4.18;97.31;3.79;0.00;0.00;2000.00;67.53;
"2019-09-27 08:33:00";6.20;10.30;10.60;0.00;0.00;0.00;0.00;0.00;0.00;0.00;4.44;96.92;3.99;0.00;0.00;2000.00;67.53;
"2019-09-27 08:38:00";6.30;10.20;10.60;0.00;0.00;0.00;0.00;0.00;0.00;0.00;4.54;96.41;4.02;0.00;0.00;2000.00;67.53;
"2019-09-27 08:43:00";6.40;10.20;10.60;0.00;0.00;0.00;0.00;0.00;0.00;0.00;4.55;96.81;4.09;0.00;0.00;2000.00;67.53;
"2019-09-27 08:48:00";6.50;10.20;10.60;0.00;0.00;0.00;0.00;0.00;0.00;0.00;4.77;96.96;4.33;0.00;0.00;2000.00;67.53;
"2019-09-27 08:53:00";6.60;10.20;10.60;0.00;0.00;0.00;0.00;0.00;0.00;0.00;4.86;96.98;4.42;0.00;0.00;2000.00;67.53;
"2019-09-27 08:58:00";6.70;10.20;10.50;0.00;0.00;0.00;0.00;0.00;0.00;0.00;4.91;97.04;4.48;0.00;0.00;2000.00;67.53;
"2019-09-27 09:03:00";6.80;10.20;10.50;0.00;0.00;0.00;0.00;0.00;0.00;0.00;4.99;97.09;4.57;0.00;0.00;2000.00;67.53;
"2019-09-27 09:08:00";6.90;10.20;10.50;0.00;0.00;0.00;0.00;0.00;0.00;0.00;5.12;97.19;4.71;0.00;0.00;2000.00;67.53;
"2019-09-27 09:13:00";7.00;10.20;10.50;0.00;0.00;0.00;0.00;0.00;0.00;0.00;5.30;97.28;4.90;0.00;0.00;2000.00;67.53;
"2019-09-27 09:18:00";7.10;10.20;10.50;0.00;0.00;0.00;0.00;0.00;0.00;0.00;5.39;97.22;4.99;0.00;0.00;2000.00;67.53;
"2019-09-27 09:23:00";7.20;10.20;10.50;0.00;0.00;0.00;0.00;0.00;0.00;0.00;5.56;97.42;5.18;0.00;0.00;2000.00;67.53;
"2019-09-27 09:28:00";7.40;10.20;10.40;0.00;0.00;0.00;0.00;0.00;0.00;0.00;5.77;97.43;5.39;0.00;0.00;2000.00;67.53;
"2019-09-27 09:33:00";7.40;10.10;10.40;0.00;0.00;0.00;0.00;0.00;0.00;0.00;5.95;97.58;5.60;0.00;0.00;2000.00;67.53;
"2019-09-27 09:38:00";7.50;10.10;10.40;0.00;0.00;0.00;0.00;0.00;0.00;0.00;6.23;97.64;5.89;0.00;0.00;2000.00;67.53;
"2019-09-27 09:43:00";7.60;10.10;10.40;0.00;0.00;0.00;0.00;0.00;0.00;0.00;6.54;97.77;6.21;0.00;0.00;2000.00;67.53;
"2019-09-27 09:48:00";7.80;10.10;10.40;0.00;0.00;0.00;0.00;0.00;0.00;0.00;6.83;97.49;6.46;0.00;0.00;2000.00;67.53;
"2019-09-27 09:53:00";7.90;10.10;10.40;0.00;0.00;0.00;0.00;0.00;0.00;0.00;7.40;98.14;7.13;0.00;0.00;2000.00;67.53;
"2019-09-27 09:58:00";8.00;10.10;10.40;0.00;0.00;0.00;0.00;0.00;0.00;0.00;7.84;97.33;7.45;0.00;0.00;2000.00;67.53;
"2019-09-27 10:03:00";8.20;10.10;10.40;0.00;0.00;0.00;0.00;0.00;0.00;0.00;8.37;97.25;7.96;0.00;0.00;2000.00;67.53;
"2019-09-27 10:08:00";8.70;10.10;10.40;0.00;0.00;0.00;0.00;0.00;0.00;0.00;8.60;95.83;7.97;0.00;0.00;2000.00;67.53;
"2019-09-27 10:13:00";9.90;10.10;10.30;0.00;0.00;0.00;0.00;0.00;0.00;0.00;8.69;97.29;8.29;0.00;0.00;2000.00;67.53;
"2019-09-27 10:18:00";10.90;10.10;10.30;0.00;0.00;0.00;0.00;0.00;0.00;0.00;9.13;96.77;8.64;0.00;0.00;2000.00;67.53;
"2019-09-27 10:23:00";11.70;10.10;10.30;0.00;0.00;0.00;0.00;0.00;0.00;0.00;9.19;96.42;8.65;0.00;0.00;2000.00;67.53;
"2019-09-27 10:28:00";12.40;10.10;10.30;0.00;0.00;0.00;0.00;0.00;0.00;0.00;9.30;96.43;8.76;0.00;0.00;2000.00;67.53;
"2019-09-27 10:33:00";13.00;10.10;10.30;0.00;0.00;0.00;0.00;0.00;0.00;0.00;9.47;96.58;8.96;0.00;0.00;2000.00;67.53;
"2019-09-27 10:38:00";13.50;10.10;10.30;0.00;0.00;0.00;0.00;0.00;0.00;0.00;9.71;97.19;9.29;0.00;0.00;2000.00;67.53;
"2019-09-27 10:43:00";14.10;10.10;10.30;0.00;0.00;0.00;0.00;0.00;0.00;0.00;10.21;97.15;9.78;0.00;0.00;2000.00;67.53;
"2019-09-27 10:48:00";14.60;10.10;10.30;0.00;0.00;0.00;0.00;0.00;0.00;0.00;10.27;96.57;9.75;0.00;0.00;2000.00;67.53;
"2019-09-27 10:53:00";15.20;10.10;10.30;0.00;0.00;0.00;0.00;0.00;0.00;0.00;10.70;96.42;10.15;0.00;0.00;2000.00;67.53;
"2019-09-27 10:58:00";15.60;10.20;10.40;0.00;0.00;0.00;0.00;0.00;0.00;0.00;11.19;95.85;10.55;0.00;0.00;2000.00;67.53;
"2019-09-27 11:03:00";16.00;10.20;10.40;0.00;0.00;0.00;0.00;0.00;0.00;0.00;11.24;96.30;10.67;0.00;0.00;2000.00;67.53;
"2019-09-27 11:08:00";16.50;10.20;10.40;0.00;0.00;0.00;0.00;0.00;0.00;0.00;11.46;94.64;10.63;0.00;0.00;2000.00;67.53;
"2019-09-27 11:13:00";16.90;10.20;10.40;0.00;0.00;0.00;0.00;0.00;0.00;0.00;11.32;94.25;10.42;0.00;0.00;2000.00;67.53;
"2019-09-27 11:18:00";17.30;10.20;10.40;0.00;0.00;0.00;0.00;0.00;0.00;0.00;11.62;94.60;10.78;0.00;0.00;2000.00;67.53;
"2019-09-27 11:23:00";17.80;10.20;10.40;0.00;0.00;0.00;0.00;0.00;0.00;0.00;11.76;93.03;10.66;0.00;0.00;2000.00;67.53;
"2019-09-27 11:28:00";18.10;10.20;10.50;0.00;0.00;0.00;0.00;0.00;0.00;0.00;11.82;93.05;10.74;0.00;0.00;2000.00;67.53;
"2019-09-27 11:33:00";18.40;10.30;10.50;0.00;0.00;0.00;0.00;0.00;0.00;0.00;12.11;91.79;10.82;0.00;0.00;2000.00;67.53;
"2019-09-27 11:38:00";18.70;10.30;10.50;0.00;0.00;0.00;0.00;0.00;0.00;0.00;12.55;90.33;11.01;0.00;0.00;2000.00;67.53;
"2019-09-27 11:43:00";18.10;10.40;10.60;0.00;0.00;0.00;0.00;0.00;0.00;0.00;12.74;89.13;10.99;0.00;0.00;2000.00;67.53;
"2019-09-27 11:48:00";18.10;10.40;10.60;0.00;0.00;0.00;0.00;0.00;0.00;0.00;13.00;87.63;10.99;0.00;0.00;2000.00;67.53;
"2019-09-27 11:53:00";18.00;10.50;10.70;0.00;0.00;0.00;0.00;0.00;0.00;0.00;13.08;87.41;11.03;0.00;0.00;2000.00;67.53;
"2019-09-27 11:58:00";18.40;10.50;10.70;0.00;0.00;0.00;0.00;0.00;0.00;0.00;13.46;85.77;11.13;0.00;0.00;2000.00;67.53;
"2019-09-27 12:03:00";19.10;10.60;10.70;0.00;0.00;0.00;0.00;0.00;0.00;0.00;13.52;84.01;10.87;0.00;0.00;2000.00;67.53;
"2019-09-27 12:08:00";19.70;10.60;10.80;0.00;0.00;0.00;0.00;0.00;0.00;0.00;14.02;83.35;11.24;0.00;0.00;2000.00;67.53;
"2019-09-27 12:13:00";20.20;10.70;10.80;0.00;0.00;0.00;0.00;0.00;0.00;0.00;14.39;81.68;11.30;0.00;0.00;2000.00;67.53;
"2019-09-27 12:18:00";20.70;10.80;10.90;0.00;0.00;0.00;0.00;0.00;0.00;0.00;14.25;80.48;10.93;0.00;0.00;2000.00;67.53;
"2019-09-27 12:23:00";21.00;10.80;11.00;0.00;0.00;0.00;0.00;0.00;0.00;0.00;14.30;79.26;10.75;0.00;0.00;2000.00;67.53;
"2019-09-27 12:28:00";21.40;10.90;11.00;0.00;0.00;0.00;0.00;0.00;0.00;0.00;14.49;78.99;10.89;0.00;0.00;2000.00;67.53;
"2019-09-27 12:33:00";21.80;11.00;11.10;0.00;0.00;0.00;0.00;0.00;0.00;0.00;14.77;77.92;10.95;0.00;0.00;2000.00;67.53;
"2019-09-27 12:38:00";22.00;11.00;11.10;0.00;0.00;0.00;0.00;0.00;0.00;0.00;14.76;76.36;10.64;0.00;0.00;2000.00;67.53;
"2019-09-27 12:43:00";22.40;11.10;11.20;0.00;0.00;0.00;0.00;0.00;0.00;0.00;14.82;76.02;10.63;0.00;0.00;2000.00;67.53;
"2019-09-27 12:48:00";22.70;11.20;11.20;0.00;0.00;0.00;0.00;0.00;0.00;0.00;15.47;75.23;11.11;0.00;0.00;2000.00;67.53;
"2019-09-27 12:53:00";22.90;11.20;11.20;0.00;0.00;0.00;0.00;0.00;0.00;0.00;15.49;73.32;10.73;0.00;0.00;2000.00;67.53;
"2019-09-27 12:58:00";23.30;11.20;11.20;0.00;0.00;0.00;0.00;0.00;0.00;0.00;15.63;73.31;10.87;0.00;0.00;2000.00;67.53;
"2019-09-27 13:03:00";23.50;11.30;11.30;0.00;0.00;0.00;0.00;0.00;0.00;0.00;15.80;73.43;11.06;0.00;0.00;2000.00;67.53;
"2019-09-27 13:08:00";23.70;11.40;11.40;0.00;0.00;0.00;0.00;0.00;0.00;0.00;15.91;71.92;10.84;0.00;0.00;2000.00;67.53;
"2019-09-27 13:13:00";23.90;11.40;11.40;0.00;0.00;0.00;0.00;0.00;0.00;0.00;16.09;71.59;10.95;0.00;0.00;2000.00;67.53;
"2019-09-27 13:18:00";24.20;11.50;11.50;0.00;0.00;0.00;0.00;0.00;0.00;0.00;16.44;70.48;11.05;0.00;0.00;2000.00;67.53;
"2019-09-27 13:23:00";24.30;11.60;11.60;0.00;0.00;0.00;0.00;0.00;0.00;0.00;16.31;69.18;10.65;0.00;0.00;2000.00;67.53;
"2019-09-27 13:28:00";24.50;11.70;11.60;0.00;0.00;0.00;0.00;0.00;0.00;0.00;16.34;69.37;10.72;0.00;0.00;2000.00;67.53;
"2019-09-27 13:33:00";24.70;11.80;11.70;0.00;0.00;0.00;0.00;0.00;0.00;0.00;16.58;68.38;10.73;0.00;0.00;2000.00;67.53;
"2019-09-27 13:38:00";24.90;11.90;11.80;0.00;0.00;0.00;0.00;0.00;0.00;0.00;16.76;68.35;10.90;0.00;0.00;2000.00;67.53;
"2019-09-27 13:43:00";25.10;11.90;11.80;0.00;0.00;0.00;0.00;0.00;0.00;0.00;16.79;67.86;10.81;0.00;0.00;2000.00;67.53;
"2019-09-27 13:48:00";25.20;12.10;11.90;0.00;0.00;0.00;0.00;0.00;0.00;0.00;16.56;66.88;10.38;0.00;0.00;2000.00;67.53;
"2019-09-27 13:53:00";25.30;12.10;12.00;0.00;0.00;0.00;0.00;0.00;0.00;0.00;16.67;67.21;10.56;0.00;0.00;2000.00;67.53;
"2019-09-27 13:58:00";25.50;12.20;12.10;0.00;0.00;0.00;0.00;0.00;0.00;0.00;16.83;67.33;10.73;0.00;0.00;2000.00;67.53;
"2019-09-27 14:03:00";25.70;12.20;12.20;0.00;0.00;0.00;0.00;0.00;0.00;0.00;16.96;66.68;10.71;0.00;0.00;2000.00;67.53;
"2019-09-27 14:08:00";25.80;12.30;12.20;0.00;0.00;0.00;0.00;0.00;0.00;0.69;16.75;66.59;10.50;0.00;0.00;2000.00;67.53;
"2019-09-27 14:13:00";25.80;12.40;12.20;0.00;0.00;0.00;0.00;0.00;0.00;0.00;16.94;66.67;10.69;0.00;0.00;2000.00;67.53;
"2019-09-27 14:18:00";25.80;12.50;12.30;0.00;0.00;0.00;0.00;0.00;0.00;0.00;17.06;66.35;10.73;0.00;0.00;2000.00;67.53;
"2019-09-27 14:23:00";25.90;12.50;12.30;0.00;0.00;0.00;0.00;0.00;0.00;0.00;17.04;66.36;10.72;0.00;0.00;2000.00;67.53;
"2019-09-27 14:28:00";26.00;12.60;12.40;0.00;0.00;0.00;0.00;0.00;0.00;0.00;17.15;66.67;10.89;0.00;0.00;2000.00;67.53;
"2019-09-27 14:33:00";26.00;12.70;12.50;0.00;0.00;0.00;0.00;0.00;0.00;0.00;17.17;66.35;10.85;0.00;0.00;2000.00;67.53;
"2019-09-27 14:38:00";26.00;12.80;12.60;0.00;0.00;0.00;0.00;0.00;0.00;0.00;17.14;66.21;10.78;0.00;0.00;2000.00;67.53;
"2019-09-27 14:43:00";26.00;12.90;12.70;0.00;0.00;0.00;0.00;0.00;0.00;0.00;17.54;66.45;11.21;0.00;0.00;2000.00;67.53;
"2019-09-27 14:48:00";26.00;13.00;12.80;0.00;0.00;0.00;0.00;0.00;0.00;0.00;17.74;65.59;11.21;0.00;0.00;2000.00;67.53;
"2019-09-27 14:53:00";26.10;13.10;12.80;0.00;0.00;0.00;0.00;0.00;0.00;0.00;17.83;65.87;11.36;0.00;0.00;2000.00;67.53;
"2019-09-27 14:58:00";26.10;13.20;12.90;0.00;0.00;0.00;0.00;0.00;0.00;0.00;17.80;64.82;11.09;0.00;0.00;2000.00;67.53;
"2019-09-27 15:03:00";26.10;13.30;13.00;0.00;0.00;0.00;0.00;0.00;0.00;0.00;17.75;65.16;11.12;0.00;0.00;2000.00;67.53;
"2019-09-27 15:08:00";26.10;13.40;13.10;0.00;0.00;0.00;0.00;0.00;0.00;0.00;18.15;65.19;11.51;0.00;0.00;2000.00;67.53;
"2019-09-27 15:13:00";26.10;13.40;13.10;0.00;0.00;0.00;0.00;0.00;0.00;0.00;17.90;64.11;11.02;0.00;0.00;2000.00;67.53;
"2019-09-27 15:18:00";26.10;13.40;13.20;0.00;0.00;0.00;0.00;0.00;0.00;0.00;18.02;64.47;11.21;0.00;0.00;2000.00;67.53;
"2019-09-27 15:23:00";26.00;13.50;13.30;0.00;0.00;0.00;0.00;0.00;0.00;0.00;18.10;64.78;11.37;0.00;0.00;2000.00;67.53;
"2019-09-27 15:28:00";25.80;13.60;13.30;0.00;0.00;0.00;0.00;0.00;0.00;0.00;18.04;64.03;11.13;0.00;0.00;2000.00;67.53;
"2019-09-27 15:33:00";25.80;13.70;13.40;0.00;0.00;0.00;0.00;0.00;0.00;0.00;18.24;64.17;11.36;0.00;0.00;2000.00;67.53;
"2019-09-27 15:38:00";25.70;13.70;13.40;0.00;0.00;0.00;0.00;0.00;0.00;0.00;18.34;63.45;11.28;0.00;0.00;2000.00;67.53;
"2019-09-27 15:43:00";25.70;13.80;13.40;0.00;0.00;0.00;0.00;0.00;0.00;0.00;18.35;63.52;11.30;0.00;0.00;2000.00;67.53;
"2019-09-27 15:48:00";25.60;13.90;13.50;0.00;0.00;0.00;0.00;0.00;0.00;0.00;18.26;62.98;11.09;0.00;0.00;2000.00;67.53;
"2019-09-27 15:53:00";25.50;13.90;13.60;0.00;0.00;0.00;0.00;0.00;0.00;0.00;18.31;63.78;11.33;0.00;0.00;2000.00;67.53;
"2019-09-27 15:58:00";25.30;14.00;13.70;0.00;0.00;0.00;0.00;0.00;0.00;0.00;18.39;63.30;11.29;0.00;0.00;2000.00;67.53;
"2019-09-27 16:03:00";25.10;14.10;13.70;0.00;0.00;0.00;0.00;0.00;0.00;0.00;18.69;63.33;11.58;0.00;0.00;2000.00;67.53;
"2019-09-27 16:08:00";25.10;14.20;13.80;0.00;0.00;0.00;0.00;0.00;0.00;0.00;18.95;62.30;11.58;0.00;0.00;2000.00;67.53;
"2019-09-27 16:13:00";24.90;14.20;13.90;0.00;0.00;0.00;0.00;0.00;0.00;0.00;18.79;62.54;11.48;0.00;0.00;2000.00;67.53;
"2019-09-27 16:18:00";24.80;14.30;13.90;0.00;0.00;0.00;0.00;0.00;0.00;0.00;18.77;62.67;11.49;0.00;0.00;2000.00;67.53;
"2019-09-27 16:23:00";24.60;14.40;14.00;0.00;0.00;0.00;0.00;0.00;0.00;0.00;18.73;62.30;11.37;0.00;0.00;2000.00;67.53;
"2019-09-27 16:28:00";24.40;14.40;14.10;0.00;0.00;0.00;0.00;0.00;0.00;0.00;18.83;62.35;11.48;0.00;0.00;2000.00;67.53;
"2019-09-27 16:33:00";24.20;14.50;14.20;0.00;0.00;0.00;0.00;0.00;0.00;0.00;18.38;62.04;10.97;0.00;0.00;2000.00;67.53;
"2019-09-27 16:38:00";24.00;14.60;14.20;0.00;0.00;0.00;0.00;0.00;0.00;0.00;18.63;62.64;11.36;0.00;0.00;2000.00;67.53;
"2019-09-27 16:43:00";23.90;14.60;14.30;0.00;0.00;0.00;0.00;0.00;0.00;0.00;18.55;62.72;11.30;0.00;0.00;2000.00;67.53;
"2019-09-27 16:48:00";23.60;14.70;14.30;0.00;0.00;0.00;0.00;0.00;0.00;0.00;18.57;62.98;11.38;0.00;0.00;2000.00;67.53;
"2019-09-27 16:53:00";23.40;14.70;14.40;0.00;0.00;0.00;0.00;0.00;0.00;0.00;18.36;63.18;11.23;0.00;0.00;2000.00;67.53;
"2019-09-27 16:58:00";23.20;14.80;14.40;0.00;0.00;0.00;0.00;0.00;0.00;0.00;18.31;63.59;11.28;0.00;0.00;2000.00;67.53;
"2019-09-27 17:03:00";23.00;14.90;14.50;0.00;0.00;0.00;0.00;0.00;0.00;0.00;18.50;64.23;11.61;0.00;0.00;2000.00;67.53;
"2019-09-27 17:08:00";22.70;14.90;14.50;0.00;0.00;0.00;0.00;0.00;0.00;0.00;18.54;64.15;11.63;0.00;0.00;2000.00;67.53;
"2019-09-27 17:13:00";22.60;14.90;14.60;0.00;0.00;0.00;0.00;0.00;0.00;0.00;18.47;63.79;11.48;0.00;0.00;2000.00;67.53;
"2019-09-27 17:18:00";22.40;15.00;14.60;0.00;0.00;0.00;0.00;0.00;0.00;0.00;18.18;64.15;11.29;0.00;0.00;2000.00;67.53;
"2019-09-27 17:23:00";22.10;15.00;14.70;0.00;0.00;0.00;0.00;0.00;0.00;0.00;18.07;64.70;11.32;0.00;0.00;2000.00;67.53;
"2019-09-27 17:28:00";21.70;15.00;14.70;0.00;0.00;0.00;0.00;0.00;0.00;0.00;17.92;64.92;11.22;0.00;0.00;2000.00;67.53;
"2019-09-27 17:33:00";21.50;15.00;14.80;0.00;0.00;0.00;0.00;0.00;0.00;0.00;18.02;65.54;11.47;0.00;0.00;2000.00;67.53;
"2019-09-27 17:38:00";21.20;15.10;14.80;0.00;0.00;0.00;0.00;0.00;0.00;0.00;18.11;65.39;11.51;0.00;0.00;2000.00;67.53;
"2019-09-27 17:43:00";21.00;15.10;14.90;0.00;0.00;0.00;0.00;0.00;0.00;0.00;17.93;65.49;11.37;0.00;0.00;2000.00;67.53;
"2019-09-27 17:48:00";20.80;15.10;14.90;0.00;0.00;0.00;0.00;0.00;0.00;0.00;17.73;65.90;11.27;0.00;0.00;2000.00;67.53;
"2019-09-27 17:53:00";20.50;15.20;14.90;0.00;0.00;0.00;0.00;0.00;0.00;0.00;17.55;66.32;11.20;0.00;0.00;2000.00;67.53;
"2019-09-27 17:58:00";20.10;15.20;14.90;0.00;0.00;0.00;0.00;0.00;0.00;0.00;17.46;66.74;11.20;0.00;0.00;2000.00;67.53;
"2019-09-27 18:03:00";19.90;15.20;15.00;0.00;0.00;0.00;0.00;0.00;0.00;0.00;17.40;67.26;11.26;0.00;0.00;2000.00;67.53;
"2019-09-27 18:08:00";19.60;15.20;15.00;0.00;0.00;0.00;0.00;0.00;0.00;0.00;17.22;67.59;11.17;0.00;0.00;2000.00;67.53;
"2019-09-27 18:13:00";19.40;15.20;15.00;0.00;0.00;0.00;0.00;0.00;0.00;0.00;17.05;68.02;11.10;0.00;0.00;2000.00;67.53;
"2019-09-27 18:18:00";19.10;15.30;15.00;0.00;0.00;0.00;0.00;0.00;0.00;0.00;16.94;68.37;11.07;0.00;0.00;2000.00;67.53;
"2019-09-27 18:23:00";18.90;15.30;15.00;0.00;0.00;0.00;0.00;0.00;0.00;0.00;16.79;68.75;11.02;0.00;0.00;2000.00;67.53;
"2019-09-27 18:28:00";18.60;15.30;15.00;0.00;0.00;0.00;0.00;0.00;0.00;0.00;16.65;69.08;10.95;0.00;0.00;2000.00;67.53;
"2019-09-27 18:33:00";18.30;15.30;15.00;0.00;0.00;0.00;0.00;0.00;0.00;0.00;16.49;69.46;10.88;0.00;0.00;2000.00;67.53;
"2019-09-27 18:38:00";18.10;15.30;15.00;0.00;0.00;0.00;0.00;0.00;0.00;0.00;16.28;69.86;10.77;0.00;0.00;2000.00;67.53;
"2019-09-27 18:43:00";17.70;15.30;15.10;0.00;0.00;0.00;0.00;0.00;0.00;0.00;16.08;70.28;10.66;0.00;0.00;2000.00;67.53;
"2019-09-27 18:48:00";17.30;15.30;15.10;0.00;0.00;0.00;0.00;0.00;0.00;0.00;15.85;70.60;10.51;0.00;0.00;2000.00;67.53;
"2019-09-27 18:53:00";17.20;15.40;15.10;0.00;0.00;0.00;0.00;0.00;0.00;0.00;15.62;70.99;10.37;0.00;0.00;2000.00;67.53;
"2019-09-27 18:58:00";16.80;15.40;15.10;0.00;0.00;0.00;0.00;0.00;0.00;0.00;15.39;71.42;10.25;0.00;0.00;2000.00;67.53;
"2019-09-27 19:03:00";16.60;15.40;15.10;0.00;0.00;0.00;0.00;0.00;0.00;0.00;15.20;71.79;10.13;0.00;0.00;2000.00;67.53;
"2019-09-27 19:08:00";16.40;15.40;15.10;0.00;0.00;0.00;0.00;0.00;0.00;0.00;15.01;72.23;10.05;0.00;0.00;2000.00;67.53;
"2019-09-27 19:13:00";16.20;15.40;15.10;0.00;0.00;0.00;0.00;0.00;0.00;0.00;14.80;72.54;9.91;0.00;0.00;2000.00;67.53;
"2019-09-27 19:18:00";16.00;15.30;15.10;0.00;0.00;0.00;0.00;0.00;0.00;0.00;14.62;73.01;9.83;0.00;0.00;2000.00;67.53;
"2019-09-27 19:23:00";15.70;15.40;15.10;0.00;0.00;0.00;0.00;0.00;0.00;0.00;14.43;73.52;9.75;0.00;0.00;2000.00;67.53;
"2019-09-27 19:28:00";15.50;15.30;15.10;0.00;0.00;0.00;0.00;0.00;0.00;0.00;14.26;74.15;9.72;0.00;0.00;2000.00;67.53;
"2019-09-27 19:33:00";15.40;15.30;15.10;0.00;0.00;0.00;0.00;0.00;0.00;0.00;14.11;74.91;9.72;0.00;0.00;2000.00;67.53;
"2019-09-27 19:38:00";15.20;15.30;15.10;0.00;0.00;0.00;0.00;0.00;0.00;0.00;13.92;75.61;9.68;0.00;0.00;2000.00;67.53;
"2019-09-27 19:43:00";15.00;15.30;15.10;0.00;0.00;0.00;0.00;0.00;0.00;0.00;13.75;76.25;9.64;0.00;0.00;2000.00;67.53;
"2019-09-27 19:48:00";14.80;15.30;15.10;0.00;0.00;0.00;0.00;0.00;0.00;0.00;13.61;77.09;9.67;0.00;0.00;2000.00;67.53;
"2019-09-27 19:53:00";14.80;15.30;15.10;0.00;0.00;0.00;0.00;0.00;0.00;0.00;13.41;77.75;9.61;0.00;0.00;2000.00;67.53;
"2019-09-27 19:58:00";14.50;15.30;15.10;0.00;0.00;0.00;0.00;0.00;0.00;0.00;13.28;78.51;9.62;0.00;0.00;2000.00;67.53;
"2019-09-27 20:03:00";14.30;15.20;15.10;0.00;0.00;0.00;0.00;0.00;0.00;0.00;13.10;79.02;9.54;0.00;0.00;2000.00;67.53;
"2019-09-27 20:08:00";14.20;15.20;15.10;0.00;0.00;0.00;0.00;0.00;0.00;0.00;12.90;79.57;9.45;0.00;0.00;2000.00;67.53;
"2019-09-27 20:13:00";14.10;15.20;15.00;0.00;0.00;0.00;0.00;0.00;0.00;0.00;12.65;80.09;9.30;0.00;0.00;2000.00;67.53;
"2019-09-27 20:18:00";14.10;15.20;15.00;0.00;0.00;0.00;0.00;0.00;0.00;0.00;12.48;80.80;9.27;0.00;0.00;2000.00;67.53;
"2019-09-27 20:23:00";14.00;15.20;15.00;0.00;0.00;0.00;0.00;0.00;0.00;0.00;12.38;81.40;9.28;0.00;0.00;2000.00;67.53;
"2019-09-27 20:28:00";13.80;15.10;15.00;0.00;0.00;0.00;0.00;0.00;0.00;0.00;12.33;81.87;9.32;0.00;0.00;2000.00;67.53;
"2019-09-27 20:33:00";13.70;15.10;15.00;0.00;0.00;0.00;0.00;0.00;0.00;0.00;12.19;82.41;9.28;0.00;0.00;2000.00;67.53;
"2019-09-27 20:38:00";13.50;15.10;15.00;0.00;0.00;0.00;0.00;0.00;0.00;0.00;12.09;82.76;9.25;0.00;0.00;2000.00;67.53;
"2019-09-27 20:43:00";13.40;15.10;15.00;0.00;0.00;0.00;0.00;0.00;0.00;0.00;12.08;83.50;9.37;0.00;0.00;2000.00;67.53;
"2019-09-27 20:48:00";13.30;15.00;15.00;0.00;0.00;0.00;0.00;0.00;0.00;0.00;12.07;83.88;9.43;0.00;0.00;2000.00;67.53;
"2019-09-27 20:53:00";13.20;15.00;15.00;0.00;0.00;0.00;0.00;0.00;0.00;0.00;11.98;84.11;9.38;0.00;0.00;2000.00;67.53;
"2019-09-27 20:58:00";13.20;15.00;15.00;0.00;0.00;0.00;0.00;0.00;0.00;0.00;11.82;84.53;9.30;0.00;0.00;2000.00;67.53;
"2019-09-27 21:03:00";13.20;15.00;15.00;0.00;0.00;0.00;0.00;0.00;0.00;0.00;11.64;84.71;9.15;0.00;0.00;2000.00;67.53;
"2019-09-27 21:08:00";13.10;15.00;15.00;0.00;0.00;0.00;0.00;0.00;0.00;0.00;11.48;85.30;9.10;0.00;0.00;2000.00;67.53;
"2019-09-27 21:13:00";13.00;15.00;15.00;0.00;0.00;0.00;0.00;0.00;0.00;0.00;11.43;85.74;9.13;0.00;0.00;2000.00;67.53;
"2019-09-27 21:18:00";12.80;15.00;14.90;0.00;0.00;0.00;0.00;0.00;0.00;0.00;11.34;85.58;9.00;0.00;0.00;2000.00;67.53;
"2019-09-27 21:23:00";12.70;15.00;14.90;0.00;0.00;0.00;0.00;0.00;0.00;0.00;11.08;86.16;8.85;0.00;0.00;2000.00;67.53;
"2019-09-27 21:28:00";12.60;14.90;14.90;0.00;0.00;0.00;0.00;0.00;0.00;0.00;11.00;86.50;8.83;0.00;0.00;2000.00;67.53;
"2019-09-27 21:33:00";12.40;14.90;14.80;0.00;0.00;0.00;0.00;0.00;0.00;0.00;10.80;86.72;8.67;0.00;0.00;2000.00;67.53;
"2019-09-27 21:38:00";12.30;14.80;14.80;0.00;0.00;0.00;0.00;0.00;0.00;0.00;10.74;87.24;8.71;0.00;0.00;2000.00;67.53;
"2019-09-27 21:43:00";12.20;14.80;14.80;0.00;0.00;0.00;0.00;0.00;0.00;0.00;10.75;87.39;8.73;0.00;0.00;2000.00;67.53;
"2019-09-27 21:48:00";12.10;14.80;14.80;0.00;0.00;0.00;0.00;0.00;0.00;0.00;10.74;87.64;8.77;0.00;0.00;2000.00;67.53;
"2019-09-27 21:53:00";12.00;14.80;14.80;0.00;0.00;0.00;0.00;0.00;0.00;0.00;10.62;87.89;8.69;0.00;0.00;2000.00;67.53;
"2019-09-27 21:58:00";11.90;14.70;14.70;0.00;0.00;0.00;0.00;0.00;0.00;0.00;10.53;88.35;8.68;0.00;0.00;2000.00;67.53;
"2019-09-27 22:03:00";11.80;14.70;14.70;0.00;0.00;0.00;0.00;0.00;0.00;0.00;10.58;88.67;8.79;0.00;0.00;2000.00;67.53;
"2019-09-27 22:08:00";11.80;14.70;14.70;0.00;0.00;0.00;0.00;0.00;0.00;0.00;10.68;88.91;8.92;0.00;0.00;2000.00;67.53;
"2019-09-27 22:13:00";11.70;14.70;14.70;0.00;0.00;0.00;0.00;0.00;0.00;0.00;10.57;89.08;8.85;0.00;0.00;2000.00;67.53;
"2019-09-27 22:18:00";11.70;14.60;14.60;0.00;0.00;0.00;0.00;0.00;0.00;0.00;10.63;89.55;8.98;0.00;0.00;2000.00;67.53;
"2019-09-27 22:23:00";11.60;14.60;14.60;0.00;0.00;0.00;0.00;0.00;0.00;0.00;10.59;89.52;8.93;0.00;0.00;2000.00;67.53;
"2019-09-27 22:28:00";11.50;14.60;14.60;0.00;0.00;0.00;0.00;0.00;0.00;0.00;10.58;89.83;8.98;0.00;0.00;2000.00;67.53;
"2019-09-27 22:33:00";11.40;14.50;14.60;0.00;0.00;0.00;0.00;0.00;0.00;0.00;10.56;89.99;8.99;0.00;0.00;2000.00;67.53;
"2019-09-27 22:38:00";11.40;14.50;14.50;0.00;0.00;0.00;0.00;0.00;0.00;0.00;10.45;90.18;8.90;0.00;0.00;2000.00;67.53;
"2019-09-27 22:43:00";11.40;14.40;14.50;0.00;0.00;0.00;0.00;0.00;0.00;0.00;10.33;90.49;8.84;0.00;0.00;2000.00;67.53;
"2019-09-27 22:48:00";11.20;14.40;14.50;0.00;0.00;0.00;0.00;0.00;0.00;0.00;10.26;90.35;8.75;0.00;0.00;2000.00;67.53;
"2019-09-27 22:53:00";11.20;14.40;14.40;0.00;0.00;0.00;0.00;0.00;0.00;0.00;10.13;90.78;8.69;0.00;0.00;2000.00;67.53;
"2019-09-27 22:58:00";11.20;14.30;14.40;0.00;0.00;0.00;0.00;0.00;0.00;0.00;10.17;91.12;8.78;0.00;0.00;2000.00;67.53;
"2019-09-27 23:03:00";11.10;14.30;14.40;0.00;0.00;0.00;0.00;0.00;0.00;0.00;10.03;91.17;8.65;0.00;0.00;2000.00;67.53;
"2019-09-27 23:08:00";11.00;14.30;14.40;0.00;0.00;0.00;0.00;0.00;0.00;0.00;9.99;91.29;8.64;0.00;0.00;2000.00;67.53;
"2019-09-27 23:13:00";11.00;14.30;14.30;0.00;0.00;0.00;0.00;0.00;0.00;0.00;9.79;91.48;8.47;0.00;0.00;2000.00;67.53;
"2019-09-27 23:18:00";10.80;14.30;14.30;0.00;0.00;0.00;0.00;0.00;0.00;0.00;9.75;91.66;8.45;0.00;0.00;2000.00;67.53;
"2019-09-27 23:23:00";11.10;14.20;14.30;0.00;0.00;0.00;0.00;0.00;0.00;0.00;9.78;92.09;8.55;0.00;0.00;2000.00;67.53;
"2019-09-27 23:28:00";11.00;14.20;14.30;0.00;0.00;0.00;0.00;0.00;0.00;0.00;9.88;92.23;8.67;0.00;0.00;2000.00;67.53;
"2019-09-27 23:33:00";10.90;14.10;14.20;0.00;0.00;0.00;0.00;0.00;0.00;0.00;9.75;92.13;8.53;0.00;0.00;2000.00;67.53;
"2019-09-27 23:38:00";10.80;14.10;14.20;0.00;0.00;0.00;0.00;0.00;0.00;0.00;9.72;92.40;8.55;0.00;0.00;2000.00;67.53;
"2019-09-27 23:43:00";10.80;14.10;14.20;0.00;0.00;0.00;0.00;0.00;0.00;0.00;9.75;92.42;8.58;0.00;0.00;2000.00;67.53;
"2019-09-27 23:48:00";10.70;14.00;14.10;0.00;0.00;0.00;0.00;0.00;0.00;0.00;9.70;92.58;8.56;0.00;0.00;2000.00;67.53;
"2019-09-27 23:53:00";10.70;14.00;14.10;0.00;0.00;0.00;0.00;0.00;0.00;0.00;9.63;92.63;8.50;0.00;0.00;2000.00;67.53;
"2019-09-27 23:58:00";10.60;14.00;14.10;0.00;0.00;0.00;0.00;0.00;0.00;0.00;9.62;92.80;8.51;0.00;0.00;2000.00;67.53;
"2019-09-28 00:03:00";10.50;14.00;14.10;0.00;0.00;0.00;0.00;0.00;0.00;0.00;9.56;92.98;8.48;0.00;0.00;2000.00;67.53;
"2019-09-28 00:08:00";10.50;13.90;14.10;0.00;0.00;0.00;0.00;0.00;0.00;0.00;9.51;93.10;8.45;0.00;0.00;2000.00;67.53;
"2019-09-28 00:13:00";10.40;13.90;14.00;0.00;0.00;0.00;0.00;0.00;0.00;0.00;9.61;93.28;8.58;0.00;0.00;2000.00;67.53;
"2019-09-28 00:18:00";10.40;13.90;14.00;0.00;0.00;0.00;0.00;0.00;0.00;0.00;9.65;93.40;8.63;0.00;0.00;2000.00;67.53;
"2019-09-28 00:23:00";10.30;13.80;13.90;0.00;0.00;0.00;0.00;0.00;0.00;0.00;9.60;93.60;8.61;0.00;0.00;2000.00;67.53;
"2019-09-28 00:28:00";10.30;13.80;13.90;0.00;0.00;0.00;0.00;0.00;0.00;0.00;9.54;93.50;8.55;0.00;0.00;2000.00;67.53;
"2019-09-28 00:33:00";10.30;13.80;13.90;0.00;0.00;0.00;0.00;0.00;0.00;0.00;9.49;93.84;8.54;0.00;0.00;2000.00;67.53;
"2019-09-28 00:38:00";10.20;13.70;13.90;0.00;0.00;0.00;0.00;0.00;0.00;0.00;9.53;93.97;8.61;0.00;0.00;2000.00;67.53;
"2019-09-28 00:43:00";10.20;13.70;13.80;0.00;0.00;0.00;0.00;0.00;0.00;0.00;9.46;93.84;8.51;0.00;0.00;2000.00;67.53;
"2019-09-28 00:48:00";10.10;13.70;13.80;0.00;0.00;0.00;0.00;0.00;0.00;0.00;9.33;94.11;8.43;0.00;0.00;2000.00;67.53;
"2019-09-28 00:53:00";10.10;13.60;13.80;0.00;0.00;0.00;0.00;0.00;0.00;0.00;9.32;93.98;8.40;0.00;0.00;2000.00;67.53;
"2019-09-28 00:58:00";10.00;13.60;13.80;0.00;0.00;0.00;0.00;0.00;0.00;0.00;9.16;94.26;8.29;0.00;0.00;2000.00;67.53;
"2019-09-28 01:03:00";9.90;13.60;13.80;0.00;0.00;0.00;0.00;0.00;0.00;0.00;9.00;94.37;8.14;0.00;0.00;2000.00;67.53;
"2019-09-28 01:08:00";9.90;13.60;13.70;0.00;0.00;0.00;0.00;0.00;0.00;0.00;9.01;94.65;8.20;0.00;0.00;2000.00;67.53;
"2019-09-28 01:13:00";9.80;13.50;13.70;0.00;0.00;0.00;0.00;0.00;0.00;0.00;8.98;94.62;8.16;0.00;0.00;2000.00;67.53;
"2019-09-28 01:18:00";9.80;13.50;13.70;0.00;0.00;0.00;0.00;0.00;0.00;0.00;8.90;94.67;8.09;0.00;0.00;2000.00;67.53;
"2019-09-28 01:23:00";9.70;13.50;13.60;0.00;0.00;0.00;0.00;0.00;0.00;0.00;8.85;94.93;8.08;0.00;0.00;2000.00;67.53;
"2019-09-28 01:28:00";9.70;13.40;13.60;0.00;0.00;0.00;0.00;0.00;0.00;0.00;8.83;94.84;8.05;0.00;0.00;2000.00;67.53;
"2019-09-28 01:33:00";9.60;13.40;13.60;0.00;0.00;0.00;0.00;0.00;0.00;0.00;8.81;94.97;8.05;0.00;0.00;2000.00;67.53;
"2019-09-28 01:38:00";9.60;13.40;13.50;0.00;0.00;0.00;0.00;0.00;0.00;0.00;8.76;95.04;8.01;0.00;0.00;2000.00;67.53;
"2019-09-28 01:43:00";9.50;13.40;13.50;0.00;0.00;0.00;0.00;0.00;0.00;0.00;8.73;95.30;8.02;0.00;0.00;2000.00;67.53;
"2019-09-28 01:48:00";9.50;13.40;13.50;0.00;0.00;0.00;0.00;0.00;0.00;0.00;8.85;95.34;8.14;0.00;0.00;2000.00;67.53;
"2019-09-28 01:53:00";9.50;13.40;13.50;0.00;0.00;0.00;0.00;0.00;0.00;0.00;8.85;95.41;8.16;0.00;0.00;2000.00;67.53;
"2019-09-28 01:58:00";9.50;13.40;13.50;0.00;0.00;0.00;0.00;0.00;0.00;0.00;8.79;95.31;8.08;0.00;0.00;2000.00;67.53;
"2019-09-28 02:03:00";9.40;13.40;13.40;0.00;0.00;0.00;0.00;0.00;0.00;0.00;8.71;95.30;8.00;0.00;0.00;2000.00;67.53;
"2019-09-28 02:08:00";9.40;13.30;13.40;0.00;0.00;0.00;0.00;0.00;0.00;0.00;8.59;95.52;7.91;0.00;0.00;2000.00;67.53;
"2019-09-28 02:13:00";9.30;13.30;13.40;0.00;0.00;0.00;0.00;0.00;0.00;0.00;8.57;95.51;7.90;0.00;0.00;2000.00;67.53;
"2019-09-28 02:18:00";9.20;13.30;13.40;0.00;0.00;0.00;0.00;0.00;0.00;0.00;8.49;95.69;7.84;0.00;0.00;2000.00;67.53;
"2019-09-28 02:23:00";9.20;13.30;13.40;0.00;0.00;0.00;0.00;0.00;0.00;0.00;8.49;95.69;7.84;0.00;0.00;2000.00;67.53;
"2019-09-28 02:28:00";9.10;13.20;13.40;0.00;0.00;0.00;0.00;0.00;0.00;0.00;8.47;95.81;7.84;0.00;0.00;2000.00;67.53;
"2019-09-28 02:33:00";9.10;13.20;13.40;0.00;0.00;0.00;0.00;0.00;0.00;0.00;8.37;95.58;7.70;0.00;0.00;2000.00;67.53;
"2019-09-28 02:38:00";9.00;13.20;13.40;0.00;0.00;0.00;0.00;0.00;0.00;0.00;8.28;95.88;7.66;0.00;0.00;2000.00;67.53;
"2019-09-28 02:43:00";9.00;13.10;13.40;0.00;0.00;0.00;0.00;0.00;0.00;0.00;8.27;95.93;7.66;0.00;0.00;2000.00;67.53;
"2019-09-28 02:48:00";9.00;13.10;13.30;0.00;0.00;0.00;0.00;0.00;0.00;0.00;8.25;96.10;7.66;0.00;0.00;2000.00;67.53;
"2019-09-28 02:53:00";9.00;13.10;13.30;0.00;0.00;0.00;0.00;0.00;0.00;0.00;8.27;96.17;7.69;0.00;0.00;2000.00;67.53;
"2019-09-28 02:58:00";9.00;13.00;13.30;0.00;0.00;0.00;0.00;0.00;0.00;0.00;8.24;96.17;7.66;0.00;0.00;2000.00;67.53;
"2019-09-28 03:03:00";9.00;13.00;13.20;0.00;0.00;0.00;0.00;0.00;0.00;0.00;8.24;96.26;7.68;0.00;0.00;2000.00;67.53;
"2019-09-28 03:08:00";8.90;13.00;13.20;0.00;0.00;0.00;0.00;0.00;0.00;0.00;8.21;96.25;7.65;0.00;0.00;2000.00;67.53;
"2019-09-28 03:13:00";8.90;13.00;13.20;0.00;0.00;0.00;0.00;0.00;0.00;0.00;8.13;96.30;7.58;0.00;0.00;2000.00;67.53;
"2019-09-28 03:18:00";8.80;13.00;13.20;0.00;0.00;0.00;0.00;0.00;0.00;0.00;8.14;96.34;7.59;0.00;0.00;2000.00;67.53;
"2019-09-28 03:23:00";8.80;12.90;13.20;0.00;0.00;0.00;0.00;0.00;0.00;0.00;8.03;96.28;7.47;0.00;0.00;2000.00;67.53;
"2019-09-28 03:28:00";8.80;12.90;13.10;0.00;0.00;0.00;0.00;0.00;0.00;0.00;7.97;96.44;7.44;0.00;0.00;2000.00;67.53;
"2019-09-28 03:33:00";8.70;12.90;13.10;0.00;0.00;0.00;0.00;0.00;0.00;0.00;7.93;96.39;7.39;0.00;0.00;2000.00;67.53;
"2019-09-28 03:38:00";8.70;12.80;13.10;0.00;0.00;0.00;0.00;0.00;0.00;0.00;7.90;96.40;7.36;0.00;0.00;2000.00;67.53;
"2019-09-28 03:43:00";8.60;12.80;13.10;0.00;0.00;0.00;0.00;0.00;0.00;0.00;7.82;96.59;7.32;0.00;0.00;2000.00;67.53;
"2019-09-28 03:48:00";8.60;12.80;13.00;0.00;0.00;0.00;0.00;0.00;0.00;0.00;7.80;96.66;7.30;0.00;0.00;2000.00;67.53;
"2019-09-28 03:53:00";8.60;12.80;13.00;0.00;0.00;0.00;0.00;0.00;0.00;0.00;7.80;96.78;7.32;0.00;0.00;2000.00;67.53;
"2019-09-28 03:58:00";8.60;12.70;13.00;0.00;0.00;0.00;0.00;0.00;0.00;0.00;7.78;96.70;7.29;0.00;0.00;2000.00;67.53;
"2019-09-28 04:03:00";8.50;12.70;13.00;0.00;0.00;0.00;0.00;0.00;0.00;0.00;7.71;96.74;7.23;0.00;0.00;2000.00;67.53;
"2019-09-28 04:08:00";8.50;12.70;12.90;0.00;0.00;0.00;0.00;0.00;0.00;0.00;7.72;96.85;7.25;0.00;0.00;2000.00;67.53;
"2019-09-28 04:13:00";8.50;12.70;12.90;0.00;0.00;0.00;0.00;0.00;0.00;0.00;7.66;96.85;7.19;0.00;0.00;2000.00;67.53;
"2019-09-28 04:18:00";8.40;12.70;12.90;0.00;0.00;0.00;0.00;0.00;0.00;0.00;7.64;96.86;7.17;0.00;0.00;2000.00;67.53;
"2019-09-28 04:23:00";8.40;12.60;12.90;0.00;0.00;0.00;0.00;0.00;0.00;0.00;7.63;96.92;7.17;0.00;0.00;2000.00;67.53;
"2019-09-28 04:28:00";8.30;12.60;12.90;0.00;0.00;0.00;0.00;0.00;0.00;0.00;7.54;96.92;7.08;0.00;0.00;2000.00;67.53;
"2019-09-28 04:33:00";8.30;12.60;12.80;0.00;0.00;0.00;0.00;0.00;0.00;0.00;7.52;97.00;7.08;0.00;0.00;2000.00;67.53;
"2019-09-28 04:38:00";8.20;12.50;12.80;0.00;0.00;0.00;0.00;0.00;0.00;0.00;7.49;97.06;7.05;0.00;0.00;2000.00;67.53;
"2019-09-28 04:43:00";8.20;12.50;12.70;0.00;0.00;0.00;0.00;0.00;0.00;0.00;7.45;97.03;7.01;0.00;0.00;2000.00;67.53;
"2019-09-28 04:48:00";8.20;12.50;12.80;0.00;0.00;0.00;0.00;0.00;0.00;0.00;7.39;97.03;6.95;0.00;0.00;2000.00;67.53;
"2019-09-28 04:53:00";8.20;12.40;12.70;0.00;0.00;0.00;0.00;0.00;0.00;0.00;7.31;96.99;6.86;0.00;0.00;2000.00;67.53;
"2019-09-28 04:58:00";8.10;12.40;12.70;0.00;0.00;0.00;0.00;0.00;0.00;0.00;7.30;97.16;6.88;0.00;0.00;2000.00;67.53;
"2019-09-28 05:03:00";8.00;12.40;12.70;0.00;0.00;0.00;0.00;0.00;0.00;0.00;7.28;97.18;6.87;0.00;0.00;2000.00;67.53;
"2019-09-28 05:08:00";8.00;12.40;12.60;0.00;0.00;0.00;0.00;0.00;0.00;0.00;7.25;97.14;6.83;0.00;0.00;2000.00;67.53;
"2019-09-28 05:13:00";7.90;12.30;12.60;0.00;0.00;0.00;0.00;0.00;0.00;0.00;7.21;97.26;6.80;0.00;0.00;2000.00;67.53;
"2019-09-28 05:18:00";7.90;12.30;12.60;0.00;0.00;0.00;0.00;0.00;0.00;0.00;7.24;97.38;6.85;0.00;0.00;2000.00;67.53;
"2019-09-28 05:23:00";7.80;12.30;12.60;0.00;0.00;0.00;0.00;0.00;0.00;0.00;7.18;97.26;6.77;0.00;0.00;2000.00;67.53;
"2019-09-28 05:28:00";7.80;12.30;12.60;0.00;0.00;0.00;0.00;0.00;0.00;0.00;7.12;97.28;6.72;0.00;0.00;2000.00;67.53;
"2019-09-28 05:33:00";7.80;12.30;12.50;0.00;0.00;0.00;0.00;0.00;0.00;0.00;7.11;97.50;6.74;0.00;0.00;2000.00;67.53;
"2019-09-28 05:38:00";7.80;12.20;12.50;0.00;0.00;0.00;0.00;0.00;0.00;0.00;7.02;97.36;6.63;0.00;0.00;2000.00;67.53;
"2019-09-28 05:43:00";7.80;12.20;12.50;0.00;0.00;0.00;0.00;0.00;0.00;0.00;7.00;97.49;6.63;0.00;0.00;2000.00;67.53;
"2019-09-28 05:48:00";7.80;12.20;12.50;0.00;0.00;0.00;0.00;0.00;0.00;0.00;6.97;97.54;6.61;0.00;0.00;2000.00;67.53;
"2019-09-28 05:53:00";7.80;12.20;12.50;0.00;0.00;0.00;0.00;0.00;0.00;0.00;7.07;97.69;6.72;0.00;0.00;2000.00;67.53;
"2019-09-28 05:58:00";7.70;12.20;12.40;0.00;0.00;0.00;0.00;0.00;0.00;0.00;7.03;97.58;6.68;0.00;0.00;2000.00;67.53;
"2019-09-28 06:03:00";7.70;12.20;12.40;0.00;0.00;0.00;0.00;0.00;0.00;0.00;7.16;97.82;6.84;0.00;0.00;2000.00;67.53;
"2019-09-28 06:08:00";7.70;12.20;12.40;0.00;0.00;0.00;0.00;0.00;0.00;0.00;7.19;97.70;6.85;0.00;0.00;2000.00;67.53;
"2019-09-28 06:13:00";7.70;12.20;12.30;0.00;0.00;0.00;0.00;0.00;0.00;0.00;7.23;97.84;6.91;0.00;0.00;2000.00;67.53;
"2019-09-28 06:18:00";7.60;12.10;12.30;0.00;0.00;0.00;0.00;0.00;0.00;0.00;7.30;97.88;6.98;0.00;0.00;2000.00;67.53;
"2019-09-28 06:23:00";7.60;12.10;12.30;0.00;0.00;0.00;0.00;0.00;0.00;0.00;7.33;97.81;7.00;0.00;0.00;2000.00;67.53;
"2019-09-28 06:28:00";7.60;12.10;12.30;0.00;0.00;0.00;0.00;0.00;0.00;0.00;7.30;97.78;6.97;0.00;0.00;2000.00;67.53;
"2019-09-28 06:33:00";7.60;12.10;12.30;0.00;0.00;0.00;0.00;0.00;0.00;0.00;7.30;98.04;7.01;0.00;0.00;2000.00;67.53;
"2019-09-28 06:38:00";7.50;12.10;12.20;0.00;0.00;0.00;0.00;0.00;0.00;0.00;7.19;97.76;6.86;0.00;0.00;2000.00;67.53;
"2019-09-28 06:43:00";7.50;12.00;12.20;0.00;0.00;0.00;0.00;0.00;0.00;0.00;7.22;97.96;6.92;0.00;0.00;2000.00;67.53;
"2019-09-28 06:48:00";7.50;12.00;12.20;0.00;0.00;0.00;0.00;0.00;0.00;0.00;7.19;97.94;6.88;0.00;0.00;2000.00;67.53;
"2019-09-28 06:53:00";7.50;12.00;12.20;0.00;0.00;0.00;0.00;0.00;0.00;0.00;7.19;97.95;6.89;0.00;0.00;2000.00;67.53;
"2019-09-28 06:58:00";7.50;11.90;12.20;0.00;0.00;0.00;0.00;0.00;0.00;0.00;7.20;98.00;6.90;0.00;0.00;2000.00;67.53;
"2019-09-28 07:03:00";7.50;11.90;12.20;0.00;0.00;0.00;0.00;0.00;0.00;0.00;7.21;98.07;6.92;0.00;0.00;2000.00;67.53;
"2019-09-28 07:08:00";7.50;11.90;12.20;0.00;0.00;0.00;0.00;0.00;0.00;0.00;7.14;97.99;6.84;0.00;0.00;2000.00;67.53;
"2019-09-28 07:13:00";7.40;11.90;12.20;0.00;0.00;0.00;0.00;0.00;0.00;0.00;7.14;98.24;6.88;0.00;0.00;2000.00;67.53;
"2019-09-28 07:18:00";7.50;11.80;12.10;0.00;0.00;0.00;0.00;0.00;0.00;0.00;7.19;98.11;6.91;0.00;0.00;2000.00;67.53;
"2019-09-28 07:23:00";7.50;11.80;12.20;0.00;0.00;0.00;0.00;0.00;0.00;0.00;7.23;98.16;6.96;0.00;0.00;2000.00;67.53;
"2019-09-28 07:28:00";7.60;11.80;12.10;0.00;0.00;0.00;0.00;0.00;0.00;0.00;7.20;98.11;6.92;0.00;0.00;2000.00;67.53;
"2019-09-28 07:33:00";7.70;11.80;12.10;0.00;0.00;0.00;0.00;0.00;0.00;0.00;7.25;98.26;7.00;0.00;0.00;2000.00;67.53;
"2019-09-28 07:38:00";7.80;11.70;12.10;0.00;0.00;0.00;0.00;0.00;0.00;0.00;7.32;98.25;7.06;0.00;0.00;2000.00;67.53;
"2019-09-28 07:43:00";7.90;11.70;12.00;0.00;0.00;0.00;0.00;0.00;0.00;0.00;7.31;98.32;7.07;0.00;0.00;2000.00;67.53;
"2019-09-28 07:48:00";8.00;11.70;12.00;0.00;0.00;0.00;0.00;0.00;0.00;0.00;7.41;98.43;7.18;0.00;0.00;2000.00;67.53;
"2019-09-28 07:53:00";8.20;11.70;12.00;0.00;0.00;0.00;0.00;0.00;0.00;0.00;7.55;98.57;7.34;0.00;0.00;2000.00;67.53;
"2019-09-28 07:58:00";8.30;11.70;12.00;0.00;0.00;0.00;0.00;0.00;0.00;0.00;7.68;98.55;7.46;0.00;0.00;2000.00;67.53;
"2019-09-28 08:03:00";8.60;11.60;12.00;0.00;0.00;0.00;0.00;0.00;0.00;0.00;7.79;98.56;7.58;0.00;0.00;2000.00;67.53;
"2019-09-28 08:08:00";8.70;11.60;11.90;0.00;0.00;0.00;0.00;0.00;0.00;0.00;7.92;98.58;7.71;0.00;0.00;2000.00;67.53;
"2019-09-28 08:13:00";8.90;11.60;11.90;0.00;0.00;0.00;0.00;0.00;0.00;0.00;8.01;98.57;7.79;0.00;0.00;2000.00;67.53;
"2019-09-28 08:18:00";9.00;11.60;11.90;0.00;0.00;0.00;0.00;0.00;0.00;0.00;8.19;98.73;8.01;0.00;0.00;2000.00;67.53;
"2019-09-28 08:23:00";9.10;11.60;11.90;0.00;0.00;0.00;0.00;0.00;0.00;0.00;8.41;98.70;8.22;0.00;0.00;2000.00;67.53;
"2019-09-28 08:28:00";9.40;11.60;11.90;0.00;0.00;0.00;0.00;0.00;0.00;0.00;8.58;98.68;8.38;0.00;0.00;2000.00;67.53;
"2019-09-28 08:33:00";9.50;11.50;11.80;0.00;0.00;0.00;0.00;0.00;0.00;0.00;8.82;98.63;8.61;0.00;0.00;2000.00;67.53;
"2019-09-28 08:38:00";9.70;11.50;11.80;0.00;0.00;0.00;0.00;0.00;0.00;0.00;8.86;98.44;8.63;0.00;0.00;2000.00;67.53;
"2019-09-28 08:43:00";9.90;11.50;11.80;0.00;0.00;0.00;0.00;0.00;0.00;0.00;8.88;98.46;8.65;0.00;0.00;2000.00;67.53;
"2019-09-28 08:48:00";10.00;11.50;11.80;0.00;0.00;0.00;0.00;0.00;0.00;1.11;8.97;98.57;8.76;0.00;0.00;2000.00;67.53;
"2019-09-28 08:53:00";10.30;11.50;11.80;0.00;0.00;0.00;0.00;0.00;0.00;0.00;9.09;98.64;8.89;0.00;0.00;2000.00;67.53;
"2019-09-28 08:58:00";10.50;11.50;11.80;0.00;0.00;0.00;0.00;0.00;0.00;0.00;9.24;98.60;9.03;0.00;0.00;2000.00;67.53;
"2019-09-28 09:03:00";10.80;11.40;11.80;0.00;0.00;0.00;0.00;0.00;0.00;0.00;9.39;98.51;9.17;0.00;0.00;2000.00;67.53;
"2019-09-28 09:08:00";11.00;11.40;11.80;0.00;0.00;0.00;0.00;0.00;0.00;0.00;9.55;98.49;9.32;0.00;0.00;2000.00;67.53;
"2019-09-28 09:13:00";11.20;11.50;11.70;0.00;0.00;0.00;0.00;0.00;0.00;0.00;9.65;98.44;9.42;0.00;0.00;2000.00;67.53;
"2019-09-28 09:18:00";11.30;11.50;11.80;0.00;0.00;0.00;0.00;0.00;0.00;0.00;9.77;98.30;9.51;0.00;0.00;2000.00;67.53;
"2019-09-28 09:23:00";11.50;11.40;11.70;0.00;0.00;0.00;0.00;0.00;0.00;0.00;9.84;98.41;9.60;0.00;0.00;2000.00;67.53;
"2019-09-28 09:28:00";11.70;11.40;11.70;0.00;0.00;0.00;0.00;0.00;0.00;0.00;9.90;98.25;9.64;0.00;0.00;2000.00;67.53;
"2019-09-28 09:33:00";11.80;11.40;11.70;0.00;0.00;0.00;0.00;0.00;0.00;0.00;10.02;98.20;9.75;0.00;0.00;2000.00;67.53;
"2019-09-28 09:38:00";12.00;11.40;11.70;0.00;0.00;0.00;0.00;0.00;0.00;0.00;10.16;98.37;9.92;0.00;0.00;2000.00;67.53;
"2019-09-28 09:43:00";12.20;11.40;11.70;0.00;0.00;0.00;0.00;0.00;0.00;0.00;10.30;98.15;10.02;0.00;0.00;2000.00;67.53;
"2019-09-28 09:48:00";12.40;11.40;11.70;0.00;0.00;0.00;0.00;0.00;0.00;0.00;10.44;98.13;10.16;0.00;0.00;2000.00;67.53;
"2019-09-28 09:53:00";12.60;11.40;11.70;0.00;0.00;0.00;0.00;0.00;0.00;0.00;10.57;97.93;10.25;0.00;0.00;2000.00;67.53;
"2019-09-28 09:58:00";12.80;11.50;11.70;0.00;0.00;0.00;0.00;0.00;0.00;0.00;10.74;97.94;10.42;0.00;0.00;2000.00;67.53;
"2019-09-28 10:03:00";13.00;11.40;11.70;0.00;0.00;0.00;0.00;0.00;0.00;0.00;10.85;97.95;10.54;0.00;0.00;2000.00;67.53;
"2019-09-28 10:08:00";13.10;11.50;11.70;0.00;0.00;0.00;0.00;0.00;0.00;0.00;10.98;97.87;10.66;0.00;0.00;2000.00;67.53;
"2019-09-28 10:13:00";13.20;11.40;11.70;0.00;0.00;0.00;0.00;0.00;0.00;1.74;11.06;97.58;10.69;0.00;0.00;2000.00;67.53;
"2019-09-28 10:18:00";13.20;11.50;11.70;0.00;0.00;0.00;0.00;0.00;0.00;0.00;11.24;97.66;10.88;0.00;0.00;2000.00;67.53;
"2019-09-28 10:23:00";13.30;11.50;11.70;0.00;0.00;0.00;0.00;0.00;0.00;1.26;11.29;97.32;10.88;0.00;0.00;2000.00;67.53;
"2019-09-28 10:28:00";13.40;11.50;11.70;0.00;0.00;0.00;0.00;0.00;0.00;0.00;11.37;97.05;10.92;0.00;0.00;2000.00;67.53;
"2019-09-28 10:33:00";13.60;11.50;11.80;0.00;0.00;0.00;0.00;0.00;0.00;0.00;11.50;96.95;11.03;0.00;0.00;2000.00;67.53;
"2019-09-28 10:38:00";13.70;11.50;11.80;0.00;0.00;0.00;0.00;0.00;0.00;0.00;11.59;96.51;11.06;0.00;0.00;2000.00;67.53;
"2019-09-28 10:43:00";13.80;11.50;11.80;0.00;0.00;0.00;0.00;0.00;0.00;0.00;11.68;95.76;11.02;0.00;0.00;2000.00;67.53;
"2019-09-28 10:48:00";13.90;11.60;11.80;0.00;0.00;0.00;0.00;0.00;0.00;0.00;11.78;95.30;11.05;0.00;0.00;2000.00;67.53;
"2019-09-28 10:53:00";13.70;11.60;11.80;0.00;19.00;0.00;0.00;0.00;0.00;0.00;11.78;94.57;10.94;0.03;60.00;2000.00;67.56;
"2019-09-28 10:58:00";13.30;11.60;11.80;0.00;59.00;0.00;1.00;1.79;163.68;1.79;11.71;93.68;10.72;0.03;60.00;2000.00;67.59;
"2019-09-28 11:03:00";13.20;11.60;11.80;0.00;93.00;0.00;1.00;0.00;0.00;1.05;11.73;93.23;10.67;0.02;0.00;2000.00;67.61;
"2019-09-28 11:08:00";13.20;11.70;11.80;0.00;85.00;0.00;1.00;0.00;0.00;0.00;11.69;92.21;10.47;0.02;0.00;2000.00;67.63;
"2019-09-28 11:13:00";13.10;11.70;11.90;0.00;109.00;0.00;1.00;0.00;0.00;0.00;11.66;91.43;10.31;0.02;60.00;2000.00;67.65;
"2019-09-28 11:18:00";12.80;11.70;11.90;0.00;120.00;0.00;1.00;0.00;0.00;0.00;11.58;90.92;10.15;0.03;60.00;2000.00;67.68;
"2019-09-28 11:23:00";12.80;11.70;11.90;0.00;117.00;0.00;1.00;0.00;0.00;0.00;11.47;90.37;9.95;0.03;60.00;2000.00;67.71;
"2019-09-28 11:28:00";12.70;11.70;11.90;0.00;123.00;0.00;1.00;0.00;0.00;2.33;11.27;89.53;9.61;0.07;60.00;2000.00;67.78;
"2019-09-28 11:33:00";12.70;11.80;11.90;0.00;137.00;0.00;1.00;0.00;0.00;0.00;11.12;89.11;9.40;0.03;60.00;2000.00;67.81;
"2019-09-28 11:38:00";12.60;11.80;11.90;0.00;131.00;0.00;1.00;0.00;0.00;0.00;10.98;88.92;9.22;0.03;60.00;2000.00;67.84;
"2019-09-28 11:43:00";12.60;11.80;12.00;0.00;154.00;0.00;1.00;0.00;0.00;0.00;10.89;88.88;9.12;0.05;60.00;2000.00;67.89;
"2019-09-28 11:48:00";12.60;11.80;12.00;0.00;187.00;0.00;1.00;0.00;0.00;0.00;10.85;88.73;9.06;0.05;60.00;2000.00;67.94;
"2019-09-28 11:53:00";12.50;11.80;12.00;0.00;190.00;0.00;1.00;0.00;0.00;0.00;10.77;88.82;8.99;0.05;60.00;2000.00;67.99;
"2019-09-28 11:58:00";12.40;11.80;12.00;0.00;218.00;0.00;1.00;0.00;0.00;0.00;10.66;88.83;8.90;0.08;60.00;2000.00;68.07;
"2019-09-28 12:03:00";12.40;11.90;12.00;0.00;306.00;0.00;2.00;0.00;0.00;0.00;10.57;88.91;8.82;0.09;60.00;2000.00;68.16;
"2019-09-28 12:08:00";12.40;11.90;12.00;0.00;347.00;0.00;2.00;0.00;0.00;0.00;10.49;89.09;8.77;0.12;60.00;2000.00;68.28;
"2019-09-28 12:13:00";12.20;11.90;12.00;0.00;281.00;0.00;1.00;0.00;0.00;0.00;10.36;89.38;8.68;0.10;60.00;2000.00;68.38;
"2019-09-28 12:18:00";12.20;11.90;12.10;0.00;274.00;0.00;1.00;0.00;0.00;0.00;10.27;89.73;8.66;0.11;60.00;2000.00;68.49;
"2019-09-28 12:23:00";12.10;11.90;12.10;0.00;339.00;0.00;2.00;0.00;0.00;3.02;10.17;89.83;8.57;0.22;60.00;2000.00;68.71;
"2019-09-28 12:28:00";12.10;11.90;12.10;0.00;350.00;0.00;2.00;0.00;0.00;0.00;10.16;90.21;8.62;0.15;60.00;2000.00;68.86;
"2019-09-28 12:33:00";12.10;11.90;12.10;0.00;260.00;0.00;1.00;0.00;0.00;0.00;10.13;90.46;8.64;0.14;60.00;2000.00;69.00;
"2019-09-28 12:38:00";12.10;12.00;12.10;0.00;299.00;0.00;1.00;0.00;0.00;0.00;10.11;90.67;8.66;0.11;60.00;2000.00;69.11;
"2019-09-28 12:43:00";12.20;12.00;12.10;0.00;240.00;0.00;1.00;0.00;0.00;0.00;10.19;91.23;8.83;0.06;60.00;2000.00;69.17;
"2019-09-28 12:48:00";12.20;12.00;12.10;0.00;257.00;0.00;1.00;0.00;0.00;3.08;10.21;91.26;8.85;0.05;60.00;2000.00;69.22;
"2019-09-28 12:53:00";12.20;12.00;12.10;0.00;227.00;0.00;1.00;0.00;0.00;0.00;10.25;91.49;8.92;0.06;60.00;2000.00;69.28;
"2019-09-28 12:58:00";12.30;12.00;12.10;0.00;335.00;0.00;2.00;0.00;0.00;0.00;10.21;91.77;8.93;0.09;60.00;2000.00;69.37;
"2019-09-28 13:03:00";12.30;12.00;12.20;0.00;244.00;0.00;1.00;0.00;0.00;0.00;10.23;91.98;8.99;0.09;60.00;2000.00;69.46;
"2019-09-28 13:08:00";12.20;12.00;12.20;0.00;260.00;0.00;1.00;0.00;0.00;0.00;10.23;92.30;9.03;0.06;60.00;2000.00;69.52;
"2019-09-28 13:13:00";12.10;12.00;12.20;0.00;335.00;0.00;2.00;0.00;0.00;0.00;10.22;92.51;9.06;0.08;60.00;2000.00;69.60;
"2019-09-28 13:18:00";12.20;12.00;12.20;0.00;450.00;0.00;2.00;0.00;0.00;0.00;10.17;92.73;9.05;0.05;60.00;2000.00;69.65;
"2019-09-28 13:23:00";12.10;12.00;12.20;0.00;257.00;0.00;1.00;0.00;0.00;0.00;10.17;93.03;9.09;0.03;60.00;2000.00;69.68;
"2019-09-28 13:28:00";12.10;12.00;12.20;0.00;257.00;0.00;1.00;0.00;0.00;0.00;10.22;93.17;9.17;0.05;60.00;2000.00;69.73;
"2019-09-28 13:33:00";12.10;12.00;12.20;0.00;166.00;0.00;1.00;0.00;0.00;0.00;10.24;93.44;9.23;0.03;60.00;2000.00;69.76;
"2019-09-28 13:38:00";12.10;12.10;12.20;0.00;202.00;0.00;1.00;0.00;0.00;0.00;10.20;93.45;9.18;0.04;60.00;2000.00;69.80;
"2019-09-28 13:43:00";12.20;12.10;12.20;0.00;264.00;0.00;1.00;0.00;0.00;0.00;10.20;93.90;9.26;0.04;60.00;2000.00;69.84;
"2019-09-28 13:48:00";12.20;12.10;12.20;0.00;274.00;0.00;1.00;0.00;0.00;0.00;10.18;93.96;9.25;0.08;60.00;2000.00;69.92;
"2019-09-28 13:53:00";12.20;12.10;12.20;0.00;237.00;0.00;1.00;0.00;0.00;0.00;10.20;94.17;9.31;0.08;60.00;2000.00;70.00;
"2019-09-28 13:58:00";12.30;12.10;12.20;0.00;190.00;0.00;1.00;0.00;0.00;1.71;10.20;94.36;9.34;0.04;60.00;2000.00;70.04;
"2019-09-28 14:03:00";12.30;12.10;12.20;0.00;244.00;0.00;1.00;3.58;145.65;4.68;10.18;94.16;9.28;0.02;60.00;2000.00;70.06;
"2019-09-28 14:08:00";12.30;12.10;12.20;0.00;202.00;0.00;1.00;0.00;0.00;2.15;10.14;94.51;9.29;0.03;60.00;2000.00;70.09;
"2019-09-28 14:13:00";12.30;12.10;12.20;0.00;240.00;0.00;1.00;0.00;0.00;1.90;10.12;94.56;9.28;0.06;60.00;2000.00;70.15;
"2019-09-28 14:18:00";12.40;12.10;12.20;0.00;212.00;0.00;1.00;0.00;0.00;0.00;10.07;94.95;9.30;0.06;60.00;2000.00;70.21;
"2019-09-28 14:23:00";12.40;12.10;12.20;0.00;181.00;0.00;1.00;0.00;0.00;0.00;10.09;94.86;9.31;0.01;60.00;2000.00;70.22;
"2019-09-28 14:28:00";12.40;12.10;12.20;0.00;163.00;0.00;1.00;0.00;0.00;0.00;10.08;95.21;9.34;0.01;0.00;2000.00;70.23;
"2019-09-28 14:33:00";12.30;12.10;12.20;0.00;140.00;0.00;1.00;0.00;0.00;0.00;10.07;95.15;9.33;0.00;0.00;2000.00;70.23;
"2019-09-28 14:38:00";12.20;12.10;12.20;0.00;151.00;0.00;1.00;0.00;0.00;0.00;10.03;95.43;9.33;0.01;60.00;2000.00;70.24;
"2019-09-28 14:43:00";12.20;12.10;12.20;0.00;109.00;0.00;1.00;0.00;0.00;0.00;10.02;95.25;9.29;0.00;0.00;2000.00;70.24;
"2019-09-28 14:48:00";12.20;12.10;12.20;0.00;163.00;0.00;1.00;0.00;0.00;0.00;10.05;95.63;9.39;0.01;0.00;2000.00;70.25;
"2019-09-28 14:53:00";12.20;12.20;12.20;0.00;193.00;0.00;1.00;0.00;0.00;0.00;10.07;95.97;9.45;0.05;60.00;2000.00;70.30;
"2019-09-28 14:58:00";12.20;12.10;12.20;0.00;247.00;0.00;1.00;0.00;0.00;0.00;10.08;95.92;9.46;0.02;0.00;2000.00;70.32;
"2019-09-28 15:03:00";12.20;12.20;12.20;0.00;212.00;0.00;1.00;0.00;0.00;0.00;10.07;95.91;9.45;0.01;0.00;2000.00;70.33;
"2019-09-28 15:08:00";12.20;12.20;12.20;0.00;202.00;0.00;1.00;0.00;0.00;0.00;10.03;96.26;9.46;0.00;0.00;2000.00;70.33;
"2019-09-28 15:13:00";12.10;12.20;12.20;0.00;299.00;0.00;1.00;0.00;0.00;0.00;10.00;96.16;9.42;0.06;60.00;2000.00;70.39;
"2019-09-28 15:18:00";11.90;12.20;12.20;0.00;264.00;0.00;1.00;0.00;0.00;0.00;10.03;96.27;9.46;0.16;60.00;2000.00;70.55;
"2019-09-28 15:23:00";11.90;12.20;12.20;0.00;244.00;0.00;1.00;0.00;0.00;0.00;10.02;96.48;9.48;0.07;60.00;2000.00;70.62;
"2019-09-28 15:28:00";11.80;12.20;12.20;0.00;331.00;0.00;2.00;0.00;0.00;0.00;10.02;96.56;9.49;0.16;60.00;2000.00;70.78;
"2019-09-28 15:33:00";11.70;12.20;12.20;0.00;386.00;0.00;2.00;0.00;0.00;0.00;10.08;96.75;9.58;0.25;60.00;2000.00;71.03;
"2019-09-28 15:38:00";11.70;12.20;12.20;0.00;320.00;0.00;2.00;0.00;0.00;0.00;10.04;96.86;9.56;0.18;60.00;2000.00;71.21;
"2019-09-28 15:43:00";11.60;12.20;12.20;0.00;520.00;0.00;2.00;0.00;0.00;0.00;10.09;97.02;9.64;0.18;60.00;2000.00;71.39;
"2019-09-28 15:48:00";11.70;12.20;12.20;0.00;366.00;0.00;2.00;0.00;0.00;0.00;10.08;97.02;9.63;0.11;60.00;2000.00;71.50;
"2019-09-28 15:53:00";11.70;12.20;12.20;0.00;218.00;0.00;1.00;0.00;0.00;0.00;10.04;97.15;9.60;0.03;60.00;2000.00;71.53;
"2019-09-28 15:58:00";11.70;12.20;12.20;0.00;274.00;0.00;1.00;0.00;0.00;0.92;10.03;97.27;9.62;0.01;0.00;2000.00;71.54;
"2019-09-28 16:03:00";11.70;12.20;12.20;0.00;299.00;0.00;1.00;0.00;0.00;0.00;10.08;97.32;9.67;0.01;0.00;2000.00;71.55;
"2019-09-28 16:08:00";11.60;12.20;12.20;0.00;202.00;0.00;1.00;0.00;0.00;0.92;10.06;97.40;9.67;0.02;60.00;2000.00;71.57;
"2019-09-28 16:13:00";11.60;12.20;12.20;0.00;196.00;0.00;1.00;0.00;0.00;0.00;10.05;97.53;9.68;0.00;0.00;2000.00;71.57;
"2019-09-28 16:18:00";11.60;12.20;12.20;0.00;227.00;0.00;1.00;0.00;0.00;0.00;10.05;97.61;9.69;0.00;0.00;2000.00;71.57;
"2019-09-28 16:23:00";11.60;12.20;12.20;0.00;157.00;0.00;1.00;0.00;0.00;0.00;10.04;97.68;9.69;0.00;0.00;2000.00;71.57;
"2019-09-28 16:28:00";11.60;12.20;12.20;0.00;244.00;0.00;1.00;0.00;0.00;0.00;10.10;97.83;9.77;0.00;0.00;2000.00;71.57;
"2019-09-28 16:33:00";11.60;12.20;12.20;0.00;134.00;0.00;1.00;0.00;0.00;0.00;10.07;97.91;9.75;0.00;0.00;2000.00;71.57;
"2019-09-28 16:38:00";11.60;12.20;12.20;0.00;148.00;0.00;1.00;0.00;0.00;0.00;10.09;97.99;9.79;0.00;0.00;2000.00;71.57;
"2019-09-28 16:43:00";11.60;12.20;12.20;0.00;221.00;0.00;1.00;0.00;0.00;0.00;10.11;98.04;9.81;0.00;0.00;2000.00;71.57;
"2019-09-28 16:48:00";11.60;12.20;12.20;0.00;137.00;0.00;1.00;0.00;0.00;0.00;10.11;98.11;9.82;0.00;0.00;2000.00;71.57;
"2019-09-28 16:53:00";11.60;12.20;12.20;0.00;120.00;0.00;1.00;0.00;0.00;0.00;10.14;98.20;9.87;0.00;0.00;2000.00;71.57;
"2019-09-28 16:58:00";11.60;12.20;12.20;0.00;142.00;0.00;1.00;0.00;0.00;0.00;10.14;98.31;9.89;0.00;0.00;2000.00;71.57;
"2019-09-28 17:03:00";11.60;12.20;12.20;0.00;175.00;0.00;1.00;0.00;0.00;0.00;10.12;98.40;9.88;0.00;0.00;2000.00;71.57;
"2019-09-28 17:08:00";11.70;12.20;12.20;0.00;172.00;0.00;1.00;0.00;0.00;1.58;10.13;98.46;9.90;0.00;0.00;2000.00;71.57;
"2019-09-28 17:13:00";11.60;12.20;12.20;0.00;166.00;0.00;1.00;0.00;0.00;2.44;10.14;98.51;9.92;0.00;0.00;2000.00;71.57;
"2019-09-28 17:18:00";11.70;12.20;12.20;0.00;101.00;0.00;1.00;0.00;0.00;0.00;10.15;98.69;9.96;0.00;0.00;2000.00;71.57;
"2019-09-28 17:23:00";11.70;12.20;12.20;0.00;93.00;0.00;1.00;0.00;0.00;1.21;10.16;98.70;9.97;0.00;0.00;2000.00;71.57;
"2019-09-28 17:28:00";11.60;12.20;12.20;0.00;128.00;0.00;1.00;0.00;0.00;2.59;10.13;98.83;9.96;0.00;0.00;2000.00;71.57;
"2019-09-28 17:33:00";11.60;12.20;12.20;0.00;101.00;0.00;1.00;0.00;0.00;2.66;10.16;98.88;9.99;0.00;0.00;2000.00;71.57;
"2019-09-28 17:38:00";11.70;12.20;12.20;0.00;140.00;0.00;1.00;0.00;0.00;0.00;10.14;99.04;10.00;0.00;0.00;2000.00;71.57;
"2019-09-28 17:43:00";11.60;12.20;12.20;0.00;137.00;0.00;1.00;0.00;0.00;0.00;10.19;99.10;10.05;0.00;0.00;2000.00;71.57;
"2019-09-28 17:48:00";11.70;12.20;12.20;0.00;114.00;0.00;1.00;0.00;0.00;0.00;10.18;99.16;10.06;0.00;0.00;2000.00;71.57;
"2019-09-28 17:53:00";11.60;12.20;12.20;0.00;85.00;0.00;1.00;0.00;0.00;0.00;10.19;99.27;10.08;0.00;0.00;2000.00;71.57;
"2019-09-28 17:58:00";11.60;12.10;12.20;0.00;66.00;0.00;1.00;0.00;0.00;0.00;10.22;99.33;10.12;0.00;0.00;2000.00;71.57;
"2019-09-28 18:03:00";11.60;12.20;12.20;0.00;109.00;0.00;1.00;0.00;0.00;0.00;10.25;99.44;10.17;0.00;0.00;2000.00;71.57;
"2019-09-28 18:08:00";11.60;12.10;12.20;0.00;85.00;0.00;1.00;0.00;0.00;0.00;10.26;99.44;10.17;0.00;0.00;2000.00;71.57;
"2019-09-28 18:13:00";11.60;12.10;12.20;0.00;72.00;0.00;1.00;0.00;0.00;0.00;10.24;99.60;10.18;0.00;0.00;2000.00;71.57;
"2019-09-28 18:18:00";11.60;12.20;12.20;0.00;77.00;0.00;1.00;0.00;0.00;0.00;10.27;99.65;10.21;0.00;0.00;2000.00;71.57;
"2019-09-28 18:23:00";11.60;12.10;12.20;0.00;74.00;0.00;1.00;0.00;0.00;0.00;10.27;99.83;10.25;0.00;0.00;2000.00;71.57;
"2019-09-28 18:28:00";11.60;12.10;12.20;0.00;64.00;0.00;1.00;0.00;0.00;0.00;10.27;99.95;10.26;0.00;0.00;2000.00;71.57;
"2019-09-28 18:33:00";11.60;12.10;12.20;0.00;72.00;0.00;1.00;0.00;0.00;0.00;10.29;100.00;10.29;0.00;0.00;2000.00;71.57;
"2019-09-28 18:38:00";11.60;12.10;12.20;0.00;56.00;0.00;1.00;0.00;0.00;0.00;10.32;100.00;10.32;0.00;0.00;2000.00;71.57;
"2019-09-28 18:43:00";11.60;12.10;12.20;0.00;48.00;0.00;1.00;0.00;0.00;0.00;10.32;100.00;10.32;0.00;0.00;2000.00;71.57;
"2019-09-28 18:48:00";11.50;12.10;12.20;0.00;101.00;0.00;1.00;0.00;0.00;0.00;10.34;100.00;10.34;0.00;0.00;2000.00;71.57;
"2019-09-28 18:53:00";11.50;12.10;12.20;0.00;79.00;0.00;1.00;0.00;0.00;0.00;10.36;100.00;10.36;0.00;0.00;2000.00;71.57;
"2019-09-28 18:58:00";11.50;12.10;12.20;0.00;66.00;0.00;1.00;0.00;0.00;0.00;10.38;100.00;10.38;0.00;0.00;2000.00;71.57;
"2019-09-28 19:03:00";11.50;12.10;12.20;0.00;41.00;0.00;1.00;0.00;0.00;0.00;10.36;100.00;10.36;0.00;0.00;2000.00;71.57;
"2019-09-28 19:08:00";11.50;12.10;12.20;0.00;93.00;0.00;1.00;0.00;0.00;0.00;10.38;100.00;10.38;0.00;0.00;2000.00;71.57;
"2019-09-28 19:13:00";11.50;12.10;12.20;0.00;69.00;0.00;1.00;0.00;0.00;0.00;10.40;100.00;10.40;0.00;0.00;2000.00;71.57;
"2019-09-28 19:18:00";11.50;12.10;12.20;0.00;61.00;0.00;1.00;0.00;0.00;0.00;10.35;100.00;10.35;0.00;0.00;2000.00;71.57;
"2019-09-28 19:23:00";11.50;12.10;12.20;0.00;90.00;0.00;1.00;0.00;0.00;0.00;10.42;100.00;10.42;0.10;0.00;2000.00;71.67;
"2019-09-28 19:28:00";11.50;12.10;12.20;0.00;66.00;0.00;1.00;0.00;0.00;0.00;10.43;100.00;10.43;0.00;0.00;2000.00;71.67;
"2019-09-28 19:33:00";11.50;12.10;12.20;0.00;54.00;0.00;1.00;0.00;0.00;0.00;10.41;100.00;10.41;0.00;0.00;2000.00;71.67;
"2019-09-28 19:38:00";11.50;12.10;12.20;0.00;48.00;0.00;1.00;0.00;0.00;0.00;10.47;100.00;10.47;0.00;0.00;2000.00;71.67;
"2019-09-28 19:43:00";11.50;12.10;12.20;0.00;41.00;0.00;1.00;0.00;0.00;0.00;10.47;100.00;10.47;0.00;0.00;2000.00;71.67;
"2019-09-28 19:48:00";11.50;12.10;12.20;0.00;64.00;0.00;1.00;0.00;0.00;0.00;10.48;100.00;10.48;0.00;0.00;2000.00;71.67;
"2019-09-28 19:53:00";11.50;12.10;12.20;0.00;56.00;0.00;1.00;0.00;0.00;0.00;10.48;100.00;10.48;0.00;0.00;2000.00;71.67;
"2019-09-28 19:58:00";11.50;12.10;12.20;0.00;46.00;0.00;1.00;0.00;0.00;0.00;10.49;100.00;10.49;0.00;0.00;2000.00;71.67;
"2019-09-28 20:03:00";11.50;12.10;12.20;0.00;79.00;0.00;1.00;0.00;0.00;0.00;10.49;100.00;10.49;0.00;0.00;2000.00;71.67;
"2019-09-28 20:08:00";11.50;12.10;12.20;0.00;72.00;0.00;1.00;0.00;0.00;0.00;10.52;100.00;10.52;0.00;0.00;2000.00;71.67;
"2019-09-28 20:13:00";11.50;12.10;12.20;0.00;87.00;0.00;1.00;0.00;0.00;0.00;10.53;100.00;10.53;0.00;0.00;2000.00;71.67;
"2019-09-28 20:18:00";11.50;12.10;12.20;0.00;74.00;0.00;1.00;0.00;0.00;0.00;10.55;100.00;10.55;0.00;0.00;2000.00;71.67;
"2019-09-28 20:23:00";11.50;12.10;12.20;0.00;69.00;0.00;1.00;0.00;0.00;0.00;10.56;100.00;10.56;0.00;0.00;2000.00;71.67;
"2019-09-28 20:28:00";11.50;12.10;12.20;0.00;64.00;0.00;1.00;0.00;0.00;0.00;10.52;100.00;10.52;0.00;0.00;2000.00;71.67;
"2019-09-28 20:33:00";11.50;12.10;12.20;0.00;56.00;0.00;1.00;0.00;0.00;0.00;10.58;100.00;10.58;0.00;0.00;2000.00;71.67;
"2019-09-28 20:38:00";11.50;12.10;12.20;0.00;69.00;0.00;1.00;0.00;0.00;0.00;10.59;100.00;10.59;0.00;0.00;2000.00;71.67;
"2019-09-28 20:43:00";11.50;12.10;12.20;0.00;64.00;0.00;1.00;0.00;0.00;0.00;10.59;100.00;10.59;0.00;0.00;2000.00;71.67;
"2019-09-28 20:48:00";11.50;12.10;12.20;0.00;54.00;0.00;1.00;0.00;0.00;0.00;10.62;100.00;10.62;0.00;0.00;2000.00;71.67;
"2019-09-28 20:53:00";11.50;12.10;12.20;0.00;48.00;0.00;1.00;0.00;0.00;0.00;10.66;100.00;10.66;0.00;0.00;2000.00;71.67;
"2019-09-28 20:58:00";11.50;12.10;12.20;0.00;41.00;0.00;1.00;0.00;0.00;0.00;10.67;100.00;10.67;0.00;0.00;2000.00;71.67;
"2019-09-28 21:03:00";11.60;12.10;12.20;0.00;36.00;0.00;1.00;0.00;0.00;0.00;10.68;100.00;10.68;0.00;0.00;2000.00;71.67;
"2019-09-28 21:08:00";11.60;12.10;12.20;0.00;33.00;0.00;1.00;0.00;0.00;0.00;10.68;100.00;10.68;0.00;0.00;2000.00;71.67;
"2019-09-28 21:13:00";11.50;12.10;12.20;0.00;54.00;0.00;1.00;0.00;0.00;0.00;10.70;100.00;10.70;0.00;0.00;2000.00;71.67;
"2019-09-28 21:18:00";11.50;12.10;12.20;0.00;46.00;0.00;1.00;0.00;0.00;0.00;10.76;100.00;10.76;0.00;0.00;2000.00;71.67;
"2019-09-28 21:23:00";11.60;12.10;12.20;0.00;43.00;0.00;1.00;0.00;0.00;0.00;10.76;100.00;10.76;0.00;0.00;2000.00;71.67;
"2019-09-28 21:28:00";11.50;12.10;12.20;0.00;46.00;0.00;1.00;0.00;0.00;0.00;10.78;100.00;10.78;0.00;0.00;2000.00;71.67;
"2019-09-28 21:33:00";11.50;12.10;12.20;0.00;41.00;0.00;1.00;0.00;0.00;0.00;10.79;100.00;10.79;0.00;0.00;2000.00;71.67;
"2019-09-28 21:38:00";11.50;12.10;12.20;0.00;48.00;0.00;1.00;0.00;0.00;0.00;10.79;100.00;10.79;0.00;0.00;2000.00;71.67;
"2019-09-28 21:43:00";11.50;12.00;12.20;0.00;46.00;0.00;1.00;0.00;0.00;0.00;10.80;100.00;10.80;0.00;0.00;2000.00;71.67;
"2019-09-28 21:48:00";11.40;12.10;12.20;0.00;41.00;0.00;1.00;0.00;0.00;0.00;10.82;100.00;10.82;0.00;0.00;2000.00;71.67;
"2019-09-28 21:53:00";11.20;12.00;12.20;0.00;41.00;0.00;1.00;0.00;0.00;0.00;10.78;100.00;10.78;0.00;0.00;2000.00;71.67;
"2019-09-28 21:58:00";11.20;12.00;12.20;0.00;51.00;0.00;1.00;0.00;0.00;0.00;10.76;100.00;10.76;0.00;0.00;2000.00;71.67;
"2019-09-28 22:03:00";11.20;12.00;12.20;0.00;48.00;0.00;1.00;0.00;0.00;0.00;10.71;100.00;10.71;0.00;0.00;2000.00;71.67;
"2019-09-28 22:08:00";11.30;12.00;12.20;0.00;48.00;0.00;1.00;0.00;0.00;0.00;10.68;100.00;10.68;0.00;0.00;2000.00;71.67;
"2019-09-28 22:13:00";11.30;12.00;12.20;0.00;54.00;0.00;1.00;0.00;0.00;0.00;10.67;100.00;10.67;0.00;0.00;2000.00;71.67;
"2019-09-28 22:18:00";11.40;12.00;12.20;0.00;48.00;0.00;1.00;0.00;0.00;0.00;10.70;100.00;10.70;0.00;0.00;2000.00;71.67;
"2019-09-28 22:23:00";11.20;12.00;12.20;0.00;43.00;0.00;1.00;0.00;0.00;0.00;10.72;100.00;10.72;0.00;0.00;2000.00;71.67;
"2019-09-28 22:28:00";11.20;12.00;12.20;0.00;41.00;0.00;1.00;0.00;0.00;0.00;10.71;100.00;10.71;0.00;0.00;2000.00;71.67;
"2019-09-28 22:33:00";11.20;12.00;12.20;0.00;61.00;0.00;1.00;0.00;0.00;0.00;10.73;100.00;10.73;0.00;0.00;2000.00;71.67;
"2019-09-28 22:38:00";11.30;12.00;12.20;0.00;46.00;0.00;1.00;0.00;0.00;0.00;10.72;100.00;10.72;0.00;0.00;2000.00;71.67;
"2019-09-28 22:43:00";11.30;12.00;12.20;0.00;43.00;0.00;1.00;0.00;0.00;0.00;10.76;100.00;10.76;0.00;0.00;2000.00;71.67;
"2019-09-28 22:48:00";11.40;12.00;12.20;0.00;36.00;0.00;1.00;0.00;0.00;0.00;10.79;100.00;10.79;0.00;0.00;2000.00;71.67;
"2019-09-28 22:53:00";11.40;12.00;12.20;0.00;36.00;0.00;1.00;0.00;0.00;0.00;10.79;100.00;10.79;0.00;0.00;2000.00;71.67;
"2019-09-28 22:58:00";11.50;12.00;12.20;0.00;31.00;0.00;1.00;0.00;0.00;0.00;10.84;100.00;10.84;0.00;0.00;2000.00;71.67;
"2019-09-28 23:03:00";11.50;12.00;12.20;0.00;28.00;0.00;0.00;0.00;0.00;0.00;10.85;100.00;10.85;0.00;0.00;2000.00;71.67;
"2019-09-28 23:08:00";11.50;12.00;12.20;0.00;46.00;0.00;1.00;0.00;0.00;0.00;10.88;100.00;10.88;0.00;0.00;2000.00;71.67;
"2019-09-28 23:13:00";11.60;12.00;12.20;0.00;48.00;0.00;1.00;0.00;0.00;0.00;10.87;100.00;10.87;0.00;0.00;2000.00;71.67;
"2019-09-28 23:18:00";11.60;12.00;12.20;0.00;48.00;0.00;1.00;0.00;0.00;0.00;10.87;100.00;10.87;0.00;0.00;2000.00;71.67;
"2019-09-28 23:23:00";11.50;12.00;12.20;0.00;48.00;0.00;1.00;0.00;0.00;0.00;10.87;100.00;10.87;0.00;0.00;2000.00;71.67;
"2019-09-28 23:28:00";11.40;12.00;12.10;0.00;51.00;0.00;1.00;0.00;0.00;0.00;10.92;100.00;10.92;0.00;0.00;2000.00;71.67;
"2019-09-28 23:33:00";11.50;12.00;12.10;0.00;51.00;0.00;1.00;0.00;0.00;0.00;10.91;100.00;10.91;0.00;0.00;2000.00;71.67;
"2019-09-28 23:38:00";11.50;12.00;12.10;0.00;46.00;0.00;1.00;0.00;0.00;0.00;10.98;100.00;10.98;0.00;0.00;2000.00;71.67;
"2019-09-28 23:43:00";11.60;12.00;12.10;0.00;41.00;0.00;1.00;0.00;0.00;0.00;11.03;100.00;11.03;0.00;0.00;2000.00;71.67;
"2019-09-28 23:48:00";11.40;12.00;12.10;0.00;33.00;0.00;1.00;0.00;0.00;0.00;11.05;100.00;11.05;0.00;0.00;2000.00;71.67;
"2019-09-28 23:53:00";11.20;12.00;12.10;0.00;59.00;0.00;1.00;0.00;0.00;0.00;11.12;100.00;11.12;0.00;0.00;2000.00;71.67;
"2019-09-28 23:58:00";11.20;12.00;12.10;0.00;61.00;0.00;1.00;0.00;0.00;0.00;11.06;100.00;11.06;0.00;0.00;2000.00;71.67;
"2019-09-29 00:03:00";11.20;12.00;12.10;0.00;56.00;0.00;1.00;0.00;0.00;0.00;11.20;100.00;11.20;0.00;0.00;2000.00;71.67;
"2019-09-29 00:08:00";11.20;12.00;12.10;0.00;48.00;0.00;1.00;0.00;0.00;0.00;11.38;100.00;11.38;0.00;0.00;2000.00;71.67;
"2019-09-29 00:13:00";11.20;12.00;12.10;0.00;46.00;0.00;1.00;0.00;0.00;0.00;11.54;100.00;11.54;0.00;0.00;2000.00;71.67;
"2019-09-29 00:18:00";11.30;12.00;12.10;0.00;54.00;0.00;1.00;0.00;0.00;0.00;11.51;100.00;11.51;0.00;0.00;2000.00;71.67;
"2019-09-29 00:23:00";11.20;12.00;12.10;0.00;56.00;0.00;1.00;0.00;0.00;0.00;11.53;100.00;11.53;0.00;0.00;2000.00;71.67;
"2019-09-29 00:28:00";11.00;12.00;12.10;0.00;51.00;0.00;1.00;0.00;0.00;0.00;11.40;100.00;11.40;0.00;0.00;2000.00;71.67;
"2019-09-29 00:33:00";10.80;12.00;12.10;0.00;46.00;0.00;1.00;0.00;0.00;0.00;11.35;100.00;11.35;0.00;0.00;2000.00;71.67;
"2019-09-29 00:38:00";10.60;12.00;12.10;0.00;51.00;0.00;1.00;0.00;0.00;0.00;11.19;100.00;11.19;0.00;0.00;2000.00;71.67;
"2019-09-29 00:43:00";10.60;11.90;12.10;0.00;56.00;0.00;1.00;0.00;0.00;0.00;11.10;100.00;11.10;0.00;0.00;2000.00;71.67;
"2019-09-29 00:48:00";10.40;11.90;12.10;0.00;51.00;0.00;1.00;0.00;0.00;0.00;11.05;100.00;11.05;0.00;0.00;2000.00;71.67;
"2019-09-29 00:53:00";10.30;11.90;12.10;0.00;56.00;0.00;1.00;0.00;0.00;0.00;10.99;100.00;10.99;0.00;0.00;2000.00;71.67;
"2019-09-29 00:58:00";10.30;11.90;12.10;0.00;56.00;0.00;1.00;0.00;0.00;0.00;10.90;100.00;10.90;0.00;0.00;2000.00;71.67;
"2019-09-29 01:03:00";10.30;11.90;12.10;0.00;51.00;0.00;1.00;0.00;0.00;0.00;10.84;100.00;10.84;0.00;0.00;2000.00;71.67;
"2019-09-29 01:08:00";10.40;11.90;12.10;0.00;43.00;0.00;1.00;0.00;0.00;0.00;10.82;100.00;10.82;0.00;0.00;2000.00;71.67;
"2019-09-29 01:13:00";10.50;11.90;12.10;0.00;48.00;0.00;1.00;0.00;0.00;0.00;10.85;100.00;10.85;0.00;0.00;2000.00;71.67;
"2019-09-29 01:18:00";10.50;11.90;12.10;0.00;64.00;0.00;1.00;0.00;0.00;0.00;10.92;100.00;10.92;0.00;0.00;2000.00;71.67;
"2019-09-29 01:23:00";10.40;11.90;12.10;0.00;54.00;0.00;1.00;0.00;0.00;0.00;10.96;100.00;10.96;0.00;0.00;2000.00;71.67;
"2019-09-29 01:28:00";10.40;11.90;12.10;0.00;54.00;0.00;1.00;0.00;0.00;0.00;10.97;100.00;10.97;0.00;0.00;2000.00;71.67;
"2019-09-29 01:33:00";10.40;11.90;12.10;0.00;48.00;0.00;1.00;0.00;0.00;0.00;11.14;100.00;11.14;0.00;0.00;2000.00;71.67;
"2019-09-29 01:38:00";10.30;11.90;12.10;0.00;41.00;0.00;1.00;0.00;0.00;0.00;11.19;100.00;11.19;0.00;0.00;2000.00;71.67;
"2019-09-29 01:43:00";10.10;11.90;12.10;0.00;38.00;0.00;1.00;0.00;0.00;0.00;11.11;100.00;11.11;0.00;0.00;2000.00;71.67;
"2019-09-29 01:48:00";10.00;11.90;12.00;0.00;59.00;0.00;1.00;0.00;0.00;0.00;11.07;100.00;11.07;0.00;0.00;2000.00;71.67;
"2019-09-29 01:53:00";9.90;11.90;12.00;0.00;51.00;0.00;1.00;0.00;0.00;0.00;10.87;100.00;10.87;0.00;0.00;2000.00;71.67;
"2019-09-29 01:58:00";9.80;11.90;12.00;0.00;48.00;0.00;1.00;0.00;0.00;0.00;10.85;100.00;10.85;0.00;0.00;2000.00;71.67;
"2019-09-29 02:03:00";9.70;11.80;12.00;0.00;46.00;0.00;1.00;0.00;0.00;0.00;10.94;100.00;10.94;0.00;0.00;2000.00;71.67;
"2019-09-29 02:08:00";9.90;11.80;12.00;0.00;72.00;0.00;1.00;0.00;0.00;0.00;10.99;100.00;10.99;0.00;0.00;2000.00;71.67;
"2019-09-29 02:13:00";10.20;11.80;12.00;0.00;66.00;0.00;1.00;0.00;0.00;0.00;11.00;100.00;11.00;0.00;0.00;2000.00;71.67;
"2019-09-29 02:18:00";10.40;11.80;12.00;0.00;59.00;0.00;1.00;0.00;0.00;0.00;11.02;100.00;11.02;0.00;0.00;2000.00;71.67;
"2019-09-29 02:23:00";10.60;11.80;12.00;0.00;54.00;0.00;1.00;0.00;0.00;0.00;11.02;100.00;11.02;0.00;0.00;2000.00;71.67;
"2019-09-29 02:28:00";10.80;11.80;12.00;0.00;48.00;0.00;1.00;0.00;0.00;0.00;11.06;100.00;11.06;0.00;0.00;2000.00;71.67;
"2019-09-29 02:33:00";10.80;11.80;12.00;0.00;41.00;0.00;1.00;0.00;0.00;0.00;11.05;100.00;11.05;0.00;0.00;2000.00;71.67;
"2019-09-29 02:38:00";10.80;11.80;12.00;0.00;36.00;0.00;1.00;0.00;0.00;0.00;11.07;100.00;11.07;0.00;0.00;2000.00;71.67;
"2019-09-29 02:43:00";10.80;11.80;12.00;0.00;54.00;0.00;1.00;0.00;0.00;0.00;11.06;100.00;11.06;0.00;0.00;2000.00;71.67;
"2019-09-29 02:48:00";10.80;11.80;11.90;0.00;48.00;0.00;1.00;0.00;0.00;0.00;11.05;100.00;11.05;0.00;0.00;2000.00;71.67;
"2019-09-29 02:53:00";10.80;11.80;11.90;0.00;43.00;0.00;1.00;0.00;0.00;0.00;11.05;100.00;11.05;0.00;0.00;2000.00;71.67;
"2019-09-29 02:58:00";10.80;11.70;11.90;0.00;41.00;0.00;1.00;0.00;0.00;0.00;11.05;100.00;11.05;0.00;0.00;2000.00;71.67;
"2019-09-29 03:03:00";10.80;11.70;11.90;0.00;36.00;0.00;1.00;0.00;0.00;0.00;11.05;100.00;11.05;0.00;0.00;2000.00;71.67;
"2019-09-29 03:08:00";10.80;11.70;11.90;0.00;33.00;0.00;1.00;0.00;0.00;0.00;11.02;100.00;11.02;0.00;0.00;2000.00;71.67;
"2019-09-29 03:13:00";10.80;11.70;11.90;0.00;31.00;0.00;1.00;0.00;0.00;0.00;11.06;100.00;11.06;0.00;0.00;2000.00;71.67;
"2019-09-29 03:18:00";10.80;11.70;11.90;0.00;31.00;0.00;1.00;0.00;0.00;0.00;11.01;100.00;11.01;0.00;0.00;2000.00;71.67;
"2019-09-29 03:23:00";10.80;11.70;11.90;0.00;28.00;0.00;0.00;0.00;0.00;0.00;11.02;100.00;11.02;0.00;0.00;2000.00;71.67;
"2019-09-29 03:28:00";10.90;11.70;11.90;0.00;28.00;0.00;0.00;0.00;0.00;0.00;10.96;100.00;10.96;0.00;0.00;2000.00;71.67;
"2019-09-29 03:33:00";10.90;11.70;11.90;0.00;28.00;0.00;0.00;0.00;0.00;0.00;10.99;100.00;10.99;0.00;0.00;2000.00;71.67;
"2019-09-29 03:38:00";10.90;11.70;11.90;0.00;26.00;0.00;0.00;0.00;0.00;0.00;11.02;100.00;11.02;0.00;0.00;2000.00;71.67;
"2019-09-29 03:43:00";10.90;11.70;11.90;0.00;46.00;0.00;1.00;0.00;0.00;0.00;10.97;100.00;10.97;0.00;0.00;2000.00;71.67;
"2019-09-29 03:48:00";10.90;11.70;11.90;0.00;59.00;0.00;1.00;0.00;0.00;0.00;10.95;100.00;10.95;0.00;0.00;2000.00;71.67;
"2019-09-29 03:53:00";10.90;11.70;11.90;0.00;77.00;0.00;1.00;0.00;0.00;0.00;10.93;100.00;10.93;0.00;0.00;2000.00;71.67;
"2019-09-29 03:58:00";11.00;11.70;11.90;0.00;101.00;0.00;1.00;0.00;0.00;0.00;10.91;100.00;10.91;0.03;0.00;2000.00;71.70;
"2019-09-29 04:03:00";11.00;11.70;11.90;0.00;79.00;0.00;1.00;0.00;0.00;0.00;10.93;100.00;10.93;0.00;0.00;2000.00;71.70;
"2019-09-29 04:08:00";11.00;11.70;11.90;0.00;61.00;0.00;1.00;0.00;0.00;0.00;10.91;100.00;10.91;0.00;0.00;2000.00;71.70;
"2019-09-29 04:13:00";11.00;11.70;11.80;0.00;51.00;0.00;1.00;0.00;0.00;0.00;11.03;100.00;11.03;0.00;0.00;2000.00;71.70;
"2019-09-29 04:18:00";11.00;11.70;11.90;0.00;79.00;0.00;1.00;0.00;0.00;0.00;11.04;100.00;11.04;0.01;60.00;2000.00;71.71;
"2019-09-29 04:23:00";11.00;11.70;11.90;0.00;98.00;0.00;1.00;0.00;0.00;0.00;11.11;100.00;11.11;0.01;0.00;2000.00;71.72;
"2019-09-29 04:28:00";11.00;11.70;11.90;0.00;101.00;0.00;1.00;0.00;0.00;0.00;11.22;100.00;11.22;0.02;60.00;2000.00;71.74;
"2019-09-29 04:33:00";11.00;11.70;11.80;0.00;93.00;0.00;1.00;0.00;0.00;0.00;11.25;100.00;11.25;0.00;0.00;2000.00;71.74;
"2019-09-29 04:38:00";11.00;11.70;11.80;0.00;85.00;0.00;1.00;0.00;0.00;0.00;11.29;100.00;11.29;0.00;0.00;2000.00;71.74;
"2019-09-29 04:43:00";11.00;11.70;11.80;0.00;166.00;0.00;1.00;0.00;0.00;0.00;11.36;100.00;11.36;0.00;0.00;2000.00;71.74;
"2019-09-29 04:48:00";11.00;11.70;11.80;0.00;172.00;0.00;1.00;0.00;0.00;0.00;11.32;100.00;11.32;0.00;0.00;2000.00;71.74;
"2019-09-29 04:53:00";11.00;11.60;11.80;0.00;112.00;0.00;1.00;0.00;0.00;0.00;11.32;100.00;11.32;0.00;0.00;2000.00;71.74;
"2019-09-29 04:58:00";11.00;11.60;11.80;0.00;85.00;0.00;1.00;0.00;0.00;0.00;11.37;100.00;11.37;0.00;0.00;2000.00;71.74;
"2019-09-29 05:03:00";11.00;11.60;11.80;0.00;93.00;0.00;1.00;0.00;0.00;0.00;11.27;100.00;11.27;0.00;0.00;2000.00;71.74;
"2019-09-29 05:08:00";11.00;11.60;11.80;0.00;72.00;0.00;1.00;0.00;0.00;0.00;11.28;100.00;11.28;0.00;0.00;2000.00;71.74;
"2019-09-29 05:13:00";10.90;11.60;11.80;0.00;59.00;0.00;1.00;0.00;0.00;0.00;11.36;100.00;11.36;0.00;0.00;2000.00;71.74;
"2019-09-29 05:18:00";10.90;11.60;11.80;0.00;56.00;0.00;1.00;0.00;0.00;0.00;11.30;100.00;11.30;0.00;0.00;2000.00;71.74;
"2019-09-29 05:23:00";10.90;11.60;11.80;0.00;54.00;0.00;1.00;0.00;0.00;0.00;11.32;100.00;11.32;0.00;0.00;2000.00;71.74;
"2019-09-29 05:28:00";11.00;11.60;11.80;0.00;59.00;0.00;1.00;0.00;0.00;0.00;11.37;100.00;11.37;0.00;0.00;2000.00;71.74;
"2019-09-29 05:33:00";11.00;11.60;11.80;0.00;59.00;0.00;1.00;0.00;0.00;0.00;11.46;100.00;11.46;0.00;0.00;2000.00;71.74;
"2019-09-29 05:38:00";11.00;11.60;11.80;0.00;87.00;0.00;1.00;0.00;0.00;0.00;11.54;100.00;11.54;0.00;0.00;2000.00;71.74;
"2019-09-29 05:43:00";11.10;11.60;11.80;0.00;109.00;0.00;1.00;0.00;0.00;0.00;11.47;100.00;11.47;0.00;0.00;2000.00;71.74;
"2019-09-29 05:48:00";11.10;11.60;11.80;0.00;74.00;0.00;1.00;0.00;0.00;0.00;11.50;100.00;11.50;0.00;0.00;2000.00;71.74;
"2019-09-29 05:53:00";11.10;11.60;11.80;0.00;74.00;0.00;1.00;0.00;0.00;0.00;11.52;100.00;11.52;0.00;0.00;2000.00;71.74;
"2019-09-29 05:58:00";11.20;11.60;11.80;0.00;79.00;0.00;1.00;0.00;0.00;0.00;11.52;100.00;11.52;0.00;0.00;2000.00;71.74;
"2019-09-29 06:03:00";11.20;11.60;11.80;0.00;85.00;0.00;1.00;0.00;0.00;0.00;11.60;100.00;11.60;0.00;0.00;2000.00;71.74;
"2019-09-29 06:08:00";11.30;11.60;11.80;0.00;82.00;0.00;1.00;0.00;0.00;0.00;11.63;100.00;11.63;0.00;0.00;2000.00;71.74;
"2019-09-29 06:13:00";11.30;11.60;11.80;0.00;101.00;0.00;1.00;0.00;0.00;0.00;11.64;100.00;11.64;0.02;0.00;2000.00;71.76;
"2019-09-29 06:18:00";11.40;11.60;11.80;0.00;98.00;0.00;1.00;0.00;0.00;0.00;11.63;100.00;11.63;0.00;0.00;2000.00;71.76;
"2019-09-29 06:23:00";11.40;11.60;11.80;0.00;160.00;0.00;1.00;0.00;0.00;0.00;11.65;100.00;11.65;0.03;60.00;2000.00;71.79;
"2019-09-29 06:28:00";11.50;11.60;11.80;0.00;199.00;0.00;1.00;0.00;0.00;0.00;11.67;100.00;11.67;0.06;60.00;2000.00;71.85;
"2019-09-29 06:33:00";11.50;11.60;11.80;0.00;260.00;0.00;1.00;0.00;0.00;0.00;11.72;100.00;11.72;0.14;60.00;2000.00;71.99;
"2019-09-29 06:38:00";11.50;11.60;11.80;0.00;292.00;0.00;1.00;0.00;0.00;0.00;11.71;100.00;11.71;0.16;60.00;2000.00;72.15;
"2019-09-29 06:43:00";11.50;11.60;11.80;0.00;247.00;0.00;1.00;0.00;0.00;0.00;11.75;100.00;11.75;0.13;60.00;2000.00;72.28;
"2019-09-29 06:48:00";11.50;11.60;11.80;0.00;215.00;0.00;1.00;0.00;0.00;0.00;11.76;100.00;11.76;0.06;60.00;2000.00;72.34;
"2019-09-29 06:53:00";11.50;11.60;11.80;0.00;313.00;0.00;2.00;0.00;0.00;0.00;11.75;100.00;11.75;0.06;60.00;2000.00;72.40;
"2019-09-29 06:58:00";11.60;11.60;11.80;0.00;247.00;0.00;1.00;0.00;0.00;0.00;11.74;100.00;11.74;0.03;60.00;2000.00;72.43;
"2019-09-29 07:03:00";11.60;11.60;11.80;0.00;227.00;0.00;1.00;0.00;0.00;0.00;11.78;100.00;11.78;0.02;60.00;2000.00;72.45;
"2019-09-29 07:08:00";11.60;11.60;11.80;0.00;320.00;0.00;2.00;0.00;0.00;0.00;11.88;100.00;11.88;0.08;60.00;2000.00;72.53;
"2019-09-29 07:13:00";11.70;11.60;11.80;0.00;257.00;0.00;1.00;0.00;0.00;0.00;11.86;100.00;11.86;0.05;60.00;2000.00;72.58;
"2019-09-29 07:18:00";11.60;11.60;11.80;0.00;254.00;0.00;1.00;0.00;0.00;0.00;11.89;100.00;11.89;0.01;0.00;2000.00;72.59;
"2019-09-29 07:23:00";11.70;11.60;11.80;0.00;187.00;0.00;1.00;0.00;0.00;0.00;11.91;100.00;11.91;0.00;0.00;2000.00;72.59;
"2019-09-29 07:28:00";11.70;11.60;11.80;0.00;208.00;0.00;1.00;0.00;0.00;0.00;11.97;100.00;11.97;0.01;0.00;2000.00;72.60;
"2019-09-29 07:33:00";11.70;11.60;11.80;0.00;169.00;0.00;1.00;0.00;0.00;0.00;11.90;100.00;11.90;0.00;0.00;2000.00;72.60;
"2019-09-29 07:38:00";11.70;11.60;11.80;0.00;169.00;0.00;1.00;0.00;0.00;0.00;11.94;100.00;11.94;0.01;0.00;2000.00;72.61;
"2019-09-29 07:43:00";11.70;11.60;11.80;0.00;181.00;0.00;1.00;0.00;0.00;0.00;11.98;100.00;11.98;0.04;60.00;2000.00;72.65;
"2019-09-29 07:48:00";11.70;11.60;11.80;0.00;231.00;0.00;1.00;0.00;0.00;0.00;11.99;100.00;11.99;0.04;60.00;2000.00;72.69;
"2019-09-29 07:53:00";11.70;11.60;11.80;0.00;169.00;0.00;1.00;0.00;0.00;0.00;12.03;100.00;12.03;0.05;60.00;2000.00;72.74;
"2019-09-29 07:58:00";11.80;11.60;11.80;0.00;137.00;0.00;1.00;0.00;0.00;0.00;12.01;100.00;12.01;0.00;0.00;2000.00;72.74;
"2019-09-29 08:03:00";11.80;11.60;11.80;0.00;142.00;0.00;1.00;0.00;0.00;0.00;12.05;100.00;12.05;0.01;0.00;2000.00;72.75;
"2019-09-29 08:08:00";11.80;11.60;11.80;0.00;142.00;0.00;1.00;0.00;0.00;0.00;12.04;100.00;12.04;0.00;0.00;2000.00;72.75;
"2019-09-29 08:13:00";11.90;11.60;11.80;0.00;160.00;0.00;1.00;0.00;0.00;0.00;12.03;100.00;12.03;0.01;0.00;2000.00;72.76;
"2019-09-29 08:18:00";11.90;11.60;11.80;0.00;190.00;0.00;1.00;0.00;0.00;0.00;12.08;100.00;12.08;0.04;60.00;2000.00;72.80;
"2019-09-29 08:23:00";12.00;11.60;11.80;0.00;184.00;0.00;1.00;0.00;0.00;0.00;12.09;100.00;12.09;0.02;60.00;2000.00;72.82;
"2019-09-29 08:28:00";12.00;11.60;11.80;0.00;145.00;0.00;1.00;0.00;0.00;0.00;12.04;100.00;12.04;0.00;0.00;2000.00;72.82;
"2019-09-29 08:33:00";12.10;11.70;11.80;0.00;157.00;0.00;1.00;0.00;0.00;0.00;12.04;100.00;12.04;0.00;0.00;2000.00;72.82;
"2019-09-29 08:38:00";12.10;11.70;11.80;0.00;175.00;0.00;1.00;0.00;0.00;0.00;12.07;100.00;12.07;0.00;0.00;2000.00;72.82;
"2019-09-29 08:43:00";12.10;11.70;11.80;0.00;140.00;0.00;1.00;0.00;0.00;0.00;12.06;100.00;12.06;0.00;0.00;2000.00;72.82;
"2019-09-29 08:48:00";12.10;11.70;11.80;0.00;109.00;0.00;1.00;0.00;0.00;0.00;12.01;100.00;12.01;0.00;0.00;2000.00;72.82;
"2019-09-29 08:53:00";12.10;11.70;11.80;0.00;103.00;0.00;1.00;0.00;0.00;0.00;12.03;100.00;12.03;0.00;0.00;2000.00;72.82;
"2019-09-29 08:58:00";12.20;11.70;11.80;0.00;181.00;0.00;1.00;0.00;0.00;0.00;12.07;100.00;12.07;0.00;0.00;2000.00;72.82;
"2019-09-29 09:03:00";12.20;11.70;11.80;0.00;98.00;0.00;1.00;0.00;0.00;0.00;12.07;100.00;12.07;0.00;0.00;2000.00;72.82;
"2019-09-29 09:08:00";12.20;11.70;11.80;0.00;90.00;0.00;1.00;0.00;0.00;0.00;12.10;100.00;12.10;0.00;0.00;2000.00;72.82;
"2019-09-29 09:13:00";12.30;11.70;11.80;0.00;126.00;0.00;1.00;0.00;0.00;0.00;12.08;100.00;12.08;0.00;0.00;2000.00;72.82;
"2019-09-29 09:18:00";12.50;11.70;11.80;0.00;93.00;0.00;1.00;0.00;0.00;0.00;12.11;100.00;12.11;0.00;0.00;2000.00;72.82;
"2019-09-29 09:23:00";12.70;11.70;11.90;0.00;69.00;0.00;1.00;1.38;218.47;2.47;12.19;100.00;12.19;0.00;0.00;2000.00;72.82;
"2019-09-29 09:28:00";12.90;11.70;11.80;0.00;101.00;0.00;1.00;0.00;0.00;0.00;12.22;100.00;12.22;0.00;0.00;2000.00;72.82;
"2019-09-29 09:33:00";13.10;11.70;11.90;0.00;93.00;0.00;1.00;0.00;0.00;0.00;12.25;100.00;12.25;0.00;0.00;2000.00;72.82;
"2019-09-29 09:38:00";13.20;11.70;11.90;0.00;106.00;0.00;1.00;0.00;0.00;0.00;12.25;100.00;12.25;0.00;0.00;2000.00;72.82;
"2019-09-29 09:43:00";13.30;11.70;11.90;0.00;82.00;0.00;1.00;0.00;0.00;0.00;12.29;100.00;12.29;0.00;0.00;2000.00;72.82;
"2019-09-29 09:48:00";13.40;11.70;11.90;0.00;87.00;0.00;1.00;0.00;0.00;0.00;12.41;100.00;12.41;0.00;0.00;2000.00;72.82;
"2019-09-29 09:53:00";13.30;11.80;11.90;0.00;74.00;0.00;1.00;0.00;0.00;0.00;12.42;100.00;12.42;0.00;0.00;2000.00;72.82;
"2019-09-29 09:58:00";13.80;11.80;11.90;0.00;93.00;0.00;1.00;0.00;0.00;0.00;12.63;100.00;12.63;0.00;0.00;2000.00;72.82;
"2019-09-29 10:03:00";14.00;11.80;11.90;0.00;101.00;0.00;1.00;0.00;0.00;0.00;12.77;100.00;12.77;0.00;0.00;2000.00;72.82;
"2019-09-29 10:08:00";14.20;11.80;11.90;0.00;72.00;0.00;1.00;0.00;0.00;0.00;12.69;100.00;12.69;0.00;0.00;2000.00;72.82;
"2019-09-29 10:13:00";14.20;11.80;11.90;0.00;56.00;0.00;1.00;0.00;0.00;0.00;12.82;100.00;12.82;0.00;0.00;2000.00;72.82;
"2019-09-29 10:18:00";14.30;11.80;11.90;0.00;112.00;0.00;1.00;0.00;0.00;0.00;12.82;100.00;12.82;0.00;0.00;2000.00;72.82;
"2019-09-29 10:23:00";14.30;11.80;11.90;0.00;74.00;0.00;1.00;0.00;0.00;0.00;12.82;100.00;12.82;0.00;0.00;2000.00;72.82;
"2019-09-29 10:28:00";14.50;11.80;11.90;0.00;72.00;0.00;1.00;0.00;0.00;0.00;12.89;100.00;12.89;0.00;0.00;2000.00;72.82;
"2019-09-29 10:33:00";14.70;11.80;12.00;0.00;46.00;0.00;1.00;1.89;268.69;2.82;12.86;100.00;12.86;0.00;0.00;2000.00;72.82;
"2019-09-29 10:38:00";15.00;11.90;12.00;0.00;90.00;0.00;1.00;3.44;259.99;3.75;12.90;100.00;12.90;0.00;0.00;2000.00;72.82;
"2019-09-29 10:43:00";15.50;11.90;12.00;0.00;54.00;0.00;1.00;4.17;249.93;4.17;12.95;100.00;12.95;0.00;0.00;2000.00;72.82;
"2019-09-29 10:48:00";15.30;11.90;12.00;0.00;41.00;0.00;1.00;0.00;0.00;2.10;13.05;100.00;13.05;0.00;0.00;2000.00;72.82;
"2019-09-29 10:53:00";15.40;11.90;12.00;0.00;46.00;0.00;1.00;2.22;239.08;2.99;13.03;100.00;13.03;0.00;0.00;2000.00;72.82;
"2019-09-29 10:58:00";15.40;11.90;12.00;0.00;33.00;0.00;1.00;2.50;202.18;4.99;13.04;100.00;13.04;0.00;0.00;2000.00;72.82;
"2019-09-29 11:03:00";15.40;12.00;12.00;0.00;26.00;0.00;0.00;2.91;257.34;4.31;13.14;100.00;13.14;0.00;0.00;2000.00;72.82;
"2019-09-29 11:08:00";15.50;12.00;12.10;0.00;43.00;0.00;1.00;0.00;0.00;0.92;13.19;100.00;13.19;0.00;0.00;2000.00;72.82;
"2019-09-29 11:13:00";15.70;12.00;12.10;0.00;31.00;0.00;1.00;1.08;188.46;2.46;13.28;100.00;13.28;0.00;0.00;2000.00;72.82;
"2019-09-29 11:18:00";16.50;12.00;12.10;0.00;74.00;0.00;1.00;3.40;190.41;4.36;13.36;100.00;13.36;0.00;0.00;2000.00;72.82;
"2019-09-29 11:23:00";16.10;12.10;12.10;0.00;43.00;0.00;1.00;4.23;209.28;6.19;13.33;100.00;13.33;0.00;0.00;2000.00;72.82;
"2019-09-29 11:28:00";15.50;12.10;12.10;0.00;33.00;0.00;1.00;3.51;184.49;4.94;13.37;100.00;13.37;0.00;0.00;2000.00;72.82;
"2019-09-29 11:33:00";15.30;12.10;12.20;0.00;31.00;0.00;1.00;1.49;262.66;3.21;13.36;100.00;13.36;0.00;0.00;2000.00;72.82;
"2019-09-29 11:38:00";15.20;12.10;12.20;0.00;38.00;0.00;1.00;4.21;273.45;4.21;13.34;100.00;13.34;0.00;0.00;2000.00;72.82;
"2019-09-29 11:43:00";15.20;12.20;12.20;0.00;24.00;0.00;0.00;3.13;185.06;3.91;13.48;100.00;13.48;0.00;0.00;2000.00;72.82;
"2019-09-29 11:48:00";15.40;12.20;12.20;0.00;14.00;0.00;0.00;1.04;136.19;5.07;13.62;100.00;13.62;0.00;0.00;2000.00;72.82;
"2019-09-29 11:53:00";15.50;12.20;12.20;0.00;0.00;0.00;0.00;3.39;208.47;3.39;13.61;100.00;13.61;0.00;0.00;2000.00;72.82;
"2019-09-29 11:58:00";15.50;12.20;12.20;0.00;0.00;0.00;0.00;2.19;220.34;4.21;13.61;100.00;13.61;0.00;0.00;2000.00;72.82;
"2019-09-29 12:03:00";16.20;12.20;12.20;0.00;0.00;0.00;0.00;4.20;189.45;4.20;13.76;100.00;13.76;0.00;0.00;2000.00;72.82;
"2019-09-29 12:08:00";17.30;12.20;12.20;0.00;0.00;0.00;0.00;2.03;180.00;3.90;14.04;100.00;14.04;0.00;0.00;2000.00;72.82;
"2019-09-29 12:13:00";18.50;12.20;12.30;0.00;0.00;0.00;0.00;3.23;230.70;3.85;14.14;100.00;14.14;0.00;0.00;2000.00;72.82;
"2019-09-29 12:18:00";18.30;12.20;12.30;0.00;0.00;0.00;0.00;7.57;243.61;7.57;14.15;100.00;14.15;0.00;0.00;2000.00;72.82;
"2019-09-29 12:23:00";18.10;12.30;12.30;0.00;0.00;0.00;0.00;1.16;180.00;3.52;14.10;100.00;14.10;0.00;0.00;2000.00;72.82;
"2019-09-29 12:28:00";17.90;12.30;12.30;0.00;0.00;0.00;0.00;0.00;0.00;0.00;14.22;100.00;14.22;0.00;0.00;2000.00;72.82;
"2019-09-29 12:33:00";17.80;12.30;12.30;0.00;0.00;0.00;0.00;2.57;242.73;3.18;14.12;100.00;14.12;0.00;0.00;2000.00;72.82;
"2019-09-29 12:38:00";18.20;12.40;12.40;0.00;0.00;0.00;0.00;1.28;180.00;3.19;14.24;100.00;14.24;0.00;0.00;2000.00;72.82;
"2019-09-29 12:43:00";19.00;12.40;12.40;0.00;0.00;0.00;0.00;1.54;286.48;3.91;14.52;100.00;14.52;0.00;0.00;2000.00;72.82;
"2019-09-29 12:48:00";19.30;12.40;12.40;0.00;0.00;0.00;0.00;3.01;192.01;6.02;14.62;100.00;14.62;0.00;0.00;2000.00;72.82;
"2019-09-29 12:53:00";18.90;12.50;12.50;0.00;0.00;0.00;0.00;3.67;185.96;7.64;14.42;100.00;14.42;0.00;0.00;2000.00;72.82;
"2019-09-29 12:58:00";18.80;12.50;12.50;0.00;0.00;0.00;0.00;0.00;0.00;0.00;14.37;100.00;14.37;0.00;0.00;2000.00;72.82;
"2019-09-29 13:03:00";18.30;12.50;12.50;0.00;0.00;0.00;0.00;5.14;231.01;7.78;14.31;100.00;14.31;0.00;0.00;2000.00;72.82;
"2019-09-29 13:08:00";17.70;12.60;12.60;0.00;0.00;0.00;0.00;0.00;0.00;6.00;14.17;100.00;14.17;0.01;0.00;2000.00;72.83;
"2019-09-29 13:13:00";17.30;12.60;12.60;0.00;0.00;0.00;0.00;3.85;47.44;5.26;14.14;100.00;14.14;0.00;0.00;2000.00;72.83;
"2019-09-29 13:18:00";16.80;12.60;12.60;0.00;11.00;0.00;0.00;5.37;180.00;5.37;14.06;100.00;14.06;0.03;60.00;2000.00;72.86;
"2019-09-29 13:23:00";16.40;12.70;12.70;0.00;90.00;0.00;1.00;2.47;213.68;5.59;13.88;100.00;13.88;0.07;60.00;2000.00;72.93;
"2019-09-29 13:28:00";16.30;12.70;12.70;0.00;93.00;0.00;1.00;0.00;0.00;4.50;13.68;100.00;13.68;0.03;60.00;2000.00;72.96;
"2019-09-29 13:33:00";16.00;12.80;12.70;0.00;51.00;0.00;1.00;1.45;180.00;3.65;13.32;99.79;13.29;0.01;0.00;2000.00;72.97;
"2019-09-29 13:38:00";15.80;12.80;12.70;0.00;33.00;0.00;1.00;3.63;194.80;3.63;13.25;99.53;13.18;0.02;60.00;2000.00;72.99;
"2019-09-29 13:43:00";15.80;12.80;12.80;0.00;85.00;0.00;1.00;0.00;0.00;0.00;13.23;99.26;13.11;0.03;60.00;2000.00;73.02;
"2019-09-29 13:48:00";16.20;12.90;12.80;0.00;79.00;0.00;1.00;0.00;0.00;0.00;13.40;98.63;13.18;0.03;60.00;2000.00;73.05;
"2019-09-29 13:53:00";16.30;12.90;12.80;0.00;46.00;0.00;1.00;0.00;0.00;1.31;13.41;98.35;13.15;0.01;0.00;2000.00;73.06;
"2019-09-29 13:58:00";16.00;12.90;12.90;0.00;69.00;0.00;1.00;0.00;0.00;0.00;13.42;97.70;13.06;0.02;60.00;2000.00;73.08;
"2019-09-29 14:03:00";15.70;12.90;12.90;0.00;43.00;0.00;1.00;0.00;0.00;0.00;13.30;97.20;12.87;0.00;0.00;2000.00;73.08;
"2019-09-29 14:08:00";15.90;13.00;12.90;0.00;36.00;0.00;1.00;0.00;0.00;0.00;13.40;97.14;12.95;0.00;0.00;2000.00;73.08;
"2019-09-29 14:13:00";16.60;13.00;12.90;0.00;14.00;0.00;0.00;0.00;0.00;0.00;13.69;96.98;13.22;0.00;0.00;2000.00;73.08;
"2019-09-29 14:18:00";16.60;13.00;13.00;0.00;41.00;0.00;1.00;2.89;224.22;4.06;13.71;96.07;13.10;0.00;0.00;2000.00;73.08;
"2019-09-29 14:23:00";16.90;13.00;13.00;0.00;48.00;0.00;1.00;0.00;0.00;0.00;13.91;95.96;13.27;0.01;0.00;2000.00;73.09;
"2019-09-29 14:28:00";17.00;13.10;13.00;0.00;33.00;0.00;1.00;0.00;0.00;0.00;13.99;96.02;13.36;0.00;0.00;2000.00;73.09;
"2019-09-29 14:33:00";17.10;13.10;13.00;0.00;0.00;0.00;0.00;0.00;0.00;0.00;14.04;95.66;13.36;0.00;0.00;2000.00;73.09;
"2019-09-29 14:38:00";17.30;13.10;13.00;0.00;0.00;0.00;0.00;0.00;0.00;0.00;14.06;95.00;13.27;0.00;0.00;2000.00;73.09;
"2019-09-29 14:43:00";17.30;13.10;13.10;0.00;0.00;0.00;0.00;3.31;242.78;3.55;14.13;95.15;13.37;0.00;0.00;2000.00;73.09;
"2019-09-29 14:48:00";17.80;13.10;13.10;0.00;0.00;0.00;0.00;0.00;0.00;0.00;14.28;94.90;13.47;0.00;0.00;2000.00;73.09;
"2019-09-29 14:53:00";18.10;13.20;13.10;0.00;0.00;0.00;0.00;0.00;0.00;0.00;14.35;94.57;13.49;0.00;0.00;2000.00;73.09;
"2019-09-29 14:58:00";18.10;13.20;13.10;0.00;0.00;0.00;0.00;0.00;0.00;0.00;14.41;94.60;13.55;0.00;0.00;2000.00;73.09;
"2019-09-29 15:03:00";18.10;13.20;13.20;0.00;0.00;0.00;0.00;2.31;180.00;2.31;14.57;94.18;13.65;0.00;0.00;2000.00;73.09;
"2019-09-29 15:08:00";18.00;13.20;13.20;0.00;0.00;0.00;0.00;0.00;0.00;4.65;14.49;94.07;13.54;0.00;0.00;2000.00;73.09;
"2019-09-29 15:13:00";17.80;13.30;13.20;0.00;0.00;0.00;0.00;0.00;0.00;0.00;14.55;93.99;13.59;0.00;0.00;2000.00;73.09;
"2019-09-29 15:18:00";18.00;13.30;13.20;0.00;0.00;0.00;0.00;0.00;0.00;0.00;14.59;93.76;13.59;0.00;0.00;2000.00;73.09;
"2019-09-29 15:23:00";18.30;13.30;13.20;0.00;0.00;0.00;0.00;0.00;0.00;0.00;14.84;93.66;13.82;0.00;0.00;2000.00;73.09;
"2019-09-29 15:28:00";18.10;13.30;13.20;0.00;0.00;0.00;0.00;2.43;231.69;4.19;14.76;93.11;13.65;0.00;0.00;2000.00;73.09;
"2019-09-29 15:33:00";18.10;13.30;13.30;0.00;0.00;0.00;0.00;2.00;188.94;2.33;14.88;92.83;13.73;0.00;0.00;2000.00;73.09;
"2019-09-29 15:38:00";18.00;13.40;13.30;0.00;0.00;0.00;0.00;0.00;0.00;3.44;14.88;92.34;13.64;0.00;0.00;2000.00;73.09;
"2019-09-29 15:43:00";17.90;13.40;13.30;0.00;0.00;0.00;0.00;2.64;182.89;4.37;14.83;91.94;13.53;0.00;0.00;2000.00;73.09;
"2019-09-29 15:48:00";18.10;13.40;13.40;0.00;0.00;0.00;0.00;5.22;196.87;5.68;14.88;91.50;13.51;0.00;0.00;2000.00;73.09;
"2019-09-29 15:53:00";19.30;13.40;13.40;0.00;0.00;0.00;0.00;0.00;0.00;0.00;15.29;92.27;14.04;0.00;0.00;2000.00;73.09;
"2019-09-29 15:58:00";19.20;13.40;13.40;0.00;0.00;0.00;0.00;3.78;189.47;4.76;15.20;90.34;13.63;0.00;0.00;2000.00;73.09;
"2019-09-29 16:03:00";19.80;13.40;13.40;0.00;0.00;0.00;0.00;3.55;221.99;5.74;15.28;89.81;13.62;0.00;0.00;2000.00;73.09;
"2019-09-29 16:08:00";19.70;13.40;13.40;0.00;0.00;0.00;0.00;0.00;0.00;0.00;15.46;89.04;13.67;0.00;0.00;2000.00;73.09;
"2019-09-29 16:13:00";19.30;13.40;13.40;0.00;0.00;0.00;0.00;4.31;203.87;5.07;15.28;87.86;13.28;0.00;0.00;2000.00;73.09;
"2019-09-29 16:18:00";18.70;13.50;13.40;0.00;0.00;0.00;0.00;3.34;229.00;6.43;15.11;87.39;13.03;0.00;0.00;2000.00;73.09;
"2019-09-29 16:23:00";18.50;13.50;13.40;0.00;0.00;0.00;0.00;2.09;204.40;4.20;15.15;86.98;13.00;0.00;0.00;2000.00;73.09;
"2019-09-29 16:28:00";18.60;13.50;13.40;0.00;0.00;0.00;0.00;3.73;193.87;3.73;15.25;86.43;13.00;0.00;0.00;2000.00;73.09;
"2019-09-29 16:33:00";17.90;13.50;13.50;0.00;0.00;0.00;0.00;3.13;200.76;4.99;15.09;85.82;12.73;0.00;0.00;2000.00;73.09;
"2019-09-29 16:38:00";17.30;13.60;13.50;0.00;0.00;0.00;0.00;3.23;184.64;3.86;14.98;85.50;12.56;0.00;0.00;2000.00;73.09;
"2019-09-29 16:43:00";16.90;13.60;13.50;0.00;0.00;0.00;0.00;3.64;180.00;4.47;14.88;85.26;12.42;0.00;0.00;2000.00;73.09;
"2019-09-29 16:48:00";16.60;13.60;13.50;0.00;0.00;0.00;0.00;3.74;182.60;5.91;14.84;85.24;12.39;0.00;0.00;2000.00;73.09;
"2019-09-29 16:53:00";16.60;13.60;13.50;0.00;0.00;0.00;0.00;1.18;187.98;2.09;14.83;85.08;12.34;0.00;0.00;2000.00;73.09;
"2019-09-29 16:58:00";17.50;13.70;13.60;0.00;0.00;0.00;0.00;0.00;0.00;0.00;15.13;85.60;12.73;0.02;60.00;2000.00;73.11;
"2019-09-29 17:03:00";17.80;13.70;13.60;0.00;0.00;0.00;0.00;0.00;0.00;0.00;15.43;84.38;12.80;0.02;60.00;2000.00;73.13;
"2019-09-29 17:08:00";18.10;13.70;13.60;0.00;0.00;0.00;0.00;2.27;192.98;4.44;15.39;84.69;12.82;0.00;0.00;2000.00;73.13;
"2019-09-29 17:13:00";18.10;13.70;13.60;0.00;0.00;0.00;0.00;0.00;0.00;4.47;15.39;84.23;12.74;0.00;0.00;2000.00;73.13;
"2019-09-29 17:18:00";18.10;13.70;13.60;0.00;0.00;0.00;0.00;0.00;0.00;0.00;15.33;84.35;12.71;0.00;0.00;2000.00;73.13;
"2019-09-29 17:23:00";17.80;13.70;13.70;0.00;0.00;0.00;0.00;3.05;9.27;4.14;15.23;83.84;12.51;0.00;0.00;2000.00;73.13;
"2019-09-29 17:28:00";17.30;13.80;13.70;0.00;0.00;0.00;0.00;0.00;0.00;0.00;14.96;84.16;12.30;0.00;0.00;2000.00;73.13;
"2019-09-29 17:33:00";16.90;13.80;13.70;0.00;0.00;0.00;0.00;1.73;197.84;2.37;14.79;84.55;12.21;0.00;0.00;2000.00;73.13;
"2019-09-29 17:38:00";16.80;13.80;13.70;0.00;0.00;0.00;0.00;0.00;0.00;0.00;14.84;84.73;12.29;0.00;0.00;2000.00;73.13;
"2019-09-29 17:43:00";16.70;13.80;13.70;0.00;0.00;0.00;0.00;0.00;0.00;5.81;14.78;84.55;12.20;0.00;0.00;2000.00;73.13;
"2019-09-29 17:48:00";16.60;13.90;13.80;0.00;0.00;0.00;0.00;3.04;201.94;3.04;14.62;84.30;12.00;0.00;0.00;2000.00;73.13;
"2019-09-29 17:53:00";16.30;13.80;13.80;0.00;0.00;0.00;0.00;2.08;190.86;4.28;14.54;84.01;11.87;0.00;0.00;2000.00;73.13;
"2019-09-29 17:58:00";16.00;13.90;13.80;0.00;0.00;0.00;0.00;0.00;0.00;1.57;14.34;83.94;11.66;0.00;0.00;2000.00;73.13;
"2019-09-29 18:03:00";15.80;13.90;13.80;0.00;0.00;0.00;0.00;0.00;0.00;0.00;14.18;84.18;11.55;0.00;0.00;2000.00;73.13;
"2019-09-29 18:08:00";15.50;13.90;13.80;0.00;0.00;0.00;0.00;0.00;0.00;0.00;14.08;84.52;11.51;0.00;0.00;2000.00;73.13;
"2019-09-29 18:13:00";15.40;13.90;13.80;0.00;0.00;0.00;0.00;0.00;0.00;0.00;14.03;84.89;11.52;0.00;0.00;2000.00;73.13;
"2019-09-29 18:18:00";15.40;13.90;13.90;0.00;0.00;0.00;0.00;0.00;0.00;0.00;14.02;85.23;11.58;0.00;0.00;2000.00;73.13;
"2019-09-29 18:23:00";15.30;13.90;13.80;0.00;0.00;0.00;0.00;0.00;0.00;0.00;13.99;85.44;11.59;0.00;0.00;2000.00;73.13;
"2019-09-29 18:28:00";15.10;13.90;13.90;0.00;0.00;0.00;0.00;0.00;0.00;0.00;13.83;85.79;11.49;0.00;0.00;2000.00;73.13;
"2019-09-29 18:33:00";14.80;13.90;13.90;0.00;0.00;0.00;0.00;3.70;201.39;7.14;13.83;86.16;11.56;0.00;0.00;2000.00;73.13;
"2019-09-29 18:38:00";14.80;13.90;13.90;0.00;0.00;0.00;0.00;1.51;211.50;2.75;13.77;86.25;11.51;0.00;0.00;2000.00;73.13;
"2019-09-29 18:43:00";14.60;14.00;13.90;0.00;0.00;0.00;0.00;0.00;0.00;0.00;13.70;86.55;11.50;0.00;0.00;2000.00;73.13;
"2019-09-29 18:48:00";14.50;13.90;13.90;0.00;0.00;0.00;0.00;0.00;0.00;0.00;13.66;86.66;11.48;0.00;0.00;2000.00;73.13;
"2019-09-29 18:53:00";14.20;14.00;13.90;0.00;0.00;0.00;0.00;0.60;284.27;2.46;13.57;86.81;11.41;0.00;0.00;2000.00;73.13;
"2019-09-29 18:58:00";14.20;14.00;13.90;0.00;0.00;0.00;0.00;1.75;224.85;3.02;13.52;86.82;11.36;0.00;0.00;2000.00;73.13;
"2019-09-29 19:03:00";14.00;14.00;13.90;0.00;0.00;0.00;0.00;0.00;0.00;0.00;13.44;86.96;11.31;0.00;0.00;2000.00;73.13;
"2019-09-29 19:08:00";13.80;13.90;13.90;0.00;0.00;0.00;0.00;0.00;0.00;0.00;13.45;86.86;11.30;0.00;0.00;2000.00;73.13;
"2019-09-29 19:13:00";13.70;13.90;13.90;0.00;0.00;0.00;0.00;0.00;0.00;1.96;13.38;86.69;11.20;0.00;0.00;2000.00;73.13;
"2019-09-29 19:18:00";13.40;14.00;13.90;0.00;0.00;0.00;0.00;1.30;240.91;2.18;13.17;86.55;10.97;0.00;0.00;2000.00;73.13;
"2019-09-29 19:23:00";13.30;13.90;13.90;0.00;0.00;0.00;0.00;1.72;205.62;2.87;13.13;86.31;10.90;0.00;0.00;2000.00;73.13;
"2019-09-29 19:28:00";13.20;13.90;13.90;0.00;0.00;0.00;0.00;0.00;0.00;0.00;13.09;86.06;10.81;0.00;0.00;2000.00;73.13;
"2019-09-29 19:33:00";13.20;13.90;13.90;0.00;0.00;0.00;0.00;0.00;0.00;0.00;13.00;85.77;10.67;0.00;0.00;2000.00;73.13;
"2019-09-29 19:38:00";13.10;13.90;13.90;0.00;0.00;0.00;0.00;0.00;0.00;0.00;12.75;85.54;10.39;0.00;0.00;2000.00;73.13;
"2019-09-29 19:43:00";12.90;13.90;13.90;0.00;0.00;0.00;0.00;0.00;0.00;0.00;12.50;85.54;10.14;0.00;0.00;2000.00;73.13;
"2019-09-29 19:48:00";12.70;13.90;13.90;0.00;0.00;0.00;0.00;0.00;0.00;0.00;12.31;85.79;10.00;0.00;0.00;2000.00;73.13;
"2019-09-29 19:53:00";12.60;13.90;13.90;0.00;0.00;0.00;0.00;0.00;0.00;0.00;12.09;86.15;9.85;0.00;0.00;2000.00;73.13;
"2019-09-29 19:58:00";12.60;13.90;13.90;0.00;0.00;0.00;0.00;0.00;0.00;0.00;11.94;86.63;9.78;0.00;0.00;2000.00;73.13;
"2019-09-29 20:03:00";12.70;13.80;13.80;0.00;0.00;0.00;0.00;0.00;0.00;0.00;11.81;87.07;9.72;0.00;0.00;2000.00;73.13;
"2019-09-29 20:08:00";12.70;13.80;13.80;0.00;0.00;0.00;0.00;0.00;0.00;0.00;11.71;87.58;9.72;0.00;0.00;2000.00;73.13;
"2019-09-29 20:13:00";12.80;13.80;13.80;0.00;0.00;0.00;0.00;0.00;0.00;0.00;11.66;88.04;9.74;0.00;0.00;2000.00;73.13;
"2019-09-29 20:18:00";12.80;13.80;13.80;0.00;0.00;0.00;0.00;0.00;0.00;0.00;11.61;88.36;9.75;0.00;0.00;2000.00;73.13;
"2019-09-29 20:23:00";12.80;13.80;13.80;0.00;0.00;0.00;0.00;0.00;0.00;0.00;11.58;88.82;9.79;0.00;0.00;2000.00;73.13;
"2019-09-29 20:28:00";12.70;13.80;13.80;0.00;0.00;0.00;0.00;0.00;0.00;0.00;11.54;89.14;9.81;0.00;0.00;2000.00;73.13;
"2019-09-29 20:33:00";12.70;13.70;13.80;0.00;0.00;0.00;0.00;0.00;0.00;0.00;11.50;89.63;9.85;0.00;0.00;2000.00;73.13;
"2019-09-29 20:38:00";12.70;13.70;13.80;0.00;0.00;0.00;0.00;0.00;0.00;0.00;11.49;89.96;9.90;0.00;0.00;2000.00;73.13;
"2019-09-29 20:43:00";12.70;13.70;13.80;0.00;0.00;0.00;0.00;0.00;0.00;0.00;11.60;90.41;10.09;0.00;0.00;2000.00;73.13;
"2019-09-29 20:48:00";12.70;13.70;13.80;0.00;0.00;0.00;0.00;0.00;0.00;0.00;11.68;90.67;10.20;0.00;0.00;2000.00;73.13;
"2019-09-29 20:53:00";12.70;13.70;13.70;0.00;0.00;0.00;0.00;0.00;0.00;0.00;11.71;90.93;10.28;0.00;0.00;2000.00;73.13;
"2019-09-29 20:58:00";12.60;13.70;13.70;0.00;16.00;0.00;0.00;0.00;0.00;0.00;11.76;91.21;10.37;0.01;60.00;2000.00;73.14;
"2019-09-29 21:03:00";12.50;13.60;13.70;0.00;85.00;0.00;1.00;0.00;0.00;0.00;11.74;91.48;10.40;0.04;60.00;2000.00;73.18;
"2019-09-29 21:08:00";12.40;13.60;13.70;0.00;66.00;0.00;1.00;0.00;0.00;0.00;11.77;91.59;10.44;0.00;0.00;2000.00;73.18;
"2019-09-29 21:13:00";12.40;13.60;13.70;0.00;79.00;0.00;1.00;0.00;0.00;0.00;11.76;91.83;10.48;0.00;0.00;2000.00;73.18;
"2019-09-29 21:18:00";12.30;13.60;13.70;0.00;26.00;0.00;0.00;0.00;0.00;0.00;11.77;92.14;10.54;0.00;0.00;2000.00;73.18;
"2019-09-29 21:23:00";12.30;13.60;13.60;0.00;21.00;0.00;0.00;0.00;0.00;0.00;11.86;92.32;10.65;0.00;0.00;2000.00;73.18;
"2019-09-29 21:28:00";12.30;13.60;13.60;0.00;16.00;0.00;0.00;0.00;0.00;0.00;11.88;92.50;10.70;0.00;0.00;2000.00;73.18;
"2019-09-29 21:33:00";12.30;13.50;13.60;0.00;14.00;0.00;0.00;0.00;0.00;0.00;11.89;92.63;10.73;0.00;0.00;2000.00;73.18;
"2019-09-29 21:38:00";12.30;13.50;13.60;0.00;19.00;0.00;0.00;0.00;0.00;0.00;11.91;92.92;10.80;0.00;0.00;2000.00;73.18;
"2019-09-29 21:43:00";12.30;13.50;13.60;0.00;19.00;0.00;0.00;0.00;0.00;0.00;11.95;93.03;10.85;0.00;0.00;2000.00;73.18;
"2019-09-29 21:48:00";12.30;13.50;13.60;0.00;11.00;0.00;0.00;0.00;0.00;0.00;11.96;93.18;10.89;0.00;0.00;2000.00;73.18;
"2019-09-29 21:53:00";12.30;13.50;13.60;0.00;0.00;0.00;0.00;0.00;0.00;0.00;12.00;93.25;10.95;0.00;0.00;2000.00;73.18;
"2019-09-29 21:58:00";12.40;13.50;13.50;0.00;0.00;0.00;0.00;0.00;0.00;0.00;12.05;93.41;11.02;0.00;0.00;2000.00;73.18;
"2019-09-29 22:03:00";12.40;13.50;13.50;0.00;0.00;0.00;0.00;0.00;0.00;0.00;12.09;93.49;11.07;0.00;0.00;2000.00;73.18;
"2019-09-29 22:08:00";12.40;13.50;13.50;0.00;0.00;0.00;0.00;0.00;0.00;0.00;12.08;93.57;11.07;0.00;0.00;2000.00;73.18;
"2019-09-29 22:13:00";12.40;13.40;13.50;0.00;19.00;0.00;0.00;0.00;0.00;0.00;12.04;93.66;11.05;0.02;60.00;2000.00;73.20;
"2019-09-29 22:18:00";12.30;13.40;13.50;0.00;205.00;0.00;1.00;0.00;0.00;0.00;12.05;93.69;11.06;0.06;60.00;2000.00;73.26;
"2019-09-29 22:23:00";12.20;13.40;13.50;0.00;178.00;0.00;1.00;0.00;0.00;0.00;12.00;93.80;11.04;0.08;60.00;2000.00;73.34;
"2019-09-29 22:28:00";12.20;13.40;13.50;0.00;281.00;0.00;1.00;0.00;0.00;0.00;12.01;93.97;11.07;0.13;60.00;2000.00;73.47;
"2019-09-29 22:33:00";12.20;13.40;13.50;0.00;260.00;0.00;1.00;0.00;0.00;0.00;12.01;93.99;11.07;0.20;60.00;2000.00;73.67;
"2019-09-29 22:38:00";12.20;13.40;13.40;0.00;254.00;0.00;1.00;0.00;0.00;0.00;11.93;94.02;11.00;0.14;60.00;2000.00;73.81;
"2019-09-29 22:43:00";12.20;13.40;13.40;0.00;278.00;0.00;1.00;0.00;0.00;0.52;11.84;94.01;10.90;0.06;60.00;2000.00;73.87;
"2019-09-29 22:48:00";12.20;13.40;13.40;0.00;366.00;0.00;2.00;0.00;0.00;0.00;11.76;94.24;10.86;0.09;60.00;2000.00;73.96;
"2019-09-29 22:53:00";12.20;13.40;13.40;0.00;254.00;0.00;1.00;0.00;0.00;0.00;11.70;94.33;10.82;0.09;60.00;2000.00;74.05;
"2019-09-29 22:58:00";12.20;13.40;13.40;0.00;237.00;0.00;1.00;0.00;0.00;0.00;11.63;94.48;10.77;0.02;0.00;2000.00;74.07;
"2019-09-29 23:03:00";12.20;13.40;13.40;0.00;278.00;0.00;1.00;0.00;0.00;0.00;11.56;94.65;10.73;0.10;60.00;2000.00;74.17;
"2019-09-29 23:08:00";12.10;13.40;13.40;0.00;212.00;0.00;1.00;0.00;0.00;0.00;11.51;94.82;10.71;0.06;60.00;2000.00;74.23;
"2019-09-29 23:13:00";12.10;13.40;13.40;0.00;254.00;0.00;1.00;0.00;0.00;0.00;11.53;94.98;10.75;0.05;60.00;2000.00;74.28;
"2019-09-29 23:18:00";12.00;13.30;13.40;0.00;208.00;0.00;1.00;0.00;0.00;0.00;11.49;95.13;10.74;0.01;0.00;2000.00;74.29;
"2019-09-29 23:23:00";12.00;13.30;13.40;0.00;148.00;0.00;1.00;0.00;0.00;0.00;11.44;95.35;10.72;0.00;0.00;2000.00;74.29;
"2019-09-29 23:28:00";12.00;13.30;13.40;0.00;196.00;0.00;1.00;0.00;0.00;0.00;11.46;95.56;10.77;0.01;60.00;2000.00;74.30;
"2019-09-29 23:33:00";12.10;13.30;13.40;0.00;137.00;0.00;1.00;0.00;0.00;0.00;11.48;95.77;10.83;0.02;0.00;2000.00;74.32;
"2019-09-29 23:38:00";12.10;13.30;13.40;0.00;140.00;0.00;1.00;0.00;0.00;0.00;11.45;95.91;10.82;0.00;0.00;2000.00;74.32;
"2019-09-29 23:43:00";12.10;13.30;13.40;0.00;142.00;0.00;1.00;0.00;0.00;0.00;11.46;96.07;10.85;0.01;0.00;2000.00;74.33;
"2019-09-29 23:48:00";12.10;13.30;13.40;0.00;169.00;0.00;1.00;0.00;0.00;0.00;11.46;96.29;10.89;0.02;60.00;2000.00;74.35;
"2019-09-29 23:53:00";12.10;13.30;13.40;0.00;199.00;0.00;1.00;0.00;0.00;0.00;11.46;96.32;10.90;0.03;60.00;2000.00;74.38;
"2019-09-29 23:58:00";12.10;13.20;13.40;0.00;184.00;0.00;1.00;0.00;0.00;0.00;11.52;96.56;10.99;0.04;60.00;2000.00;74.42;
"2019-09-30 00:03:00";12.10;13.20;13.40;0.00;157.00;0.00;1.00;0.00;0.00;0.00;11.48;96.70;10.97;0.01;60.00;2000.00;74.43;
"2019-09-30 00:08:00";12.10;13.20;13.30;0.00;181.00;0.00;1.00;0.00;0.00;0.00;11.50;96.90;11.03;0.00;0.00;2000.00;74.43;
"2019-09-30 00:13:00";12.20;13.20;13.30;0.00;142.00;0.00;1.00;0.00;0.00;0.00;11.51;97.12;11.07;0.02;0.00;2000.00;74.45;
"2019-09-30 00:18:00";12.20;13.20;13.30;0.00;95.00;0.00;1.00;0.00;0.00;0.00;11.52;97.19;11.09;0.00;0.00;2000.00;74.45;
"2019-09-30 00:23:00";12.20;13.20;13.30;0.00;95.00;0.00;1.00;0.00;0.00;0.00;11.54;97.28;11.12;0.00;0.00;2000.00;74.45;
"2019-09-30 00:28:00";12.20;13.20;13.30;0.00;157.00;0.00;1.00;0.00;0.00;0.00;11.53;97.37;11.13;0.00;0.00;2000.00;74.45;
"2019-09-30 00:33:00";12.20;13.20;13.30;0.00;187.00;0.00;1.00;0.00;0.00;0.00;11.48;97.51;11.10;0.03;60.00;2000.00;74.48;
"2019-09-30 00:38:00";12.20;13.20;13.30;0.00;142.00;0.00;1.00;0.00;0.00;0.00;11.50;97.62;11.13;0.02;60.00;2000.00;74.50;
"2019-09-30 00:43:00";12.20;13.10;13.30;0.00;109.00;0.00;1.00;0.00;0.00;0.00;11.55;97.83;11.22;0.00;0.00;2000.00;74.50;
"2019-09-30 00:48:00";12.20;13.10;13.30;0.00;120.00;0.00;1.00;0.00;0.00;0.00;11.51;97.87;11.18;0.01;0.00;2000.00;74.51;
"2019-09-30 00:53:00";12.20;13.10;13.30;0.00;237.00;0.00;1.00;0.00;0.00;0.00;11.48;98.02;11.17;0.05;60.00;2000.00;74.56;
"2019-09-30 00:58:00";12.20;13.10;13.20;0.00;250.00;0.00;1.00;0.00;0.00;0.00;11.44;98.06;11.15;0.06;60.00;2000.00;74.62;
"2019-09-30 01:03:00";12.20;13.10;13.20;0.00;154.00;0.00;1.00;0.00;0.00;0.00;11.45;98.22;11.18;0.01;0.00;2000.00;74.63;
"2019-09-30 01:08:00";12.20;13.10;13.20;0.00;151.00;0.00;1.00;0.00;0.00;0.00;11.50;98.36;11.25;0.00;0.00;2000.00;74.63;
"2019-09-30 01:13:00";12.20;13.10;13.20;0.00;120.00;0.00;1.00;0.00;0.00;0.00;11.54;98.51;11.32;0.01;0.00;2000.00;74.64;
"2019-09-30 01:18:00";12.20;13.10;13.20;0.00;142.00;0.00;1.00;0.00;0.00;0.00;11.52;98.57;11.31;0.01;0.00;2000.00;74.65;
"2019-09-30 01:23:00";12.20;13.10;13.20;0.00;114.00;0.00;1.00;0.00;0.00;0.00;11.55;98.72;11.36;0.01;0.00;2000.00;74.66;
"2019-09-30 01:28:00";12.20;13.00;13.20;0.00;98.00;0.00;1.00;0.00;0.00;0.00;11.51;98.79;11.33;0.00;0.00;2000.00;74.66;
"2019-09-30 01:33:00";12.20;13.00;13.20;0.00;112.00;0.00;1.00;0.00;0.00;0.00;11.54;98.93;11.37;0.00;0.00;2000.00;74.66;
"2019-09-30 01:38:00";12.10;13.00;13.20;0.00;205.00;0.00;1.00;0.00;0.00;0.00;11.51;99.04;11.36;0.05;60.00;2000.00;74.71;
"2019-09-30 01:43:00";12.10;13.00;13.20;0.00;257.00;0.00;1.00;0.00;0.00;0.00;11.54;99.16;11.41;0.10;60.00;2000.00;74.81;
"2019-09-30 01:48:00";12.10;13.00;13.20;0.00;178.00;0.00;1.00;0.00;0.00;0.00;11.47;99.33;11.37;0.03;0.00;2000.00;74.84;
"2019-09-30 01:53:00";12.10;13.00;13.20;0.00;148.00;0.00;1.00;0.00;0.00;0.00;11.50;99.44;11.42;0.00;0.00;2000.00;74.84;
"2019-09-30 01:58:00";12.10;13.00;13.10;0.00;151.00;0.00;1.00;0.00;0.00;0.00;11.54;99.58;11.47;0.01;60.00;2000.00;74.85;
"2019-09-30 02:03:00";12.20;13.00;13.10;0.00;190.00;0.00;1.00;0.00;0.00;0.00;11.52;99.78;11.49;0.00;0.00;2000.00;74.85;
"2019-09-30 02:08:00";12.20;13.00;13.10;0.00;274.00;0.00;1.00;0.00;0.00;0.00;11.58;99.91;11.57;0.03;60.00;2000.00;74.88;
"2019-09-30 02:13:00";12.20;13.00;13.10;0.00;202.00;0.00;1.00;0.00;0.00;0.00;11.62;100.00;11.62;0.05;60.00;2000.00;74.93;
"2019-09-30 02:18:00";12.20;13.00;13.10;0.00;163.00;0.00;1.00;0.00;0.00;0.00;11.64;100.00;11.64;0.06;60.00;2000.00;74.99;
"2019-09-30 02:23:00";12.20;13.00;13.10;0.00;313.00;0.00;2.00;0.00;0.00;0.00;11.71;100.00;11.71;0.09;60.00;2000.00;75.08;
"2019-09-30 02:28:00";12.20;13.00;13.10;0.00;331.00;0.00;2.00;0.00;0.00;0.00;11.65;100.00;11.65;0.17;60.00;2000.00;75.25;
"2019-09-30 02:33:00";12.20;13.00;13.10;0.00;267.00;0.00;1.00;0.00;0.00;0.00;11.66;100.00;11.66;0.05;60.00;2000.00;75.30;
"2019-09-30 02:38:00";12.20;12.90;13.10;0.00;250.00;0.00;1.00;0.00;0.00;0.00;11.69;100.00;11.69;0.03;60.00;2000.00;75.33;
"2019-09-30 02:43:00";12.20;12.90;13.10;0.00;234.00;0.00;1.00;0.00;0.00;0.00;11.76;100.00;11.76;0.03;60.00;2000.00;75.36;
"2019-09-30 02:48:00";12.20;12.90;13.10;0.00;212.00;0.00;1.00;0.00;0.00;0.00;11.79;100.00;11.79;0.07;60.00;2000.00;75.43;
"2019-09-30 02:53:00";12.20;12.90;13.10;0.00;212.00;0.00;1.00;0.00;0.00;0.00;11.79;100.00;11.79;0.06;60.00;2000.00;75.49;
"2019-09-30 02:58:00";12.20;12.90;13.10;0.00;285.00;0.00;1.00;0.00;0.00;0.00;11.83;100.00;11.83;0.10;60.00;2000.00;75.59;
"2019-09-30 03:03:00";12.20;12.90;13.10;0.00;212.00;0.00;1.00;0.00;0.00;0.00;11.83;100.00;11.83;0.02;0.00;2000.00;75.61;
"2019-09-30 03:08:00";12.20;12.90;13.10;0.00;257.00;0.00;1.00;0.00;0.00;0.00;11.78;100.00;11.78;0.07;60.00;2000.00;75.68;
"2019-09-30 03:13:00";12.20;12.90;13.00;0.00;199.00;0.00;1.00;0.00;0.00;0.00;11.76;100.00;11.76;0.03;60.00;2000.00;75.71;
"2019-09-30 03:18:00";12.20;12.90;13.00;0.00;250.00;0.00;1.00;0.00;0.00;0.00;11.82;100.00;11.82;0.01;60.00;2000.00;75.72;
"2019-09-30 03:23:00";12.30;12.90;13.00;0.00;175.00;0.00;1.00;0.00;0.00;0.00;11.81;100.00;11.81;0.01;0.00;2000.00;75.73;
"2019-09-30 03:28:00";12.20;12.90;13.00;0.00;128.00;0.00;1.00;0.00;0.00;0.00;11.82;100.00;11.82;0.01;0.00;2000.00;75.74;
"2019-09-30 03:33:00";12.30;12.90;13.00;0.00;106.00;0.00;1.00;0.00;0.00;0.00;11.81;100.00;11.81;0.01;0.00;2000.00;75.75;
"2019-09-30 03:38:00";12.30;12.90;13.00;0.00;193.00;0.00;1.00;0.00;0.00;0.00;11.83;100.00;11.83;0.00;0.00;2000.00;75.75;
"2019-09-30 03:43:00";12.30;12.90;13.00;0.00;117.00;0.00;1.00;0.00;0.00;0.00;11.88;100.00;11.88;0.00;0.00;2000.00;75.75;
"2019-09-30 03:48:00";12.20;12.90;13.00;0.00;95.00;0.00;1.00;0.00;0.00;0.00;11.86;100.00;11.86;0.00;0.00;2000.00;75.75;
"2019-09-30 03:53:00";12.20;12.80;13.00;0.00;79.00;0.00;1.00;0.00;0.00;0.00;11.85;100.00;11.85;0.00;0.00;2000.00;75.75;
"2019-09-30 03:58:00";12.20;12.80;13.00;0.00;69.00;0.00;1.00;0.00;0.00;0.00;11.83;100.00;11.83;0.00;0.00;2000.00;75.75;
"2019-09-30 04:03:00";12.10;12.80;13.00;0.00;59.00;0.00;1.00;0.00;0.00;0.00;11.81;100.00;11.81;0.00;0.00;2000.00;75.75;
"2019-09-30 04:08:00";12.10;12.90;13.00;0.00;54.00;0.00;1.00;0.00;0.00;0.00;11.80;100.00;11.80;0.00;0.00;2000.00;75.75;
"2019-09-30 04:13:00";11.90;12.80;13.00;0.00;48.00;0.00;1.00;0.00;0.00;0.00;11.81;100.00;11.81;0.00;0.00;2000.00;75.75;
"2019-09-30 04:18:00";11.80;12.80;13.00;0.00;51.00;0.00;1.00;0.00;0.00;0.00;11.78;100.00;11.78;0.00;0.00;2000.00;75.75;
"2019-09-30 04:23:00";11.70;12.80;13.00;0.00;66.00;0.00;1.00;0.00;0.00;0.00;11.74;100.00;11.74;0.00;0.00;2000.00;75.75;
"2019-09-30 04:28:00";11.70;12.80;13.00;0.00;54.00;0.00;1.00;0.00;0.00;0.00;11.69;100.00;11.69;0.00;0.00;2000.00;75.75;
"2019-09-30 04:33:00";11.50;12.80;12.90;0.00;95.00;0.00;1.00;0.00;0.00;0.00;11.60;100.00;11.60;0.00;0.00;2000.00;75.75;
"2019-09-30 04:38:00";11.40;12.80;12.90;0.00;66.00;0.00;1.00;0.00;0.00;0.00;11.58;100.00;11.58;0.00;0.00;2000.00;75.75;
"2019-09-30 04:43:00";11.50;12.80;12.90;0.00;51.00;0.00;1.00;0.00;0.00;0.00;11.52;100.00;11.52;0.00;0.00;2000.00;75.75;
"2019-09-30 04:48:00";11.60;12.80;12.90;0.00;114.00;0.00;1.00;0.00;0.00;0.00;11.51;100.00;11.51;0.00;0.00;2000.00;75.75;
"2019-09-30 04:53:00";11.50;12.80;12.90;0.00;98.00;0.00;1.00;0.00;0.00;0.00;11.50;100.00;11.50;0.00;0.00;2000.00;75.75;
"2019-09-30 04:58:00";11.40;12.80;12.90;0.00;77.00;0.00;1.00;0.00;0.00;0.00;11.43;100.00;11.43;0.00;0.00;2000.00;75.75;
"2019-09-30 05:03:00";11.30;12.80;12.90;0.00;79.00;0.00;1.00;0.00;0.00;0.00;11.42;100.00;11.42;0.00;0.00;2000.00;75.75;
"2019-09-30 05:08:00";11.30;12.80;12.90;0.00;66.00;0.00;1.00;0.00;0.00;0.00;11.38;100.00;11.38;0.00;0.00;2000.00;75.75;
"2019-09-30 05:13:00";11.40;12.80;12.90;0.00;51.00;0.00;1.00;0.00;0.00;0.00;11.31;100.00;11.31;0.00;0.00;2000.00;75.75;
"2019-09-30 05:18:00";11.40;12.70;12.90;0.00;48.00;0.00;1.00;0.00;0.00;0.00;11.33;100.00;11.33;0.00;0.00;2000.00;75.75;
"2019-09-30 05:23:00";11.50;12.70;12.90;0.00;43.00;0.00;1.00;0.00;0.00;0.00;11.27;100.00;11.27;0.00;0.00;2000.00;75.75;
"2019-09-30 05:28:00";11.50;12.70;12.90;0.00;82.00;0.00;1.00;0.00;0.00;0.00;11.29;100.00;11.29;0.00;0.00;2000.00;75.75;
"2019-09-30 05:33:00";11.60;12.70;12.90;0.00;101.00;0.00;1.00;0.00;0.00;0.00;11.25;100.00;11.25;0.00;0.00;2000.00;75.75;
"2019-09-30 05:38:00";11.60;12.70;12.90;0.00;98.00;0.00;1.00;0.00;0.00;0.00;11.28;100.00;11.28;0.00;0.00;2000.00;75.75;
"2019-09-30 05:43:00";11.70;12.70;12.90;0.00;72.00;0.00;1.00;0.00;0.00;0.00;11.26;100.00;11.26;0.00;0.00;2000.00;75.75;
"2019-09-30 05:48:00";11.70;12.70;12.90;0.00;85.00;0.00;1.00;0.00;0.00;0.00;11.27;100.00;11.27;0.00;0.00;2000.00;75.75;
"2019-09-30 05:53:00";11.70;12.70;12.80;0.00;72.00;0.00;1.00;0.00;0.00;0.00;11.31;100.00;11.31;0.00;0.00;2000.00;75.75;
"2019-09-30 05:58:00";11.70;12.70;12.80;0.00;77.00;0.00;1.00;0.00;0.00;0.00;11.27;100.00;11.27;0.00;0.00;2000.00;75.75;
"2019-09-30 06:03:00";11.70;12.70;12.80;0.00;93.00;0.00;1.00;0.00;0.00;0.00;11.30;100.00;11.30;0.00;0.00;2000.00;75.75;
"2019-09-30 06:08:00";11.70;12.70;12.80;0.00;77.00;0.00;1.00;0.00;0.00;0.00;11.35;100.00;11.35;0.00;0.00;2000.00;75.75;
"2019-09-30 06:13:00";11.70;12.70;12.80;0.00;64.00;0.00;1.00;0.00;0.00;0.00;11.32;100.00;11.32;0.00;0.00;2000.00;75.75;
"2019-09-30 06:18:00";11.70;12.60;12.80;0.00;109.00;0.00;1.00;0.00;0.00;0.00;11.32;100.00;11.32;0.00;0.00;2000.00;75.75;
"2019-09-30 06:23:00";11.70;12.60;12.80;0.00;90.00;0.00;1.00;0.00;0.00;0.00;11.38;100.00;11.38;0.00;0.00;2000.00;75.75;
"2019-09-30 06:28:00";11.80;12.60;12.80;0.00;82.00;0.00;1.00;0.00;0.00;0.00;11.36;100.00;11.36;0.00;0.00;2000.00;75.75;
"2019-09-30 06:33:00";11.90;12.60;12.80;0.00;79.00;0.00;1.00;0.00;0.00;0.00;11.40;100.00;11.40;0.00;0.00;2000.00;75.75;
"2019-09-30 06:38:00";11.90;12.60;12.80;0.00;106.00;0.00;1.00;0.00;0.00;0.00;11.47;100.00;11.47;0.00;0.00;2000.00;75.75;
"2019-09-30 06:43:00";11.90;12.60;12.80;0.00;106.00;0.00;1.00;0.00;0.00;0.00;11.46;100.00;11.46;0.00;0.00;2000.00;75.75;
"2019-09-30 06:48:00";11.90;12.60;12.80;0.00;85.00;0.00;1.00;0.00;0.00;0.00;11.45;100.00;11.45;0.00;0.00;2000.00;75.75;
"2019-09-30 06:53:00";11.90;12.60;12.80;0.00;87.00;0.00;1.00;0.00;0.00;0.00;11.46;100.00;11.46;0.00;0.00;2000.00;75.75;
"2019-09-30 06:58:00";11.90;12.60;12.80;0.00;79.00;0.00;1.00;0.00;0.00;0.00;11.45;100.00;11.45;0.00;0.00;2000.00;75.75;
"2019-09-30 07:03:00";11.90;12.60;12.70;0.00;109.00;0.00;1.00;0.00;0.00;0.00;11.49;100.00;11.49;0.01;60.00;2000.00;75.76;
"2019-09-30 07:08:00";12.00;12.60;12.70;0.00;90.00;0.00;1.00;0.00;0.00;0.00;11.50;100.00;11.50;0.00;0.00;2000.00;75.76;
"2019-09-30 07:13:00";12.00;12.60;12.70;0.00;140.00;0.00;1.00;0.00;0.00;0.00;11.53;100.00;11.53;0.01;60.00;2000.00;75.77;
"2019-09-30 07:18:00";12.00;12.60;12.70;0.00;90.00;0.00;1.00;0.00;0.00;0.00;11.56;100.00;11.56;0.01;0.00;2000.00;75.78;
"2019-09-30 07:23:00";11.90;12.60;12.70;0.00;72.00;0.00;1.00;0.00;0.00;0.00;11.45;100.00;11.45;0.00;0.00;2000.00;75.78;
"2019-09-30 07:28:00";12.00;12.60;12.70;0.00;142.00;0.00;1.00;0.00;0.00;0.00;11.50;100.00;11.50;0.00;0.00;2000.00;75.78;
"2019-09-30 07:33:00";12.00;12.60;12.70;0.00;109.00;0.00;1.00;0.00;0.00;0.00;11.49;100.00;11.49;0.00;0.00;2000.00;75.78;
"2019-09-30 07:38:00";12.10;12.60;12.70;0.00;74.00;0.00;1.00;0.00;0.00;0.00;11.42;100.00;11.42;0.01;0.00;2000.00;75.79;
"2019-09-30 07:43:00";12.10;12.60;12.70;0.00;72.00;0.00;1.00;0.00;0.00;0.00;11.44;100.00;11.44;0.00;0.00;2000.00;75.79;
"2019-09-30 07:48:00";12.20;12.50;12.70;0.00;72.00;0.00;1.00;0.00;0.00;0.00;11.46;100.00;11.46;0.00;0.00;2000.00;75.79;
"2019-09-30 07:53:00";12.20;12.50;12.70;0.00;74.00;0.00;1.00;0.00;0.00;0.00;11.45;100.00;11.45;0.00;0.00;2000.00;75.79;
"2019-09-30 07:58:00";12.20;12.50;12.70;0.00;56.00;0.00;1.00;0.00;0.00;0.00;11.46;100.00;11.46;0.00;0.00;2000.00;75.79;
"2019-09-30 08:03:00";12.20;12.50;12.70;0.00;48.00;0.00;1.00;0.00;0.00;0.00;11.48;100.00;11.48;0.00;0.00;2000.00;75.79;
"2019-09-30 08:08:00";12.20;12.50;12.70;0.00;48.00;0.00;1.00;0.00;0.00;0.00;11.50;100.00;11.50;0.00;0.00;2000.00;75.79;
"2019-09-30 08:13:00";12.30;12.50;12.70;0.00;48.00;0.00;1.00;0.00;0.00;0.00;11.54;100.00;11.54;0.00;0.00;2000.00;75.79;
"2019-09-30 08:18:00";12.40;12.50;12.70;0.00;38.00;0.00;1.00;0.00;0.00;0.00;11.53;100.00;11.53;0.00;0.00;2000.00;75.79;
"2019-09-30 08:23:00";12.40;12.50;12.70;0.00;41.00;0.00;1.00;0.00;0.00;0.00;11.57;100.00;11.57;0.00;0.00;2000.00;75.79;
"2019-09-30 08:28:00";12.60;12.50;12.70;0.00;54.00;0.00;1.00;0.00;0.00;0.00;11.59;100.00;11.59;0.00;0.00;2000.00;75.79;
"2019-09-30 08:33:00";12.60;12.50;12.70;0.00;69.00;0.00;1.00;0.00;0.00;0.00;11.65;100.00;11.65;0.01;0.00;2000.00;75.80;
"2019-09-30 08:38:00";12.70;12.50;12.70;0.00;79.00;0.00;1.00;0.00;0.00;0.00;11.61;100.00;11.61;0.01;0.00;2000.00;75.81;
"2019-09-30 08:43:00";12.70;12.50;12.70;0.00;126.00;0.00;1.00;0.00;0.00;0.00;11.65;100.00;11.65;0.01;60.00;2000.00;75.82;
"2019-09-30 08:48:00";12.70;12.50;12.70;0.00;79.00;0.00;1.00;0.00;0.00;0.00;11.61;100.00;11.61;0.00;0.00;2000.00;75.82;
"2019-09-30 08:53:00";12.70;12.50;12.70;0.00;98.00;0.00;1.00;0.00;0.00;0.00;11.68;100.00;11.68;0.00;0.00;2000.00;75.82;
"2019-09-30 08:58:00";12.80;12.50;12.70;0.00;77.00;0.00;1.00;0.00;0.00;0.00;11.70;100.00;11.70;0.01;0.00;2000.00;75.83;
"2019-09-30 09:03:00";12.90;12.50;12.70;0.00;66.00;0.00;1.00;0.00;0.00;0.00;11.80;100.00;11.80;0.00;0.00;2000.00;75.83;
"2019-09-30 09:08:00";13.00;12.50;12.70;0.00;72.00;0.00;1.00;0.00;0.00;0.00;11.85;100.00;11.85;0.00;0.00;2000.00;75.83;
"2019-09-30 09:13:00";13.10;12.50;12.70;0.00;56.00;0.00;1.00;0.00;0.00;0.00;11.91;100.00;11.91;0.00;0.00;2000.00;75.83;
"2019-09-30 09:18:00";13.20;12.50;12.70;0.00;51.00;0.00;1.00;0.00;0.00;0.00;11.94;100.00;11.94;0.00;0.00;2000.00;75.83;
"2019-09-30 09:23:00";13.20;12.50;12.70;0.00;43.00;0.00;1.00;0.00;0.00;0.00;12.00;100.00;12.00;0.00;0.00;2000.00;75.83;
"2019-09-30 09:28:00";13.20;12.50;12.70;0.00;51.00;0.00;1.00;0.00;0.00;0.00;11.99;100.00;11.99;0.00;0.00;2000.00;75.83;
"2019-09-30 09:33:00";13.30;12.50;12.70;0.00;72.00;0.00;1.00;0.00;0.00;0.00;12.08;100.00;12.08;0.00;0.00;2000.00;75.83;
"2019-09-30 09:38:00";13.40;12.50;12.70;0.00;128.00;0.00;1.00;0.00;0.00;0.00;12.07;100.00;12.07;0.00;0.00;2000.00;75.83;
"2019-09-30 09:43:00";13.40;12.50;12.70;0.00;98.00;0.00;1.00;0.00;0.00;0.00;12.12;100.00;12.12;0.01;0.00;2000.00;75.84;
"2019-09-30 09:48:00";13.50;12.50;12.70;0.00;90.00;0.00;1.00;0.00;0.00;0.00;12.16;100.00;12.16;0.00;0.00;2000.00;75.84;
"2019-09-30 09:53:00";13.70;12.60;12.70;0.00;79.00;0.00;1.00;0.00;0.00;0.00;12.15;100.00;12.15;0.00;0.00;2000.00;75.84;
"2019-09-30 09:58:00";13.80;12.60;12.70;0.00;77.00;0.00;1.00;0.00;0.00;0.00;12.28;100.00;12.28;0.00;0.00;2000.00;75.84;
"2019-09-30 10:03:00";13.90;12.60;12.70;0.00;120.00;0.00;1.00;0.00;0.00;0.00;12.36;100.00;12.36;0.00;0.00;2000.00;75.84;
"2019-09-30 10:08:00";13.90;12.60;12.70;0.00;151.00;0.00;1.00;0.00;0.00;0.00;12.40;100.00;12.40;0.00;0.00;2000.00;75.84;
"2019-09-30 10:13:00";13.80;12.60;12.70;0.00;114.00;0.00;1.00;0.00;0.00;0.00;12.38;100.00;12.38;0.00;0.00;2000.00;75.84;
"2019-09-30 10:18:00";13.80;12.60;12.70;0.00;82.00;0.00;1.00;0.00;0.00;0.00;12.34;100.00;12.34;0.00;0.00;2000.00;75.84;
"2019-09-30 10:23:00";13.90;12.60;12.70;0.00;77.00;0.00;1.00;0.00;0.00;0.00;12.36;100.00;12.36;0.00;0.00;2000.00;75.84;
"2019-09-30 10:28:00";14.10;12.60;12.70;0.00;85.00;0.00;1.00;0.00;0.00;0.00;12.46;100.00;12.46;0.00;0.00;2000.00;75.84;
"2019-09-30 10:33:00";14.20;12.60;12.70;0.00;72.00;0.00;1.00;0.00;0.00;0.00;12.53;100.00;12.53;0.00;0.00;2000.00;75.84;
"2019-09-30 10:38:00";14.20;12.60;12.70;0.00;142.00;0.00;1.00;0.00;0.00;0.00;12.46;100.00;12.46;0.00;0.00;2000.00;75.84;
"2019-09-30 10:43:00";14.30;12.60;12.70;0.00;79.00;0.00;1.00;0.00;0.00;0.00;12.60;100.00;12.60;0.00;0.00;2000.00;75.84;
"2019-09-30 10:48:00";14.20;12.60;12.70;0.00;66.00;0.00;1.00;0.00;0.00;0.00;12.66;100.00;12.66;0.00;0.00;2000.00;75.84;
"2019-09-30 10:53:00";14.30;12.60;12.80;0.00;109.00;0.00;1.00;0.00;0.00;0.00;12.65;100.00;12.65;0.00;0.00;2000.00;75.84;
"2019-09-30 10:58:00";14.30;12.70;12.80;0.00;66.00;0.00;1.00;0.00;0.00;0.00;12.75;100.00;12.75;0.00;0.00;2000.00;75.84;
"2019-09-30 11:03:00";14.30;12.70;12.80;0.00;103.00;0.00;1.00;0.00;0.00;0.00;12.77;100.00;12.77;0.00;0.00;2000.00;75.84;
"2019-09-30 11:08:00";14.40;12.70;12.80;0.00;64.00;0.00;1.00;0.00;0.00;0.00;12.85;100.00;12.85;0.00;0.00;2000.00;75.84;
"2019-09-30 11:13:00";14.80;12.70;12.80;0.00;48.00;0.00;1.00;0.00;0.00;0.00;12.92;100.00;12.92;0.00;0.00;2000.00;75.84;
"2019-09-30 11:18:00";15.00;12.70;12.80;0.00;38.00;0.00;1.00;0.00;0.00;0.00;13.02;100.00;13.02;0.00;0.00;2000.00;75.84;
"2019-09-30 11:23:00";15.20;12.70;12.80;0.00;33.00;0.00;1.00;0.00;0.00;0.00;13.04;100.00;13.04;0.00;0.00;2000.00;75.84;
"2019-09-30 11:28:00";15.30;12.70;12.80;0.00;26.00;0.00;0.00;0.00;0.00;0.00;13.07;100.00;13.07;0.00;0.00;2000.00;75.84;
"2019-09-30 11:33:00";15.30;12.80;12.80;0.00;61.00;0.00;1.00;0.00;0.00;0.00;13.01;100.00;13.01;0.00;0.00;2000.00;75.84;
"2019-09-30 11:38:00";15.40;12.80;12.80;0.00;41.00;0.00;1.00;0.00;0.00;0.00;13.10;100.00;13.10;0.00;0.00;2000.00;75.84;
"2019-09-30 11:43:00";15.40;12.80;12.90;0.00;46.00;0.00;1.00;0.00;0.00;0.00;13.01;100.00;13.01;0.01;0.00;2000.00;75.85;
"2019-09-30 11:48:00";15.60;12.80;12.90;0.00;46.00;0.00;1.00;0.00;0.00;0.00;13.15;100.00;13.15;0.00;0.00;2000.00;75.85;
"2019-09-30 11:53:00";15.90;12.80;12.90;0.00;38.00;0.00;1.00;0.00;0.00;0.00;13.32;100.00;13.32;0.00;0.00;2000.00;75.85;
"2019-09-30 11:58:00";16.10;12.80;12.90;0.00;28.00;0.00;0.00;0.00;0.00;0.00;13.42;100.00;13.42;0.00;0.00;2000.00;75.85;
"2019-09-30 12:03:00";16.30;12.80;12.90;0.00;54.00;0.00;1.00;0.00;0.00;0.00;13.66;100.00;13.66;0.00;0.00;2000.00;75.85;
"2019-09-30 12:08:00";16.40;12.80;12.90;0.00;33.00;0.00;1.00;0.00;0.00;0.00;13.61;100.00;13.61;0.00;0.00;2000.00;75.85;
"2019-09-30 12:13:00";16.00;12.90;12.90;0.00;19.00;0.00;0.00;0.00;0.00;0.00;13.55;100.00;13.55;0.00;0.00;2000.00;75.85;
"2019-09-30 12:18:00";15.90;12.90;12.90;0.00;16.00;0.00;0.00;0.00;0.00;0.00;13.34;100.00;13.34;0.00;0.00;2000.00;75.85;
"2019-09-30 12:23:00";16.00;12.90;13.00;0.00;28.00;0.00;0.00;0.00;0.00;0.00;13.42;100.00;13.42;0.00;0.00;2000.00;75.85;
"2019-09-30 12:28:00";16.40;12.90;13.00;0.00;0.00;0.00;0.00;0.00;0.00;0.00;13.50;100.00;13.50;0.01;60.00;2000.00;75.86;
"2019-09-30 12:33:00";16.40;12.90;13.00;0.00;43.00;0.00;1.00;0.00;0.00;0.00;13.58;100.00;13.58;0.00;0.00;2000.00;75.86;
"2019-09-30 12:38:00";16.20;13.00;13.00;0.00;26.00;0.00;0.00;0.00;0.00;0.00;13.63;100.00;13.63;0.00;0.00;2000.00;75.86;
"2019-09-30 12:43:00";16.00;13.00;13.00;0.00;11.00;0.00;0.00;0.00;0.00;0.00;13.65;100.00;13.65;0.00;0.00;2000.00;75.86;
"2019-09-30 12:48:00";16.30;13.00;13.10;0.00;0.00;0.00;0.00;0.00;0.00;0.00;13.62;100.00;13.62;0.00;0.00;2000.00;75.86;
"2019-09-30 12:53:00";16.70;13.00;13.10;0.00;0.00;0.00;0.00;0.00;0.00;0.00;13.71;100.00;13.71;0.00;0.00;2000.00;75.86;
"2019-09-30 12:58:00";17.00;13.10;13.10;0.00;0.00;0.00;0.00;0.00;0.00;0.00;13.88;100.00;13.88;0.00;0.00;2000.00;75.86;
"2019-09-30 13:03:00";16.80;13.10;13.10;0.00;0.00;0.00;0.00;0.00;0.00;0.00;13.70;100.00;13.70;0.00;0.00;2000.00;75.86;
"2019-09-30 13:08:00";16.90;13.10;13.10;0.00;0.00;0.00;0.00;0.00;0.00;0.00;13.88;100.00;13.88;0.00;0.00;2000.00;75.86;
"2019-09-30 13:13:00";17.50;13.10;13.20;0.00;0.00;0.00;0.00;0.00;0.00;0.00;13.85;100.00;13.85;0.00;0.00;2000.00;75.86;
"2019-09-30 13:18:00";17.70;13.20;13.20;0.00;0.00;0.00;0.00;0.00;0.00;0.00;13.95;100.00;13.95;0.00;0.00;2000.00;75.86;
"2019-09-30 13:23:00";17.70;13.20;13.20;0.00;0.00;0.00;0.00;0.00;0.00;0.00;13.81;100.00;13.81;0.00;0.00;2000.00;75.86;
"2019-09-30 13:28:00";17.80;13.20;13.20;0.00;0.00;0.00;0.00;0.00;0.00;0.00;13.78;100.00;13.78;0.00;0.00;2000.00;75.86;
"2019-09-30 13:33:00";17.80;13.20;13.20;0.00;0.00;0.00;0.00;0.00;0.00;0.00;13.90;100.00;13.90;0.00;0.00;2000.00;75.86;
"2019-09-30 13:38:00";18.20;13.20;13.30;0.00;0.00;0.00;0.00;0.00;0.00;0.00;14.03;100.00;14.03;0.00;0.00;2000.00;75.86;
"2019-09-30 13:43:00";18.40;13.30;13.30;0.00;0.00;0.00;0.00;0.00;0.00;0.00;14.05;100.00;14.05;0.00;0.00;2000.00;75.86;
"2019-09-30 13:48:00";18.40;13.30;13.30;0.00;0.00;0.00;0.00;0.00;0.00;0.00;13.93;100.00;13.93;0.00;0.00;2000.00;75.86;
"2019-09-30 13:53:00";18.10;13.30;13.30;0.00;0.00;0.00;0.00;0.00;0.00;0.00;13.77;100.00;13.77;0.00;0.00;2000.00;75.86;
"2019-09-30 13:58:00";17.70;13.40;13.40;0.00;0.00;0.00;0.00;0.00;0.00;0.00;13.76;100.00;13.76;0.00;0.00;2000.00;75.86;
"2019-09-30 14:03:00";17.30;13.40;13.40;0.00;0.00;0.00;0.00;0.00;0.00;0.00;13.75;100.00;13.75;0.00;0.00;2000.00;75.86;
"2019-09-30 14:08:00";17.60;13.40;13.40;0.00;0.00;0.00;0.00;0.00;0.00;0.00;13.85;100.00;13.85;0.00;0.00;2000.00;75.86;
"2019-09-30 14:13:00";17.60;13.40;13.40;0.00;0.00;0.00;0.00;0.00;0.00;0.00;14.06;100.00;14.06;0.00;0.00;2000.00;75.86;
"2019-09-30 14:18:00";17.50;13.40;13.40;0.00;0.00;0.00;0.00;0.00;0.00;0.55;14.10;100.00;14.10;0.00;0.00;2000.00;75.86;
"2019-09-30 14:23:00";17.50;13.40;13.40;0.00;0.00;0.00;0.00;0.00;0.00;0.00;14.09;100.00;14.09;0.00;0.00;2000.00;75.86;
"2019-09-30 14:28:00";17.40;13.40;13.40;0.00;0.00;0.00;0.00;0.00;0.00;0.00;14.05;100.00;14.05;0.00;0.00;2000.00;75.86;
"2019-09-30 14:33:00";17.50;13.40;13.40;0.00;0.00;0.00;0.00;0.00;0.00;0.00;14.19;100.00;14.19;0.00;0.00;2000.00;75.86;
"2019-09-30 14:38:00";17.30;13.40;13.40;0.00;0.00;0.00;0.00;0.00;0.00;0.00;14.20;100.00;14.20;0.00;0.00;2000.00;75.86;
"2019-09-30 14:43:00";17.40;13.50;13.50;0.00;0.00;0.00;0.00;0.00;0.00;0.00;14.17;100.00;14.17;0.00;0.00;2000.00;75.86;
"2019-09-30 14:48:00";17.40;13.50;13.50;0.00;0.00;0.00;0.00;0.00;0.00;0.00;14.19;100.00;14.19;0.00;0.00;2000.00;75.86;
"2019-09-30 14:53:00";17.30;13.50;13.50;0.00;0.00;0.00;0.00;0.00;0.00;0.00;14.17;100.00;14.17;0.00;0.00;2000.00;75.86;
"2019-09-30 14:58:00";17.30;13.50;13.50;0.00;0.00;0.00;0.00;0.00;0.00;0.00;14.24;100.00;14.24;0.00;0.00;2000.00;75.86;
"2019-09-30 15:03:00";17.70;13.60;13.50;0.00;0.00;0.00;0.00;0.00;0.00;0.00;14.22;100.00;14.22;0.00;0.00;2000.00;75.86;
"2019-09-30 15:08:00";17.90;13.60;13.50;0.00;0.00;0.00;0.00;0.00;0.00;0.00;14.35;100.00;14.35;0.00;0.00;2000.00;75.86;
"2019-09-30 15:13:00";18.00;13.60;13.50;0.00;0.00;0.00;0.00;0.00;0.00;0.00;14.36;100.00;14.36;0.00;0.00;2000.00;75.86;
"2019-09-30 15:18:00";17.80;13.60;13.60;0.00;0.00;0.00;0.00;0.00;0.00;0.00;14.35;100.00;14.35;0.00;0.00;2000.00;75.86;
"2019-09-30 15:23:00";17.50;13.60;13.60;0.00;0.00;0.00;0.00;0.00;0.00;0.00;14.24;100.00;14.24;0.00;0.00;2000.00;75.86;
"2019-09-30 15:28:00";17.40;13.70;13.60;0.00;0.00;0.00;0.00;0.00;0.00;0.00;14.30;100.00;14.30;0.00;0.00;2000.00;75.86;
"2019-09-30 15:33:00";17.30;13.70;13.70;0.00;0.00;0.00;0.00;0.00;0.00;0.00;14.25;100.00;14.25;0.00;0.00;2000.00;75.86;
"2019-09-30 15:38:00";17.00;13.70;13.70;0.00;0.00;0.00;0.00;0.00;0.00;0.00;14.34;100.00;14.34;0.00;0.00;2000.00;75.86;
"2019-09-30 15:43:00";16.90;13.70;13.70;0.00;0.00;0.00;0.00;0.00;0.00;0.00;14.33;100.00;14.33;0.00;0.00;2000.00;75.86;
"2019-09-30 15:48:00";16.80;13.70;13.70;0.00;0.00;0.00;0.00;0.00;0.00;0.00;14.33;100.00;14.33;0.00;0.00;2000.00;75.86;
"2019-09-30 15:53:00";16.80;13.80;13.70;0.00;0.00;0.00;0.00;0.00;0.00;0.00;14.38;100.00;14.38;0.00;0.00;2000.00;75.86;
"2019-09-30 15:58:00";17.00;13.80;13.80;0.00;0.00;0.00;0.00;0.00;0.00;0.00;14.39;100.00;14.39;0.00;0.00;2000.00;75.86;
"2019-09-30 16:03:00";16.90;13.80;13.70;0.00;0.00;0.00;0.00;0.00;0.00;0.00;14.37;100.00;14.37;0.01;0.00;2000.00;75.87;
"2019-09-30 16:08:00";16.60;13.80;13.80;0.00;0.00;0.00;0.00;0.00;0.00;0.00;14.26;100.00;14.26;0.00;0.00;2000.00;75.87;
"2019-09-30 16:13:00";16.60;13.80;13.80;0.00;0.00;0.00;0.00;0.00;0.00;0.00;14.26;100.00;14.26;0.00;0.00;2000.00;75.87;
"2019-09-30 16:18:00";16.80;13.90;13.80;0.00;0.00;0.00;0.00;0.00;0.00;0.00;14.37;100.00;14.37;0.00;0.00;2000.00;75.87;
"2019-09-30 16:23:00";17.00;13.90;13.80;0.00;0.00;0.00;0.00;0.00;0.00;0.00;14.51;100.00;14.51;0.00;0.00;2000.00;75.87;
"2019-09-30 16:28:00";17.00;13.90;13.80;0.00;0.00;0.00;0.00;0.00;0.00;0.00;14.59;100.00;14.59;0.00;0.00;2000.00;75.87;
"2019-09-30 16:33:00";17.10;13.90;13.80;0.00;0.00;0.00;0.00;0.00;0.00;0.00;14.48;100.00;14.48;0.00;0.00;2000.00;75.87;
"2019-09-30 16:38:00";17.10;13.90;13.90;0.00;0.00;0.00;0.00;0.00;0.00;0.00;14.50;100.00;14.50;0.00;0.00;2000.00;75.87;
"2019-09-30 16:43:00";17.10;13.90;13.90;0.00;0.00;0.00;0.00;0.00;0.00;0.00;14.54;100.00;14.54;0.00;0.00;2000.00;75.87;
"2019-09-30 16:48:00";17.00;13.90;13.90;0.00;0.00;0.00;0.00;0.00;0.00;0.00;14.52;100.00;14.52;0.00;0.00;2000.00;75.87;
"2019-09-30 16:53:00";16.90;13.90;13.90;0.00;0.00;0.00;0.00;0.00;0.00;0.00;14.57;100.00;14.57;0.00;0.00;2000.00;75.87;
"2019-09-30 16:58:00";16.80;14.00;13.90;0.00;0.00;0.00;0.00;0.00;0.00;0.00;14.49;100.00;14.49;0.00;0.00;2000.00;75.87;
"2019-09-30 17:03:00";16.70;14.00;13.90;0.00;0.00;0.00;0.00;0.00;0.00;0.00;14.44;100.00;14.44;0.00;0.00;2000.00;75.87;
"2019-09-30 17:08:00";16.60;14.00;13.90;0.00;0.00;0.00;0.00;0.00;0.00;0.00;14.46;100.00;14.46;0.00;0.00;2000.00;75.87;
"2019-09-30 17:13:00";16.60;14.00;14.00;0.00;0.00;0.00;0.00;0.00;0.00;0.00;14.38;100.00;14.38;0.00;0.00;2000.00;75.87;
"2019-09-30 17:18:00";16.50;14.00;14.00;0.00;0.00;0.00;0.00;0.00;0.00;0.00;14.40;100.00;14.40;0.00;0.00;2000.00;75.87;
"2019-09-30 17:23:00";16.50;14.00;14.00;0.00;0.00;0.00;0.00;0.00;0.00;0.00;14.44;100.00;14.44;0.00;0.00;2000.00;75.87;
"2019-09-30 17:28:00";16.40;14.00;14.00;0.00;0.00;0.00;0.00;0.00;0.00;0.00;14.43;100.00;14.43;0.00;0.00;2000.00;75.87;
"2019-09-30 17:33:00";16.40;14.00;14.00;0.00;0.00;0.00;0.00;0.00;0.00;0.00;14.46;100.00;14.46;0.00;0.00;2000.00;75.87;
"2019-09-30 17:38:00";16.40;14.10;14.00;0.00;0.00;0.00;0.00;0.00;0.00;0.00;14.50;100.00;14.50;0.00;0.00;2000.00;75.87;
"2019-09-30 17:43:00";16.30;14.00;14.00;0.00;0.00;0.00;0.00;0.00;0.00;0.00;14.51;100.00;14.51;0.00;0.00;2000.00;75.87;
"2019-09-30 17:48:00";16.30;14.10;14.00;0.00;0.00;0.00;0.00;0.00;0.00;0.00;14.50;100.00;14.50;0.00;0.00;2000.00;75.87;
"2019-09-30 17:53:00";16.20;14.10;14.10;0.00;0.00;0.00;0.00;0.00;0.00;0.00;14.48;100.00;14.48;0.00;0.00;2000.00;75.87;
"2019-09-30 17:58:00";16.00;14.10;14.00;0.00;16.00;0.00;0.00;0.00;0.00;0.00;14.54;100.00;14.54;0.02;0.00;2000.00;75.89;
"2019-09-30 18:03:00";15.90;14.10;14.10;0.00;59.00;0.00;1.00;0.00;0.00;0.00;14.50;100.00;14.50;0.02;60.00;2000.00;75.91;
"2019-09-30 18:08:00";15.70;14.10;14.10;0.00;48.00;0.00;1.00;0.00;0.00;0.00;14.47;100.00;14.47;0.00;0.00;2000.00;75.91;
"2019-09-30 18:13:00";15.50;14.10;14.10;0.00;51.00;0.00;1.00;0.00;0.00;0.00;14.47;100.00;14.47;0.01;0.00;2000.00;75.92;
"2019-09-30 18:18:00";15.40;14.10;14.10;0.00;85.00;0.00;1.00;0.00;0.00;0.00;14.45;100.00;14.45;0.00;0.00;2000.00;75.92;
"2019-09-30 18:23:00";15.40;14.10;14.10;0.00;56.00;0.00;1.00;0.00;0.00;0.00;14.53;100.00;14.53;0.00;0.00;2000.00;75.92;
"2019-09-30 18:28:00";15.30;14.10;14.10;0.00;56.00;0.00;1.00;0.00;0.00;0.00;14.49;100.00;14.49;0.00;0.00;2000.00;75.92;
"2019-09-30 18:33:00";15.30;14.10;14.10;0.00;59.00;0.00;1.00;0.00;0.00;0.00;14.42;100.00;14.42;0.00;0.00;2000.00;75.92;
"2019-09-30 18:38:00";15.20;14.10;14.10;0.00;43.00;0.00;1.00;0.00;0.00;0.00;14.40;100.00;14.40;0.00;0.00;2000.00;75.92;
"2019-09-30 18:43:00";15.10;14.10;14.10;0.00;33.00;0.00;1.00;0.00;0.00;0.00;14.37;100.00;14.37;0.00;0.00;2000.00;75.92;
"2019-09-30 18:48:00";15.00;14.10;14.10;0.00;26.00;0.00;0.00;0.00;0.00;0.00;14.33;100.00;14.33;0.00;0.00;2000.00;75.92;
"2019-09-30 18:53:00";14.90;14.10;14.10;0.00;0.00;0.00;0.00;0.00;0.00;0.00;14.37;100.00;14.37;0.00;0.00;2000.00;75.92;
"2019-09-30 18:58:00";14.90;14.10;14.10;0.00;0.00;0.00;0.00;0.00;0.00;0.00;14.30;100.00;14.30;0.00;0.00;2000.00;75.92;
"2019-09-30 19:03:00";14.90;14.10;14.10;0.00;0.00;0.00;0.00;0.00;0.00;0.00;14.30;100.00;14.30;0.00;0.00;2000.00;75.92;
"2019-09-30 19:08:00";14.90;14.10;14.10;0.00;0.00;0.00;0.00;0.00;0.00;0.00;14.28;100.00;14.28;0.00;0.00;2000.00;75.92;
"2019-09-30 19:13:00";15.00;14.20;14.10;0.00;0.00;0.00;0.00;0.00;0.00;0.00;14.31;100.00;14.31;0.00;0.00;2000.00;75.92;
"2019-09-30 19:18:00";15.00;14.10;14.10;0.00;0.00;0.00;0.00;0.00;0.00;0.00;14.24;100.00;14.24;0.00;0.00;2000.00;75.92;
"2019-09-30 19:23:00";14.90;14.10;14.10;0.00;0.00;0.00;0.00;0.00;0.00;0.00;14.19;100.00;14.19;0.00;0.00;2000.00;75.92;
"2019-09-30 19:28:00";14.90;14.10;14.10;0.00;0.00;0.00;0.00;0.00;0.00;0.00;14.15;100.00;14.15;0.00;0.00;2000.00;75.92;
"2019-09-30 19:33:00";14.90;14.10;14.10;0.00;0.00;0.00;0.00;0.00;0.00;0.00;14.08;100.00;14.08;0.00;0.00;2000.00;75.92;
"2019-09-30 19:38:00";14.90;14.10;14.10;0.00;0.00;0.00;0.00;0.00;0.00;0.00;14.09;100.00;14.09;0.00;0.00;2000.00;75.92;
"2019-09-30 19:43:00";14.80;14.10;14.10;0.00;0.00;0.00;0.00;0.00;0.00;0.00;14.06;100.00;14.06;0.00;0.00;2000.00;75.92;
"2019-09-30 19:48:00";14.80;14.10;14.10;0.00;0.00;0.00;0.00;0.00;0.00;0.00;14.04;100.00;14.04;0.00;0.00;2000.00;75.92;
"2019-09-30 19:53:00";14.70;14.10;14.10;0.00;0.00;0.00;0.00;0.00;0.00;0.00;14.05;100.00;14.05;0.00;0.00;2000.00;75.92;
"2019-09-30 19:58:00";14.60;14.10;14.10;0.00;0.00;0.00;0.00;0.00;0.00;0.00;14.01;100.00;14.01;0.01;0.00;2000.00;75.93;
"2019-09-30 20:03:00";14.50;14.10;14.10;0.00;16.00;0.00;0.00;0.00;0.00;0.00;13.98;100.00;13.98;0.00;0.00;2000.00;75.93;
"2019-09-30 20:08:00";14.50;14.10;14.10;0.00;28.00;0.00;0.00;0.00;0.00;0.00;14.01;100.00;14.01;0.01;60.00;2000.00;75.94;
"2019-09-30 20:13:00";14.40;14.10;14.10;0.00;41.00;0.00;1.00;0.00;0.00;0.00;14.02;100.00;14.02;0.00;0.00;2000.00;75.94;
"2019-09-30 20:18:00";14.40;14.10;14.10;0.00;46.00;0.00;1.00;0.00;0.00;0.00;14.06;100.00;14.06;0.00;0.00;2000.00;75.94;
"2019-09-30 20:23:00";14.40;14.10;14.10;0.00;215.00;0.00;1.00;0.00;0.00;0.00;14.03;100.00;14.03;0.06;60.00;2000.00;76.00;
"2019-09-30 20:28:00";14.40;14.10;14.10;0.00;160.00;0.00;1.00;0.00;0.00;0.00;13.96;100.00;13.96;0.06;60.00;2000.00;76.06;
"2019-09-30 20:33:00";14.40;14.10;14.10;0.00;172.00;0.00;1.00;0.00;0.00;0.00;13.93;100.00;13.93;0.03;60.00;2000.00;76.09;
"2019-09-30 20:38:00";14.30;14.10;14.10;0.00;163.00;0.00;1.00;0.00;0.00;0.00;13.72;100.00;13.72;0.01;0.00;2000.00;76.10;
"2019-09-30 20:43:00";14.30;14.10;14.10;0.00;215.00;0.00;1.00;0.00;0.00;0.00;13.71;100.00;13.71;0.10;60.00;2000.00;76.20;
"2019-09-30 20:48:00";14.30;14.10;14.10;0.00;218.00;0.00;1.00;0.00;0.00;0.00;13.72;100.00;13.72;0.10;60.00;2000.00;76.30;
"2019-09-30 20:53:00";14.20;14.00;14.10;0.00;343.00;0.00;2.00;0.00;0.00;0.00;13.76;100.00;13.76;0.13;60.00;2000.00;76.43;
"2019-09-30 20:58:00";14.20;14.10;14.10;0.00;237.00;0.00;1.00;0.00;0.00;0.00;13.76;100.00;13.76;0.15;60.00;2000.00;76.58;
"2019-09-30 21:03:00";14.20;14.00;14.10;0.00;274.00;0.00;1.00;0.00;0.00;0.00;13.67;100.00;13.67;0.03;60.00;2000.00;76.61;
"2019-09-30 21:08:00";14.20;14.00;14.10;0.00;257.00;0.00;1.00;0.00;0.00;0.00;13.73;100.00;13.73;0.11;60.00;2000.00;76.72;
"2019-09-30 21:13:00";14.20;14.00;14.10;0.00;181.00;0.00;1.00;0.00;0.00;0.00;13.65;100.00;13.65;0.13;60.00;2000.00;76.85;
"2019-09-30 21:18:00";14.20;14.00;14.10;0.00;288.00;0.00;1.00;0.00;0.00;0.00;13.72;100.00;13.72;0.10;60.00;2000.00;76.95;
"2019-09-30 21:23:00";14.20;14.00;14.10;0.00;208.00;0.00;1.00;0.00;0.00;0.00;13.62;100.00;13.62;0.08;60.00;2000.00;77.03;
"2019-09-30 21:28:00";14.20;14.00;14.10;0.00;193.00;0.00;1.00;0.00;0.00;0.00;13.57;100.00;13.57;0.05;60.00;2000.00;77.08;
"2019-09-30 21:33:00";14.10;14.00;14.10;0.00;237.00;0.00;1.00;0.00;0.00;0.00;13.42;100.00;13.42;0.10;60.00;2000.00;77.18;
"2019-09-30 21:38:00";14.00;14.00;14.10;0.00;227.00;0.00;1.00;0.00;0.00;0.00;13.41;100.00;13.41;0.06;60.00;2000.00;77.24;
"2019-09-30 21:43:00";14.10;14.00;14.00;0.00;160.00;0.00;1.00;0.00;0.00;0.00;13.37;100.00;13.37;0.01;60.00;2000.00;77.25;
"2019-09-30 21:48:00";14.00;14.00;14.00;0.00;148.00;0.00;1.00;0.00;0.00;0.00;13.42;100.00;13.42;0.02;60.00;2000.00;77.27;
"2019-09-30 21:53:00";14.00;14.00;14.00;0.00;151.00;0.00;1.00;0.00;0.00;0.00;13.39;100.00;13.39;0.04;60.00;2000.00;77.31;
"2019-09-30 21:58:00";14.00;14.00;14.00;0.00;187.00;0.00;1.00;0.00;0.00;0.00;13.34;100.00;13.34;0.06;60.00;2000.00;77.37;
"2019-09-30 22:03:00";13.90;14.00;14.00;0.00;169.00;0.00;1.00;0.00;0.00;0.00;13.32;100.00;13.32;0.03;60.00;2000.00;77.40;
"2019-09-30 22:08:00";13.90;14.00;14.00;0.00;187.00;0.00;1.00;0.00;0.00;0.00;13.26;100.00;13.26;0.04;60.00;2000.00;77.44;
"2019-09-30 22:13:00";13.80;14.00;14.00;0.00;137.00;0.00;1.00;0.00;0.00;0.00;13.30;100.00;13.30;0.02;60.00;2000.00;77.46;
"2019-09-30 22:18:00";13.80;14.00;14.00;0.00;87.00;0.00;1.00;0.00;0.00;0.00;13.27;100.00;13.27;0.00;0.00;2000.00;77.46;
"2019-09-30 22:23:00";13.80;13.90;14.00;0.00;128.00;0.00;1.00;0.00;0.00;0.00;13.34;100.00;13.34;0.02;60.00;2000.00;77.48;
"2019-09-30 22:28:00";13.80;13.90;14.00;0.00;205.00;0.00;1.00;0.00;0.00;0.00;13.34;100.00;13.34;0.08;60.00;2000.00;77.56;
"2019-09-30 22:33:00";13.70;13.90;14.00;0.00;87.00;0.00;1.00;0.00;0.00;0.00;13.29;100.00;13.29;0.02;0.00;2000.00;77.58;
"2019-09-30 22:38:00";13.70;13.90;14.00;0.00;106.00;0.00;1.00;1.56;313.98;3.10;13.22;100.00;13.22;0.00;0.00;2000.00;77.58;
"2019-09-30 22:43:00";13.70;13.90;14.00;0.00;61.00;0.00;1.00;1.46;335.42;3.19;13.13;100.00;13.13;0.01;60.00;2000.00;77.59;
"2019-09-30 22:48:00";13.70;13.90;14.00;0.00;82.00;0.00;1.00;2.04;323.53;2.28;13.16;100.00;13.16;0.01;60.00;2000.00;77.60;
"2019-09-30 22:53:00";13.70;13.90;14.00;0.00;56.00;0.00;1.00;0.00;0.00;0.00;13.12;100.00;13.12;0.00;0.00;2000.00;77.60;
"2019-09-30 22:58:00";13.70;13.90;14.00;0.00;101.00;0.00;1.00;0.00;0.00;0.00;13.11;100.00;13.11;0.00;0.00;2000.00;77.60;
"2019-09-30 23:03:00";13.70;13.90;14.00;0.00;114.00;0.00;1.00;3.08;309.91;3.94;13.10;100.00;13.10;0.00;0.00;2000.00;77.60;
"2019-09-30 23:08:00";13.70;13.90;13.90;0.00;79.00;0.00;1.00;3.21;305.79;3.76;13.17;100.00;13.17;0.00;0.00;2000.00;77.60;
"2019-09-30 23:13:00";13.70;13.90;13.90;0.00;95.00;0.00;1.00;2.35;314.01;4.19;13.10;100.00;13.10;0.01;60.00;2000.00;77.61;
"2019-09-30 23:18:00";13.60;13.90;13.90;0.00;123.00;0.00;1.00;3.22;350.20;3.22;13.11;100.00;13.11;0.04;60.00;2000.00;77.65;
"2019-09-30 23:23:00";13.50;13.90;13.90;0.00;196.00;0.00;1.00;0.00;0.00;0.00;13.05;100.00;13.05;0.10;60.00;2000.00;77.75;
"2019-09-30 23:28:00";13.40;13.90;13.90;0.00;151.00;0.00;1.00;2.31;318.88;3.26;12.99;100.00;12.99;0.10;60.00;2000.00;77.85;
"2019-09-30 23:33:00";13.30;13.80;13.90;0.00;166.00;0.00;1.00;2.69;311.69;3.49;12.94;100.00;12.94;0.13;60.00;2000.00;77.98;
"2019-09-30 23:38:00";13.30;13.80;13.90;0.00;151.00;0.00;1.00;3.21;304.43;3.21;12.96;100.00;12.96;0.14;60.00;2000.00;78.12;
"2019-09-30 23:43:00";13.30;13.80;13.90;0.00;151.00;0.00;1.00;2.45;289.49;3.80;12.93;100.00;12.93;0.09;60.00;2000.00;78.21;
"2019-09-30 23:48:00";13.30;13.80;13.90;0.00;154.00;0.00;1.00;2.22;253.58;4.29;12.92;100.00;12.92;0.06;60.00;2000.00;78.27;
"2019-09-30 23:53:00";13.30;13.80;13.90;0.00;98.00;0.00;1.00;4.85;292.83;4.85;12.98;100.00;12.98;0.00;0.00;2000.00;78.27;
"2019-09-30 23:58:00";13.30;13.80;13.90;0.00;74.00;0.00;1.00;2.78;280.55;4.52;12.93;100.00;12.93;0.00;0.00;2000.00;78.27;
"2019-10-01 00:03:00";13.20;13.80;13.90;0.00;66.00;0.00;1.00;3.43;295.46;3.55;12.93;100.00;12.93;0.00;0.00;2000.00;78.27;
"2019-10-01 00:08:00";13.10;13.80;13.90;0.00;51.00;0.00;1.00;2.89;296.34;4.70;12.95;100.00;12.95;0.00;0.00;2000.00;78.27;
"2019-10-01 00:13:00";13.00;13.80;13.90;0.00;46.00;0.00;1.00;2.82;273.90;4.86;12.89;100.00;12.89;0.00;0.00;2000.00;78.27;
"2019-10-01 00:18:00";12.80;13.80;13.90;0.00;46.00;0.00;1.00;3.36;300.66;4.30;12.85;100.00;12.85;0.00;0.00;2000.00;78.27;
"2019-10-01 00:23:00";12.70;13.80;13.90;0.00;69.00;0.00;1.00;2.75;263.53;3.62;12.77;100.00;12.77;0.00;0.00;2000.00;78.27;
"2019-10-01 00:28:00";12.70;13.80;13.90;0.00;51.00;0.00;1.00;3.78;235.19;4.99;12.65;100.00;12.65;0.00;0.00;2000.00;78.27;
"2019-10-01 00:33:00";12.70;13.80;13.80;0.00;41.00;0.00;1.00;3.60;285.20;6.25;12.68;100.00;12.68;0.00;0.00;2000.00;78.27;
"2019-10-01 00:38:00";12.60;13.70;13.80;0.00;48.00;0.00;1.00;4.96;278.48;5.52;12.59;100.00;12.59;0.00;0.00;2000.00;78.27;
"2019-10-01 00:43:00";12.40;13.70;13.80;0.00;38.00;0.00;1.00;4.26;285.90;5.61;12.55;100.00;12.55;0.00;0.00;2000.00;78.27;
"2019-10-01 00:48:00";12.20;13.70;13.80;0.00;38.00;0.00;1.00;3.08;259.38;3.85;12.49;100.00;12.49;0.00;0.00;2000.00;78.27;
"2019-10-01 00:53:00";12.10;13.70;13.80;0.00;128.00;0.00;1.00;4.69;250.00;5.99;12.42;100.00;12.42;0.00;0.00;2000.00;78.27;
"2019-10-01 00:58:00";11.80;13.70;13.80;0.00;69.00;0.00;1.00;2.77;276.00;3.71;12.35;100.00;12.35;0.00;0.00;2000.00;78.27;
"2019-10-01 01:03:00";11.70;13.70;13.80;0.00;59.00;0.00;1.00;1.66;285.43;4.47;12.25;100.00;12.25;0.00;0.00;2000.00;78.27;
"2019-10-01 01:08:00";11.60;13.70;13.80;0.00;51.00;0.00;1.00;2.87;242.85;4.32;12.20;100.00;12.20;0.00;0.00;2000.00;78.27;
"2019-10-01 01:13:00";11.40;13.70;13.80;0.00;48.00;0.00;1.00;1.26;262.60;2.62;12.12;100.00;12.12;0.00;0.00;2000.00;78.27;
"2019-10-01 01:18:00";11.40;13.70;13.80;0.00;43.00;0.00;1.00;2.32;295.77;3.51;12.09;100.00;12.09;0.00;0.00;2000.00;78.27;
"2019-10-01 01:23:00";11.30;13.70;13.80;0.00;72.00;0.00;1.00;1.62;231.17;2.33;12.07;100.00;12.07;0.00;0.00;2000.00;78.27;
"2019-10-01 01:28:00";11.20;13.60;13.70;0.00;90.00;0.00;1.00;2.24;286.87;3.69;11.98;100.00;11.98;0.00;0.00;2000.00;78.27;
"2019-10-01 01:33:00";11.10;13.60;13.70;0.00;69.00;0.00;1.00;1.89;242.84;3.37;11.91;100.00;11.91;0.00;0.00;2000.00;78.27;
"2019-10-01 01:38:00";11.10;13.60;13.70;0.00;61.00;0.00;1.00;1.92;243.21;2.05;11.88;100.00;11.88;0.00;0.00;2000.00;78.27;
"2019-10-01 01:43:00";11.10;13.60;13.70;0.00;56.00;0.00;1.00;2.64;250.71;3.15;11.85;100.00;11.85;0.00;0.00;2000.00;78.27;
"2019-10-01 01:48:00";11.00;13.60;13.70;0.00;51.00;0.00;1.00;3.62;260.53;3.62;11.79;100.00;11.79;0.00;0.00;2000.00;78.27;
"2019-10-01 01:53:00";10.90;13.60;13.70;0.00;66.00;0.00;1.00;1.97;247.90;2.08;11.67;100.00;11.67;0.00;0.00;2000.00;78.27;
"2019-10-01 01:58:00";10.90;13.50;13.70;0.00;59.00;0.00;1.00;0.00;0.00;2.99;11.64;100.00;11.64;0.00;0.00;2000.00;78.27;
"2019-10-01 02:03:00";10.90;13.50;13.60;0.00;54.00;0.00;1.00;0.00;0.00;2.05;11.59;100.00;11.59;0.00;0.00;2000.00;78.27;
"2019-10-01 02:08:00";11.00;13.50;13.60;0.00;56.00;0.00;1.00;0.00;0.00;2.22;11.59;100.00;11.59;0.00;0.00;2000.00;78.27;
"2019-10-01 02:13:00";11.00;13.50;13.60;0.00;48.00;0.00;1.00;2.18;212.24;2.18;11.54;100.00;11.54;0.00;0.00;2000.00;78.27;
"2019-10-01 02:18:00";10.80;13.50;13.60;0.00;93.00;0.00;1.00;2.22;199.58;2.46;11.59;100.00;11.59;0.00;0.00;2000.00;78.27;
"2019-10-01 02:23:00";10.80;13.50;13.60;0.00;66.00;0.00;1.00;0.00;0.00;4.29;11.57;100.00;11.57;0.00;0.00;2000.00;78.27;
"2019-10-01 02:28:00";10.70;13.40;13.60;0.00;54.00;0.00;1.00;2.03;252.21;3.63;11.58;100.00;11.58;0.00;0.00;2000.00;78.27;
"2019-10-01 02:33:00";10.70;13.40;13.60;0.00;46.00;0.00;1.00;0.00;0.00;2.05;11.59;100.00;11.59;0.00;0.00;2000.00;78.27;
"2019-10-01 02:38:00";10.80;13.40;13.50;0.00;41.00;0.00;1.00;1.91;254.19;3.05;11.61;100.00;11.61;0.00;0.00;2000.00;78.27;
"2019-10-01 02:43:00";11.00;13.40;13.50;0.00;38.00;0.00;1.00;1.23;219.41;2.29;11.67;100.00;11.67;0.00;0.00;2000.00;78.27;
"2019-10-01 02:48:00";11.10;13.40;13.50;0.00;36.00;0.00;1.00;2.04;233.53;2.04;11.70;100.00;11.70;0.00;0.00;2000.00;78.27;
"2019-10-01 02:53:00";11.20;13.40;13.50;0.00;33.00;0.00;1.00;1.07;238.91;1.07;11.70;100.00;11.70;0.00;0.00;2000.00;78.27;
"2019-10-01 02:58:00";11.20;13.40;13.50;0.00;31.00;0.00;1.00;1.03;243.43;5.22;11.79;100.00;11.79;0.00;0.00;2000.00;78.27;
"2019-10-01 03:03:00";11.30;13.40;13.50;0.00;26.00;0.00;0.00;1.77;258.33;3.91;11.79;100.00;11.79;0.00;0.00;2000.00;78.27;
"2019-10-01 03:08:00";11.20;13.40;13.40;0.00;24.00;0.00;0.00;3.56;252.90;3.56;11.87;100.00;11.87;0.00;0.00;2000.00;78.27;
"2019-10-01 03:13:00";11.20;13.40;13.40;0.00;21.00;0.00;0.00;3.99;255.25;3.99;11.87;100.00;11.87;0.00;0.00;2000.00;78.27;
"2019-10-01 03:18:00";11.20;13.30;13.40;0.00;24.00;0.00;0.00;3.43;241.44;4.41;11.94;100.00;11.94;0.00;0.00;2000.00;78.27;
"2019-10-01 03:23:00";11.20;13.30;13.40;0.00;21.00;0.00;0.00;2.14;244.71;3.04;11.99;100.00;11.99;0.00;0.00;2000.00;78.27;
"2019-10-01 03:28:00";11.30;13.30;13.40;0.00;19.00;0.00;0.00;2.53;236.65;4.23;12.07;100.00;12.07;0.00;0.00;2000.00;78.27;
"2019-10-01 03:33:00";11.40;13.30;13.40;0.00;101.00;0.00;1.00;3.46;237.31;4.33;12.09;100.00;12.09;0.00;0.00;2000.00;78.27;
"2019-10-01 03:38:00";11.40;13.30;13.40;0.00;90.00;0.00;1.00;3.16;241.22;4.13;12.15;100.00;12.15;0.00;0.00;2000.00;78.27;
"2019-10-01 03:43:00";11.40;13.20;13.40;0.00;69.00;0.00;1.00;1.64;243.98;3.34;12.16;100.00;12.16;0.00;0.00;2000.00;78.27;
"2019-10-01 03:48:00";11.50;13.20;13.40;0.00;59.00;0.00;1.00;2.41;275.44;3.61;12.16;100.00;12.16;0.00;0.00;2000.00;78.27;
"2019-10-01 03:53:00";11.60;13.20;13.40;0.00;77.00;0.00;1.00;2.28;256.66;2.66;12.15;100.00;12.15;0.01;60.00;2000.00;78.28;
"2019-10-01 03:58:00";11.40;13.20;13.40;0.00;82.00;0.00;1.00;2.55;246.70;3.62;12.14;100.00;12.14;0.02;0.00;2000.00;78.30;
"2019-10-01 04:03:00";11.40;13.20;13.40;0.00;74.00;0.00;1.00;4.09;271.67;6.10;12.15;100.00;12.15;0.02;60.00;2000.00;78.32;
"2019-10-01 04:08:00";11.50;13.20;13.30;0.00;169.00;0.00;1.00;4.93;273.63;4.93;12.20;100.00;12.20;0.15;60.00;2000.00;78.47;
"2019-10-01 04:13:00";11.60;13.20;13.30;0.00;208.00;0.00;1.00;2.64;293.31;2.98;12.12;100.00;12.12;0.12;60.00;2000.00;78.59;
"2019-10-01 04:18:00";11.50;13.10;13.30;0.00;93.00;0.00;1.00;4.93;306.03;4.93;12.03;100.00;12.03;0.04;0.00;2000.00;78.63;
"2019-10-01 04:23:00";11.20;13.10;13.30;0.00;36.00;0.00;1.00;6.93;310.54;7.95;11.80;100.00;11.80;0.00;0.00;2000.00;78.63;
"2019-10-01 04:28:00";10.80;13.10;13.30;0.00;31.00;0.00;1.00;9.82;335.03;11.24;11.65;100.00;11.65;0.00;0.00;2000.00;78.63;
"2019-10-01 04:33:00";10.70;13.10;13.30;0.00;85.00;0.00;1.00;7.30;283.67;7.39;11.58;100.00;11.58;0.00;0.00;2000.00;78.63;
"2019-10-01 04:38:00";10.60;13.10;13.30;0.00;59.00;0.00;1.00;6.71;307.41;9.27;11.38;100.00;11.38;0.00;0.00;2000.00;78.63;
"2019-10-01 04:43:00";10.20;13.10;13.30;0.00;28.00;0.00;0.00;7.29;278.99;10.93;11.22;100.00;11.22;0.00;0.00;2000.00;78.63;
"2019-10-01 04:48:00";9.90;13.10;13.20;0.00;21.00;0.00;0.00;7.28;286.81;8.32;10.91;99.98;10.91;0.00;0.00;2000.00;78.63;
"2019-10-01 04:53:00";9.50;13.10;13.20;0.00;77.00;0.00;1.00;10.18;273.06;10.18;10.75;99.84;10.72;0.00;0.00;2000.00;78.63;
"2019-10-01 04:58:00";9.40;13.00;13.20;0.00;31.00;0.00;1.00;4.35;273.13;9.20;10.62;99.64;10.56;0.00;0.00;2000.00;78.63;
"2019-10-01 05:03:00";9.20;13.00;13.20;0.00;24.00;0.00;0.00;5.67;287.65;7.89;10.47;99.52;10.39;0.00;0.00;2000.00;78.63;
"2019-10-01 05:08:00";9.00;13.00;13.20;0.00;117.00;0.00;1.00;4.93;262.24;5.90;10.36;99.03;10.21;0.00;0.00;2000.00;78.63;
"2019-10-01 05:13:00";9.00;13.00;13.20;0.00;61.00;0.00;1.00;5.52;274.13;8.12;10.31;98.81;10.13;0.00;0.00;2000.00;78.63;
"2019-10-01 05:18:00";8.90;13.00;13.20;0.00;38.00;0.00;1.00;6.05;316.38;9.02;10.24;98.35;9.99;0.00;0.00;2000.00;78.63;
"2019-10-01 05:23:00";8.80;13.00;13.20;0.00;56.00;0.00;1.00;6.65;313.82;6.65;10.15;97.45;9.77;0.00;0.00;2000.00;78.63;
"2019-10-01 05:28:00";8.80;12.90;13.10;0.00;38.00;0.00;1.00;6.16;277.96;7.75;10.06;97.15;9.63;0.00;0.00;2000.00;78.63;
"2019-10-01 05:33:00";8.70;12.90;13.10;0.00;31.00;0.00;1.00;3.35;263.04;6.52;10.02;96.35;9.46;0.00;0.00;2000.00;78.63;
"2019-10-01 05:38:00";8.60;12.90;13.10;0.00;46.00;0.00;1.00;3.20;269.55;5.54;9.89;95.91;9.27;0.00;0.00;2000.00;78.63;
"2019-10-01 05:43:00";8.70;12.90;13.10;0.00;87.00;0.00;1.00;3.09;289.47;5.93;9.82;95.16;9.08;0.00;0.00;2000.00;78.63;
"2019-10-01 05:48:00";8.60;12.90;13.10;0.00;64.00;0.00;1.00;3.78;301.08;7.37;9.74;94.79;8.94;0.00;0.00;2000.00;78.63;
"2019-10-01 05:53:00";8.40;12.80;13.00;0.00;74.00;0.00;1.00;3.59;297.66;3.59;9.55;94.09;8.64;0.00;0.00;2000.00;78.63;
"2019-10-01 05:58:00";8.30;12.80;13.00;0.00;48.00;0.00;1.00;4.70;292.40;4.70;9.49;93.71;8.53;0.00;0.00;2000.00;78.63;
"2019-10-01 06:03:00";8.20;12.80;13.00;0.00;64.00;0.00;1.00;2.49;299.00;3.71;9.43;92.93;8.34;0.00;0.00;2000.00;78.63;
"2019-10-01 06:08:00";8.10;12.80;13.00;0.00;98.00;0.00;1.00;3.06;251.44;3.42;9.28;92.78;8.17;0.00;0.00;2000.00;78.63;
"2019-10-01 06:13:00";8.00;12.70;13.00;0.00;74.00;0.00;1.00;4.68;291.63;6.04;9.27;92.68;8.14;0.00;0.00;2000.00;78.63;
"2019-10-01 06:18:00";8.00;12.70;12.90;0.00;51.00;0.00;1.00;4.86;258.12;4.86;9.25;92.07;8.03;0.00;0.00;2000.00;78.63;
"2019-10-01 06:23:00";7.90;12.70;12.90;0.00;90.00;0.00;1.00;4.01;265.22;4.11;9.20;91.80;7.93;0.00;0.00;2000.00;78.63;
"2019-10-01 06:28:00";7.80;12.60;12.90;0.00;85.00;0.00;1.00;3.32;269.35;5.29;9.15;91.58;7.85;0.00;0.00;2000.00;78.63;
"2019-10-01 06:33:00";7.80;12.60;12.90;0.00;95.00;0.00;1.00;3.84;298.38;3.84;9.04;91.07;7.65;0.00;0.00;2000.00;78.63;
"2019-10-01 06:38:00";7.70;12.60;12.80;0.00;77.00;0.00;1.00;1.78;302.94;3.32;8.93;90.92;7.52;0.00;0.00;2000.00;78.63;
"2019-10-01 06:43:00";7.70;12.60;12.80;0.00;66.00;0.00;1.00;3.07;276.23;3.91;8.78;90.61;7.33;0.00;0.00;2000.00;78.63;
"2019-10-01 06:48:00";7.60;12.50;12.80;0.00;69.00;0.00;1.00;3.13;294.03;4.94;8.78;90.55;7.32;0.00;0.00;2000.00;78.63;
"2019-10-01 06:53:00";7.50;12.50;12.70;0.00;64.00;0.00;1.00;0.00;0.00;3.33;8.69;89.84;7.12;0.00;0.00;2000.00;78.63;
"2019-10-01 06:58:00";7.40;12.50;12.70;0.00;59.00;0.00;1.00;0.00;0.00;0.00;8.59;89.61;6.98;0.00;0.00;2000.00;78.63;
"2019-10-01 07:03:00";7.30;12.40;12.70;0.00;61.00;0.00;1.00;0.00;0.00;0.00;8.53;89.30;6.87;0.00;0.00;2000.00;78.63;
"2019-10-01 07:08:00";7.30;12.40;12.70;0.00;74.00;0.00;1.00;0.00;0.00;2.54;8.60;89.08;6.90;0.00;0.00;2000.00;78.63;
"2019-10-01 07:13:00";7.20;12.40;12.70;0.00;61.00;0.00;1.00;3.19;268.84;4.14;8.51;88.68;6.74;0.00;0.00;2000.00;78.63;
"2019-10-01 07:18:00";7.10;12.40;12.60;0.00;54.00;0.00;1.00;0.00;0.00;0.00;8.48;88.40;6.68;0.00;0.00;2000.00;78.63;
"2019-10-01 07:23:00";7.10;12.30;12.60;0.00;43.00;0.00;1.00;2.93;263.62;3.96;8.48;87.80;6.57;0.00;0.00;2000.00;78.63;
"2019-10-01 07:28:00";7.10;12.30;12.60;0.00;38.00;0.00;1.00;0.00;0.00;1.33;8.45;87.33;6.47;0.00;0.00;2000.00;78.63;
"2019-10-01 07:33:00";7.10;12.30;12.50;0.00;48.00;0.00;1.00;0.00;0.00;0.00;8.41;86.99;6.36;0.00;0.00;2000.00;78.63;
"2019-10-01 07:38:00";7.20;12.20;12.50;0.00;26.00;0.00;0.00;0.00;0.00;0.00;8.26;86.51;6.14;0.00;0.00;2000.00;78.63;
"2019-10-01 07:43:00";7.20;12.20;12.50;0.00;36.00;0.00;1.00;0.00;0.00;0.00;8.23;86.24;6.07;0.00;0.00;2000.00;78.63;
"2019-10-01 07:48:00";7.30;12.20;12.50;0.00;31.00;0.00;1.00;0.00;0.00;0.00;8.19;86.05;5.99;0.00;0.00;2000.00;78.63;
"2019-10-01 07:53:00";7.40;12.20;12.40;0.00;54.00;0.00;1.00;2.07;268.50;2.07;8.17;86.09;5.98;0.00;0.00;2000.00;78.63;
"2019-10-01 07:58:00";7.40;12.20;12.40;0.00;16.00;0.00;0.00;0.00;0.00;0.00;8.16;85.77;5.92;0.00;0.00;2000.00;78.63;
"2019-10-01 08:03:00";7.40;12.20;12.40;0.00;14.00;0.00;0.00;0.00;0.00;0.00;8.18;85.85;5.95;0.00;0.00;2000.00;78.63;
"2019-10-01 08:08:00";7.60;12.20;12.30;0.00;0.00;0.00;0.00;0.00;0.00;0.00;8.06;85.61;5.80;0.00;0.00;2000.00;78.63;
"2019-10-01 08:13:00";7.60;12.10;12.30;0.00;0.00;0.00;0.00;0.00;0.00;0.00;8.02;85.53;5.74;0.00;0.00;2000.00;78.63;
"2019-10-01 08:18:00";7.70;12.10;12.30;0.00;0.00;0.00;0.00;0.00;0.00;0.00;7.97;85.62;5.70;0.00;0.00;2000.00;78.63;
"2019-10-01 08:23:00";7.70;12.10;12.30;0.00;0.00;0.00;0.00;0.00;0.00;0.00;7.83;85.78;5.59;0.00;0.00;2000.00;78.63;
"2019-10-01 08:28:00";7.80;12.00;12.20;0.00;0.00;0.00;0.00;0.00;0.00;0.00;7.85;85.94;5.65;0.00;0.00;2000.00;78.63;
"2019-10-01 08:33:00";7.80;12.00;12.20;0.00;0.00;0.00;0.00;0.00;0.00;0.00;7.86;85.94;5.65;0.00;0.00;2000.00;78.63;
"2019-10-01 08:38:00";7.90;11.90;12.20;0.00;0.00;0.00;0.00;0.00;0.00;0.00;7.94;86.00;5.74;0.00;0.00;2000.00;78.63;
"2019-10-01 08:43:00";7.90;11.90;12.20;0.00;0.00;0.00;0.00;0.00;0.00;0.00;7.96;86.10;5.78;0.00;0.00;2000.00;78.63;
"2019-10-01 08:48:00";7.90;11.90;12.20;0.00;0.00;0.00;0.00;0.00;0.00;0.00;7.96;86.14;5.79;0.00;0.00;2000.00;78.63;
"2019-10-01 08:53:00";7.90;11.90;12.20;0.00;0.00;0.00;0.00;0.00;0.00;0.00;7.95;85.99;5.75;0.00;0.00;2000.00;78.63;
"2019-10-01 08:58:00";7.90;11.90;12.20;0.00;0.00;0.00;0.00;0.00;0.00;0.00;7.98;85.96;5.77;0.00;0.00;2000.00;78.63;
"2019-10-01 09:03:00";7.90;11.80;12.20;0.00;0.00;0.00;0.00;0.00;0.00;0.00;8.04;86.00;5.84;0.00;0.00;2000.00;78.63;
"2019-10-01 09:08:00";7.90;11.80;12.10;0.00;0.00;0.00;0.00;3.46;206.14;3.46;8.07;85.65;5.81;0.00;0.00;2000.00;78.63;
"2019-10-01 09:13:00";7.90;11.80;12.10;0.00;0.00;0.00;0.00;0.83;291.85;4.94;8.12;85.54;5.84;0.00;0.00;2000.00;78.63;
"2019-10-01 09:18:00";8.00;11.70;12.10;0.00;0.00;0.00;0.00;0.83;195.19;2.33;8.28;85.40;5.98;0.00;0.00;2000.00;78.63;
"2019-10-01 09:23:00";8.10;11.70;12.10;0.00;0.00;0.00;0.00;4.41;196.74;4.41;8.32;84.90;5.93;0.00;0.00;2000.00;78.63;
"2019-10-01 09:28:00";8.20;11.70;12.00;0.00;0.00;0.00;0.00;0.00;0.00;2.92;8.40;84.51;5.94;0.00;0.00;2000.00;78.63;
"2019-10-01 09:33:00";8.20;11.70;12.00;0.00;0.00;0.00;0.00;0.00;0.00;0.00;8.53;84.11;6.00;0.00;0.00;2000.00;78.63;
"2019-10-01 09:38:00";8.20;11.70;12.00;0.00;0.00;0.00;0.00;0.00;0.00;1.44;8.58;83.46;5.94;0.00;0.00;2000.00;78.63;
"2019-10-01 09:43:00";8.20;11.60;12.00;0.00;0.00;0.00;0.00;0.00;0.00;0.00;8.66;83.03;5.94;0.00;0.00;2000.00;78.63;
"2019-10-01 09:48:00";8.30;11.60;12.00;0.00;0.00;0.00;0.00;2.81;353.89;2.81;8.80;82.41;5.97;0.00;0.00;2000.00;78.63;
"2019-10-01 09:53:00";8.60;11.60;11.90;0.00;0.00;0.00;0.00;0.00;0.00;0.00;9.00;82.03;6.09;0.00;0.00;2000.00;78.63;
"2019-10-01 09:58:00";8.70;11.60;11.90;0.00;0.00;0.00;0.00;1.44;191.33;3.38;9.00;81.51;6.01;0.00;0.00;2000.00;78.63;
"2019-10-01 10:03:00";8.90;11.60;11.90;0.00;0.00;0.00;0.00;0.00;0.00;0.00;9.16;81.24;6.11;0.00;0.00;2000.00;78.63;
"2019-10-01 10:08:00";8.80;11.50;11.90;0.00;0.00;0.00;0.00;0.00;0.00;0.00;9.32;80.67;6.17;0.00;0.00;2000.00;78.63;
"2019-10-01 10:13:00";9.50;11.50;11.90;0.00;0.00;0.00;0.00;2.63;322.72;3.34;9.46;80.35;6.24;0.00;0.00;2000.00;78.63;
"2019-10-01 10:18:00";9.90;11.50;11.80;0.00;0.00;0.00;0.00;3.55;245.68;5.51;9.51;79.93;6.22;0.00;0.00;2000.00;78.63;
"2019-10-01 10:23:00";9.70;11.50;11.80;0.00;0.00;0.00;0.00;4.99;236.97;4.99;9.65;79.67;6.30;0.00;0.00;2000.00;78.63;
"2019-10-01 10:28:00";9.70;11.40;11.80;0.00;0.00;0.00;0.00;2.70;235.68;3.90;9.76;79.35;6.36;0.00;0.00;2000.00;78.63;
"2019-10-01 10:33:00";10.10;11.50;11.80;0.00;0.00;0.00;0.00;4.23;200.00;5.81;9.82;78.85;6.32;0.00;0.00;2000.00;78.63;
"2019-10-01 10:38:00";11.20;11.40;11.70;0.00;0.00;0.00;0.00;0.82;180.00;3.69;9.92;78.43;6.34;0.00;0.00;2000.00;78.63;
"2019-10-01 10:43:00";12.20;11.40;11.80;0.00;0.00;0.00;0.00;2.66;180.00;5.25;10.02;77.80;6.32;0.00;0.00;2000.00;78.63;
"2019-10-01 10:48:00";12.90;11.40;11.70;0.00;0.00;0.00;0.00;2.72;238.43;5.41;10.07;77.56;6.32;0.00;0.00;2000.00;78.63;
"2019-10-01 10:53:00";13.60;11.40;11.70;0.00;0.00;0.00;0.00;0.00;0.00;0.00;10.19;77.26;6.39;0.00;0.00;2000.00;78.63;
"2019-10-01 10:58:00";14.10;11.40;11.70;0.00;0.00;0.00;0.00;2.97;257.73;4.73;10.25;76.65;6.33;0.00;0.00;2000.00;78.63;
"2019-10-01 11:03:00";14.50;11.40;11.70;0.00;0.00;0.00;0.00;3.63;248.77;3.63;10.43;75.87;6.35;0.00;0.00;2000.00;78.63;
"2019-10-01 11:08:00";15.00;11.40;11.70;0.00;0.00;0.00;0.00;3.90;215.88;3.90;10.60;75.53;6.45;0.00;0.00;2000.00;78.63;
"2019-10-01 11:13:00";15.40;11.40;11.70;0.00;0.00;0.00;0.00;4.60;195.58;5.42;10.75;74.58;6.41;0.00;0.00;2000.00;78.63;
"2019-10-01 11:18:00";15.80;11.40;11.70;0.00;0.00;0.00;0.00;0.00;0.00;0.00;10.77;74.37;6.39;0.00;0.00;2000.00;78.63;
"2019-10-01 11:23:00";16.00;11.50;11.70;0.00;0.00;0.00;0.00;0.00;0.00;3.71;10.89;73.47;6.33;0.00;0.00;2000.00;78.63;
"2019-10-01 11:28:00";16.40;11.40;11.70;0.00;0.00;0.00;0.00;6.39;232.43;6.39;10.97;72.57;6.23;0.00;0.00;2000.00;78.63;
"2019-10-01 11:33:00";16.60;11.50;11.70;0.00;0.00;0.00;0.00;3.86;247.32;5.70;11.12;71.99;6.26;0.00;0.00;2000.00;78.63;
"2019-10-01 11:38:00";16.70;11.50;11.80;0.00;0.00;0.00;0.00;4.36;242.02;6.29;11.28;71.65;6.34;0.00;0.00;2000.00;78.63;
"2019-10-01 11:43:00";16.20;11.50;11.80;0.00;0.00;0.00;0.00;4.89;197.32;4.89;11.35;71.25;6.32;0.00;0.00;2000.00;78.63;
"2019-10-01 11:48:00";16.70;11.60;11.80;0.00;0.00;0.00;0.00;2.62;284.64;4.23;11.56;70.54;6.39;0.00;0.00;2000.00;78.63;
"2019-10-01 11:53:00";16.80;11.60;11.80;0.00;0.00;0.00;0.00;2.28;180.00;7.01;11.68;69.99;6.39;0.00;0.00;2000.00;78.63;
"2019-10-01 11:58:00";16.60;11.60;11.80;0.00;0.00;0.00;0.00;7.50;247.79;7.50;11.67;69.55;6.28;0.00;0.00;2000.00;78.63;
"2019-10-01 12:03:00";17.40;11.70;11.90;0.00;0.00;0.00;0.00;10.11;224.86;10.11;11.85;69.15;6.38;0.00;0.00;2000.00;78.63;
"2019-10-01 12:08:00";18.00;11.70;11.90;0.00;0.00;0.00;0.00;5.16;231.18;6.82;11.89;68.93;6.36;0.00;0.00;2000.00;78.63;
"2019-10-01 12:13:00";18.30;11.70;11.90;0.00;0.00;0.00;0.00;4.38;249.99;5.36;11.94;68.35;6.29;0.00;0.00;2000.00;78.63;
"2019-10-01 12:18:00";18.90;11.80;12.00;0.00;0.00;0.00;0.00;5.48;210.41;7.53;12.17;67.61;6.36;0.00;0.00;2000.00;78.63;
"2019-10-01 12:23:00";19.10;11.80;12.00;0.00;0.00;0.00;0.00;1.67;240.20;5.56;12.19;67.17;6.28;0.00;0.00;2000.00;78.63;
"2019-10-01 12:28:00";19.40;11.90;12.00;0.00;0.00;0.00;0.00;6.51;244.92;6.67;12.29;66.65;6.26;0.00;0.00;2000.00;78.63;
"2019-10-01 12:33:00";19.70;11.90;12.10;0.00;0.00;0.00;0.00;6.85;234.94;6.85;12.30;65.85;6.10;0.00;0.00;2000.00;78.63;
"2019-10-01 12:38:00";19.80;12.00;12.10;0.00;0.00;0.00;0.00;6.77;274.11;8.81;12.35;64.83;5.91;0.00;0.00;2000.00;78.63;
"2019-10-01 12:43:00";19.30;12.00;12.20;0.00;0.00;0.00;0.00;6.02;272.29;6.02;12.33;64.22;5.76;0.00;0.00;2000.00;78.63;
"2019-10-01 12:48:00";19.40;12.10;12.20;0.00;0.00;0.00;0.00;6.50;239.79;10.25;12.31;63.87;5.66;0.00;0.00;2000.00;78.63;
"2019-10-01 12:53:00";20.00;12.10;12.20;0.00;0.00;0.00;0.00;5.46;237.17;6.61;12.71;64.03;6.08;0.00;0.00;2000.00;78.63;
"2019-10-01 12:58:00";21.00;12.20;12.20;0.00;0.00;0.00;0.00;3.03;286.61;3.89;13.07;63.88;6.38;0.00;0.00;2000.00;78.63;
"2019-10-01 13:03:00";21.60;12.20;12.20;0.00;0.00;0.00;0.00;4.92;18.18;4.92;13.07;62.82;6.14;0.00;0.00;2000.00;78.63;
"2019-10-01 13:08:00";21.60;12.20;12.30;0.00;0.00;0.00;0.00;3.21;204.67;6.07;12.96;62.58;5.98;0.00;0.00;2000.00;78.63;
"2019-10-01 13:13:00";21.50;12.20;12.30;0.00;0.00;0.00;0.00;4.38;238.77;7.57;12.92;61.86;5.78;0.00;0.00;2000.00;78.63;
"2019-10-01 13:18:00";21.50;12.30;12.40;0.00;0.00;0.00;0.00;6.58;223.05;11.03;12.92;61.57;5.70;0.00;0.00;2000.00;78.63;
"2019-10-01 13:23:00";20.70;12.40;12.40;0.00;0.00;0.00;0.00;4.00;267.42;5.88;12.71;62.36;5.69;0.00;0.00;2000.00;78.63;
"2019-10-01 13:28:00";20.90;12.40;12.50;0.00;0.00;0.00;0.00;6.25;276.38;10.47;12.80;62.27;5.76;0.00;0.00;2000.00;78.63;
"2019-10-01 13:33:00";21.30;12.50;12.50;0.00;0.00;0.00;0.00;6.26;235.83;7.96;13.07;61.87;5.92;0.00;0.00;2000.00;78.63;
"2019-10-01 13:38:00";21.70;12.50;12.60;0.00;0.00;0.00;0.00;7.32;245.89;10.23;13.28;61.41;6.01;0.00;0.00;2000.00;78.63;
"2019-10-01 13:43:00";21.90;12.60;12.60;0.00;0.00;0.00;0.00;8.46;258.19;9.35;13.05;61.36;5.79;0.00;0.00;2000.00;78.63;
"2019-10-01 13:48:00";21.80;12.70;12.70;0.00;0.00;0.00;0.00;7.09;232.49;7.09;13.05;62.51;6.05;0.00;0.00;2000.00;78.63;
"2019-10-01 13:53:00";22.10;12.70;12.70;0.00;0.00;0.00;0.00;1.25;219.14;6.89;13.04;62.24;5.98;0.00;0.00;2000.00;78.63;
"2019-10-01 13:58:00";22.50;12.80;12.80;0.00;0.00;0.00;0.00;3.67;187.00;6.73;13.29;62.27;6.22;0.00;0.00;2000.00;78.63;
"2019-10-01 14:03:00";23.00;12.90;12.90;0.00;0.00;0.00;0.00;2.88;273.57;8.93;13.27;61.78;6.09;0.00;0.00;2000.00;78.63;
"2019-10-01 14:08:00";23.20;12.90;12.90;0.00;0.00;0.00;0.00;8.41;206.30;10.11;13.45;61.91;6.29;0.00;0.00;2000.00;78.63;
"2019-10-01 14:13:00";23.10;13.00;13.00;0.00;0.00;0.00;0.00;0.00;0.00;4.70;13.32;62.15;6.22;0.00;0.00;2000.00;78.63;
"2019-10-01 14:18:00";23.20;13.10;13.00;0.00;0.00;0.00;0.00;4.79;216.56;6.89;13.39;61.78;6.20;0.00;0.00;2000.00;78.63;
"2019-10-01 14:23:00";23.00;13.20;13.10;0.00;0.00;0.00;0.00;0.00;0.00;4.44;13.15;62.60;6.16;0.00;0.00;2000.00;78.63;
"2019-10-01 14:28:00";22.90;13.20;13.10;0.00;0.00;0.00;0.00;0.00;0.00;5.88;13.07;63.01;6.18;0.00;0.00;2000.00;78.63;
"2019-10-01 14:33:00";22.20;13.30;13.20;0.00;0.00;0.00;0.00;7.07;214.17;11.25;12.96;63.07;6.09;0.00;0.00;2000.00;78.63;
"2019-10-01 14:38:00";22.10;13.30;13.30;0.00;0.00;0.00;0.00;2.38;193.06;5.14;12.99;63.91;6.31;0.00;0.00;2000.00;78.63;
"2019-10-01 14:43:00";22.40;13.40;13.30;0.00;0.00;0.00;0.00;3.30;180.00;7.24;13.04;63.73;6.32;0.00;0.00;2000.00;78.63;
"2019-10-01 14:48:00";22.30;13.40;13.40;0.00;0.00;0.00;0.00;5.71;244.48;9.53;13.08;64.10;6.44;0.00;0.00;2000.00;78.63;
"2019-10-01 14:53:00";22.40;13.50;13.40;0.00;0.00;0.00;0.00;5.69;199.03;5.86;13.20;64.26;6.59;0.00;0.00;2000.00;78.63;
"2019-10-01 14:58:00";22.30;13.50;13.40;0.00;0.00;0.00;0.00;3.57;240.85;5.58;13.12;64.07;6.47;0.00;0.00;2000.00;78.63;
"2019-10-01 15:03:00";22.30;13.60;13.40;0.00;0.00;0.00;0.00;0.00;0.00;7.94;13.19;63.01;6.29;0.00;0.00;2000.00;78.63;
"2019-10-01 15:08:00";22.10;13.60;13.50;0.00;0.00;0.00;0.00;5.08;232.57;9.90;13.16;62.15;6.07;0.00;0.00;2000.00;78.63;
"2019-10-01 15:13:00";22.10;13.70;13.50;0.00;0.00;0.00;0.00;2.00;180.00;5.71;13.30;61.85;6.13;0.00;0.00;2000.00;78.63;
"2019-10-01 15:18:00";22.10;13.80;13.60;0.00;0.00;0.00;0.00;4.12;261.54;6.65;13.43;61.39;6.15;0.00;0.00;2000.00;78.63;
"2019-10-01 15:23:00";22.10;13.80;13.70;0.00;0.00;0.00;0.00;2.58;255.78;5.02;13.40;60.90;6.00;0.00;0.00;2000.00;78.63;
"2019-10-01 15:28:00";21.90;13.90;13.80;0.00;0.00;0.00;0.00;6.52;260.24;9.51;13.38;60.98;6.00;0.00;0.00;2000.00;78.63;
"2019-10-01 15:33:00";21.70;14.00;13.80;0.00;0.00;0.00;0.00;4.13;267.77;6.03;13.38;60.78;5.95;0.00;0.00;2000.00;78.63;
"2019-10-01 15:38:00";21.60;14.00;13.90;0.00;0.00;0.00;0.00;7.09;285.70;7.75;13.42;59.33;5.64;0.00;0.00;2000.00;78.63;
"2019-10-01 15:43:00";21.50;14.10;13.90;0.00;0.00;0.00;0.00;0.00;0.00;8.50;13.59;59.17;5.77;0.00;0.00;2000.00;78.63;
"2019-10-01 15:48:00";21.60;14.10;14.00;0.00;0.00;0.00;0.00;0.00;0.00;3.62;13.89;58.62;5.91;0.00;0.00;2000.00;78.63;
"2019-10-01 15:53:00";21.50;14.20;14.00;0.00;0.00;0.00;0.00;6.33;247.60;6.33;13.80;56.76;5.36;0.00;0.00;2000.00;78.63;
"2019-10-01 15:58:00";20.80;14.20;14.10;0.00;0.00;0.00;0.00;5.88;263.54;7.36;13.67;55.33;4.87;0.00;0.00;2000.00;78.63;
"2019-10-01 16:03:00";20.20;14.30;14.10;0.00;0.00;0.00;0.00;0.00;0.00;0.00;13.59;55.87;4.94;0.00;0.00;2000.00;78.63;
"2019-10-01 16:08:00";19.60;14.30;14.20;0.00;0.00;0.00;0.00;7.66;286.53;7.66;13.36;56.55;4.89;0.00;0.00;2000.00;78.63;
"2019-10-01 16:13:00";19.70;14.40;14.20;0.00;0.00;0.00;0.00;4.28;263.38;7.50;13.31;56.89;4.94;0.00;0.00;2000.00;78.63;
"2019-10-01 16:18:00";19.90;14.40;14.30;0.00;0.00;0.00;0.00;4.68;245.39;6.93;13.51;57.01;5.15;0.00;0.00;2000.00;78.63;
"2019-10-01 16:23:00";19.90;14.50;14.30;0.00;0.00;0.00;0.00;0.00;0.00;3.90;13.43;57.27;5.15;0.00;0.00;2000.00;78.63;
"2019-10-01 16:28:00";19.80;14.50;14.30;0.00;0.00;0.00;0.00;3.18;268.14;8.87;13.40;56.67;4.96;0.00;0.00;2000.00;78.63;
"2019-10-01 16:33:00";19.90;14.50;14.40;0.00;0.00;0.00;0.00;0.00;0.00;4.13;13.40;57.05;5.06;0.00;0.00;2000.00;78.63;
"2019-10-01 16:38:00";19.90;14.60;14.40;0.00;0.00;0.00;0.00;4.46;241.80;6.48;13.40;57.37;5.14;0.00;0.00;2000.00;78.63;
"2019-10-01 16:43:00";19.90;14.60;14.40;0.00;0.00;0.00;0.00;0.00;0.00;11.89;13.41;56.78;5.00;0.00;0.00;2000.00;78.63;
"2019-10-01 16:48:00";19.90;14.70;14.50;0.00;0.00;0.00;0.00;0.00;0.00;4.63;13.54;57.45;5.29;0.00;0.00;2000.00;78.63;
"2019-10-01 16:53:00";19.90;14.70;14.50;0.00;0.00;0.00;0.00;0.00;0.00;4.12;13.56;58.27;5.51;0.00;0.00;2000.00;78.63;
"2019-10-01 16:58:00";20.00;14.70;14.60;0.00;0.00;0.00;0.00;0.00;0.00;4.18;13.88;58.54;5.88;0.00;0.00;2000.00;78.63;
"2019-10-01 17:03:00";19.90;14.70;14.60;0.00;0.00;0.00;0.00;6.35;253.59;7.49;13.68;57.36;5.40;0.00;0.00;2000.00;78.63;
"2019-10-01 17:08:00";19.60;14.80;14.60;0.00;0.00;0.00;0.00;4.79;187.34;4.79;13.51;57.43;5.25;0.00;0.00;2000.00;78.63;
"2019-10-01 17:13:00";19.30;14.80;14.60;0.00;0.00;0.00;0.00;2.60;214.09;4.75;13.46;57.62;5.26;0.00;0.00;2000.00;78.63;
"2019-10-01 17:18:00";19.10;14.80;14.70;0.00;0.00;0.00;0.00;0.00;0.00;4.87;13.43;57.75;5.27;0.00;0.00;2000.00;78.63;
"2019-10-01 17:23:00";18.90;14.90;14.70;0.00;0.00;0.00;0.00;0.00;0.00;5.49;13.51;56.79;5.10;0.00;0.00;2000.00;78.63;
"2019-10-01 17:28:00";18.50;14.90;14.70;0.00;0.00;0.00;0.00;0.00;0.00;4.22;13.54;55.20;4.71;0.00;0.00;2000.00;78.63;
"2019-10-01 17:33:00";18.20;14.90;14.70;0.00;0.00;0.00;0.00;3.79;186.62;6.12;13.44;54.17;4.36;0.00;0.00;2000.00;78.63;
"2019-10-01 17:38:00";17.90;14.90;14.70;0.00;0.00;0.00;0.00;0.00;0.00;0.00;13.31;52.39;3.75;0.00;0.00;2000.00;78.63;
"2019-10-01 17:43:00";17.60;14.90;14.80;0.00;0.00;0.00;0.00;0.00;0.00;5.70;13.19;51.45;3.39;0.00;0.00;2000.00;78.63;
"2019-10-01 17:48:00";17.30;14.90;14.80;0.00;0.00;0.00;0.00;0.00;0.00;3.37;13.35;52.04;3.70;0.00;0.00;2000.00;78.63;
"2019-10-01 17:53:00";17.00;15.00;14.80;0.00;0.00;0.00;0.00;2.92;203.33;8.27;12.95;51.90;3.29;0.00;0.00;2000.00;78.63;
"2019-10-01 17:58:00";16.60;15.00;14.80;0.00;0.00;0.00;0.00;4.41;230.22;7.49;12.63;52.31;3.10;0.00;0.00;2000.00;78.63;
"2019-10-01 18:03:00";16.10;15.00;14.90;0.00;0.00;0.00;0.00;2.39;257.26;6.08;12.47;52.52;3.01;0.00;0.00;2000.00;78.63;
"2019-10-01 18:08:00";15.80;15.00;14.90;0.00;0.00;0.00;0.00;4.29;201.25;4.92;12.21;53.53;3.04;0.00;0.00;2000.00;78.63;
"2019-10-01 18:13:00";15.40;15.00;14.90;0.00;0.00;0.00;0.00;0.00;0.00;0.52;12.02;54.20;3.04;0.00;0.00;2000.00;78.63;
"2019-10-01 18:18:00";15.10;15.00;14.90;0.00;0.00;0.00;0.00;0.00;0.00;4.51;11.94;54.19;2.96;0.00;0.00;2000.00;78.63;
"2019-10-01 18:23:00";14.90;15.00;14.90;0.00;0.00;0.00;0.00;0.00;0.00;4.52;11.74;54.76;2.93;0.00;0.00;2000.00;78.63;
"2019-10-01 18:28:00";14.70;15.00;14.90;0.00;0.00;0.00;0.00;2.80;210.17;3.22;11.65;55.12;2.93;0.00;0.00;2000.00;78.63;
"2019-10-01 18:33:00";14.50;15.00;14.90;0.00;0.00;0.00;0.00;1.50;265.29;3.08;11.56;56.00;3.07;0.00;0.00;2000.00;78.63;
"2019-10-01 18:38:00";14.20;15.00;14.90;0.00;0.00;0.00;0.00;0.00;0.00;2.62;11.33;57.09;3.13;0.00;0.00;2000.00;78.63;
"2019-10-01 18:43:00";14.10;15.00;14.90;0.00;0.00;0.00;0.00;0.00;0.00;0.00;11.21;58.04;3.25;0.00;0.00;2000.00;78.63;
"2019-10-01 18:48:00";13.80;15.00;14.90;0.00;0.00;0.00;0.00;0.00;0.00;0.00;11.11;59.03;3.40;0.00;0.00;2000.00;78.63;
"2019-10-01 18:53:00";13.70;15.00;14.90;0.00;0.00;0.00;0.00;0.00;0.00;0.00;11.00;59.93;3.51;0.00;0.00;2000.00;78.63;
"2019-10-01 18:58:00";13.50;15.00;15.00;0.00;0.00;0.00;0.00;0.00;0.00;0.00;10.92;60.86;3.65;0.00;0.00;2000.00;78.63;
"2019-10-01 19:03:00";13.30;15.00;15.00;0.00;0.00;0.00;0.00;0.00;0.00;0.00;10.88;61.63;3.79;0.00;0.00;2000.00;78.63;
"2019-10-01 19:08:00";13.20;15.00;14.90;0.00;0.00;0.00;0.00;0.00;0.00;0.00;10.82;62.23;3.87;0.00;0.00;2000.00;78.63;
"2019-10-01 19:13:00";13.10;15.00;14.90;0.00;0.00;0.00;0.00;0.00;0.00;0.00;10.72;63.03;3.97;0.00;0.00;2000.00;78.63;
"2019-10-01 19:18:00";13.10;14.90;14.90;0.00;0.00;0.00;0.00;0.00;0.00;0.00;10.76;63.52;4.11;0.00;0.00;2000.00;78.63;
"2019-10-01 19:23:00";13.00;15.00;14.90;0.00;0.00;0.00;0.00;0.00;0.00;0.00;10.77;64.13;4.25;0.00;0.00;2000.00;78.63;
"2019-10-01 19:28:00";13.00;14.90;14.90;0.00;0.00;0.00;0.00;0.00;0.00;0.00;10.64;64.45;4.21;0.00;0.00;2000.00;78.63;
"2019-10-01 19:33:00";12.90;14.90;14.90;0.00;0.00;0.00;0.00;0.00;0.00;0.00;10.52;65.23;4.26;0.00;0.00;2000.00;78.63;
"2019-10-01 19:38:00";12.90;14.90;14.80;0.00;0.00;0.00;0.00;0.00;0.00;0.00;10.47;65.84;4.34;0.00;0.00;2000.00;78.63;
"2019-10-01 19:43:00";12.80;14.90;14.80;0.00;0.00;0.00;0.00;0.00;0.00;0.00;10.45;66.48;4.47;0.00;0.00;2000.00;78.63;
"2019-10-01 19:48:00";12.80;14.80;14.80;0.00;0.00;0.00;0.00;0.00;0.00;0.00;10.41;66.89;4.52;0.00;0.00;2000.00;78.63;
"2019-10-01 19:53:00";12.80;14.80;14.80;0.00;0.00;0.00;0.00;0.00;0.00;0.00;10.23;67.52;4.48;0.00;0.00;2000.00;78.63;
"2019-10-01 19:58:00";12.70;14.80;14.80;0.00;0.00;0.00;0.00;0.00;0.00;0.00;10.12;68.28;4.53;0.00;0.00;2000.00;78.63;
"2019-10-01 20:03:00";12.70;14.80;14.80;0.00;0.00;0.00;0.00;0.00;0.00;0.00;10.03;68.96;4.59;0.00;0.00;2000.00;78.63;
"2019-10-01 20:08:00";12.70;14.70;14.70;0.00;0.00;0.00;0.00;0.00;0.00;0.00;10.09;69.69;4.80;0.00;0.00;2000.00;78.63;
"2019-10-01 20:13:00";12.70;14.70;14.80;0.00;0.00;0.00;0.00;0.00;0.00;0.00;10.08;70.34;4.93;0.00;0.00;2000.00;78.63;
"2019-10-01 20:18:00";12.70;14.70;14.70;0.00;0.00;0.00;0.00;0.00;0.00;0.00;10.13;71.01;5.11;0.00;0.00;2000.00;78.63;
"2019-10-01 20:23:00";12.70;14.70;14.70;0.00;0.00;0.00;0.00;1.24;191.10;3.34;10.18;71.76;5.30;0.00;0.00;2000.00;78.63;
"2019-10-01 20:28:00";12.70;14.60;14.70;0.00;0.00;0.00;0.00;0.00;0.00;0.00;10.40;72.31;5.63;0.00;0.00;2000.00;78.63;
"2019-10-01 20:33:00";12.60;14.60;14.60;0.00;0.00;0.00;0.00;0.00;0.00;0.00;10.46;72.70;5.76;0.00;0.00;2000.00;78.63;
"2019-10-01 20:38:00";12.50;14.60;14.60;0.00;0.00;0.00;0.00;0.00;0.00;0.00;10.49;73.28;5.91;0.00;0.00;2000.00;78.63;
"2019-10-01 20:43:00";12.50;14.50;14.60;0.00;0.00;0.00;0.00;0.00;0.00;0.00;10.49;73.87;6.03;0.00;0.00;2000.00;78.63;
"2019-10-01 20:48:00";12.50;14.50;14.60;0.00;0.00;0.00;0.00;0.00;0.00;0.00;10.47;74.75;6.18;0.00;0.00;2000.00;78.63;
"2019-10-01 20:53:00";12.50;14.50;14.60;0.00;0.00;0.00;0.00;0.00;0.00;0.00;10.46;75.75;6.36;0.00;0.00;2000.00;78.63;
"2019-10-01 20:58:00";12.40;14.50;14.60;0.00;0.00;0.00;0.00;0.00;0.00;0.00;10.42;76.63;6.49;0.00;0.00;2000.00;78.63;
"2019-10-01 21:03:00";12.40;14.50;14.50;0.00;0.00;0.00;0.00;0.00;0.00;0.00;10.42;77.37;6.63;0.00;0.00;2000.00;78.63;
"2019-10-01 21:08:00";12.40;14.40;14.50;0.00;0.00;0.00;0.00;1.39;205.83;3.00;10.43;77.97;6.75;0.00;0.00;2000.00;78.63;
"2019-10-01 21:13:00";12.40;14.40;14.50;0.00;0.00;0.00;0.00;2.69;237.60;5.78;10.43;78.51;6.85;0.00;0.00;2000.00;78.63;
"2019-10-01 21:18:00";12.40;14.40;14.50;0.00;0.00;0.00;0.00;0.00;0.00;0.72;10.46;78.84;6.94;0.00;0.00;2000.00;78.63;
"2019-10-01 21:23:00";12.30;14.30;14.40;0.00;0.00;0.00;0.00;0.00;0.00;0.00;10.43;79.10;6.96;0.00;0.00;2000.00;78.63;
"2019-10-01 21:28:00";12.30;14.30;14.40;0.00;0.00;0.00;0.00;1.48;184.63;3.34;10.42;79.26;6.98;0.00;0.00;2000.00;78.63;
"2019-10-01 21:33:00";12.20;14.30;14.40;0.00;0.00;0.00;0.00;4.51;248.45;5.31;10.37;79.43;6.97;0.00;0.00;2000.00;78.63;
"2019-10-01 21:38:00";12.20;14.30;14.40;0.00;0.00;0.00;0.00;1.92;180.00;2.78;10.32;79.40;6.90;0.00;0.00;2000.00;78.63;
"2019-10-01 21:43:00";12.20;14.30;14.40;0.00;0.00;0.00;0.00;0.00;0.00;0.00;10.31;79.42;6.91;0.00;0.00;2000.00;78.63;
"2019-10-01 21:48:00";12.20;14.30;14.40;0.00;0.00;0.00;0.00;0.00;0.00;0.00;10.23;79.47;6.84;0.00;0.00;2000.00;78.63;
"2019-10-01 21:53:00";12.20;14.20;14.30;0.00;0.00;0.00;0.00;0.00;0.00;4.94;10.23;79.57;6.85;0.00;0.00;2000.00;78.63;
"2019-10-01 21:58:00";12.10;14.20;14.30;0.00;0.00;0.00;0.00;0.00;0.00;0.00;10.26;79.51;6.87;0.00;0.00;2000.00;78.63;
"2019-10-01 22:03:00";12.10;14.20;14.30;0.00;0.00;0.00;0.00;0.00;0.00;0.00;10.19;79.40;6.78;0.00;0.00;2000.00;78.63;
"2019-10-01 22:08:00";12.10;14.10;14.20;0.00;0.00;0.00;0.00;0.00;0.00;0.00;10.12;79.41;6.71;0.00;0.00;2000.00;78.63;
"2019-10-01 22:13:00";12.10;14.10;14.20;0.00;0.00;0.00;0.00;0.00;0.00;0.00;10.05;79.46;6.66;0.00;0.00;2000.00;78.63;
"2019-10-01 22:18:00";12.10;14.10;14.20;0.00;0.00;0.00;0.00;0.00;0.00;0.00;9.99;79.58;6.62;0.00;0.00;2000.00;78.63;
"2019-10-01 22:23:00";12.10;14.10;14.20;0.00;0.00;0.00;0.00;0.00;0.00;0.00;9.90;79.77;6.57;0.00;0.00;2000.00;78.63;
"2019-10-01 22:28:00";12.10;14.10;14.20;0.00;0.00;0.00;0.00;0.00;0.00;0.00;9.86;80.01;6.57;0.00;0.00;2000.00;78.63;
"2019-10-01 22:33:00";12.00;14.00;14.20;0.00;0.00;0.00;0.00;0.00;0.00;0.00;9.82;80.19;6.57;0.00;0.00;2000.00;78.63;
"2019-10-01 22:38:00";12.00;14.00;14.10;0.00;0.00;0.00;0.00;0.00;0.00;0.00;9.78;80.51;6.59;0.00;0.00;2000.00;78.63;
"2019-10-01 22:43:00";11.90;14.00;14.10;0.00;0.00;0.00;0.00;0.00;0.00;0.00;9.75;80.78;6.60;0.00;0.00;2000.00;78.63;
"2019-10-01 22:48:00";11.80;14.00;14.10;0.00;0.00;0.00;0.00;0.00;0.00;0.00;9.75;81.07;6.66;0.00;0.00;2000.00;78.63;
"2019-10-01 22:53:00";11.70;14.00;14.10;0.00;0.00;0.00;0.00;0.00;0.00;0.00;9.71;81.37;6.67;0.00;0.00;2000.00;78.63;
"2019-10-01 22:58:00";11.70;14.00;14.10;0.00;0.00;0.00;0.00;0.00;0.00;0.00;9.67;81.68;6.69;0.00;0.00;2000.00;78.63;
"2019-10-01 23:03:00";11.70;13.90;14.10;0.00;0.00;0.00;0.00;0.00;0.00;0.00;9.67;82.13;6.77;0.00;0.00;2000.00;78.63;
"2019-10-01 23:08:00";11.70;13.90;14.00;0.00;0.00;0.00;0.00;0.00;0.00;0.00;9.64;82.49;6.81;0.00;0.00;2000.00;78.63;
"2019-10-01 23:13:00";11.60;13.90;14.00;0.00;21.00;0.00;0.00;0.00;0.00;0.00;9.59;82.91;6.83;0.01;0.00;2000.00;78.64;
"2019-10-01 23:18:00";11.50;13.90;14.00;0.00;16.00;0.00;0.00;0.00;0.00;0.00;9.54;83.28;6.84;0.01;0.00;2000.00;78.65;
"2019-10-01 23:23:00";11.30;13.80;14.00;0.00;19.00;0.00;0.00;0.00;0.00;0.00;9.46;83.72;6.84;0.00;0.00;2000.00;78.65;
"2019-10-01 23:28:00";11.20;13.80;14.00;0.00;0.00;0.00;0.00;0.00;0.00;0.00;9.40;84.14;6.86;0.00;0.00;2000.00;78.65;
"2019-10-01 23:33:00";11.30;13.80;13.90;0.00;0.00;0.00;0.00;0.00;0.00;0.00;9.34;84.57;6.87;0.00;0.00;2000.00;78.65;
"2019-10-01 23:38:00";11.20;13.80;13.90;0.00;33.00;0.00;1.00;0.00;0.00;0.00;9.27;85.05;6.88;0.03;60.00;2000.00;78.68;
"2019-10-01 23:43:00";11.20;13.80;13.90;0.00;72.00;0.00;1.00;0.00;0.00;0.00;9.21;85.43;6.89;0.03;60.00;2000.00;78.71;
"2019-10-01 23:48:00";11.20;13.70;13.90;0.00;66.00;0.00;1.00;0.00;0.00;0.00;9.19;85.85;6.94;0.03;60.00;2000.00;78.74;
"2019-10-01 23:53:00";11.10;13.70;13.90;0.00;137.00;0.00;1.00;0.00;0.00;0.00;9.13;86.29;6.96;0.05;60.00;2000.00;78.79;
"2019-10-01 23:58:00";11.10;13.70;13.90;0.00;101.00;0.00;1.00;0.00;0.00;0.00;9.13;86.70;7.03;0.00;0.00;2000.00;78.79;
"2019-10-02 00:03:00";11.10;13.70;13.80;0.00;90.00;0.00;1.00;0.00;0.00;0.00;9.07;87.06;7.03;0.00;0.00;2000.00;78.79;
"2019-10-02 00:08:00";11.10;13.70;13.80;0.00;123.00;0.00;1.00;0.00;0.00;0.00;9.07;87.46;7.09;0.02;60.00;2000.00;78.81;
"2019-10-02 00:13:00";11.00;13.60;13.80;0.00;117.00;0.00;1.00;0.00;0.00;0.00;9.13;87.93;7.23;0.03;60.00;2000.00;78.84;
"2019-10-02 00:18:00";11.00;13.60;13.80;0.00;131.00;0.00;1.00;0.00;0.00;0.00;9.15;88.25;7.30;0.02;60.00;2000.00;78.86;
"2019-10-02 00:23:00";11.00;13.60;13.80;0.00;131.00;0.00;1.00;0.00;0.00;0.00;9.17;88.50;7.37;0.03;60.00;2000.00;78.89;
"2019-10-02 00:28:00";11.00;13.60;13.70;0.00;140.00;0.00;1.00;0.00;0.00;0.00;9.14;88.91;7.40;0.05;60.00;2000.00;78.94;
"2019-10-02 00:33:00";11.00;13.60;13.70;0.00;145.00;0.00;1.00;0.00;0.00;0.00;9.14;89.31;7.47;0.04;60.00;2000.00;78.98;
"2019-10-02 00:38:00";11.00;13.50;13.70;0.00;172.00;0.00;1.00;0.00;0.00;0.00;9.16;89.54;7.53;0.04;60.00;2000.00;79.02;
"2019-10-02 00:43:00";11.10;13.50;13.70;0.00;151.00;0.00;1.00;0.00;0.00;0.00;9.18;89.88;7.61;0.02;60.00;2000.00;79.04;
"2019-10-02 00:48:00";11.00;13.50;13.70;0.00;151.00;0.00;1.00;0.00;0.00;0.00;9.16;90.25;7.65;0.01;60.00;2000.00;79.05;
"2019-10-02 00:53:00";11.00;13.50;13.70;0.00;134.00;0.00;1.00;0.00;0.00;0.00;9.19;90.51;7.72;0.00;0.00;2000.00;79.05;
"2019-10-02 00:58:00";11.00;13.50;13.60;0.00;134.00;0.00;1.00;0.00;0.00;0.00;9.20;90.82;7.78;0.00;0.00;2000.00;79.05;
"2019-10-02 01:03:00";11.00;13.50;13.60;0.00;142.00;0.00;1.00;0.00;0.00;0.00;9.24;91.18;7.88;0.02;60.00;2000.00;79.07;
"2019-10-02 01:08:00";11.00;13.40;13.60;0.00;181.00;0.00;1.00;0.00;0.00;0.00;9.27;91.42;7.94;0.02;60.00;2000.00;79.09;
"2019-10-02 01:13:00";11.00;13.40;13.60;0.00;181.00;0.00;1.00;0.00;0.00;0.00;9.35;91.72;8.07;0.03;60.00;2000.00;79.12;
"2019-10-02 01:18:00";11.00;13.40;13.60;0.00;163.00;0.00;1.00;0.00;0.00;0.00;9.39;92.02;8.16;0.01;60.00;2000.00;79.13;
"2019-10-02 01:23:00";11.00;13.40;13.60;0.00;131.00;0.00;1.00;0.00;0.00;0.00;9.40;92.26;8.21;0.00;0.00;2000.00;79.13;
"2019-10-02 01:28:00";11.00;13.40;13.50;0.00;202.00;0.00;1.00;0.00;0.00;0.00;9.44;92.51;8.29;0.02;60.00;2000.00;79.15;
"2019-10-02 01:33:00";11.00;13.40;13.50;0.00;178.00;0.00;1.00;0.00;0.00;0.00;9.48;92.74;8.36;0.05;0.00;2000.00;79.20;
"2019-10-02 01:38:00";11.10;13.40;13.50;0.00;131.00;0.00;1.00;0.00;0.00;0.00;9.45;92.91;8.36;0.01;0.00;2000.00;79.21;
"2019-10-02 01:43:00";11.10;13.40;13.50;0.00;215.00;0.00;1.00;0.00;0.00;0.00;9.48;93.20;8.44;0.00;0.00;2000.00;79.21;
"2019-10-02 01:48:00";11.10;13.40;13.50;0.00;128.00;0.00;1.00;0.00;0.00;0.00;9.49;93.31;8.46;0.00;0.00;2000.00;79.21;
"2019-10-02 01:53:00";11.10;13.40;13.50;0.00;157.00;0.00;1.00;0.00;0.00;0.00;9.47;93.55;8.48;0.00;0.00;2000.00;79.21;
"2019-10-02 01:58:00";11.20;13.40;13.40;0.00;120.00;0.00;1.00;0.00;0.00;0.00;9.46;93.70;8.50;0.00;0.00;2000.00;79.21;
"2019-10-02 02:03:00";11.20;13.30;13.40;0.00;98.00;0.00;1.00;0.00;0.00;0.00;9.46;93.78;8.51;0.00;0.00;2000.00;79.21;
"2019-10-02 02:08:00";11.20;13.30;13.40;0.00;151.00;0.00;1.00;0.00;0.00;0.00;9.48;94.02;8.56;0.00;0.00;2000.00;79.21;
"2019-10-02 02:13:00";11.20;13.30;13.40;0.00;137.00;0.00;1.00;0.00;0.00;0.00;9.48;94.11;8.58;0.00;0.00;2000.00;79.21;
"2019-10-02 02:18:00";11.20;13.30;13.40;0.00;103.00;0.00;1.00;0.00;0.00;0.00;9.47;94.25;8.59;0.00;0.00;2000.00;79.21;
"2019-10-02 02:23:00";11.10;13.30;13.40;0.00;82.00;0.00;1.00;0.00;0.00;0.00;9.41;94.42;8.56;0.00;0.00;2000.00;79.21;
"2019-10-02 02:28:00";11.10;13.30;13.40;0.00;79.00;0.00;1.00;0.00;0.00;0.00;9.36;94.56;8.53;0.00;0.00;2000.00;79.21;
"2019-10-02 02:33:00";11.10;13.30;13.40;0.00;74.00;0.00;1.00;0.00;0.00;0.00;9.36;94.68;8.55;0.00;0.00;2000.00;79.21;
"2019-10-02 02:38:00";11.10;13.20;13.40;0.00;66.00;0.00;1.00;0.00;0.00;0.00;9.36;94.80;8.56;0.00;0.00;2000.00;79.21;
"2019-10-02 02:43:00";11.10;13.20;13.40;0.00;109.00;0.00;1.00;0.00;0.00;0.00;9.33;94.94;8.56;0.00;0.00;2000.00;79.21;
"2019-10-02 02:48:00";11.10;13.20;13.40;0.00;79.00;0.00;1.00;0.00;0.00;0.00;9.36;95.14;8.62;0.00;0.00;2000.00;79.21;
"2019-10-02 02:53:00";11.10;13.20;13.40;0.00;64.00;0.00;1.00;0.00;0.00;0.00;9.37;95.13;8.63;0.00;0.00;2000.00;79.21;
"2019-10-02 02:58:00";11.10;13.20;13.40;0.00;56.00;0.00;1.00;0.00;0.00;0.00;9.32;95.31;8.61;0.00;0.00;2000.00;79.21;
"2019-10-02 03:03:00";11.10;13.20;13.40;0.00;51.00;0.00;1.00;0.00;0.00;0.00;9.30;95.44;8.61;0.00;0.00;2000.00;79.21;
"2019-10-02 03:08:00";11.00;13.20;13.40;0.00;46.00;0.00;1.00;0.00;0.00;0.00;9.29;95.57;8.62;0.00;0.00;2000.00;79.21;
"2019-10-02 03:13:00";11.10;13.10;13.30;0.00;41.00;0.00;1.00;0.00;0.00;0.00;9.31;95.68;8.65;0.00;0.00;2000.00;79.21;
"2019-10-02 03:18:00";11.00;13.10;13.30;0.00;43.00;0.00;1.00;0.00;0.00;0.00;9.33;95.74;8.69;0.00;0.00;2000.00;79.21;
"2019-10-02 03:23:00";11.00;13.10;13.30;0.00;46.00;0.00;1.00;0.00;0.00;0.00;9.30;95.92;8.69;0.00;0.00;2000.00;79.21;
"2019-10-02 03:28:00";11.00;13.10;13.30;0.00;51.00;0.00;1.00;0.00;0.00;0.00;9.34;96.07;8.75;0.00;0.00;2000.00;79.21;
"2019-10-02 03:33:00";10.90;13.10;13.30;0.00;48.00;0.00;1.00;0.00;0.00;0.00;9.39;96.15;8.80;0.00;0.00;2000.00;79.21;
"2019-10-02 03:38:00";10.90;13.10;13.30;0.00;41.00;0.00;1.00;0.00;0.00;0.00;9.48;96.19;8.90;0.00;0.00;2000.00;79.21;
"2019-10-02 03:43:00";10.90;13.10;13.30;0.00;56.00;0.00;1.00;0.00;0.00;0.00;9.47;96.20;8.90;0.00;0.00;2000.00;79.21;
"2019-10-02 03:48:00";10.90;13.10;13.30;0.00;140.00;0.00;1.00;0.00;0.00;0.00;9.51;96.29;8.95;0.00;0.00;2000.00;79.21;
"2019-10-02 03:53:00";10.90;13.00;13.20;0.00;101.00;0.00;1.00;0.00;0.00;0.00;9.45;96.33;8.90;0.00;0.00;2000.00;79.21;
"2019-10-02 03:58:00";10.90;13.00;13.20;0.00;85.00;0.00;1.00;0.00;0.00;0.00;9.46;96.40;8.92;0.00;0.00;2000.00;79.21;
"2019-10-02 04:03:00";10.90;13.00;13.20;0.00;77.00;0.00;1.00;0.00;0.00;0.00;9.46;96.53;8.94;0.00;0.00;2000.00;79.21;
"2019-10-02 04:08:00";10.90;13.00;13.20;0.00;69.00;0.00;1.00;0.00;0.00;0.00;9.45;96.56;8.93;0.00;0.00;2000.00;79.21;
"2019-10-02 04:13:00";10.80;13.00;13.20;0.00;61.00;0.00;1.00;0.00;0.00;0.00;9.48;96.65;8.97;0.00;0.00;2000.00;79.21;
"2019-10-02 04:18:00";10.80;13.00;13.20;0.00;59.00;0.00;1.00;0.00;0.00;0.00;9.50;96.75;9.01;0.00;0.00;2000.00;79.21;
"2019-10-02 04:23:00";10.80;13.00;13.20;0.00;54.00;0.00;1.00;0.00;0.00;0.00;9.50;96.75;9.01;0.00;0.00;2000.00;79.21;
"2019-10-02 04:28:00";10.80;13.00;13.20;0.00;48.00;0.00;1.00;0.00;0.00;0.00;9.48;96.83;9.00;0.00;0.00;2000.00;79.21;
"2019-10-02 04:33:00";10.80;13.00;13.20;0.00;48.00;0.00;1.00;0.00;0.00;0.00;9.51;96.89;9.04;0.00;0.00;2000.00;79.21;
"2019-10-02 04:38:00";10.80;12.90;13.10;0.00;46.00;0.00;1.00;0.00;0.00;0.00;9.55;96.92;9.09;0.00;0.00;2000.00;79.21;
"2019-10-02 04:43:00";10.80;12.90;13.10;0.00;48.00;0.00;1.00;0.00;0.00;0.00;9.55;96.97;9.09;0.00;0.00;2000.00;79.21;
"2019-10-02 04:48:00";10.70;12.90;13.10;0.00;51.00;0.00;1.00;0.00;0.00;0.00;9.52;96.96;9.06;0.00;0.00;2000.00;79.21;
"2019-10-02 04:53:00";10.70;12.90;13.10;0.00;66.00;0.00;1.00;0.00;0.00;0.00;9.53;97.03;9.09;0.00;0.00;2000.00;79.21;
"2019-10-02 04:58:00";10.70;12.90;13.10;0.00;56.00;0.00;1.00;0.00;0.00;0.00;9.50;97.07;9.05;0.00;0.00;2000.00;79.21;
"2019-10-02 05:03:00";10.70;12.90;13.10;0.00;90.00;0.00;1.00;0.00;0.00;0.00;9.48;97.14;9.05;0.00;0.00;2000.00;79.21;
"2019-10-02 05:08:00";10.60;12.90;13.10;0.00;48.00;0.00;1.00;0.00;0.00;0.00;9.48;97.23;9.06;0.00;0.00;2000.00;79.21;
"2019-10-02 05:13:00";10.50;12.90;13.10;0.00;77.00;0.00;1.00;0.00;0.00;0.00;9.49;97.21;9.07;0.00;0.00;2000.00;79.21;
"2019-10-02 05:18:00";10.30;12.80;13.10;0.00;59.00;0.00;1.00;0.00;0.00;0.00;9.47;97.13;9.04;0.00;0.00;2000.00;79.21;
"2019-10-02 05:23:00";10.00;12.80;13.00;0.00;103.00;0.00;1.00;0.00;0.00;0.00;9.46;97.21;9.04;0.00;0.00;2000.00;79.21;
"2019-10-02 05:28:00";9.70;12.80;13.00;0.00;93.00;0.00;1.00;0.00;0.00;0.00;9.37;97.13;8.94;0.00;0.00;2000.00;79.21;
"2019-10-02 05:33:00";9.50;12.80;13.00;0.00;79.00;0.00;1.00;0.00;0.00;0.00;9.38;97.11;8.94;0.00;0.00;2000.00;79.21;
"2019-10-02 05:38:00";9.40;12.80;13.00;0.00;66.00;0.00;1.00;0.00;0.00;0.00;9.31;97.34;8.91;0.00;0.00;2000.00;79.21;
"2019-10-02 05:43:00";9.20;12.80;13.00;0.00;90.00;0.00;1.00;0.00;0.00;0.00;9.27;97.26;8.86;0.00;0.00;2000.00;79.21;
"2019-10-02 05:48:00";9.00;12.80;13.00;0.00;72.00;0.00;1.00;0.00;0.00;0.00;9.22;97.22;8.80;0.00;0.00;2000.00;79.21;
"2019-10-02 05:53:00";9.00;12.80;13.00;0.00;98.00;0.00;1.00;0.00;0.00;0.00;9.20;97.42;8.81;0.00;0.00;2000.00;79.21;
"2019-10-02 05:58:00";8.80;12.70;13.00;0.00;79.00;0.00;1.00;0.00;0.00;0.00;9.14;97.32;8.74;0.00;0.00;2000.00;79.21;
"2019-10-02 06:03:00";8.70;12.70;12.90;0.00;87.00;0.00;1.00;0.00;0.00;0.00;9.10;97.40;8.71;0.00;0.00;2000.00;79.21;
"2019-10-02 06:08:00";8.70;12.70;12.90;0.00;85.00;0.00;1.00;0.00;0.00;0.00;9.13;97.68;8.78;0.00;0.00;2000.00;79.21;
"2019-10-02 06:13:00";8.60;12.70;12.90;0.00;79.00;0.00;1.00;0.00;0.00;0.00;9.10;97.46;8.72;0.00;0.00;2000.00;79.21;
"2019-10-02 06:18:00";8.60;12.70;12.90;0.00;109.00;0.00;1.00;0.00;0.00;0.00;9.04;97.35;8.64;0.00;0.00;2000.00;79.21;
"2019-10-02 06:23:00";8.60;12.70;12.90;0.00;106.00;0.00;1.00;0.00;0.00;0.00;8.97;97.45;8.59;0.00;0.00;2000.00;79.21;
"2019-10-02 06:28:00";8.50;12.60;12.90;0.00;93.00;0.00;1.00;0.00;0.00;0.00;8.84;97.38;8.44;0.00;0.00;2000.00;79.21;
"2019-10-02 06:33:00";8.50;12.60;12.80;0.00;72.00;0.00;1.00;0.00;0.00;0.00;8.83;97.40;8.44;0.00;0.00;2000.00;79.21;
"2019-10-02 06:38:00";8.50;12.60;12.80;0.00;74.00;0.00;1.00;0.00;0.00;0.00;8.84;97.53;8.47;0.00;0.00;2000.00;79.21;
"2019-10-02 06:43:00";8.50;12.60;12.80;0.00;112.00;0.00;1.00;0.00;0.00;0.00;8.75;97.55;8.38;0.00;0.00;2000.00;79.21;
"2019-10-02 06:48:00";8.50;12.60;12.80;0.00;82.00;0.00;1.00;0.00;0.00;0.00;8.78;97.47;8.40;0.00;0.00;2000.00;79.21;
"2019-10-02 06:53:00";8.40;12.50;12.80;0.00;90.00;0.00;1.00;0.00;0.00;0.00;8.69;97.54;8.32;0.00;0.00;2000.00;79.21;
"2019-10-02 06:58:00";8.30;12.50;12.80;0.00;56.00;0.00;1.00;0.00;0.00;0.00;8.65;97.39;8.26;0.00;0.00;2000.00;79.21;
"2019-10-02 07:03:00";8.30;12.50;12.70;0.00;48.00;0.00;1.00;0.00;0.00;0.00;8.73;97.48;8.35;0.00;0.00;2000.00;79.21;
"2019-10-02 07:08:00";8.20;12.50;12.70;0.00;72.00;0.00;1.00;0.00;0.00;0.00;8.72;97.47;8.34;0.00;0.00;2000.00;79.21;
"2019-10-02 07:13:00";8.20;12.40;12.70;0.00;87.00;0.00;1.00;0.00;0.00;0.00;8.80;97.36;8.41;0.00;0.00;2000.00;79.21;
"2019-10-02 07:18:00";8.20;12.40;12.70;0.00;74.00;0.00;1.00;0.00;0.00;0.00;8.70;97.21;8.28;0.00;0.00;2000.00;79.21;
"2019-10-02 07:23:00";8.20;12.40;12.70;0.00;66.00;0.00;1.00;0.00;0.00;0.00;8.69;97.10;8.26;0.00;0.00;2000.00;79.21;
"2019-10-02 07:28:00";8.20;12.40;12.60;0.00;64.00;0.00;1.00;0.00;0.00;0.00;8.70;97.31;8.29;0.00;0.00;2000.00;79.21;
"2019-10-02 07:33:00";8.20;12.30;12.60;0.00;54.00;0.00;1.00;0.00;0.00;0.00;8.52;97.35;8.12;0.00;0.00;2000.00;79.21;
"2019-10-02 07:38:00";8.20;12.30;12.60;0.00;72.00;0.00;1.00;0.00;0.00;2.26;8.49;97.32;8.09;0.00;0.00;2000.00;79.21;
"2019-10-02 07:43:00";8.20;12.30;12.60;0.00;56.00;0.00;1.00;0.00;0.00;0.00;8.42;97.55;8.06;0.00;0.00;2000.00;79.21;
"2019-10-02 07:48:00";8.20;12.30;12.50;0.00;51.00;0.00;1.00;0.00;0.00;0.00;8.52;97.24;8.10;0.00;0.00;2000.00;79.21;
"2019-10-02 07:53:00";8.20;12.30;12.50;0.00;56.00;0.00;1.00;0.00;0.00;0.74;8.50;97.34;8.10;0.00;0.00;2000.00;79.21;
"2019-10-02 07:58:00";8.20;12.20;12.50;0.00;46.00;0.00;1.00;0.00;0.00;0.00;8.45;97.20;8.03;0.00;0.00;2000.00;79.21;
"2019-10-02 08:03:00";8.30;12.20;12.50;0.00;41.00;0.00;1.00;0.00;0.00;0.00;8.40;97.18;7.98;0.00;0.00;2000.00;79.21;
"2019-10-02 08:08:00";8.30;12.20;12.50;0.00;46.00;0.00;1.00;0.00;0.00;0.00;8.43;96.97;7.97;0.00;0.00;2000.00;79.21;
"2019-10-02 08:13:00";8.30;12.20;12.40;0.00;38.00;0.00;1.00;0.00;0.00;0.00;8.41;97.12;7.98;0.00;0.00;2000.00;79.21;
"2019-10-02 08:18:00";8.30;12.20;12.40;0.00;56.00;0.00;1.00;0.00;0.00;0.00;8.35;97.07;7.91;0.00;0.00;2000.00;79.21;
"2019-10-02 08:23:00";8.40;12.20;12.40;0.00;54.00;0.00;1.00;0.00;0.00;0.00;8.42;97.05;7.97;0.00;0.00;2000.00;79.21;
"2019-10-02 08:28:00";8.40;12.20;12.40;0.00;51.00;0.00;1.00;0.00;0.00;0.00;8.47;96.90;8.01;0.00;0.00;2000.00;79.21;
"2019-10-02 08:33:00";8.40;12.20;12.30;0.00;46.00;0.00;1.00;1.02;227.43;4.16;8.52;96.88;8.06;0.00;0.00;2000.00;79.21;
"2019-10-02 08:38:00";8.50;12.10;12.30;0.00;43.00;0.00;1.00;0.00;0.00;0.00;8.51;96.78;8.03;0.00;0.00;2000.00;79.21;
"2019-10-02 08:43:00";8.50;12.10;12.30;0.00;38.00;0.00;1.00;0.00;0.00;0.00;8.49;96.68;7.99;0.00;0.00;2000.00;79.21;
"2019-10-02 08:48:00";8.50;12.10;12.30;0.00;43.00;0.00;1.00;0.00;0.00;0.00;8.52;96.68;8.02;0.00;0.00;2000.00;79.21;
"2019-10-02 08:53:00";8.50;12.10;12.30;0.00;38.00;0.00;1.00;0.00;0.00;0.00;8.59;96.76;8.10;0.00;0.00;2000.00;79.21;
"2019-10-02 08:58:00";8.60;12.10;12.20;0.00;33.00;0.00;1.00;0.00;0.00;0.00;8.68;96.43;8.14;0.00;0.00;2000.00;79.21;
"2019-10-02 09:03:00";8.60;12.00;12.20;0.00;19.00;0.00;0.00;0.00;0.00;0.00;8.77;96.84;8.30;0.00;0.00;2000.00;79.21;
"2019-10-02 09:08:00";8.70;12.00;12.20;0.00;24.00;0.00;0.00;0.00;0.00;0.00;8.81;96.48;8.28;0.00;0.00;2000.00;79.21;
"2019-10-02 09:13:00";8.70;12.00;12.20;0.00;21.00;0.00;0.00;0.00;0.00;0.00;8.82;96.26;8.26;0.00;0.00;2000.00;79.21;
"2019-10-02 09:18:00";8.80;12.00;12.20;0.00;21.00;0.00;0.00;0.00;0.00;0.00;8.89;96.09;8.30;0.00;0.00;2000.00;79.21;
"2019-10-02 09:23:00";9.00;12.00;12.20;0.00;19.00;0.00;0.00;0.00;0.00;0.00;8.97;95.88;8.35;0.00;0.00;2000.00;79.21;
"2019-10-02 09:28:00";9.00;11.90;12.20;0.00;14.00;0.00;0.00;0.00;0.00;0.00;9.01;95.82;8.38;0.00;0.00;2000.00;79.21;
"2019-10-02 09:33:00";9.10;11.90;12.20;0.00;11.00;0.00;0.00;0.00;0.00;0.00;8.97;95.62;8.31;0.00;0.00;2000.00;79.21;
"2019-10-02 09:38:00";9.30;11.90;12.20;0.00;0.00;0.00;0.00;0.00;0.00;0.00;9.02;95.54;8.34;0.00;0.00;2000.00;79.21;
"2019-10-02 09:43:00";9.50;11.90;12.20;0.00;0.00;0.00;0.00;0.00;0.00;0.00;9.05;95.35;8.34;0.00;0.00;2000.00;79.21;
"2019-10-02 09:48:00";9.60;11.90;12.20;0.00;0.00;0.00;0.00;1.41;215.03;4.11;9.15;95.32;8.44;0.00;0.00;2000.00;79.21;
"2019-10-02 09:53:00";9.90;11.90;12.20;0.00;0.00;0.00;0.00;0.00;0.00;2.49;9.35;95.06;8.60;0.00;0.00;2000.00;79.21;
"2019-10-02 09:58:00";10.00;11.80;12.10;0.00;0.00;0.00;0.00;0.00;0.00;0.00;9.52;95.12;8.78;0.00;0.00;2000.00;79.21;
"2019-10-02 10:03:00";10.50;11.80;12.10;0.00;0.00;0.00;0.00;0.00;0.00;1.29;9.76;94.42;8.90;0.00;0.00;2000.00;79.21;
"2019-10-02 10:08:00";10.70;11.80;12.10;0.00;0.00;0.00;0.00;0.00;0.00;0.00;9.88;94.16;8.99;0.00;0.00;2000.00;79.21;
"2019-10-02 10:13:00";11.40;11.80;12.10;0.00;0.00;0.00;0.00;0.00;0.00;0.00;9.98;93.83;9.03;0.00;0.00;2000.00;79.21;
"2019-10-02 10:18:00";12.00;11.80;12.10;0.00;0.00;0.00;0.00;0.00;0.00;2.31;10.20;93.69;9.23;0.00;0.00;2000.00;79.21;
"2019-10-02 10:23:00";12.20;11.80;12.10;0.00;0.00;0.00;0.00;0.91;236.54;5.03;10.34;92.67;9.21;0.00;0.00;2000.00;79.21;
"2019-10-02 10:28:00";12.00;11.80;12.10;0.00;0.00;0.00;0.00;0.00;0.00;1.77;10.47;92.63;9.33;0.00;0.00;2000.00;79.21;
"2019-10-02 10:33:00";11.80;11.80;12.10;0.00;0.00;0.00;0.00;3.94;287.49;5.30;10.59;91.93;9.33;0.00;0.00;2000.00;79.21;
"2019-10-02 10:38:00";12.10;11.80;12.10;0.00;0.00;0.00;0.00;0.00;0.00;4.50;10.84;91.48;9.51;0.00;0.00;2000.00;79.21;
"2019-10-02 10:43:00";12.80;11.70;12.00;0.00;0.00;0.00;0.00;0.00;0.00;0.00;10.98;90.81;9.54;0.00;0.00;2000.00;79.21;
"2019-10-02 10:48:00";13.70;11.70;12.00;0.00;0.00;0.00;0.00;0.00;0.00;0.00;11.16;89.66;9.52;0.00;0.00;2000.00;79.21;
"2019-10-02 10:53:00";14.50;11.80;12.00;0.00;0.00;0.00;0.00;0.00;0.00;3.16;11.35;88.79;9.56;0.00;0.00;2000.00;79.21;
"2019-10-02 10:58:00";15.20;11.80;12.00;0.00;0.00;0.00;0.00;0.00;0.00;0.00;11.49;87.75;9.53;0.00;0.00;2000.00;79.21;
"2019-10-02 11:03:00";15.70;11.80;12.00;0.00;0.00;0.00;0.00;3.00;281.37;4.43;11.53;86.79;9.40;0.00;0.00;2000.00;79.21;
"2019-10-02 11:08:00";16.00;11.80;12.10;0.00;0.00;0.00;0.00;0.00;0.00;1.76;11.63;85.98;9.37;0.00;0.00;2000.00;79.21;
"2019-10-02 11:13:00";16.40;11.80;12.00;0.00;0.00;0.00;0.00;4.40;263.97;5.71;11.52;84.45;8.99;0.00;0.00;2000.00;79.21;
"2019-10-02 11:18:00";16.70;11.80;12.00;0.00;0.00;0.00;0.00;2.55;256.42;4.36;11.63;83.71;8.97;0.00;0.00;2000.00;79.21;
"2019-10-02 11:23:00";17.10;11.80;12.10;0.00;0.00;0.00;0.00;3.40;300.97;3.87;11.85;82.48;8.96;0.00;0.00;2000.00;79.21;
"2019-10-02 11:28:00";17.30;11.80;12.00;0.00;0.00;0.00;0.00;0.00;0.00;0.00;11.71;81.29;8.60;0.00;0.00;2000.00;79.21;
"2019-10-02 11:33:00";17.70;11.90;12.10;0.00;0.00;0.00;0.00;3.76;273.96;5.52;11.95;79.90;8.59;0.00;0.00;2000.00;79.21;
"2019-10-02 11:38:00";17.40;11.90;12.10;0.00;0.00;0.00;0.00;4.08;247.12;5.44;12.05;79.14;8.54;0.00;0.00;2000.00;79.21;
"2019-10-02 11:43:00";17.30;11.90;12.10;0.00;0.00;0.00;0.00;3.48;245.29;4.94;12.27;78.04;8.55;0.00;0.00;2000.00;79.21;
"2019-10-02 11:48:00";17.80;12.00;12.10;0.00;0.00;0.00;0.00;3.13;277.78;4.24;12.33;77.26;8.46;0.00;0.00;2000.00;79.21;
"2019-10-02 11:53:00";17.00;12.00;12.20;0.00;0.00;0.00;0.00;0.00;0.00;0.00;12.60;76.18;8.51;0.00;0.00;2000.00;79.21;
"2019-10-02 11:58:00";16.50;12.00;12.20;0.00;0.00;0.00;0.00;0.00;0.00;6.17;12.80;75.48;8.57;0.00;0.00;2000.00;79.21;
"2019-10-02 12:03:00";17.10;12.10;12.20;0.00;0.00;0.00;0.00;3.27;238.10;6.22;12.60;73.88;8.06;0.00;0.00;2000.00;79.21;
"2019-10-02 12:08:00";16.90;12.10;12.20;0.00;0.00;0.00;0.00;0.00;0.00;0.00;12.48;73.12;7.79;0.00;0.00;2000.00;79.21;
"2019-10-02 12:13:00";17.90;12.10;12.20;0.00;0.00;0.00;0.00;0.00;0.00;0.00;12.60;72.58;7.80;0.00;0.00;2000.00;79.21;
"2019-10-02 12:18:00";18.20;12.20;12.20;0.00;0.00;0.00;0.00;0.00;0.00;0.00;12.79;71.59;7.78;0.00;0.00;2000.00;79.21;
"2019-10-02 12:23:00";18.30;12.20;12.30;0.00;0.00;0.00;0.00;4.04;250.39;4.04;12.66;70.90;7.52;0.00;0.00;2000.00;79.21;
"2019-10-02 19:50:00";10.80;13.60;13.70;0.00;72.00;0.00;1.00;0.00;0.00;0.00;9.02;85.48;6.71;1.11;0.00;2000.00;80.32;
"2019-10-02 19:55:00";10.80;13.60;13.70;0.00;72.00;0.00;1.00;0.00;0.00;0.00;9.01;85.83;6.76;0.00;0.00;2000.00;80.32;
"2019-10-02 20:00:00";10.80;13.50;13.70;0.00;64.00;0.00;1.00;0.00;0.00;0.00;8.94;86.19;6.76;0.00;0.00;2000.00;80.32;
"2019-10-02 20:05:00";10.80;13.50;13.70;0.00;74.00;0.00;1.00;0.00;0.00;0.00;8.87;86.50;6.74;0.00;0.00;2000.00;80.32;
"2019-10-02 20:10:00";10.80;13.50;13.60;0.00;93.00;0.00;1.00;0.00;0.00;0.00;8.83;86.95;6.78;0.00;0.00;2000.00;80.32;
"2019-10-02 20:15:00";10.80;13.50;13.60;0.00;79.00;0.00;1.00;0.00;0.00;0.00;8.81;87.23;6.80;0.00;0.00;2000.00;80.32;
"2019-10-02 20:20:00";10.80;13.50;13.60;0.00;64.00;0.00;1.00;0.00;0.00;0.00;8.78;87.61;6.83;0.00;0.00;2000.00;80.32;
"2019-10-02 20:25:00";10.70;13.40;13.60;0.00;54.00;0.00;1.00;0.00;0.00;0.00;8.80;87.98;6.91;0.00;0.00;2000.00;80.32;
"2019-10-02 20:30:00";10.70;13.40;13.60;0.00;48.00;0.00;1.00;0.00;0.00;0.00;8.80;88.27;6.97;0.00;0.00;2000.00;80.32;
"2019-10-02 20:35:00";10.70;13.40;13.50;0.00;43.00;0.00;1.00;0.00;0.00;0.00;8.86;88.42;7.05;0.00;0.00;2000.00;80.32;
"2019-10-02 20:40:00";10.70;13.40;13.50;0.00;38.00;0.00;1.00;0.00;0.00;0.00;8.81;88.83;7.07;0.00;0.00;2000.00;80.32;
"2019-10-02 20:45:00";10.70;13.40;13.50;0.00;69.00;0.00;1.00;0.00;0.00;0.00;8.94;88.98;7.22;0.00;0.00;2000.00;80.32;
"2019-10-02 20:50:00";10.60;13.40;13.50;0.00;79.00;0.00;1.00;0.00;0.00;0.00;8.95;89.11;7.25;0.00;0.00;2000.00;80.32;
"2019-10-02 20:55:00";10.60;13.40;13.50;0.00;66.00;0.00;1.00;0.00;0.00;0.00;8.94;89.22;7.26;0.00;0.00;2000.00;80.32;
"2019-10-02 21:00:00";10.60;13.40;13.40;0.00;79.00;0.00;1.00;0.00;0.00;0.00;9.01;89.60;7.39;0.00;0.00;2000.00;80.32;
"2019-10-02 21:05:00";10.60;13.40;13.40;0.00;66.00;0.00;1.00;0.00;0.00;0.00;8.98;89.52;7.35;0.00;0.00;2000.00;80.32;
"2019-10-02 21:10:00";10.60;13.30;13.40;0.00;69.00;0.00;1.00;0.00;0.00;0.00;8.89;89.67;7.29;0.00;0.00;2000.00;80.32;
"2019-10-02 21:15:00";10.50;13.30;13.40;0.00;66.00;0.00;1.00;0.00;0.00;0.00;8.87;89.89;7.30;0.00;0.00;2000.00;80.32;
"2019-10-02 21:20:00";10.50;13.30;13.40;0.00;59.00;0.00;1.00;0.00;0.00;0.00;8.86;89.92;7.29;0.00;0.00;2000.00;80.32;
"2019-10-02 21:25:00";10.50;13.30;13.40;0.00;51.00;0.00;1.00;0.00;0.00;0.00;8.86;90.07;7.31;0.00;0.00;2000.00;80.32;
"2019-10-02 21:30:00";10.50;13.30;13.40;0.00;66.00;0.00;1.00;0.00;0.00;0.00;8.84;90.06;7.30;0.00;0.00;2000.00;80.32;
"2019-10-02 21:35:00";10.50;13.20;13.40;0.00;56.00;0.00;1.00;0.00;0.00;0.00;8.83;90.26;7.32;0.00;0.00;2000.00;80.32;
"2019-10-02 21:40:00";10.50;13.20;13.40;0.00;51.00;0.00;1.00;0.00;0.00;0.00;8.88;90.38;7.39;0.00;0.00;2000.00;80.32;
"2019-10-02 21:45:00";10.50;13.20;13.40;0.00;43.00;0.00;1.00;0.00;0.00;0.00;8.88;90.35;7.38;0.00;0.00;2000.00;80.32;
"2019-10-02 21:50:00";10.40;13.20;13.30;0.00;56.00;0.00;1.00;0.00;0.00;0.00;8.81;90.41;7.33;0.00;0.00;2000.00;80.32;
"2019-10-02 21:55:00";10.40;13.20;13.30;0.00;48.00;0.00;1.00;0.00;0.00;0.00;8.80;90.51;7.33;0.00;0.00;2000.00;80.32;
"2019-10-02 22:00:00";10.30;13.10;13.30;0.00;54.00;0.00;1.00;0.00;0.00;0.00;8.70;90.61;7.25;0.00;0.00;2000.00;80.32;
"2019-10-02 22:05:00";10.30;13.10;13.30;0.00;56.00;0.00;1.00;0.00;0.00;0.00;8.76;90.73;7.33;0.00;0.00;2000.00;80.32;
"2019-10-02 22:10:00";10.30;13.10;13.30;0.00;48.00;0.00;1.00;0.00;0.00;0.00;8.73;90.86;7.32;0.00;0.00;2000.00;80.32;
"2019-10-02 22:15:00";10.30;13.10;13.30;0.00;38.00;0.00;1.00;0.00;0.00;0.00;8.66;90.88;7.25;0.00;0.00;2000.00;80.32;
"2019-10-02 22:20:00";10.30;13.10;13.20;0.00;41.00;0.00;1.00;0.00;0.00;0.00;8.67;91.01;7.28;0.00;0.00;2000.00;80.32;
"2019-10-02 22:25:00";10.30;13.00;13.20;0.00;36.00;0.00;1.00;0.00;0.00;0.00;8.79;91.05;7.41;0.00;0.00;2000.00;80.32;
"2019-10-02 22:30:00";10.30;13.00;13.20;0.00;33.00;0.00;1.00;0.00;0.00;0.00;8.83;91.30;7.49;0.00;0.00;2000.00;80.32;
"2019-10-02 22:35:00";10.30;13.00;13.20;0.00;28.00;0.00;0.00;0.00;0.00;0.00;8.87;91.43;7.55;0.00;0.00;2000.00;80.32;
"2019-10-02 22:40:00";10.30;13.00;13.20;0.00;26.00;0.00;0.00;0.00;0.00;0.00;8.90;91.33;7.56;0.00;0.00;2000.00;80.32;
"2019-10-02 22:45:00";10.30;13.00;13.20;0.00;24.00;0.00;0.00;0.00;0.00;0.00;9.03;91.41;7.70;0.00;0.00;2000.00;80.32;
"2019-10-02 22:50:00";10.30;12.90;13.10;0.00;21.00;0.00;0.00;0.00;0.00;0.00;9.02;91.44;7.70;0.00;0.00;2000.00;80.32;
"2019-10-02 22:55:00";10.30;12.90;13.10;0.00;19.00;0.00;0.00;0.00;0.00;0.00;9.02;91.59;7.72;0.00;0.00;2000.00;80.32;
"2019-10-02 23:00:00";10.40;12.90;13.10;0.00;0.00;0.00;0.00;0.00;0.00;0.00;9.02;91.67;7.73;0.00;0.00;2000.00;80.32;
"2019-10-02 23:05:00";10.40;12.90;13.10;0.00;0.00;0.00;0.00;0.00;0.00;0.00;9.06;91.50;7.74;0.00;0.00;2000.00;80.32;
"2019-10-02 23:10:00";10.30;12.90;13.10;0.00;11.00;0.00;0.00;0.00;0.00;0.00;9.04;91.61;7.74;0.00;0.00;2000.00;80.32;
"2019-10-02 23:15:00";10.30;12.80;13.10;0.00;11.00;0.00;0.00;0.00;0.00;0.00;9.05;91.47;7.73;0.00;0.00;2000.00;80.32;
"2019-10-02 23:20:00";10.30;12.80;13.10;0.00;0.00;0.00;0.00;0.00;0.00;0.00;9.07;91.49;7.76;0.00;0.00;2000.00;80.32;
"2019-10-02 23:25:00";10.30;12.80;13.00;0.00;0.00;0.00;0.00;0.00;0.00;0.00;9.09;91.37;7.76;0.00;0.00;2000.00;80.32;
"2019-10-02 23:30:00";10.30;12.80;13.00;0.00;0.00;0.00;0.00;0.00;0.00;0.00;9.07;91.23;7.72;0.00;0.00;2000.00;80.32;
"2019-10-02 23:35:00";10.30;12.80;13.00;0.00;0.00;0.00;0.00;0.00;0.00;0.00;9.04;91.35;7.70;0.00;0.00;2000.00;80.32;
"2019-10-02 23:40:00";10.40;12.80;13.00;0.00;0.00;0.00;0.00;0.00;0.00;0.00;8.96;91.17;7.60;0.00;0.00;2000.00;80.32;
"2019-10-02 23:45:00";10.40;12.80;12.90;0.00;0.00;0.00;0.00;0.00;0.00;0.00;8.93;91.31;7.59;0.00;0.00;2000.00;80.32;
"2019-10-02 23:50:00";10.30;12.70;12.90;0.00;11.00;0.00;0.00;0.00;0.00;0.00;8.96;91.14;7.59;0.00;0.00;2000.00;80.32;
"2019-10-02 23:55:00";10.30;12.70;12.90;0.00;21.00;0.00;0.00;0.00;0.00;0.00;8.92;91.14;7.55;0.01;60.00;2000.00;80.33;
"2019-10-03 00:00:00";10.30;12.70;12.90;0.00;31.00;0.00;1.00;0.00;0.00;0.00;8.90;91.06;7.52;0.00;0.00;2000.00;80.33;
"2019-10-03 00:05:00";10.30;12.70;12.90;0.00;36.00;0.00;1.00;0.00;0.00;0.00;8.86;90.95;7.46;0.00;0.00;2000.00;80.33;
"2019-10-03 00:10:00";10.30;12.70;12.90;0.00;31.00;0.00;1.00;0.00;0.00;0.00;8.84;91.00;7.45;0.00;0.00;2000.00;80.33;
"2019-10-03 00:15:00";10.20;12.70;12.90;0.00;26.00;0.00;0.00;0.00;0.00;0.00;8.89;91.04;7.50;0.00;0.00;2000.00;80.33;
"2019-10-03 00:20:00";10.20;12.60;12.90;0.00;21.00;0.00;0.00;0.00;0.00;0.00;8.90;90.88;7.49;0.00;0.00;2000.00;80.33;
"2019-10-03 00:25:00";10.20;12.60;12.80;0.00;19.00;0.00;0.00;0.00;0.00;0.00;8.88;90.91;7.47;0.00;0.00;2000.00;80.33;
"2019-10-03 00:30:00";10.20;12.60;12.80;0.00;19.00;0.00;0.00;0.00;0.00;0.00;8.95;90.81;7.52;0.00;0.00;2000.00;80.33;
"2019-10-03 00:35:00";10.20;12.60;12.80;0.00;16.00;0.00;0.00;0.00;0.00;0.00;8.91;90.79;7.48;0.00;0.00;2000.00;80.33;
"2019-10-03 00:40:00";10.20;12.60;12.80;0.00;11.00;0.00;0.00;0.00;0.00;0.00;8.93;90.95;7.53;0.00;0.00;2000.00;80.33;
"2019-10-03 00:45:00";10.20;12.60;12.80;0.00;0.00;0.00;0.00;0.00;0.00;0.00;9.01;90.72;7.57;0.00;0.00;2000.00;80.33;
"2019-10-03 00:50:00";10.20;12.60;12.80;0.00;0.00;0.00;0.00;0.00;0.00;0.00;9.03;90.75;7.60;0.00;0.00;2000.00;80.33;
"2019-10-03 00:55:00";10.20;12.60;12.80;0.00;0.00;0.00;0.00;0.00;0.00;0.00;9.02;90.71;7.58;0.00;0.00;2000.00;80.33;
"2019-10-03 01:00:00";10.20;12.50;12.70;0.00;0.00;0.00;0.00;0.00;0.00;0.00;8.95;90.62;7.49;0.00;0.00;2000.00;80.33;
"2019-10-03 01:05:00";10.10;12.50;12.70;0.00;0.00;0.00;0.00;0.00;0.00;0.00;8.94;90.61;7.48;0.00;0.00;2000.00;80.33;
"2019-10-03 01:10:00";10.20;12.50;12.70;0.00;0.00;0.00;0.00;0.00;0.00;0.00;8.85;90.49;7.38;0.00;0.00;2000.00;80.33;
"2019-10-03 01:15:00";10.20;12.50;12.70;0.00;0.00;0.00;0.00;0.00;0.00;0.00;8.86;90.42;7.37;0.00;0.00;2000.00;80.33;
"2019-10-03 01:20:00";10.20;12.50;12.70;0.00;0.00;0.00;0.00;0.00;0.00;0.00;8.80;90.38;7.31;0.00;0.00;2000.00;80.33;
"2019-10-03 01:25:00";10.20;12.50;12.70;0.00;0.00;0.00;0.00;0.00;0.00;0.00;8.78;90.23;7.27;0.00;0.00;2000.00;80.33;
"2019-10-03 01:30:00";10.20;12.40;12.70;0.00;0.00;0.00;0.00;0.00;0.00;0.00;8.78;90.25;7.27;0.00;0.00;2000.00;80.33;
"2019-10-03 01:35:00";10.20;12.40;12.70;0.00;0.00;0.00;0.00;0.00;0.00;0.00;8.80;90.16;7.27;0.00;0.00;2000.00;80.33;
"2019-10-03 01:40:00";10.20;12.40;12.60;0.00;0.00;0.00;0.00;0.00;0.00;0.00;8.78;90.18;7.26;0.00;0.00;2000.00;80.33;
"2019-10-03 01:45:00";10.20;12.40;12.60;0.00;0.00;0.00;0.00;0.00;0.00;0.00;8.80;90.06;7.26;0.00;0.00;2000.00;80.33;
"2019-10-03 01:50:00";10.30;12.40;12.60;0.00;0.00;0.00;0.00;0.00;0.00;0.00;8.80;89.99;7.25;0.00;0.00;2000.00;80.33;
"2019-10-03 01:55:00";10.30;12.40;12.60;0.00;0.00;0.00;0.00;0.00;0.00;0.00;8.82;89.96;7.26;0.00;0.00;2000.00;80.33;
"2019-10-03 02:00:00";10.30;12.40;12.60;0.00;0.00;0.00;0.00;0.00;0.00;0.00;8.82;89.89;7.26;0.00;0.00;2000.00;80.33;
"2019-10-03 02:05:00";10.30;12.40;12.60;0.00;0.00;0.00;0.00;0.00;0.00;0.00;8.82;89.76;7.23;0.00;0.00;2000.00;80.33;
"2019-10-03 02:10:00";10.20;12.30;12.60;0.00;0.00;0.00;0.00;0.00;0.00;0.00;8.77;89.70;7.17;0.00;0.00;2000.00;80.33;
"2019-10-03 02:15:00";10.20;12.30;12.60;0.00;0.00;0.00;0.00;0.00;0.00;0.00;8.80;89.72;7.20;0.00;0.00;2000.00;80.33;
"2019-10-03 02:20:00";10.20;12.30;12.50;0.00;0.00;0.00;0.00;0.00;0.00;0.00;8.82;89.56;7.20;0.00;0.00;2000.00;80.33;
"2019-10-03 02:25:00";10.20;12.30;12.50;0.00;0.00;0.00;0.00;0.00;0.00;0.00;8.81;89.55;7.18;0.00;0.00;2000.00;80.33;
"2019-10-03 02:30:00";10.30;12.30;12.50;0.00;0.00;0.00;0.00;0.00;0.00;0.00;8.80;89.40;7.15;0.00;0.00;2000.00;80.33;
"2019-10-03 02:35:00";10.30;12.30;12.50;0.00;0.00;0.00;0.00;0.00;0.00;0.00;8.78;89.38;7.12;0.00;0.00;2000.00;80.33;
"2019-10-03 02:40:00";10.30;12.30;12.50;0.00;0.00;0.00;0.00;0.00;0.00;0.00;8.70;89.30;7.04;0.00;0.00;2000.00;80.33;
"2019-10-03 02:45:00";10.30;12.30;12.50;0.00;0.00;0.00;0.00;0.00;0.00;0.00;8.69;89.28;7.02;0.00;0.00;2000.00;80.33;
"2019-10-03 02:50:00";10.30;12.20;12.50;0.00;0.00;0.00;0.00;0.00;0.00;0.00;8.70;89.29;7.03;0.00;0.00;2000.00;80.33;
"2019-10-03 02:55:00";10.30;12.30;12.50;0.00;0.00;0.00;0.00;0.00;0.00;0.00;8.70;89.23;7.03;0.00;0.00;2000.00;80.33;
"2019-10-03 03:00:00";10.30;12.20;12.40;0.00;0.00;0.00;0.00;0.00;0.00;0.00;8.65;89.24;6.98;0.00;0.00;2000.00;80.33;
"2019-10-03 03:05:00";10.30;12.20;12.40;0.00;0.00;0.00;0.00;0.00;0.00;0.00;8.68;89.22;7.00;0.00;0.00;2000.00;80.33;
"2019-10-03 03:10:00";10.30;12.20;12.40;0.00;0.00;0.00;0.00;0.00;0.00;0.00;8.71;89.29;7.05;0.00;0.00;2000.00;80.33;
"2019-10-03 03:15:00";10.30;12.20;12.40;0.00;0.00;0.00;0.00;0.00;0.00;0.00;8.74;89.29;7.08;0.00;0.00;2000.00;80.33;
"2019-10-03 03:20:00";10.30;12.20;12.40;0.00;0.00;0.00;0.00;0.00;0.00;0.00;8.64;89.18;6.95;0.00;0.00;2000.00;80.33;
"2019-10-03 03:25:00";10.30;12.20;12.40;0.00;0.00;0.00;0.00;0.00;0.00;0.00;8.59;89.27;6.92;0.00;0.00;2000.00;80.33;
"2019-10-03 03:30:00";10.30;12.20;12.40;0.00;0.00;0.00;0.00;0.00;0.00;0.00;8.54;89.26;6.87;0.00;0.00;2000.00;80.33;
"2019-10-03 03:35:00";10.30;12.20;12.40;0.00;0.00;0.00;0.00;0.00;0.00;0.00;8.49;89.28;6.82;0.00;0.00;2000.00;80.33;
"2019-10-03 03:40:00";10.30;12.20;12.40;0.00;0.00;0.00;0.00;0.00;0.00;0.00;8.50;89.46;6.87;0.00;0.00;2000.00;80.33;
"2019-10-03 03:45:00";10.30;12.20;12.30;0.00;0.00;0.00;0.00;0.00;0.00;0.00;8.56;89.44;6.92;0.00;0.00;2000.00;80.33;
"2019-10-03 03:50:00";10.30;12.20;12.30;0.00;0.00;0.00;0.00;0.00;0.00;0.00;8.53;89.52;6.90;0.00;0.00;2000.00;80.33;
"2019-10-03 03:55:00";10.30;12.20;12.30;0.00;0.00;0.00;0.00;0.00;0.00;0.00;8.57;89.50;6.94;0.00;0.00;2000.00;80.33;
"2019-10-03 04:00:00";10.30;12.20;12.30;0.00;0.00;0.00;0.00;0.00;0.00;0.00;8.56;89.53;6.94;0.00;0.00;2000.00;80.33;
"2019-10-03 04:05:00";10.30;12.20;12.30;0.00;0.00;0.00;0.00;0.00;0.00;0.00;8.58;89.58;6.96;0.00;0.00;2000.00;80.33;
"2019-10-03 04:10:00";10.30;12.20;12.30;0.00;0.00;0.00;0.00;0.00;0.00;0.00;8.52;89.55;6.90;0.00;0.00;2000.00;80.33;
"2019-10-03 04:15:00";10.30;12.20;12.30;0.00;0.00;0.00;0.00;0.00;0.00;0.00;8.51;89.65;6.91;0.00;0.00;2000.00;80.33;
"2019-10-03 04:20:00";10.30;12.20;12.30;0.00;0.00;0.00;0.00;0.00;0.00;0.00;8.52;89.76;6.94;0.00;0.00;2000.00;80.33;
"2019-10-03 04:25:00";10.20;12.10;12.30;0.00;11.00;0.00;0.00;0.00;0.00;0.00;8.45;89.77;6.86;0.00;0.00;2000.00;80.33;
"2019-10-03 04:30:00";10.10;12.10;12.30;0.00;11.00;0.00;0.00;0.00;0.00;0.00;8.48;89.96;6.93;0.00;0.00;2000.00;80.33;
"2019-10-03 04:35:00";10.00;12.10;12.30;0.00;69.00;0.00;1.00;0.00;0.00;0.00;8.48;90.04;6.93;0.03;60.00;2000.00;80.36;
"2019-10-03 04:40:00";9.90;12.10;12.20;0.00;54.00;0.00;1.00;0.00;0.00;0.00;8.45;90.08;6.92;0.01;0.00;2000.00;80.37;
"2019-10-03 04:45:00";9.90;12.10;12.20;0.00;82.00;0.00;1.00;0.00;0.00;0.00;8.39;90.23;6.88;0.02;60.00;2000.00;80.39;
"2019-10-03 04:50:00";9.90;12.10;12.20;0.00;103.00;0.00;1.00;0.00;0.00;0.00;8.34;90.33;6.84;0.01;0.00;2000.00;80.40;
"2019-10-03 04:55:00";9.90;12.10;12.20;0.00;93.00;0.00;1.00;0.00;0.00;0.00;8.32;90.55;6.86;0.01;0.00;2000.00;80.41;
"2019-10-03 05:00:00";9.90;12.10;12.20;0.00;93.00;0.00;1.00;0.00;0.00;0.00;8.24;90.69;6.81;0.00;0.00;2000.00;80.41;
"2019-10-03 05:05:00";9.80;12.10;12.20;0.00;85.00;0.00;1.00;0.00;0.00;0.00;8.14;90.84;6.73;0.00;0.00;2000.00;80.41;
"2019-10-03 05:10:00";9.80;12.00;12.20;0.00;69.00;0.00;1.00;0.00;0.00;0.00;8.11;91.04;6.74;0.00;0.00;2000.00;80.41;
"2019-10-03 05:15:00";9.70;12.00;12.20;0.00;61.00;0.00;1.00;0.00;0.00;0.00;8.04;91.27;6.70;0.00;0.00;2000.00;80.41;
"2019-10-03 05:20:00";9.70;12.00;12.20;0.00;51.00;0.00;1.00;0.00;0.00;0.00;8.06;91.48;6.75;0.00;0.00;2000.00;80.41;
"2019-10-03 05:25:00";9.60;12.00;12.20;0.00;43.00;0.00;1.00;0.00;0.00;0.00;8.11;91.69;6.84;0.00;0.00;2000.00;80.41;
"2019-10-03 05:30:00";9.60;12.00;12.20;0.00;38.00;0.00;1.00;0.00;0.00;0.00;8.16;91.90;6.92;0.00;0.00;2000.00;80.41;
"2019-10-03 05:35:00";9.50;12.00;12.20;0.00;33.00;0.00;1.00;0.00;0.00;0.00;8.15;92.00;6.93;0.00;0.00;2000.00;80.41;
"2019-10-03 05:40:00";9.50;12.00;12.20;0.00;28.00;0.00;0.00;0.00;0.00;0.00;8.12;92.17;6.92;0.00;0.00;2000.00;80.41;
"2019-10-03 05:45:00";9.50;12.00;12.20;0.00;26.00;0.00;0.00;0.00;0.00;0.00;8.10;92.39;6.94;0.00;0.00;2000.00;80.41;
"2019-10-03 05:50:00";9.50;12.00;12.20;0.00;24.00;0.00;0.00;0.00;0.00;0.00;8.13;92.51;6.99;0.00;0.00;2000.00;80.41;
"2019-10-03 05:55:00";9.50;12.00;12.20;0.00;31.00;0.00;1.00;0.00;0.00;0.00;8.10;92.60;6.97;0.00;0.00;2000.00;80.41;
"2019-10-03 06:00:00";9.40;12.00;12.20;0.00;28.00;0.00;0.00;0.00;0.00;0.00;8.06;92.69;6.95;0.00;0.00;2000.00;80.41;
"2019-10-03 06:05:00";9.30;11.90;12.20;0.00;26.00;0.00;0.00;0.00;0.00;0.00;7.97;92.74;6.87;0.00;0.00;2000.00;80.41;
"2019-10-03 06:10:00";9.20;11.90;12.20;0.00;33.00;0.00;1.00;0.00;0.00;0.00;7.98;93.04;6.93;0.00;0.00;2000.00;80.41;
"2019-10-03 06:15:00";9.20;11.90;12.20;0.00;38.00;0.00;1.00;0.00;0.00;0.00;7.97;93.02;6.91;0.00;0.00;2000.00;80.41;
"2019-10-03 06:20:00";9.10;11.90;12.20;0.00;36.00;0.00;1.00;0.00;0.00;0.00;7.90;92.97;6.83;0.00;0.00;2000.00;80.41;
"2019-10-03 06:25:00";9.00;11.90;12.10;0.00;31.00;0.00;1.00;0.00;0.00;0.00;7.85;93.11;6.81;0.00;0.00;2000.00;80.41;
"2019-10-03 06:30:00";8.90;11.90;12.10;0.00;41.00;0.00;1.00;0.00;0.00;0.00;7.78;93.15;6.74;0.00;0.00;2000.00;80.41;
"2019-10-03 06:35:00";8.90;11.90;12.10;0.00;43.00;0.00;1.00;0.00;0.00;0.00;7.75;93.46;6.76;0.00;0.00;2000.00;80.41;
"2019-10-03 06:40:00";8.80;11.90;12.10;0.00;43.00;0.00;1.00;0.00;0.00;0.00;7.79;93.39;6.79;0.00;0.00;2000.00;80.41;
"2019-10-03 06:45:00";8.60;11.80;12.10;0.00;43.00;0.00;1.00;0.00;0.00;0.00;7.78;93.58;6.81;0.00;0.00;2000.00;80.41;
"2019-10-03 06:50:00";8.60;11.80;12.10;0.00;36.00;0.00;1.00;0.00;0.00;0.00;7.79;93.43;6.80;0.00;0.00;2000.00;80.41;
"2019-10-03 06:55:00";8.60;11.80;12.10;0.00;31.00;0.00;1.00;0.00;0.00;0.00;7.64;93.23;6.61;0.00;0.00;2000.00;80.41;
"2019-10-03 07:00:00";8.50;11.80;12.10;0.00;14.00;0.00;0.00;0.00;0.00;0.00;7.58;93.55;6.61;0.00;0.00;2000.00;80.41;
"2019-10-03 07:05:00";8.40;11.80;12.10;0.00;26.00;0.00;0.00;0.00;0.00;0.00;7.63;93.69;6.68;0.00;0.00;2000.00;80.41;
"2019-10-03 07:10:00";8.40;11.80;12.00;0.00;21.00;0.00;0.00;0.00;0.00;0.00;7.68;93.53;6.70;0.00;0.00;2000.00;80.41;
"2019-10-03 07:15:00";8.40;11.80;12.00;0.00;19.00;0.00;0.00;0.00;0.00;0.00;7.73;93.66;6.77;0.00;0.00;2000.00;80.41;
"2019-10-03 07:20:00";8.30;11.80;12.00;0.00;16.00;0.00;0.00;0.00;0.00;0.00;7.77;93.65;6.81;0.00;0.00;2000.00;80.41;
"2019-10-03 07:25:00";8.40;11.70;12.00;0.00;14.00;0.00;0.00;0.00;0.00;0.00;7.79;93.79;6.86;0.00;0.00;2000.00;80.41;
"2019-10-03 07:30:00";8.40;11.70;12.00;0.00;11.00;0.00;0.00;0.00;0.00;0.00;7.65;93.24;6.63;0.00;0.00;2000.00;80.41;
"2019-10-03 07:35:00";8.30;11.70;12.00;0.00;0.00;0.00;0.00;0.00;0.00;0.00;7.51;93.39;6.51;0.00;0.00;2000.00;80.41;
"2019-10-03 07:40:00";8.40;11.70;12.00;0.00;0.00;0.00;0.00;0.00;0.00;0.00;7.39;93.41;6.39;0.00;0.00;2000.00;80.41;
"2019-10-03 07:45:00";8.50;11.70;11.90;0.00;0.00;0.00;0.00;0.00;0.00;0.00;7.30;93.59;6.33;0.00;0.00;2000.00;80.41;
"2019-10-03 07:50:00";8.50;11.70;11.90;0.00;0.00;0.00;0.00;0.00;0.00;0.00;7.28;93.50;6.30;0.00;0.00;2000.00;80.41;
"2019-10-03 07:55:00";8.60;11.60;11.90;0.00;0.00;0.00;0.00;0.00;0.00;0.00;7.29;93.82;6.36;0.00;0.00;2000.00;80.41;
"2019-10-03 08:00:00";8.60;11.60;11.90;0.00;0.00;0.00;0.00;0.00;0.00;1.49;7.46;93.83;6.53;0.00;0.00;2000.00;80.41;
"2019-10-03 08:05:00";8.70;11.60;11.90;0.00;0.00;0.00;0.00;0.00;0.00;0.00;7.57;93.47;6.58;0.00;0.00;2000.00;80.41;
"2019-10-03 08:10:00";8.80;11.60;11.90;0.00;0.00;0.00;0.00;0.00;0.00;0.00;7.52;93.36;6.52;0.00;0.00;2000.00;80.41;
"2019-10-03 08:15:00";8.80;11.60;11.80;0.00;0.00;0.00;0.00;0.00;0.00;0.00;7.42;93.34;6.41;0.00;0.00;2000.00;80.41;
"2019-10-03 08:20:00";8.80;11.60;11.80;0.00;0.00;0.00;0.00;0.00;0.00;0.00;7.34;93.36;6.33;0.00;0.00;2000.00;80.41;
"2019-10-03 08:25:00";8.90;11.50;11.80;0.00;0.00;0.00;0.00;0.00;0.00;0.00;7.32;93.41;6.33;0.00;0.00;2000.00;80.41;
"2019-10-03 08:30:00";9.00;11.50;11.80;0.00;0.00;0.00;0.00;0.00;0.00;0.00;7.36;93.55;6.39;0.00;0.00;2000.00;80.41;
"2019-10-03 08:35:00";9.00;11.50;11.80;0.00;0.00;0.00;0.00;0.00;0.00;0.00;7.34;93.54;6.37;0.00;0.00;2000.00;80.41;
"2019-10-03 08:40:00";9.00;11.50;11.80;0.00;0.00;0.00;0.00;0.00;0.00;0.00;7.39;93.50;6.41;0.00;0.00;2000.00;80.41;
"2019-10-03 08:45:00";9.10;11.50;11.80;0.00;0.00;0.00;0.00;0.00;0.00;0.00;7.39;93.55;6.41;0.00;0.00;2000.00;80.41;
"2019-10-03 08:50:00";9.20;11.50;11.70;0.00;0.00;0.00;0.00;0.00;0.00;0.00;7.48;93.57;6.51;0.00;0.00;2000.00;80.41;
"2019-10-03 08:55:00";9.30;11.50;11.70;0.00;0.00;0.00;0.00;0.00;0.00;0.00;7.59;93.93;6.68;0.00;0.00;2000.00;80.41;
"2019-10-03 09:00:00";9.40;11.40;11.70;0.00;0.00;0.00;0.00;0.00;0.00;0.00;7.64;93.74;6.70;0.00;0.00;2000.00;80.41;
"2019-10-03 09:05:00";9.40;11.40;11.70;0.00;0.00;0.00;0.00;0.00;0.00;0.78;7.78;93.89;6.86;0.00;0.00;2000.00;80.41;
"2019-10-03 09:10:00";9.50;11.40;11.70;0.00;0.00;0.00;0.00;0.00;0.00;0.00;7.85;93.39;6.85;0.00;0.00;2000.00;80.41;
"2019-10-03 09:15:00";9.60;11.40;11.70;0.00;0.00;0.00;0.00;0.00;0.00;0.00;7.85;93.64;6.88;0.00;0.00;2000.00;80.41;
"2019-10-03 09:20:00";9.80;11.40;11.70;0.00;0.00;0.00;0.00;0.00;0.00;0.00;7.96;93.48;6.98;0.00;0.00;2000.00;80.41;
"2019-10-03 09:25:00";9.90;11.40;11.70;0.00;0.00;0.00;0.00;0.00;0.00;0.00;8.01;93.63;7.04;0.00;0.00;2000.00;80.41;
"2019-10-03 09:30:00";9.90;11.40;11.60;0.00;0.00;0.00;0.00;0.00;0.00;0.00;8.08;93.75;7.13;0.00;0.00;2000.00;80.41;
"2019-10-03 09:35:00";10.10;11.40;11.60;0.00;0.00;0.00;0.00;0.00;0.00;0.00;8.15;93.80;7.21;0.00;0.00;2000.00;80.41;
"2019-10-03 09:40:00";10.30;11.30;11.60;0.00;0.00;0.00;0.00;0.00;0.00;0.00;8.28;93.55;7.30;0.00;0.00;2000.00;80.41;
"2019-10-03 09:45:00";10.40;11.30;11.60;0.00;0.00;0.00;0.00;0.00;0.00;0.00;8.29;93.45;7.29;0.00;0.00;2000.00;80.41;
"2019-10-03 09:50:00";10.60;11.30;11.60;0.00;0.00;0.00;0.00;0.00;0.00;0.00;8.31;93.48;7.32;0.00;0.00;2000.00;80.41;
"2019-10-03 09:55:00";10.70;11.30;11.60;0.00;0.00;0.00;0.00;0.00;0.00;0.00;8.33;93.35;7.32;0.00;0.00;2000.00;80.41;
"2019-10-03 10:00:00";10.80;11.30;11.60;0.00;0.00;0.00;0.00;0.00;0.00;0.00;8.41;93.36;7.40;0.00;0.00;2000.00;80.41;
"2019-10-03 10:05:00";10.90;11.30;11.60;0.00;0.00;0.00;0.00;0.00;0.00;0.00;8.42;93.31;7.40;0.00;0.00;2000.00;80.41;
"2019-10-03 10:10:00";11.10;11.30;11.60;0.00;0.00;0.00;0.00;0.00;0.00;0.00;8.53;93.11;7.48;0.00;0.00;2000.00;80.41;
"2019-10-03 10:15:00";11.20;11.30;11.60;0.00;0.00;0.00;0.00;0.00;0.00;0.00;8.48;92.84;7.39;0.00;0.00;2000.00;80.41;
"2019-10-03 10:20:00";11.40;11.30;11.60;0.00;0.00;0.00;0.00;0.00;0.00;0.00;8.56;92.89;7.48;0.00;0.00;2000.00;80.41;
"2019-10-03 10:25:00";11.50;11.30;11.60;0.00;0.00;0.00;0.00;0.00;0.00;0.00;8.60;92.87;7.51;0.00;0.00;2000.00;80.41;
"2019-10-03 10:30:00";11.60;11.30;11.60;0.00;0.00;0.00;0.00;0.00;0.00;0.00;8.63;92.71;7.51;0.00;0.00;2000.00;80.41;
"2019-10-03 10:35:00";11.70;11.30;11.50;0.00;0.00;0.00;0.00;0.00;0.00;0.00;8.65;92.26;7.46;0.00;0.00;2000.00;80.41;
"2019-10-03 10:40:00";11.70;11.30;11.50;0.00;0.00;0.00;0.00;0.00;0.00;0.00;8.76;92.52;7.61;0.00;0.00;2000.00;80.41;
"2019-10-03 10:45:00";11.70;11.30;11.60;0.00;0.00;0.00;0.00;0.00;0.00;1.35;8.80;92.13;7.59;0.00;0.00;2000.00;80.41;
"2019-10-03 10:50:00";11.90;11.30;11.50;0.00;0.00;0.00;0.00;0.00;0.00;0.00;8.80;91.96;7.56;0.00;0.00;2000.00;80.41;
"2019-10-03 10:55:00";12.00;11.30;11.60;0.00;0.00;0.00;0.00;0.00;0.00;0.00;8.92;91.85;7.67;0.00;0.00;2000.00;80.41;
"2019-10-03 11:00:00";12.20;11.30;11.60;0.00;0.00;0.00;0.00;0.00;0.00;0.00;9.01;92.01;7.78;0.00;0.00;2000.00;80.41;
"2019-10-03 11:05:00";12.30;11.30;11.60;0.00;0.00;0.00;0.00;0.00;0.00;0.00;9.02;91.37;7.69;0.00;0.00;2000.00;80.41;
"2019-10-03 11:10:00";12.60;11.30;11.60;0.00;0.00;0.00;0.00;0.00;0.00;0.00;9.07;91.11;7.70;0.00;0.00;2000.00;80.41;
"2019-10-03 11:15:00";12.80;11.30;11.50;0.00;0.00;0.00;0.00;0.00;0.00;0.00;9.24;91.03;7.85;0.00;0.00;2000.00;80.41;
"2019-10-03 11:20:00";13.10;11.30;11.60;0.00;0.00;0.00;0.00;0.00;0.00;0.00;9.34;90.77;7.91;0.00;0.00;2000.00;80.41;
"2019-10-03 11:25:00";13.20;11.30;11.60;0.00;0.00;0.00;0.00;0.00;0.00;0.00;9.33;90.73;7.89;0.00;0.00;2000.00;80.41;
"2019-10-03 11:30:00";13.20;11.30;11.60;0.00;0.00;0.00;0.00;0.00;0.00;0.00;9.60;90.70;8.16;0.00;0.00;2000.00;80.41;
"2019-10-03 11:35:00";13.40;11.40;11.60;0.00;0.00;0.00;0.00;0.00;0.00;0.00;9.70;90.24;8.18;0.00;0.00;2000.00;80.41;
"2019-10-03 11:40:00";13.60;11.40;11.60;0.00;0.00;0.00;0.00;0.00;0.00;0.00;9.72;90.29;8.21;0.00;0.00;2000.00;80.41;
"2019-10-03 11:45:00";13.80;11.40;11.60;0.00;0.00;0.00;0.00;0.00;0.00;0.00;9.81;89.64;8.18;0.00;0.00;2000.00;80.41;
"2019-10-03 11:50:00";13.90;11.40;11.60;0.00;0.00;0.00;0.00;0.00;0.00;0.00;9.90;89.75;8.29;0.00;0.00;2000.00;80.41;
"2019-10-03 11:55:00";14.20;11.50;11.60;0.00;0.00;0.00;0.00;0.00;0.00;0.00;9.89;89.30;8.21;0.00;0.00;2000.00;80.41;
"2019-10-03 12:00:00";14.50;11.50;11.70;0.00;0.00;0.00;0.00;0.00;0.00;0.98;10.15;89.34;8.47;0.00;0.00;2000.00;80.41;
"2019-10-03 12:05:00";15.80;11.50;11.70;0.00;0.00;0.00;0.00;0.00;0.00;0.00;10.45;89.05;8.72;0.00;0.00;2000.00;80.41;
"2019-10-03 12:10:00";15.90;11.50;11.70;0.00;0.00;0.00;0.00;0.00;0.00;0.00;10.55;88.15;8.67;0.00;0.00;2000.00;80.41;
"2019-10-03 12:15:00";16.40;11.50;11.70;0.00;0.00;0.00;0.00;0.00;0.00;0.00;10.70;88.12;8.81;0.00;0.00;2000.00;80.41;
"2019-10-03 12:20:00";16.30;11.50;11.70;0.00;0.00;0.00;0.00;0.00;0.00;0.00;10.85;87.56;8.87;0.00;0.00;2000.00;80.41;
"2019-10-03 12:25:00";16.30;11.50;11.70;0.00;0.00;0.00;0.00;0.00;0.00;0.00;11.07;87.02;8.99;0.00;0.00;2000.00;80.41;
"2019-10-03 12:30:00";16.90;11.60;11.80;0.00;0.00;0.00;0.00;0.00;0.00;0.00;11.12;86.92;9.02;0.00;0.00;2000.00;80.41;
"2019-10-03 12:35:00";17.80;11.60;11.80;0.00;0.00;0.00;0.00;0.00;0.00;0.00;11.34;85.81;9.05;0.00;0.00;2000.00;80.41;
"2019-10-03 12:40:00";17.80;11.60;11.80;0.00;0.00;0.00;0.00;0.00;0.00;0.00;11.37;85.81;9.07;0.00;0.00;2000.00;80.41;
"2019-10-03 12:45:00";17.80;11.60;11.80;0.00;0.00;0.00;0.00;0.00;0.00;0.00;11.45;84.97;9.01;0.00;0.00;2000.00;80.41;
"2019-10-03 12:50:00";18.30;11.70;11.80;0.00;0.00;0.00;0.00;0.00;0.00;0.00;11.49;84.77;9.02;0.00;0.00;2000.00;80.41;
"2019-10-03 12:55:00";19.70;11.70;11.90;0.00;0.00;0.00;0.00;0.00;0.00;0.00;11.75;84.22;9.18;0.00;0.00;2000.00;80.41;
"2019-10-03 13:00:00";20.20;11.80;11.90;0.00;0.00;0.00;0.00;0.00;0.00;0.00;12.17;83.60;9.47;0.00;0.00;2000.00;80.41;
"2019-10-03 13:05:00";20.50;11.80;11.90;0.00;0.00;0.00;0.00;0.00;0.00;0.00;12.21;82.48;9.32;0.00;0.00;2000.00;80.41;
"2019-10-03 13:10:00";21.00;11.90;12.00;0.00;0.00;0.00;0.00;0.00;0.00;0.00;12.34;81.31;9.23;0.00;0.00;2000.00;80.41;
"2019-10-03 13:15:00";21.20;11.90;12.00;0.00;0.00;0.00;0.00;0.00;0.00;0.00;12.65;80.77;9.43;0.00;0.00;2000.00;80.41;
"2019-10-03 13:20:00";21.40;11.90;12.00;0.00;0.00;0.00;0.00;0.86;322.33;2.32;12.66;79.58;9.22;0.00;0.00;2000.00;80.41;
"2019-10-03 13:25:00";21.60;12.00;12.10;0.00;0.00;0.00;0.00;0.00;0.00;0.00;12.52;78.37;8.86;0.00;0.00;2000.00;80.41;
"2019-10-03 13:30:00";21.80;12.00;12.10;0.00;0.00;0.00;0.00;0.00;0.00;0.00;12.83;77.48;8.99;0.00;0.00;2000.00;80.41;
"2019-10-03 13:35:00";22.10;12.10;12.10;0.00;0.00;0.00;0.00;0.00;0.00;0.00;13.07;76.13;8.96;0.00;0.00;2000.00;80.41;
"2019-10-03 13:40:00";22.40;12.20;12.20;0.00;0.00;0.00;0.00;0.00;0.00;0.00;12.90;74.71;8.52;0.00;0.00;2000.00;80.41;
"2019-10-03 13:45:00";22.80;12.20;12.20;0.00;0.00;0.00;0.00;0.00;0.00;0.00;12.99;73.85;8.43;0.00;0.00;2000.00;80.41;
"2019-10-03 13:50:00";21.80;12.20;12.20;0.00;0.00;0.00;0.00;0.00;0.00;0.00;12.65;72.08;7.74;0.00;0.00;2000.00;80.41;
"2019-10-03 13:55:00";21.60;12.30;12.30;0.00;0.00;0.00;0.00;0.00;0.00;0.00;12.65;71.61;7.65;0.00;0.00;2000.00;80.41;
"2019-10-03 14:00:00";22.60;12.30;12.30;0.00;0.00;0.00;0.00;0.00;0.00;0.00;13.02;70.44;7.76;0.00;0.00;2000.00;80.41;
"2019-10-03 14:05:00";22.40;12.40;12.40;0.00;0.00;0.00;0.00;0.00;0.00;0.00;12.91;69.07;7.37;0.00;0.00;2000.00;80.41;
"2019-10-03 14:10:00";21.00;12.40;12.40;0.00;0.00;0.00;0.00;0.00;0.00;0.00;12.79;67.82;6.99;0.00;0.00;2000.00;80.41;
"2019-10-03 14:15:00";20.90;12.50;12.40;0.00;0.00;0.00;0.00;0.00;0.00;0.00;12.77;67.65;6.93;0.00;0.00;2000.00;80.41;
"2019-10-03 14:20:00";19.70;12.50;12.50;0.00;0.00;0.00;0.00;0.00;0.00;0.00;12.57;66.77;6.56;0.00;0.00;2000.00;80.41;
"2019-10-03 14:25:00";18.90;12.70;12.60;0.00;0.00;0.00;0.00;0.00;0.00;0.00;12.39;66.36;6.29;0.00;0.00;2000.00;80.41;
"2019-10-03 14:30:00";18.90;12.70;12.60;0.00;0.00;0.00;0.00;0.00;0.00;0.00;12.60;66.54;6.53;0.00;0.00;2000.00;80.41;
"2019-10-03 14:35:00";18.60;12.80;12.70;0.00;0.00;0.00;0.00;0.00;0.00;0.00;12.70;66.36;6.58;0.00;0.00;2000.00;80.41;
"2019-10-03 14:40:00";17.90;12.80;12.80;0.00;0.00;0.00;0.00;0.00;0.00;0.00;12.66;66.12;6.49;0.00;0.00;2000.00;80.41;
"2019-10-03 14:45:00";17.30;12.90;12.80;0.00;0.00;0.00;0.00;0.00;0.00;0.00;12.59;66.13;6.43;0.00;0.00;2000.00;80.41;
"2019-10-03 14:50:00";17.30;12.90;12.90;0.00;0.00;0.00;0.00;0.00;0.00;0.00;12.64;65.90;6.42;0.00;0.00;2000.00;80.41;
"2019-10-03 14:55:00";18.80;13.00;12.90;0.00;0.00;0.00;0.00;0.00;0.00;0.00;13.28;65.25;6.89;0.00;0.00;2000.00;80.41;
"2019-10-03 15:00:00";19.30;13.10;13.00;0.00;0.00;0.00;0.00;0.00;0.00;0.00;14.02;63.51;7.20;0.00;0.00;2000.00;80.41;
"2019-10-03 15:05:00";18.50;13.10;13.00;0.00;0.00;0.00;0.00;0.00;0.00;0.00;13.71;61.18;6.36;0.00;0.00;2000.00;80.41;
"2019-10-03 15:10:00";19.40;13.10;13.00;0.00;0.00;0.00;0.00;0.00;0.00;0.00;13.72;61.24;6.38;0.00;0.00;2000.00;80.41;
"2019-10-03 15:15:00";19.10;13.20;13.10;0.00;0.00;0.00;0.00;0.00;0.00;0.00;13.85;60.04;6.22;0.00;0.00;2000.00;80.41;
"2019-10-03 15:20:00";18.50;13.20;13.10;0.00;0.00;0.00;0.00;0.00;0.00;0.00;13.74;59.73;6.04;0.00;0.00;2000.00;80.41;
"2019-10-03 15:25:00";18.30;13.30;13.20;0.00;0.00;0.00;0.00;0.00;0.00;0.00;13.53;60.12;5.94;0.00;0.00;2000.00;80.41;
"2019-10-03 15:30:00";18.30;13.30;13.20;0.00;0.00;0.00;0.00;0.00;0.00;0.00;13.43;60.02;5.82;0.00;0.00;2000.00;80.41;
"2019-10-03 15:35:00";18.50;13.30;13.20;0.00;0.00;0.00;0.00;0.00;0.00;0.00;13.50;60.62;6.03;0.00;0.00;2000.00;80.41;
"2019-10-03 15:40:00";18.40;13.40;13.30;0.00;0.00;0.00;0.00;0.00;0.00;0.00;13.34;61.02;5.97;0.00;0.00;2000.00;80.41;
"2019-10-03 15:45:00";18.50;13.40;13.30;0.00;0.00;0.00;0.00;0.00;0.00;0.00;13.10;61.63;5.89;0.00;0.00;2000.00;80.41;
"2019-10-03 15:50:00";18.70;13.40;13.30;0.00;0.00;0.00;0.00;0.00;0.00;0.00;13.29;61.87;6.12;0.00;0.00;2000.00;80.41;
"2019-10-03 15:55:00";18.30;13.40;13.40;0.00;0.00;0.00;0.00;0.00;0.00;0.00;13.28;61.26;5.97;0.00;0.00;2000.00;80.41;
"2019-10-03 16:00:00";18.10;13.40;13.40;0.00;0.00;0.00;0.00;0.00;0.00;0.00;13.08;60.82;5.68;0.00;0.00;2000.00;80.41;
"2019-10-03 16:05:00";17.70;13.40;13.40;0.00;0.00;0.00;0.00;0.00;0.00;0.00;13.03;61.49;5.79;0.00;0.00;2000.00;80.41;
"2019-10-03 16:10:00";17.40;13.40;13.40;0.00;0.00;0.00;0.00;0.00;0.00;0.00;12.93;62.00;5.82;0.00;0.00;2000.00;80.41;
"2019-10-03 16:15:00";17.30;13.50;13.40;0.00;0.00;0.00;0.00;0.00;0.00;0.00;12.79;62.82;5.87;0.00;0.00;2000.00;80.41;
"2019-10-03 16:20:00";17.20;13.50;13.40;0.00;0.00;0.00;0.00;0.00;0.00;0.00;12.72;63.44;5.96;0.00;0.00;2000.00;80.41;
"2019-10-03 16:25:00";17.10;13.50;13.50;0.00;0.00;0.00;0.00;0.00;0.00;0.00;12.64;64.07;6.01;0.00;0.00;2000.00;80.41;
"2019-10-03 16:55:00";15.20;13.70;13.60;0.00;109.00;0.00;1.00;0.00;0.00;0.00;11.86;68.11;6.16;0.38;0.00;2000.00;80.79;
"2019-10-03 17:00:00";14.80;13.70;13.60;0.00;93.00;0.00;1.00;0.00;0.00;0.00;11.83;68.84;6.29;0.00;0.00;2000.00;80.79;
"2019-10-03 17:05:00";14.60;13.70;13.60;0.00;82.00;0.00;1.00;0.00;0.00;0.00;11.86;69.46;6.44;0.00;0.00;2000.00;80.79;
"2019-10-03 17:10:00";14.10;13.70;13.60;0.00;93.00;0.00;1.00;0.00;0.00;0.00;11.79;70.12;6.52;0.00;0.00;2000.00;80.79;
"2019-10-03 17:15:00";13.80;13.70;13.60;0.00;82.00;0.00;1.00;0.00;0.00;0.00;11.86;70.69;6.70;0.00;0.00;2000.00;80.79;
"2019-10-03 17:20:00";13.60;13.70;13.70;0.00;69.00;0.00;1.00;0.00;0.00;0.00;11.85;70.81;6.72;0.00;0.00;2000.00;80.79;
"2019-10-03 17:25:00";13.50;13.70;13.70;0.00;51.00;0.00;1.00;0.00;0.00;0.00;11.93;71.16;6.86;0.00;0.00;2000.00;80.79;
"2019-10-03 17:30:00";13.40;13.80;13.70;0.00;51.00;0.00;1.00;0.00;0.00;0.00;11.97;71.41;6.95;0.00;0.00;2000.00;80.79;
"2019-10-03 17:35:00";13.20;13.80;13.70;0.00;48.00;0.00;1.00;0.00;0.00;0.00;11.95;71.47;6.95;0.00;0.00;2000.00;80.79;
"2019-10-03 17:40:00";13.20;13.80;13.70;0.00;43.00;0.00;1.00;0.00;0.00;0.00;11.79;71.73;6.85;0.00;0.00;2000.00;80.79;
"2019-10-03 17:45:00";13.00;13.80;13.70;0.00;36.00;0.00;1.00;0.00;0.00;0.00;11.83;71.91;6.92;0.00;0.00;2000.00;80.79;
"2019-10-03 17:50:00";12.80;13.80;13.70;0.00;28.00;0.00;0.00;0.00;0.00;0.00;11.80;72.06;6.92;0.00;0.00;2000.00;80.79;
"2019-10-03 17:55:00";12.70;13.80;13.70;0.00;19.00;0.00;0.00;0.00;0.00;0.00;11.75;72.15;6.90;0.00;0.00;2000.00;80.79;
"2019-10-03 18:00:00";12.60;13.80;13.70;0.00;11.00;0.00;0.00;0.00;0.00;0.00;11.73;71.93;6.83;0.00;0.00;2000.00;80.79;
"2019-10-03 18:05:00";12.50;13.70;13.70;0.00;0.00;0.00;0.00;0.00;0.00;0.00;11.50;72.17;6.66;0.00;0.00;2000.00;80.79;
"2019-10-03 18:10:00";12.50;13.70;13.70;0.00;0.00;0.00;0.00;0.00;0.00;0.00;11.55;72.52;6.78;0.00;0.00;2000.00;80.79;
"2019-10-03 18:15:00";12.60;13.70;13.70;0.00;0.00;0.00;0.00;0.00;0.00;0.00;11.44;72.33;6.64;0.00;0.00;2000.00;80.79;
"2019-10-03 18:20:00";12.60;13.70;13.70;0.00;0.00;0.00;0.00;0.00;0.00;0.00;11.47;72.24;6.65;0.00;0.00;2000.00;80.79;
"2019-10-03 18:25:00";12.70;13.70;13.70;0.00;0.00;0.00;0.00;0.00;0.00;0.00;11.57;72.29;6.75;0.00;0.00;2000.00;80.79;
"2019-10-03 18:30:00";12.40;13.70;13.70;0.00;0.00;0.00;0.00;0.00;0.00;0.00;11.61;72.38;6.80;0.00;0.00;2000.00;80.79;
"2019-10-03 18:35:00";12.30;13.70;13.70;0.00;0.00;0.00;0.00;0.00;0.00;0.00;11.71;72.26;6.88;0.00;0.00;2000.00;80.79;
"2019-10-03 18:40:00";12.30;13.70;13.70;0.00;0.00;0.00;0.00;0.00;0.00;0.00;11.47;72.11;6.62;0.00;0.00;2000.00;80.79;
"2019-10-03 18:45:00";12.20;13.60;13.60;0.00;0.00;0.00;0.00;0.00;0.00;0.00;11.22;72.16;6.38;0.00;0.00;2000.00;80.79;
"2019-10-03 18:50:00";12.00;13.70;13.70;0.00;0.00;0.00;0.00;0.00;0.00;0.00;10.93;72.12;6.10;0.00;0.00;2000.00;80.79;
"2019-10-03 18:55:00";11.80;13.60;13.60;0.00;0.00;0.00;0.00;0.00;0.00;0.00;10.65;72.31;5.86;0.00;0.00;2000.00;80.79;
"2019-10-03 19:00:00";11.70;13.60;13.60;0.00;0.00;0.00;0.00;0.00;0.00;0.00;10.49;72.57;5.77;0.00;0.00;2000.00;80.79;
"2019-10-03 19:05:00";11.70;13.60;13.60;0.00;0.00;0.00;0.00;0.00;0.00;0.00;10.31;72.70;5.62;0.00;0.00;2000.00;80.79;
"2019-10-03 19:10:00";11.70;13.60;13.60;0.00;0.00;0.00;0.00;0.00;0.00;0.00;10.21;72.98;5.58;0.00;0.00;2000.00;80.79;
"2019-10-03 19:15:00";11.60;13.60;13.60;0.00;0.00;0.00;0.00;0.00;0.00;0.00;10.14;73.13;5.54;0.00;0.00;2000.00;80.79;
"2019-10-03 19:20:00";11.40;13.50;13.60;0.00;0.00;0.00;0.00;0.00;0.00;0.00;10.03;73.36;5.48;0.00;0.00;2000.00;80.79;
"2019-10-03 19:25:00";11.30;13.50;13.50;0.00;0.00;0.00;0.00;0.00;0.00;0.00;9.94;73.58;5.44;0.00;0.00;2000.00;80.79;
"2019-10-03 19:30:00";11.10;13.50;13.50;0.00;0.00;0.00;0.00;0.00;0.00;0.00;9.80;73.86;5.35;0.00;0.00;2000.00;80.79;
"2019-10-03 19:35:00";10.80;13.50;13.50;0.00;0.00;0.00;0.00;0.00;0.00;0.00;9.57;74.21;5.20;0.00;0.00;2000.00;80.79;
"2019-10-03 19:40:00";10.60;13.40;13.50;0.00;0.00;0.00;0.00;0.00;0.00;0.00;9.32;74.85;5.08;0.00;0.00;2000.00;80.79;
"2019-10-03 19:45:00";10.60;13.40;13.50;0.00;0.00;0.00;0.00;0.00;0.00;0.00;9.16;75.77;5.10;0.00;0.00;2000.00;80.79;
"2019-10-03 19:50:00";10.60;13.40;13.50;0.00;0.00;0.00;0.00;0.00;0.00;0.00;9.07;76.71;5.20;0.00;0.00;2000.00;80.79;
"2019-10-03 19:55:00";10.70;13.40;13.50;0.00;0.00;0.00;0.00;0.00;0.00;0.00;8.93;77.55;5.21;0.00;0.00;2000.00;80.79;
"2019-10-03 20:00:00";10.70;13.40;13.40;0.00;0.00;0.00;0.00;0.00;0.00;0.00;8.87;78.40;5.31;0.00;0.00;2000.00;80.79;
"2019-10-03 20:05:00";10.80;13.40;13.40;0.00;0.00;0.00;0.00;0.00;0.00;0.00;8.92;79.36;5.54;0.00;0.00;2000.00;80.79;
"2019-10-03 20:10:00";10.80;13.40;13.40;0.00;0.00;0.00;0.00;0.00;0.00;0.00;9.04;80.09;5.79;0.00;0.00;2000.00;80.79;
"2019-10-03 20:15:00";10.70;13.30;13.40;0.00;0.00;0.00;0.00;0.00;0.00;0.00;9.03;80.51;5.86;0.00;0.00;2000.00;80.79;
"2019-10-03 20:20:00";10.60;13.30;13.40;0.00;0.00;0.00;0.00;0.00;0.00;0.00;8.99;81.05;5.91;0.00;0.00;2000.00;80.79;
"2019-10-03 20:25:00";10.70;13.30;13.40;0.00;0.00;0.00;0.00;0.00;0.00;0.00;8.93;81.67;5.97;0.00;0.00;2000.00;80.79;
"2019-10-03 20:30:00";10.70;13.30;13.40;0.00;0.00;0.00;0.00;0.00;0.00;0.00;8.88;82.21;6.01;0.00;0.00;2000.00;80.79;
"2019-10-03 20:35:00";10.70;13.30;13.40;0.00;0.00;0.00;0.00;0.00;0.00;0.00;8.85;82.68;6.06;0.00;0.00;2000.00;80.79;
"2019-10-03 20:40:00";10.70;13.20;13.40;0.00;0.00;0.00;0.00;0.00;0.00;0.00;8.83;83.13;6.12;0.00;0.00;2000.00;80.79;
"2019-10-03 20:45:00";10.70;13.20;13.40;0.00;0.00;0.00;0.00;0.00;0.00;0.00;8.78;83.55;6.15;0.00;0.00;2000.00;80.79;
"2019-10-03 20:50:00";10.70;13.20;13.30;0.00;0.00;0.00;0.00;0.00;0.00;0.00;8.70;83.93;6.13;0.00;0.00;2000.00;80.79;
"2019-10-03 20:55:00";10.80;13.20;13.30;0.00;0.00;0.00;0.00;0.00;0.00;0.00;8.64;84.36;6.15;0.00;0.00;2000.00;80.79;
"2019-10-03 21:00:00";10.70;13.10;13.30;0.00;0.00;0.00;0.00;0.00;0.00;0.00;8.62;84.73;6.20;0.00;0.00;2000.00;80.79;
"2019-10-03 21:05:00";10.80;13.10;13.20;0.00;0.00;0.00;0.00;0.00;0.00;0.00;8.61;85.07;6.24;0.00;0.00;2000.00;80.79;
"2019-10-03 21:10:00";10.80;13.10;13.20;0.00;0.00;0.00;0.00;0.00;0.00;0.00;8.58;85.38;6.26;0.00;0.00;2000.00;80.79;
"2019-10-03 21:15:00";10.70;13.00;13.20;0.00;0.00;0.00;0.00;0.00;0.00;0.00;8.60;85.77;6.35;0.00;0.00;2000.00;80.79;
"2019-10-03 21:20:00";10.50;13.00;13.20;0.00;0.00;0.00;0.00;0.00;0.00;0.00;8.59;86.02;6.38;0.00;0.00;2000.00;80.79;
"2019-10-03 21:25:00";10.50;13.00;13.20;0.00;0.00;0.00;0.00;0.00;0.00;0.00;8.62;86.32;6.47;0.00;0.00;2000.00;80.79;
"2019-10-03 21:30:00";10.40;13.00;13.20;0.00;0.00;0.00;0.00;0.00;0.00;0.00;8.62;86.55;6.50;0.00;0.00;2000.00;80.79;
"2019-10-03 21:35:00";10.30;12.90;13.10;0.00;0.00;0.00;0.00;0.00;0.00;0.00;8.57;86.73;6.49;0.00;0.00;2000.00;80.79;
"2019-10-03 21:40:00";10.20;12.90;13.10;0.00;0.00;0.00;0.00;0.00;0.00;0.00;8.50;86.98;6.45;0.00;0.00;2000.00;80.79;
"2019-10-03 21:45:00";10.00;12.90;13.10;0.00;0.00;0.00;0.00;0.00;0.00;0.00;8.39;87.13;6.37;0.00;0.00;2000.00;80.79;
"2019-10-03 21:50:00";10.00;12.90;13.10;0.00;0.00;0.00;0.00;0.00;0.00;0.00;8.30;87.36;6.32;0.00;0.00;2000.00;80.79;
"2019-10-03 21:55:00";9.90;12.90;13.00;0.00;0.00;0.00;0.00;0.00;0.00;0.00;8.26;87.56;6.32;0.00;0.00;2000.00;80.79;
"2019-10-03 22:00:00";9.90;12.90;13.00;0.00;0.00;0.00;0.00;0.00;0.00;0.00;8.18;87.75;6.27;0.00;0.00;2000.00;80.79;
"2019-10-03 22:05:00";9.90;12.80;13.00;0.00;0.00;0.00;0.00;0.00;0.00;0.00;8.13;87.98;6.26;0.00;0.00;2000.00;80.79;
"2019-10-03 22:10:00";9.90;12.80;13.00;0.00;0.00;0.00;0.00;0.00;0.00;0.00;8.10;88.15;6.25;0.00;0.00;2000.00;80.79;
"2019-10-03 22:15:00";9.90;12.80;13.00;0.00;14.00;0.00;0.00;0.00;0.00;0.00;8.11;88.35;6.29;0.00;0.00;2000.00;80.79;
"2019-10-03 22:20:00";9.90;12.80;12.90;0.00;11.00;0.00;0.00;0.00;0.00;0.00;8.14;88.56;6.37;0.01;0.00;2000.00;80.80;
"2019-10-03 22:25:00";9.90;12.70;12.90;0.00;16.00;0.00;0.00;0.00;0.00;0.00;8.21;88.70;6.45;0.00;0.00;2000.00;80.80;
"2019-10-03 22:30:00";9.80;12.70;12.90;0.00;14.00;0.00;0.00;0.00;0.00;0.00;8.15;88.76;6.41;0.00;0.00;2000.00;80.80;
"2019-10-03 22:35:00";9.50;12.70;12.90;0.00;0.00;0.00;0.00;0.00;0.00;0.00;8.16;88.86;6.43;0.00;0.00;2000.00;80.80;
"2019-10-03 22:40:00";9.40;12.70;12.90;0.00;0.00;0.00;0.00;0.00;0.00;0.00;8.10;88.97;6.39;0.00;0.00;2000.00;80.80;
"2019-10-03 22:45:00";9.20;12.70;12.80;0.00;0.00;0.00;0.00;0.00;0.00;0.00;8.01;89.09;6.33;0.00;0.00;2000.00;80.80;
"2019-10-03 22:50:00";9.20;12.60;12.80;0.00;0.00;0.00;0.00;0.00;0.00;0.00;7.93;89.21;6.26;0.00;0.00;2000.00;80.80;
"2019-10-03 22:55:00";9.20;12.60;12.80;0.00;0.00;0.00;0.00;0.00;0.00;0.00;7.94;89.48;6.32;0.00;0.00;2000.00;80.80;
"2019-10-03 23:00:00";9.30;12.60;12.80;0.00;0.00;0.00;0.00;0.00;0.00;0.00;7.92;89.71;6.33;0.00;0.00;2000.00;80.80;
"2019-10-03 23:05:00";9.30;12.60;12.80;0.00;0.00;0.00;0.00;0.00;0.00;0.00;7.97;90.02;6.44;0.00;0.00;2000.00;80.80;
"2019-10-03 23:10:00";9.10;12.50;12.80;0.00;0.00;0.00;0.00;0.00;0.00;0.00;8.03;89.73;6.44;0.00;0.00;2000.00;80.80;
"2019-10-03 23:15:00";9.00;12.50;12.70;0.00;0.00;0.00;0.00;0.00;0.00;0.00;7.93;89.75;6.35;0.00;0.00;2000.00;80.80;
"2019-10-03 23:20:00";8.90;12.50;12.70;0.00;0.00;0.00;0.00;0.00;0.00;0.00;7.83;89.96;6.28;0.00;0.00;2000.00;80.80;
"2019-10-03 23:25:00";8.70;12.50;12.70;0.00;0.00;0.00;0.00;0.00;0.00;0.00;7.69;90.08;6.17;0.00;0.00;2000.00;80.80;
"2019-10-03 23:30:00";8.60;12.50;12.70;0.00;0.00;0.00;0.00;0.00;0.00;0.00;7.52;90.05;6.00;0.00;0.00;2000.00;80.80;
"2019-10-03 23:35:00";8.50;12.50;12.70;0.00;0.00;0.00;0.00;0.00;0.00;0.00;7.39;90.53;5.94;0.00;0.00;2000.00;80.80;
"2019-10-03 23:40:00";8.30;12.40;12.60;0.00;0.00;0.00;0.00;0.00;0.00;0.00;7.29;90.46;5.83;0.00;0.00;2000.00;80.80;
"2019-10-03 23:45:00";8.20;12.40;12.60;0.00;0.00;0.00;0.00;0.00;0.00;0.00;7.13;90.61;5.70;0.00;0.00;2000.00;80.80;
"2019-10-03 23:50:00";8.20;12.40;12.60;0.00;0.00;0.00;0.00;0.00;0.00;0.00;7.06;90.88;5.67;0.00;0.00;2000.00;80.80;
"2019-10-03 23:55:00";8.10;12.40;12.60;0.00;0.00;0.00;0.00;0.00;0.00;0.00;6.99;91.03;5.62;0.00;0.00;2000.00;80.80;
"2019-10-04 00:00:00";8.00;12.30;12.50;0.00;0.00;0.00;0.00;0.00;0.00;0.00;6.97;91.24;5.64;0.00;0.00;2000.00;80.80;
"2019-10-04 00:05:00";7.90;12.30;12.50;0.00;0.00;0.00;0.00;0.00;0.00;0.00;6.85;91.26;5.52;0.00;0.00;2000.00;80.80;
"2019-10-04 00:10:00";7.80;12.30;12.50;0.00;0.00;0.00;0.00;0.00;0.00;0.00;6.69;91.38;5.39;0.00;0.00;2000.00;80.80;
"2019-10-04 00:15:00";7.80;12.20;12.50;0.00;0.00;0.00;0.00;0.00;0.00;0.00;6.58;91.52;5.30;0.00;0.00;2000.00;80.80;
"2019-10-04 00:20:00";7.70;12.20;12.50;0.00;0.00;0.00;0.00;0.00;0.00;0.00;6.43;91.56;5.15;0.00;0.00;2000.00;80.80;
"2019-10-04 00:25:00";7.60;12.20;12.40;0.00;0.00;0.00;0.00;0.00;0.00;0.00;6.30;91.99;5.10;0.00;0.00;2000.00;80.80;
"2019-10-04 00:30:00";7.50;12.20;12.40;0.00;0.00;0.00;0.00;0.00;0.00;0.00;6.31;92.25;5.15;0.00;0.00;2000.00;80.80;
"2019-10-04 00:35:00";7.50;12.20;12.40;0.00;0.00;0.00;0.00;0.00;0.00;0.00;6.30;92.14;5.12;0.00;0.00;2000.00;80.80;
"2019-10-04 00:40:00";7.50;12.20;12.40;0.00;0.00;0.00;0.00;0.00;0.00;0.00;6.18;92.26;5.02;0.00;0.00;2000.00;80.80;
"2019-10-04 00:45:00";7.60;12.20;12.30;0.00;0.00;0.00;0.00;0.00;0.00;0.00;6.27;92.97;5.21;0.00;0.00;2000.00;80.80;
"2019-10-04 00:50:00";7.80;12.20;12.30;0.00;0.00;0.00;0.00;0.00;0.00;0.00;6.40;93.00;5.35;0.00;0.00;2000.00;80.80;
"2019-10-04 00:55:00";7.80;12.10;12.30;0.00;0.00;0.00;0.00;0.00;0.00;0.00;6.43;93.04;5.39;0.00;0.00;2000.00;80.80;
"2019-10-04 01:00:00";8.00;12.10;12.30;0.00;0.00;0.00;0.00;0.00;0.00;0.00;6.61;93.33;5.61;0.00;0.00;2000.00;80.80;
"2019-10-04 01:05:00";8.20;12.10;12.20;0.00;0.00;0.00;0.00;0.00;0.00;0.00;6.70;93.49;5.73;0.00;0.00;2000.00;80.80;
"2019-10-04 01:10:00";8.30;12.00;12.20;0.00;0.00;0.00;0.00;0.00;0.00;0.00;6.89;93.55;5.92;0.00;0.00;2000.00;80.80;
"2019-10-04 01:15:00";8.50;12.00;12.20;0.00;0.00;0.00;0.00;0.00;0.00;0.00;6.90;93.67;5.95;0.00;0.00;2000.00;80.80;
"2019-10-04 01:20:00";8.60;12.00;12.20;0.00;0.00;0.00;0.00;0.00;0.00;0.00;6.85;93.69;5.90;0.00;0.00;2000.00;80.80;
"2019-10-04 01:25:00";8.60;12.00;12.20;0.00;0.00;0.00;0.00;0.00;0.00;0.00;6.85;93.85;5.93;0.00;0.00;2000.00;80.80;
"2019-10-04 01:30:00";8.60;12.00;12.20;0.00;0.00;0.00;0.00;0.00;0.00;0.00;6.86;93.97;5.95;0.00;0.00;2000.00;80.80;
"2019-10-04 01:35:00";8.60;11.90;12.20;0.00;0.00;0.00;0.00;0.00;0.00;0.00;6.76;94.08;5.88;0.00;0.00;2000.00;80.80;
"2019-10-04 01:40:00";8.60;11.90;12.20;0.00;0.00;0.00;0.00;0.00;0.00;0.00;6.72;94.25;5.86;0.00;0.00;2000.00;80.80;
"2019-10-04 01:45:00";8.70;11.90;12.10;0.00;0.00;0.00;0.00;0.00;0.00;0.00;6.70;94.56;5.89;0.00;0.00;2000.00;80.80;
"2019-10-04 01:50:00";8.80;11.80;12.10;0.00;0.00;0.00;0.00;0.00;0.00;0.00;6.71;94.39;5.87;0.00;0.00;2000.00;80.80;
"2019-10-04 01:55:00";8.80;11.80;12.10;0.00;0.00;0.00;0.00;0.00;0.00;0.00;6.72;94.69;5.93;0.00;0.00;2000.00;80.80;
"2019-10-04 02:00:00";8.90;11.80;12.10;0.00;0.00;0.00;0.00;0.00;0.00;0.00;6.77;94.95;6.02;0.00;0.00;2000.00;80.80;
"2019-10-04 02:05:00";8.90;11.80;12.00;0.00;0.00;0.00;0.00;0.00;0.00;0.00;6.85;95.08;6.11;0.00;0.00;2000.00;80.80;
"2019-10-04 02:10:00";8.90;11.80;12.00;0.00;0.00;0.00;0.00;0.00;0.00;0.00;6.97;95.17;6.25;0.00;0.00;2000.00;80.80;
"2019-10-04 02:15:00";9.00;11.80;12.00;0.00;0.00;0.00;0.00;0.00;0.00;0.00;6.98;95.22;6.27;0.00;0.00;2000.00;80.80;
"2019-10-04 02:20:00";9.00;11.70;12.00;0.00;0.00;0.00;0.00;0.00;0.00;0.00;6.96;95.23;6.25;0.00;0.00;2000.00;80.80;
"2019-10-04 02:25:00";9.00;11.70;12.00;0.00;0.00;0.00;0.00;0.00;0.00;0.00;6.94;95.30;6.24;0.00;0.00;2000.00;80.80;
"2019-10-04 02:30:00";9.00;11.70;12.00;0.00;0.00;0.00;0.00;0.00;0.00;0.00;6.89;95.51;6.22;0.00;0.00;2000.00;80.80;
"2019-10-04 02:35:00";9.00;11.70;12.00;0.00;0.00;0.00;0.00;0.00;0.00;0.00;6.92;95.69;6.27;0.00;0.00;2000.00;80.80;
"2019-10-04 02:40:00";9.10;11.60;11.90;0.00;0.00;0.00;0.00;0.00;0.00;0.00;6.97;95.89;6.36;0.00;0.00;2000.00;80.80;
"2019-10-04 02:45:00";9.10;11.70;11.90;0.00;0.00;0.00;0.00;0.00;0.00;0.00;6.98;95.81;6.36;0.00;0.00;2000.00;80.80;
"2019-10-04 02:50:00";9.20;11.60;11.90;0.00;0.00;0.00;0.00;0.00;0.00;0.00;6.95;95.84;6.33;0.00;0.00;2000.00;80.80;
"2019-10-04 02:55:00";9.20;11.60;11.90;0.00;0.00;0.00;0.00;0.00;0.00;0.00;6.96;96.05;6.38;0.00;0.00;2000.00;80.80;
"2019-10-04 03:00:00";9.30;11.60;11.90;0.00;0.00;0.00;0.00;0.00;0.00;0.00;6.99;96.15;6.42;0.00;0.00;2000.00;80.80;
"2019-10-04 03:05:00";9.30;11.60;11.90;0.00;0.00;0.00;0.00;0.00;0.00;0.00;7.04;96.27;6.48;0.00;0.00;2000.00;80.80;
"2019-10-04 03:10:00";9.30;11.60;11.80;0.00;0.00;0.00;0.00;0.00;0.00;0.00;7.07;96.42;6.54;0.00;0.00;2000.00;80.80;
"2019-10-04 03:15:00";9.30;11.60;11.90;0.00;0.00;0.00;0.00;0.00;0.00;0.00;7.07;96.43;6.54;0.00;0.00;2000.00;80.80;
"2019-10-04 03:20:00";9.30;11.60;11.80;0.00;0.00;0.00;0.00;0.00;0.00;0.00;7.14;96.54;6.62;0.00;0.00;2000.00;80.80;
"2019-10-04 03:25:00";9.30;11.50;11.80;0.00;0.00;0.00;0.00;0.00;0.00;0.00;7.09;96.65;6.60;0.00;0.00;2000.00;80.80;
"2019-10-04 03:30:00";9.30;11.50;11.80;0.00;0.00;0.00;0.00;0.00;0.00;0.00;7.10;96.65;6.60;0.00;0.00;2000.00;80.80;
"2019-10-04 03:35:00";9.30;11.50;11.80;0.00;0.00;0.00;0.00;0.00;0.00;0.00;7.13;96.77;6.65;0.00;0.00;2000.00;80.80;
"2019-10-04 03:40:00";9.20;11.50;11.80;0.00;0.00;0.00;0.00;0.00;0.00;0.00;7.14;96.87;6.67;0.00;0.00;2000.00;80.80;
"2019-10-04 03:45:00";9.20;11.50;11.80;0.00;0.00;0.00;0.00;0.00;0.00;0.00;7.11;96.92;6.65;0.00;0.00;2000.00;80.80;
"2019-10-04 03:50:00";9.20;11.50;11.80;0.00;0.00;0.00;0.00;0.00;0.00;0.00;7.18;97.02;6.74;0.00;0.00;2000.00;80.80;
"2019-10-04 03:55:00";9.30;11.50;11.80;0.00;0.00;0.00;0.00;0.00;0.00;0.00;7.14;97.01;6.70;0.00;0.00;2000.00;80.80;
"2019-10-04 04:00:00";9.20;11.50;11.70;0.00;0.00;0.00;0.00;0.00;0.00;0.00;7.10;97.07;6.66;0.00;0.00;2000.00;80.80;
"2019-10-04 04:05:00";9.20;11.50;11.70;0.00;0.00;0.00;0.00;0.00;0.00;0.00;7.13;97.13;6.71;0.00;0.00;2000.00;80.80;
"2019-10-04 04:10:00";9.20;11.50;11.70;0.00;0.00;0.00;0.00;0.00;0.00;0.00;7.13;97.24;6.72;0.00;0.00;2000.00;80.80;
"2019-10-04 04:15:00";9.10;11.40;11.70;0.00;0.00;0.00;0.00;0.00;0.00;0.00;7.10;97.20;6.69;0.00;0.00;2000.00;80.80;
"2019-10-04 04:20:00";9.10;11.40;11.70;0.00;0.00;0.00;0.00;0.00;0.00;0.00;7.07;97.26;6.67;0.00;0.00;2000.00;80.80;
"2019-10-04 04:25:00";9.10;11.40;11.70;0.00;0.00;0.00;0.00;0.00;0.00;0.00;7.04;97.35;6.65;0.00;0.00;2000.00;80.80;
"2019-10-04 04:30:00";9.10;11.40;11.70;0.00;0.00;0.00;0.00;0.00;0.00;0.00;7.09;97.49;6.72;0.00;0.00;2000.00;80.80;
"2019-10-04 04:35:00";9.10;11.40;11.70;0.00;0.00;0.00;0.00;0.00;0.00;0.00;7.04;97.45;6.67;0.00;0.00;2000.00;80.80;
"2019-10-04 04:40:00";9.10;11.40;11.70;0.00;0.00;0.00;0.00;0.00;0.00;0.00;7.06;97.56;6.70;0.00;0.00;2000.00;80.80;
"2019-10-04 04:45:00";9.10;11.40;11.70;0.00;0.00;0.00;0.00;0.00;0.00;0.00;7.02;97.53;6.66;0.00;0.00;2000.00;80.80;
"2019-10-04 04:50:00";9.10;11.40;11.60;0.00;0.00;0.00;0.00;0.00;0.00;0.00;7.06;97.56;6.70;0.00;0.00;2000.00;80.80;
"2019-10-04 04:55:00";9.10;11.40;11.60;0.00;0.00;0.00;0.00;0.00;0.00;0.00;7.06;97.63;6.71;0.00;0.00;2000.00;80.80;
"2019-10-04 05:00:00";9.20;11.40;11.60;0.00;0.00;0.00;0.00;0.00;0.00;0.00;7.03;97.67;6.68;0.00;0.00;2000.00;80.80;
"2019-10-04 05:05:00";9.20;11.40;11.60;0.00;0.00;0.00;0.00;0.00;0.00;0.00;7.07;97.72;6.73;0.00;0.00;2000.00;80.80;
"2019-10-04 05:10:00";9.10;11.30;11.60;0.00;0.00;0.00;0.00;0.00;0.00;0.00;7.04;97.72;6.71;0.00;0.00;2000.00;80.80;
"2019-10-04 05:15:00";9.10;11.40;11.60;0.00;0.00;0.00;0.00;0.00;0.00;0.00;7.06;97.82;6.74;0.00;0.00;2000.00;80.80;
"2019-10-04 05:20:00";9.10;11.30;11.60;0.00;0.00;0.00;0.00;0.00;0.00;0.00;7.01;97.81;6.69;0.00;0.00;2000.00;80.80;
"2019-10-04 05:25:00";9.10;11.30;11.60;0.00;0.00;0.00;0.00;0.00;0.00;0.00;7.02;97.83;6.70;0.00;0.00;2000.00;80.80;
"2019-10-04 05:30:00";9.10;11.30;11.60;0.00;0.00;0.00;0.00;0.00;0.00;0.00;7.03;97.83;6.71;0.00;0.00;2000.00;80.80;
"2019-10-04 05:35:00";9.00;11.30;11.60;0.00;0.00;0.00;0.00;0.00;0.00;0.00;7.01;97.84;6.69;0.00;0.00;2000.00;80.80;
"2019-10-04 05:40:00";9.00;11.30;11.60;0.00;0.00;0.00;0.00;0.00;0.00;0.00;7.01;97.86;6.69;0.00;0.00;2000.00;80.80;
"2019-10-04 05:45:00";9.00;11.30;11.60;0.00;0.00;0.00;0.00;0.00;0.00;0.00;6.99;97.97;6.69;0.00;0.00;2000.00;80.80;
"2019-10-04 05:50:00";9.00;11.30;11.50;0.00;0.00;0.00;0.00;0.00;0.00;0.00;6.99;97.91;6.68;0.00;0.00;2000.00;80.80;
"2019-10-04 05:55:00";9.00;11.30;11.50;0.00;0.00;0.00;0.00;0.00;0.00;0.00;6.98;98.01;6.68;0.00;0.00;2000.00;80.80;
"2019-10-04 06:00:00";9.00;11.30;11.50;0.00;0.00;0.00;0.00;0.00;0.00;1.35;6.93;97.98;6.63;0.00;0.00;2000.00;80.80;
"2019-10-04 06:05:00";9.00;11.30;11.50;0.00;0.00;0.00;0.00;1.63;283.98;1.86;6.93;97.95;6.62;0.00;0.00;2000.00;80.80;
"2019-10-04 06:10:00";9.00;11.30;11.50;0.00;0.00;0.00;0.00;0.64;306.78;1.49;6.90;97.99;6.61;0.00;0.00;2000.00;80.80;
"2019-10-04 06:15:00";9.00;11.20;11.50;0.00;0.00;0.00;0.00;0.00;0.00;2.26;6.88;97.94;6.58;0.00;0.00;2000.00;80.80;
"2019-10-04 06:20:00";9.00;11.20;11.50;0.00;0.00;0.00;0.00;1.29;301.19;1.47;6.83;97.97;6.53;0.00;0.00;2000.00;80.80;
"2019-10-04 06:25:00";8.90;11.20;11.50;0.00;0.00;0.00;0.00;0.00;0.00;0.00;6.83;98.01;6.54;0.00;0.00;2000.00;80.80;
"2019-10-04 06:30:00";8.90;11.20;11.50;0.00;0.00;0.00;0.00;0.00;0.00;0.96;6.80;98.02;6.51;0.00;0.00;2000.00;80.80;
"2019-10-04 06:35:00";8.90;11.20;11.50;0.00;0.00;0.00;0.00;0.00;0.00;0.00;6.78;98.06;6.50;0.00;0.00;2000.00;80.80;
"2019-10-04 06:40:00";8.90;11.20;11.50;0.00;0.00;0.00;0.00;0.00;0.00;0.00;6.78;98.09;6.50;0.00;0.00;2000.00;80.80;
"2019-10-04 06:45:00";8.80;11.20;11.50;0.00;0.00;0.00;0.00;0.00;0.00;0.00;6.72;98.10;6.44;0.00;0.00;2000.00;80.80;
"2019-10-04 06:50:00";8.60;11.20;11.50;0.00;0.00;0.00;0.00;0.00;0.00;1.52;6.64;97.92;6.33;0.00;0.00;2000.00;80.80;
"2019-10-04 06:55:00";8.50;11.20;11.40;0.00;0.00;0.00;0.00;0.00;0.00;0.00;6.50;98.01;6.21;0.00;0.00;2000.00;80.80;
"2019-10-04 07:00:00";8.40;11.20;11.40;0.00;0.00;0.00;0.00;0.00;0.00;0.00;6.54;98.16;6.27;0.00;0.00;2000.00;80.80;
"2019-10-04 07:05:00";8.30;11.20;11.40;0.00;0.00;0.00;0.00;0.00;0.00;0.58;6.45;98.11;6.17;0.00;0.00;2000.00;80.80;
"2019-10-04 07:10:00";8.20;11.20;11.40;0.00;0.00;0.00;0.00;0.00;0.00;0.00;6.48;98.11;6.21;0.00;0.00;2000.00;80.80;
"2019-10-04 07:15:00";8.20;11.20;11.40;0.00;0.00;0.00;0.00;0.00;0.00;0.00;6.43;98.20;6.17;0.00;0.00;2000.00;80.80;
"2019-10-04 07:20:00";8.30;11.20;11.40;0.00;0.00;0.00;0.00;0.00;0.00;0.00;6.29;98.01;6.00;0.00;0.00;2000.00;80.80;
"2019-10-04 07:25:00";8.50;11.20;11.40;0.00;0.00;0.00;0.00;0.00;0.00;0.53;6.43;98.43;6.20;0.00;0.00;2000.00;80.80;
"2019-10-04 07:30:00";8.60;11.20;11.40;0.00;0.00;0.00;0.00;0.00;0.00;0.00;6.50;98.35;6.26;0.00;0.00;2000.00;80.80;
"2019-10-04 07:35:00";8.70;11.20;11.40;0.00;0.00;0.00;0.00;0.00;0.00;1.53;6.68;98.55;6.47;0.00;0.00;2000.00;80.80;
"2019-10-04 07:40:00";8.80;11.20;11.30;0.00;0.00;0.00;0.00;0.00;0.00;0.54;6.70;98.22;6.44;0.00;0.00;2000.00;80.80;
"2019-10-04 07:45:00";8.90;11.20;11.30;0.00;0.00;0.00;0.00;0.00;0.00;0.00;6.67;98.35;6.43;0.00;0.00;2000.00;80.80;
"2019-10-04 07:50:00";9.00;11.10;11.30;0.00;0.00;0.00;0.00;0.00;0.00;0.82;6.71;98.37;6.47;0.00;0.00;2000.00;80.80;
"2019-10-04 07:55:00";9.10;11.20;11.30;0.00;0.00;0.00;0.00;0.00;0.00;0.96;6.81;98.42;6.58;0.00;0.00;2000.00;80.80;
"2019-10-04 08:00:00";9.20;11.10;11.30;0.00;0.00;0.00;0.00;0.00;0.00;0.00;6.79;98.30;6.54;0.00;0.00;2000.00;80.80;
"2019-10-04 08:05:00";9.30;11.10;11.30;0.00;0.00;0.00;0.00;0.00;0.00;0.00;6.85;98.35;6.61;0.00;0.00;2000.00;80.80;
"2019-10-04 08:10:00";9.20;11.10;11.30;0.00;0.00;0.00;0.00;0.00;0.00;0.00;6.85;98.30;6.60;0.00;0.00;2000.00;80.80;
"2019-10-04 08:15:00";9.30;11.10;11.30;0.00;0.00;0.00;0.00;0.00;0.00;0.00;6.85;98.28;6.60;0.00;0.00;2000.00;80.80;
"2019-10-04 08:20:00";9.40;11.10;11.30;0.00;0.00;0.00;0.00;0.00;0.00;0.00;6.83;98.37;6.59;0.00;0.00;2000.00;80.80;
"2019-10-04 08:25:00";9.40;11.10;11.20;0.00;0.00;0.00;0.00;0.00;0.00;0.00;6.91;98.56;6.70;0.00;0.00;2000.00;80.80;
"2019-10-04 08:30:00";9.40;11.10;11.20;0.00;0.00;0.00;0.00;0.00;0.00;0.00;6.96;98.36;6.72;0.00;0.00;2000.00;80.80;
"2019-10-04 08:35:00";9.40;11.00;11.20;0.00;0.00;0.00;0.00;0.00;0.00;1.42;6.95;98.58;6.74;0.00;0.00;2000.00;80.80;
"2019-10-04 08:40:00";9.40;11.00;11.20;0.00;0.00;0.00;0.00;0.00;0.00;1.58;6.97;98.64;6.77;0.00;0.00;2000.00;80.80;
"2019-10-04 08:45:00";9.40;11.00;11.20;0.00;0.00;0.00;0.00;0.00;0.00;0.00;7.08;98.62;6.87;0.00;0.00;2000.00;80.80;
"2019-10-04 08:50:00";9.40;11.00;11.20;0.00;0.00;0.00;0.00;0.00;0.00;0.00;6.99;98.64;6.79;0.00;0.00;2000.00;80.80;
"2019-10-04 08:55:00";9.40;11.10;11.20;0.00;0.00;0.00;0.00;0.74;321.19;0.74;7.08;98.69;6.89;0.00;0.00;2000.00;80.80;
"2019-10-04 09:00:00";9.50;11.00;11.20;0.00;0.00;0.00;0.00;0.00;0.00;0.00;7.03;98.47;6.81;0.00;0.00;2000.00;80.80;
"2019-10-04 09:05:00";9.50;11.00;11.20;0.00;0.00;0.00;0.00;0.00;0.00;0.00;7.05;98.65;6.85;0.00;0.00;2000.00;80.80;
"2019-10-04 09:10:00";9.70;11.00;11.20;0.00;0.00;0.00;0.00;0.00;0.00;0.00;7.08;98.69;6.89;0.00;0.00;2000.00;80.80;
"2019-10-04 09:15:00";9.90;11.00;11.20;0.00;0.00;0.00;0.00;0.00;0.00;0.00;7.21;98.91;7.05;0.00;0.00;2000.00;80.80;
"2019-10-04 09:20:00";10.00;11.00;11.20;0.00;0.00;0.00;0.00;0.00;0.00;0.00;7.27;98.73;7.08;0.00;0.00;2000.00;80.80;
"2019-10-04 09:25:00";10.10;11.00;11.20;0.00;0.00;0.00;0.00;0.00;0.00;0.77;7.29;98.64;7.09;0.00;0.00;2000.00;80.80;
"2019-10-04 09:30:00";10.10;11.00;11.20;0.00;0.00;0.00;0.00;0.00;0.00;0.00;7.30;98.84;7.13;0.00;0.00;2000.00;80.80;
"2019-10-04 09:35:00";10.20;11.00;11.20;0.00;0.00;0.00;0.00;0.00;0.00;0.00;7.36;98.91;7.20;0.00;0.00;2000.00;80.80;
"2019-10-04 09:40:00";10.30;11.00;11.20;0.00;0.00;0.00;0.00;0.00;0.00;0.00;7.36;98.92;7.20;0.00;0.00;2000.00;80.80;
"2019-10-04 09:45:00";10.60;11.00;11.20;0.00;0.00;0.00;0.00;0.00;0.00;0.00;7.45;98.86;7.28;0.00;0.00;2000.00;80.80;
"2019-10-04 09:50:00";10.70;11.00;11.20;0.00;0.00;0.00;0.00;0.00;0.00;0.00;7.36;98.72;7.17;0.00;0.00;2000.00;80.80;
"2019-10-04 09:55:00";10.70;11.00;11.20;0.00;0.00;0.00;0.00;0.00;0.00;1.59;7.55;98.69;7.36;0.00;0.00;2000.00;80.80;
"2019-10-04 10:00:00";10.90;11.00;11.20;0.00;0.00;0.00;0.00;0.00;0.00;0.00;7.51;98.89;7.35;0.00;0.00;2000.00;80.80;
"2019-10-04 10:05:00";10.80;11.00;11.20;0.00;0.00;0.00;0.00;0.00;0.00;0.00;7.53;99.03;7.39;0.00;0.00;2000.00;80.80;
"2019-10-04 10:10:00";10.80;11.00;11.20;0.00;0.00;0.00;0.00;0.00;0.00;0.61;7.61;99.08;7.48;0.00;0.00;2000.00;80.80;
"2019-10-04 10:15:00";10.90;11.00;11.20;0.00;0.00;0.00;0.00;0.00;0.00;0.00;7.73;98.95;7.57;0.01;60.00;2000.00;80.81;
"2019-10-04 10:20:00";11.10;11.00;11.20;0.00;0.00;0.00;0.00;0.00;0.00;0.90;7.74;98.26;7.49;0.00;0.00;2000.00;80.81;
"2019-10-04 10:25:00";11.20;11.00;11.20;0.00;0.00;0.00;0.00;1.40;53.67;2.04;7.68;98.24;7.42;0.00;0.00;2000.00;80.81;
"2019-10-04 10:30:00";11.20;11.00;11.20;0.00;0.00;0.00;0.00;0.00;0.00;0.00;7.80;99.07;7.66;0.00;0.00;2000.00;80.81;
"2019-10-04 10:35:00";11.50;11.00;11.20;0.00;0.00;0.00;0.00;0.00;0.00;0.00;7.85;98.68;7.66;0.00;0.00;2000.00;80.81;
"2019-10-04 10:40:00";11.90;11.00;11.20;0.00;0.00;0.00;0.00;0.00;0.00;0.00;7.87;98.10;7.59;0.00;0.00;2000.00;80.81;
"2019-10-04 10:45:00";12.20;11.00;11.20;0.00;0.00;0.00;0.00;0.00;0.00;0.00;8.00;98.85;7.83;0.00;0.00;2000.00;80.81;
"2019-10-04 10:50:00";12.60;11.00;11.20;0.00;0.00;0.00;0.00;0.00;0.00;0.00;8.07;98.27;7.82;0.00;0.00;2000.00;80.81;
"2019-10-04 10:55:00";13.00;11.00;11.20;0.00;0.00;0.00;0.00;0.00;0.00;0.00;8.18;98.88;8.02;0.00;0.00;2000.00;80.81;
"2019-10-04 11:00:00";13.20;11.00;11.20;0.00;0.00;0.00;0.00;0.00;0.00;0.00;8.31;98.60;8.10;0.00;0.00;2000.00;80.81;
"2019-10-04 11:05:00";13.20;11.10;11.20;0.00;0.00;0.00;0.00;0.00;0.00;0.00;8.30;98.44;8.06;0.00;0.00;2000.00;80.81;
"2019-10-04 11:10:00";13.20;11.10;11.20;0.00;0.00;0.00;0.00;0.00;0.00;0.00;8.27;98.16;8.00;0.00;0.00;2000.00;80.81;
"2019-10-04 11:15:00";13.30;11.10;11.20;0.00;0.00;0.00;0.00;0.00;0.00;0.00;8.32;98.30;8.07;0.00;0.00;2000.00;80.81;
"2019-10-04 11:20:00";13.20;11.10;11.20;0.00;0.00;0.00;0.00;0.00;0.00;0.00;8.38;98.50;8.16;0.00;0.00;2000.00;80.81;
"2019-10-04 11:25:00";13.30;11.10;11.20;0.00;0.00;0.00;0.00;0.00;0.00;1.34;8.49;98.26;8.23;0.00;0.00;2000.00;80.81;
"2019-10-04 11:30:00";13.60;11.20;11.20;0.00;0.00;0.00;0.00;0.00;0.00;0.00;8.64;98.41;8.40;0.00;0.00;2000.00;80.81;
"2019-10-04 11:35:00";13.80;11.10;11.30;0.00;0.00;0.00;0.00;0.00;0.00;1.90;8.73;98.66;8.53;0.00;0.00;2000.00;80.81;
"2019-10-04 11:40:00";14.00;11.10;11.20;0.00;0.00;0.00;0.00;1.84;340.45;2.09;8.75;98.54;8.53;0.00;0.00;2000.00;80.81;
"2019-10-04 11:45:00";13.90;11.20;11.30;0.00;0.00;0.00;0.00;1.56;333.42;1.71;8.94;98.97;8.79;0.00;0.00;2000.00;80.81;
"2019-10-04 11:50:00";13.80;11.20;11.30;0.00;0.00;0.00;0.00;1.08;311.31;2.84;8.79;98.46;8.56;0.00;0.00;2000.00;80.81;
"2019-10-04 11:55:00";13.80;11.20;11.30;0.00;0.00;0.00;0.00;1.27;304.66;2.86;8.69;98.62;8.48;0.00;0.00;2000.00;80.81;
"2019-10-04 12:00:00";13.80;11.20;11.30;0.00;0.00;0.00;0.00;1.64;285.04;1.64;8.84;98.79;8.66;0.00;0.00;2000.00;80.81;
"2019-10-04 12:05:00";13.90;11.20;11.30;0.00;0.00;0.00;0.00;0.00;0.00;2.02;8.82;97.90;8.51;0.00;0.00;2000.00;80.81;
"2019-10-04 12:10:00";13.90;11.20;11.30;0.00;0.00;0.00;0.00;2.62;294.11;3.85;8.87;97.39;8.48;0.00;0.00;2000.00;80.81;
"2019-10-04 12:15:00";13.80;11.20;11.40;0.00;0.00;0.00;0.00;1.76;253.17;2.72;8.77;97.90;8.45;0.00;0.00;2000.00;80.81;
"2019-10-04 12:20:00";13.90;11.20;11.40;0.00;0.00;0.00;0.00;1.65;271.47;2.71;8.85;97.78;8.52;0.00;0.00;2000.00;80.81;
"2019-10-04 12:25:00";13.90;11.30;11.40;0.00;0.00;0.00;0.00;1.00;307.01;2.33;9.04;98.00;8.74;0.00;0.00;2000.00;80.81;
"2019-10-04 12:30:00";14.00;11.30;11.40;0.00;0.00;0.00;0.00;2.74;308.31;2.78;9.05;97.85;8.73;0.00;0.00;2000.00;80.81;
"2019-10-04 12:35:00";13.80;11.30;11.50;0.00;0.00;0.00;0.00;2.08;348.52;2.67;8.92;97.04;8.48;0.00;0.00;2000.00;80.81;
"2019-10-04 12:40:00";13.60;11.30;11.50;0.00;0.00;0.00;0.00;1.97;348.34;3.47;8.85;97.24;8.44;0.00;0.00;2000.00;80.81;
"2019-10-04 12:45:00";13.50;11.40;11.50;0.00;0.00;0.00;0.00;1.91;311.28;2.89;8.91;96.81;8.43;0.00;0.00;2000.00;80.81;
"2019-10-04 12:50:00";13.40;11.40;11.50;0.00;0.00;0.00;0.00;2.67;301.75;4.62;8.92;96.39;8.37;0.00;0.00;2000.00;80.81;
"2019-10-04 12:55:00";13.50;11.40;11.60;0.00;0.00;0.00;0.00;3.12;321.93;3.28;8.78;96.11;8.19;0.00;0.00;2000.00;80.81;
"2019-10-04 13:00:00";13.50;11.50;11.60;0.00;0.00;0.00;0.00;2.05;348.39;2.41;8.95;96.45;8.42;0.00;0.00;2000.00;80.81;
"2019-10-04 13:05:00";13.50;11.40;11.60;0.00;0.00;0.00;0.00;3.44;317.32;3.80;8.90;95.77;8.26;0.00;0.00;2000.00;80.81;
"2019-10-04 13:10:00";13.20;11.50;11.60;0.00;0.00;0.00;0.00;3.82;328.41;4.83;8.78;95.76;8.14;0.00;0.00;2000.00;80.81;
"2019-10-04 13:15:00";12.40;11.50;11.60;0.00;95.00;0.00;1.00;1.91;324.78;2.61;8.43;95.46;7.75;0.05;60.00;2000.00;80.86;
"2019-10-04 13:20:00";11.90;11.50;11.60;0.00;90.00;0.00;1.00;3.47;306.52;3.47;8.26;94.98;7.50;0.00;0.00;2000.00;80.86;
"2019-10-04 13:25:00";11.90;11.60;11.70;0.00;85.00;0.00;1.00;1.70;306.27;2.08;8.29;94.83;7.51;0.00;0.00;2000.00;80.86;
"2019-10-04 13:30:00";12.10;11.60;11.70;0.00;77.00;0.00;1.00;0.00;0.00;0.00;8.36;94.63;7.55;0.00;0.00;2000.00;80.86;
"2019-10-04 13:35:00";12.20;11.60;11.70;0.00;66.00;0.00;1.00;1.97;288.60;2.64;8.48;94.40;7.63;0.00;0.00;2000.00;80.86;
"2019-10-04 13:40:00";12.40;11.60;11.70;0.00;51.00;0.00;1.00;2.20;271.54;2.20;8.66;94.37;7.80;0.00;0.00;2000.00;80.86;
"2019-10-04 13:45:00";12.70;11.60;11.70;0.00;36.00;0.00;1.00;3.47;311.75;3.54;8.69;94.39;7.84;0.00;0.00;2000.00;80.86;
"2019-10-04 13:50:00";13.00;11.60;11.70;0.00;0.00;0.00;0.00;1.36;307.89;2.57;8.93;93.34;7.91;0.00;0.00;2000.00;80.86;
"2019-10-04 13:55:00";13.50;11.70;11.80;0.00;0.00;0.00;0.00;1.70;286.79;2.69;8.96;93.50;7.97;0.00;0.00;2000.00;80.86;
"2019-10-04 14:00:00";13.80;11.70;11.80;0.00;0.00;0.00;0.00;2.67;324.50;3.71;9.08;93.01;8.00;0.00;0.00;2000.00;80.86;
"2019-10-04 14:05:00";14.20;11.70;11.80;0.00;0.00;0.00;0.00;2.57;296.53;3.81;9.06;93.36;8.04;0.00;0.00;2000.00;80.86;
"2019-10-04 14:10:00";14.30;11.70;11.80;0.00;0.00;0.00;0.00;2.41;305.12;2.60;9.17;92.80;8.06;0.00;0.00;2000.00;80.86;
"2019-10-04 14:15:00";14.70;11.70;11.80;0.00;0.00;0.00;0.00;2.11;353.20;2.46;9.42;92.92;8.33;0.00;0.00;2000.00;80.86;
"2019-10-04 14:20:00";15.00;11.70;11.80;0.00;0.00;0.00;0.00;0.00;0.00;1.85;9.48;92.44;8.32;0.00;0.00;2000.00;80.86;
"2019-10-04 14:25:00";15.20;11.70;11.80;0.00;0.00;0.00;0.00;0.00;0.00;1.06;9.51;92.53;8.36;0.00;0.00;2000.00;80.86;
"2019-10-04 14:30:00";15.20;11.70;11.80;0.00;0.00;0.00;0.00;0.00;0.00;0.58;9.45;92.01;8.22;0.00;0.00;2000.00;80.86;
"2019-10-04 14:35:00";14.90;11.70;11.80;0.00;0.00;0.00;0.00;0.00;0.00;1.71;9.36;91.05;7.98;0.00;0.00;2000.00;80.86;
"2019-10-04 14:40:00";15.00;11.80;11.90;0.00;0.00;0.00;0.00;0.00;0.00;0.00;9.36;90.84;7.94;0.00;0.00;2000.00;80.86;
"2019-10-04 14:45:00";15.30;11.80;11.90;0.00;0.00;0.00;0.00;1.21;85.60;1.98;9.20;90.94;7.80;0.00;0.00;2000.00;80.86;
"2019-10-04 14:50:00";16.80;11.80;11.90;0.00;0.00;0.00;0.00;0.52;180.00;1.89;9.40;90.78;7.96;0.00;0.00;2000.00;80.86;
"2019-10-04 14:55:00";16.40;11.80;11.90;0.00;0.00;0.00;0.00;0.00;0.00;0.00;9.36;89.49;7.72;0.00;0.00;2000.00;80.86;
"2019-10-04 15:00:00";16.00;11.80;11.90;0.00;0.00;0.00;0.00;0.00;0.00;0.00;9.43;89.39;7.77;0.00;0.00;2000.00;80.86;
"2019-10-04 15:05:00";14.80;11.90;11.90;0.00;166.00;0.00;1.00;0.00;0.00;0.00;9.42;89.15;7.72;0.12;60.00;2000.00;80.98;
"2019-10-04 15:10:00";13.30;11.90;12.00;0.00;339.00;0.00;2.00;1.15;110.26;1.25;9.41;88.27;7.57;0.43;60.00;2000.00;81.41;
"2019-10-04 15:15:00";12.20;11.90;12.00;0.00;328.00;0.00;2.00;2.23;311.36;3.95;8.48;87.19;6.47;0.66;60.00;2000.00;82.07;
"2019-10-04 15:20:00";12.00;11.90;12.00;0.00;390.00;0.00;2.00;0.00;0.00;2.06;8.12;88.34;6.31;0.97;60.00;2000.00;83.04;
"2019-10-04 15:25:00";12.10;12.00;12.00;0.00;436.00;0.00;2.00;0.00;0.00;0.00;8.02;88.05;6.16;0.22;60.00;2000.00;83.26;
"2019-10-04 15:30:00";12.20;12.00;12.00;0.00;224.00;0.00;1.00;0.00;0.00;0.00;8.09;88.64;6.33;0.04;60.00;2000.00;83.30;
"2019-10-04 15:35:00";12.90;12.00;12.10;0.00;157.00;0.00;1.00;0.00;0.00;0.00;8.39;88.84;6.65;0.01;0.00;2000.00;83.31;
"2019-10-04 15:40:00";13.50;12.00;12.10;0.00;187.00;0.00;1.00;1.21;336.24;1.74;8.57;88.46;6.77;0.00;0.00;2000.00;83.31;
"2019-10-04 15:45:00";14.10;12.00;12.10;0.00;154.00;0.00;1.00;0.00;0.00;0.00;8.76;88.07;6.89;0.00;0.00;2000.00;83.31;
"2019-10-04 15:50:00";13.80;12.10;12.10;0.00;140.00;0.00;1.00;0.00;0.00;0.00;8.94;89.35;7.28;0.00;0.00;2000.00;83.31;
"2019-10-04 15:55:00";14.10;12.10;12.10;0.00;112.00;0.00;1.00;0.00;0.00;0.00;9.01;89.15;7.31;0.00;0.00;2000.00;83.31;
"2019-10-04 16:00:00";14.20;12.10;12.10;0.00;112.00;0.00;1.00;0.00;0.00;0.00;9.27;89.49;7.63;0.00;0.00;2000.00;83.31;
"2019-10-04 16:05:00";13.70;12.10;12.20;0.00;131.00;0.00;1.00;0.00;0.00;0.00;9.31;89.11;7.61;0.00;0.00;2000.00;83.31;
"2019-10-04 16:10:00";13.20;12.10;12.20;0.00;54.00;0.00;1.00;0.00;0.00;0.00;9.22;89.43;7.57;0.00;0.00;2000.00;83.31;
"2019-10-04 16:15:00";13.20;12.10;12.20;0.00;51.00;0.00;1.00;1.05;335.17;1.93;9.19;89.36;7.53;0.00;0.00;2000.00;83.31;
"2019-10-04 16:20:00";12.90;12.10;12.20;0.00;51.00;0.00;1.00;0.00;0.00;1.39;8.97;89.71;7.36;0.00;0.00;2000.00;83.31;
"2019-10-04 16:25:00";13.30;12.20;12.20;0.00;41.00;0.00;1.00;2.25;60.50;3.34;9.00;89.48;7.36;0.00;0.00;2000.00;83.31;
"2019-10-04 16:30:00";12.70;12.20;12.20;0.00;38.00;0.00;1.00;0.00;0.00;1.59;8.97;89.50;7.33;0.00;0.00;2000.00;83.31;
"2019-10-04 16:35:00";12.30;12.20;12.20;0.00;33.00;0.00;1.00;0.00;0.00;1.49;8.81;89.40;7.16;0.00;0.00;2000.00;83.31;
"2019-10-04 16:40:00";11.90;12.20;12.20;0.00;28.00;0.00;0.00;0.00;0.00;1.26;8.63;89.11;6.93;0.00;0.00;2000.00;83.31;
"2019-10-04 16:45:00";11.60;12.20;12.20;0.00;48.00;0.00;1.00;0.00;0.00;0.00;8.44;89.46;6.81;0.01;0.00;2000.00;83.32;
"2019-10-04 16:50:00";11.60;12.20;12.20;0.00;51.00;0.00;1.00;0.00;0.00;2.88;8.39;89.32;6.73;0.01;0.00;2000.00;83.33;
"2019-10-04 16:55:00";11.70;12.20;12.20;0.00;38.00;0.00;1.00;0.00;0.00;0.00;8.49;89.60;6.88;0.00;0.00;2000.00;83.33;
"2019-10-04 17:00:00";11.70;12.20;12.20;0.00;33.00;0.00;1.00;0.00;0.00;0.00;8.48;89.13;6.79;0.00;0.00;2000.00;83.33;
"2019-10-04 17:05:00";11.40;12.20;12.20;0.00;26.00;0.00;0.00;0.00;0.00;0.00;8.38;88.65;6.61;0.00;0.00;2000.00;83.33;
"2019-10-04 17:10:00";11.30;12.20;12.20;0.00;26.00;0.00;0.00;0.00;0.00;0.00;8.31;88.81;6.57;0.00;0.00;2000.00;83.33;
"2019-10-04 17:15:00";11.00;12.20;12.20;0.00;190.00;0.00;1.00;0.57;2.01;2.57;8.16;88.44;6.36;0.11;60.00;2000.00;83.44;
"2019-10-04 17:20:00";10.80;12.20;12.20;0.00;181.00;0.00;1.00;0.00;0.00;1.03;7.88;88.76;6.14;0.04;60.00;2000.00;83.48;
"2019-10-04 17:25:00";10.80;12.20;12.20;0.00;190.00;0.00;1.00;0.00;0.00;0.77;7.69;88.93;5.98;0.05;60.00;2000.00;83.53;
"2019-10-04 17:30:00";10.60;12.20;12.20;0.00;267.00;0.00;1.00;0.00;0.00;2.14;7.61;88.95;5.90;0.16;60.00;2000.00;83.69;
"2019-10-04 17:35:00";10.60;12.20;12.20;0.00;187.00;0.00;1.00;0.00;0.00;0.00;7.64;89.35;6.00;0.08;0.00;2000.00;83.77;
"2019-10-04 17:40:00";10.60;12.20;12.20;0.00;240.00;0.00;1.00;0.00;0.00;0.00;7.62;89.19;5.95;0.00;0.00;2000.00;83.77;
"2019-10-04 17:45:00";10.30;12.20;12.20;0.00;175.00;0.00;1.00;0.00;0.00;0.00;7.64;89.35;5.99;0.01;0.00;2000.00;83.78;
"2019-10-04 17:50:00";9.90;12.20;12.20;0.00;145.00;0.00;1.00;0.00;0.00;0.00;7.56;89.33;5.91;0.00;0.00;2000.00;83.78;
"2019-10-04 17:55:00";9.70;12.20;12.20;0.00;131.00;0.00;1.00;0.00;0.00;0.00;7.59;89.56;5.98;0.00;0.00;2000.00;83.78;
"2019-10-04 18:00:00";9.50;12.20;12.20;0.00;114.00;0.00;1.00;0.00;0.00;0.00;7.49;89.70;5.91;0.00;0.00;2000.00;83.78;
"2019-10-04 18:05:00";9.40;12.20;12.20;0.00;145.00;0.00;1.00;0.00;0.00;0.91;7.38;89.64;5.79;0.00;0.00;2000.00;83.78;
"2019-10-04 18:10:00";9.40;12.20;12.20;0.00;126.00;0.00;1.00;2.12;330.93;2.12;7.35;89.73;5.77;0.00;0.00;2000.00;83.78;
"2019-10-04 18:15:00";9.40;12.20;12.20;0.00;106.00;0.00;1.00;0.73;332.74;1.17;7.29;90.18;5.79;0.00;0.00;2000.00;83.78;
"2019-10-04 18:20:00";9.40;12.20;12.20;0.00;87.00;0.00;1.00;0.00;0.00;0.00;7.30;90.29;5.81;0.00;0.00;2000.00;83.78;
"2019-10-04 18:25:00";9.40;12.20;12.20;0.00;77.00;0.00;1.00;2.80;11.16;2.82;7.24;90.15;5.74;0.00;0.00;2000.00;83.78;
"2019-10-04 18:30:00";9.30;12.10;12.20;0.00;61.00;0.00;1.00;1.26;2.53;2.37;7.20;90.55;5.75;0.00;0.00;2000.00;83.78;
"2019-10-04 18:35:00";9.20;12.10;12.20;0.00;61.00;0.00;1.00;0.00;0.00;0.00;7.20;90.75;5.79;0.00;0.00;2000.00;83.78;
"2019-10-04 18:40:00";9.00;12.10;12.20;0.00;72.00;0.00;1.00;0.00;0.00;0.00;7.15;90.76;5.74;0.00;0.00;2000.00;83.78;
"2019-10-04 18:45:00";8.90;12.10;12.20;0.00;66.00;0.00;1.00;0.00;0.00;0.00;7.06;90.77;5.65;0.00;0.00;2000.00;83.78;
"2019-10-04 18:50:00";8.80;12.10;12.20;0.00;69.00;0.00;1.00;0.00;0.00;0.00;7.06;91.07;5.70;0.00;0.00;2000.00;83.78;
"2019-10-04 18:55:00";8.70;12.10;12.20;0.00;59.00;0.00;1.00;0.00;0.00;0.00;7.00;91.06;5.64;0.00;0.00;2000.00;83.78;
"2019-10-04 19:00:00";8.60;12.00;12.20;0.00;59.00;0.00;1.00;0.00;0.00;0.00;6.96;91.05;5.60;0.00;0.00;2000.00;83.78;
"2019-10-04 19:05:00";8.60;12.00;12.20;0.00;54.00;0.00;1.00;0.00;0.00;0.00;6.91;91.16;5.57;0.00;0.00;2000.00;83.78;
"2019-10-04 19:10:00";8.60;12.00;12.10;0.00;59.00;0.00;1.00;0.00;0.00;0.00;6.80;91.39;5.49;0.00;0.00;2000.00;83.78;
"2019-10-04 19:15:00";8.50;12.00;12.10;0.00;48.00;0.00;1.00;0.00;0.00;0.00;6.79;91.39;5.49;0.00;0.00;2000.00;83.78;
"2019-10-04 19:20:00";8.20;12.00;12.10;0.00;41.00;0.00;1.00;0.00;0.00;0.00;6.72;91.22;5.39;0.00;0.00;2000.00;83.78;
"2019-10-04 19:25:00";8.00;11.90;12.10;0.00;51.00;0.00;1.00;0.00;0.00;0.00;6.61;91.43;5.31;0.00;0.00;2000.00;83.78;
"2019-10-04 19:30:00";7.80;11.90;12.10;0.00;51.00;0.00;1.00;0.00;0.00;0.00;6.51;91.39;5.21;0.00;0.00;2000.00;83.78;
"2019-10-04 19:35:00";7.60;11.90;12.10;0.00;46.00;0.00;1.00;1.00;332.72;1.00;6.46;91.46;5.17;0.00;0.00;2000.00;83.78;
"2019-10-04 19:40:00";7.40;11.90;12.00;0.00;43.00;0.00;1.00;0.00;0.00;1.75;6.24;91.46;4.95;0.00;0.00;2000.00;83.78;
"2019-10-04 19:45:00";7.40;11.80;12.00;0.00;48.00;0.00;1.00;0.00;0.00;0.00;6.11;91.51;4.83;0.00;0.00;2000.00;83.78;
"2019-10-04 19:50:00";7.20;11.80;12.00;0.00;36.00;0.00;1.00;0.00;0.00;0.00;6.05;91.60;4.79;0.00;0.00;2000.00;83.78;
"2019-10-04 19:55:00";7.10;11.80;12.00;0.00;28.00;0.00;0.00;0.00;0.00;0.00;5.96;91.77;4.72;0.00;0.00;2000.00;83.78;
"2019-10-04 20:00:00";6.90;11.80;12.00;0.00;28.00;0.00;0.00;0.00;0.00;0.00;5.82;91.62;4.56;0.00;0.00;2000.00;83.78;
"2019-10-04 20:05:00";6.80;11.70;11.90;0.00;59.00;0.00;1.00;0.00;0.00;0.00;5.75;91.81;4.52;0.00;0.00;2000.00;83.78;
"2019-10-04 20:10:00";6.70;11.70;11.90;0.00;46.00;0.00;1.00;0.00;0.00;0.00;5.74;91.78;4.50;0.00;0.00;2000.00;83.78;
"2019-10-04 20:15:00";6.60;11.70;11.90;0.00;43.00;0.00;1.00;0.00;0.00;0.00;5.46;91.55;4.19;0.00;0.00;2000.00;83.78;
"2019-10-04 20:20:00";6.50;11.70;11.90;0.00;33.00;0.00;1.00;0.00;0.00;0.00;5.45;91.99;4.25;0.00;0.00;2000.00;83.78;
"2019-10-04 20:25:00";6.50;11.60;11.90;0.00;48.00;0.00;1.00;0.00;0.00;0.00;5.48;91.95;4.28;0.00;0.00;2000.00;83.78;
"2019-10-04 20:30:00";6.40;11.60;11.80;0.00;26.00;0.00;0.00;0.00;0.00;0.00;5.45;91.99;4.26;0.00;0.00;2000.00;83.78;
"2019-10-04 20:35:00";6.30;11.60;11.80;0.00;31.00;0.00;1.00;0.00;0.00;0.00;5.39;92.10;4.21;0.00;0.00;2000.00;83.78;
"2019-10-04 20:40:00";6.20;11.50;11.80;0.00;41.00;0.00;1.00;0.00;0.00;0.00;5.34;92.08;4.16;0.00;0.00;2000.00;83.78;
"2019-10-04 20:45:00";6.10;11.50;11.70;0.00;36.00;0.00;1.00;0.00;0.00;0.00;5.15;91.96;3.95;0.00;0.00;2000.00;83.78;
"2019-10-04 20:50:00";6.10;11.50;11.70;0.00;31.00;0.00;1.00;0.00;0.00;0.00;4.98;92.06;3.79;0.00;0.00;2000.00;83.78;
"2019-10-04 20:55:00";5.90;11.40;11.70;0.00;26.00;0.00;0.00;1.15;318.20;1.15;4.81;92.10;3.64;0.00;0.00;2000.00;83.78;
"2019-10-04 21:00:00";5.80;11.40;11.70;0.00;24.00;0.00;0.00;0.00;0.00;0.71;4.61;92.22;3.46;0.00;0.00;2000.00;83.78;
"2019-10-04 21:05:00";5.70;11.40;11.60;0.00;21.00;0.00;0.00;0.00;0.00;0.00;4.54;92.37;3.41;0.00;0.00;2000.00;83.78;
"2019-10-04 21:10:00";5.70;11.30;11.60;0.00;26.00;0.00;0.00;0.00;0.00;0.00;4.47;92.48;3.35;0.00;0.00;2000.00;83.78;
"2019-10-04 21:15:00";5.60;11.30;11.60;0.00;24.00;0.00;0.00;0.00;0.00;0.00;4.37;92.51;3.26;0.00;0.00;2000.00;83.78;
"2019-10-04 21:20:00";5.50;11.30;11.50;0.00;21.00;0.00;0.00;1.85;352.85;1.85;4.24;92.42;3.12;0.00;0.00;2000.00;83.78;
"2019-10-04 21:25:00";5.40;11.20;11.50;0.00;21.00;0.00;0.00;0.72;324.15;1.90;4.01;92.43;2.90;0.00;0.00;2000.00;83.78;
"2019-10-04 21:30:00";5.30;11.20;11.50;0.00;21.00;0.00;0.00;0.00;0.00;0.00;3.81;92.72;2.74;0.00;0.00;2000.00;83.78;
"2019-10-04 21:35:00";5.30;11.20;11.40;0.00;16.00;0.00;0.00;2.09;310.32;2.69;3.77;92.93;2.73;0.00;0.00;2000.00;83.78;
"2019-10-04 21:40:00";5.30;11.20;11.40;0.00;19.00;0.00;0.00;1.37;320.86;2.34;3.83;93.31;2.85;0.00;0.00;2000.00;83.78;
"2019-10-04 21:45:00";5.20;11.20;11.40;0.00;11.00;0.00;0.00;1.25;310.14;2.84;3.76;93.08;2.75;0.00;0.00;2000.00;83.78;
"2019-10-04 21:50:00";5.10;11.20;11.40;0.00;0.00;0.00;0.00;2.21;308.45;2.56;3.68;93.12;2.67;0.00;0.00;2000.00;83.78;
"2019-10-04 21:55:00";5.00;11.10;11.30;0.00;0.00;0.00;0.00;1.46;303.94;2.46;3.67;93.35;2.69;0.00;0.00;2000.00;83.78;
"2019-10-04 22:00:00";4.90;11.10;11.30;0.00;0.00;0.00;0.00;1.05;321.99;1.47;3.55;93.38;2.59;0.00;0.00;2000.00;83.78;
"2019-10-04 22:05:00";4.90;11.10;11.30;0.00;0.00;0.00;0.00;0.00;0.00;0.00;3.63;93.72;2.71;0.00;0.00;2000.00;83.78;
"2019-10-04 22:10:00";4.90;11.00;11.20;0.00;0.00;0.00;0.00;0.00;0.00;0.00;3.69;93.68;2.77;0.00;0.00;2000.00;83.78;
"2019-10-04 22:15:00";4.90;11.00;11.20;0.00;0.00;0.00;0.00;0.00;0.00;0.00;3.61;93.65;2.68;0.00;0.00;2000.00;83.78;
"2019-10-04 22:20:00";4.90;10.90;11.20;0.00;0.00;0.00;0.00;0.00;0.00;0.00;3.50;93.86;2.60;0.00;0.00;2000.00;83.78;
"2019-10-04 22:25:00";4.90;10.90;11.20;0.00;0.00;0.00;0.00;0.00;0.00;0.00;3.45;93.80;2.54;0.00;0.00;2000.00;83.78;
"2019-10-04 22:30:00";4.90;10.90;11.20;0.00;0.00;0.00;0.00;0.00;0.00;0.00;3.33;93.88;2.44;0.00;0.00;2000.00;83.78;
"2019-10-04 22:35:00";4.90;10.80;11.20;0.00;0.00;0.00;0.00;0.00;0.00;0.00;3.29;94.03;2.42;0.00;0.00;2000.00;83.78;
"2019-10-04 22:40:00";4.90;10.80;11.10;0.00;0.00;0.00;0.00;0.00;0.00;0.00;3.21;94.15;2.36;0.00;0.00;2000.00;83.78;
"2019-10-04 22:45:00";4.90;10.80;11.10;0.00;0.00;0.00;0.00;0.00;0.00;0.00;3.22;94.44;2.41;0.00;0.00;2000.00;83.78;
"2019-10-04 22:50:00";4.90;10.70;11.10;0.00;0.00;0.00;0.00;1.53;305.55;1.82;3.35;94.37;2.53;0.00;0.00;2000.00;83.78;
"2019-10-04 22:55:00";4.80;10.70;11.00;0.00;0.00;0.00;0.00;0.00;0.00;1.37;3.28;94.42;2.47;0.00;0.00;2000.00;83.78;
"2019-10-04 23:00:00";4.80;10.70;11.00;0.00;0.00;0.00;0.00;0.00;0.00;0.00;3.15;94.49;2.35;0.00;0.00;2000.00;83.78;
"2019-10-04 23:05:00";4.90;10.60;11.00;0.00;0.00;0.00;0.00;0.00;0.00;0.00;3.32;94.74;2.56;0.00;0.00;2000.00;83.78;
"2019-10-04 23:10:00";5.00;10.60;10.90;0.00;0.00;0.00;0.00;0.00;0.00;0.00;3.32;94.70;2.55;0.00;0.00;2000.00;83.78;
"2019-10-04 23:15:00";5.10;10.60;10.90;0.00;0.00;0.00;0.00;0.00;0.00;0.00;3.35;94.75;2.59;0.00;0.00;2000.00;83.78;
"2019-10-04 23:20:00";5.00;10.50;10.90;0.00;0.00;0.00;0.00;0.00;0.00;0.00;3.26;94.59;2.47;0.00;0.00;2000.00;83.78;
"2019-10-04 23:25:00";5.00;10.50;10.80;0.00;0.00;0.00;0.00;0.00;0.00;0.00;3.16;94.70;2.39;0.00;0.00;2000.00;83.78;
"2019-10-04 23:30:00";5.00;10.50;10.80;0.00;0.00;0.00;0.00;0.00;0.00;0.00;3.13;94.89;2.39;0.00;0.00;2000.00;83.78;
"2019-10-04 23:35:00";5.30;10.40;10.80;0.00;0.00;0.00;0.00;0.00;0.00;0.00;3.14;94.95;2.41;0.00;0.00;2000.00;83.78;
"2019-10-04 23:40:00";5.30;10.40;10.70;0.00;0.00;0.00;0.00;0.00;0.00;0.00;3.21;95.15;2.51;0.00;0.00;2000.00;83.78;
"2019-10-04 23:45:00";5.60;10.40;10.70;0.00;0.00;0.00;0.00;0.00;0.00;0.00;3.27;95.15;2.57;0.00;0.00;2000.00;83.78;
"2019-10-04 23:50:00";5.70;10.30;10.70;0.00;0.00;0.00;0.00;0.00;0.00;0.00;3.31;95.19;2.61;0.00;0.00;2000.00;83.78;
"2019-10-04 23:55:00";5.80;10.30;10.70;0.00;0.00;0.00;0.00;0.00;0.00;0.00;3.35;95.24;2.66;0.00;0.00;2000.00;83.78;
"2019-10-05 00:00:00";5.90;10.30;10.70;0.00;0.00;0.00;0.00;0.00;0.00;0.00;3.38;95.33;2.70;0.00;0.00;2000.00;83.78;
"2019-10-05 00:05:00";5.90;10.20;10.60;0.00;0.00;0.00;0.00;0.00;0.00;0.00;3.46;95.38;2.79;0.00;0.00;2000.00;83.78;
"2019-10-05 00:10:00";6.10;10.20;10.60;0.00;0.00;0.00;0.00;0.00;0.00;0.00;3.61;95.59;2.97;0.00;0.00;2000.00;83.78;
"2019-10-05 00:15:00";6.10;10.20;10.50;0.00;11.00;0.00;0.00;0.00;0.00;0.00;3.62;95.39;2.95;0.02;69.00;2000.00;83.80;
"2019-10-05 00:20:00";6.00;10.20;10.50;0.00;41.00;0.00;1.00;0.00;0.00;0.00;3.63;95.48;2.98;0.03;0.00;2000.00;83.83;
"2019-10-05 00:25:00";6.10;10.20;10.50;0.00;61.00;0.00;1.00;0.00;0.00;0.00;3.65;95.51;2.99;0.03;0.00;2000.00;83.86;
"2019-10-05 00:30:00";6.00;10.20;10.50;0.00;175.00;0.00;1.00;0.00;0.00;0.00;3.73;95.57;3.08;0.14;69.00;2000.00;84.00;
"2019-10-05 00:35:00";6.00;10.20;10.40;0.00;234.00;0.00;1.00;0.00;0.00;0.00;3.73;95.57;3.08;0.14;69.00;2000.00;84.14;
"2019-10-05 00:40:00";6.00;10.10;10.40;0.00;231.00;0.00;1.00;0.00;0.00;0.00;3.75;95.63;3.12;0.13;69.00;2000.00;84.27;
"2019-10-05 00:45:00";6.00;10.10;10.40;0.00;163.00;0.00;1.00;0.00;0.00;0.00;3.76;95.72;3.14;0.04;69.00;2000.00;84.31;
"2019-10-05 00:50:00";6.00;10.10;10.40;0.00;142.00;0.00;1.00;0.00;0.00;0.00;3.87;95.93;3.28;0.03;69.00;2000.00;84.34;
"2019-10-05 00:55:00";6.00;10.10;10.40;0.00;145.00;0.00;1.00;0.00;0.00;0.00;3.78;95.74;3.16;0.01;0.00;2000.00;84.35;
"2019-10-05 01:00:00";6.00;10.10;10.30;0.00;145.00;0.00;1.00;0.00;0.00;0.00;3.84;95.91;3.25;0.00;0.00;2000.00;84.35;
"2019-10-05 01:05:00";5.80;10.00;10.30;0.00;157.00;0.00;1.00;0.00;0.00;0.00;3.83;95.75;3.21;0.00;0.00;2000.00;84.35;
"2019-10-05 01:10:00";5.70;10.00;10.30;0.00;109.00;0.00;1.00;0.00;0.00;1.39;3.66;95.79;3.05;0.00;0.00;2000.00;84.35;
"2019-10-05 01:15:00";5.50;10.00;10.30;0.00;205.00;0.00;1.00;0.00;0.00;0.00;3.57;95.92;2.98;0.00;0.00;2000.00;84.35;
"2019-10-05 01:20:00";5.30;10.00;10.30;0.00;145.00;0.00;1.00;0.91;308.68;1.14;3.45;95.65;2.82;0.00;0.00;2000.00;84.35;
"2019-10-05 01:25:00";5.30;10.00;10.20;0.00;109.00;0.00;1.00;0.00;0.00;0.00;3.35;95.89;2.75;0.00;0.00;2000.00;84.35;
"2019-10-05 01:30:00";5.30;10.00;10.20;0.00;109.00;0.00;1.00;0.00;0.00;0.00;3.36;96.06;2.79;0.00;0.00;2000.00;84.35;
"2019-10-05 01:35:00";5.10;9.90;10.20;0.00;72.00;0.00;1.00;0.00;0.00;0.00;3.28;96.05;2.71;0.00;0.00;2000.00;84.35;
"2019-10-05 01:40:00";4.90;9.90;10.20;0.00;154.00;0.00;1.00;0.00;0.00;0.00;3.26;96.01;2.69;0.00;0.00;2000.00;84.35;
"2019-10-05 01:45:00";4.90;9.90;10.20;0.00;137.00;0.00;1.00;0.00;0.00;0.00;3.19;96.21;2.65;0.00;0.00;2000.00;84.35;
"2019-10-05 01:50:00";5.10;9.90;10.20;0.00;137.00;0.00;1.00;0.00;0.00;0.00;3.31;96.28;2.77;0.00;0.00;2000.00;84.35;
"2019-10-05 01:55:00";5.00;9.90;10.20;0.00;101.00;0.00;1.00;0.00;0.00;0.00;3.36;96.25;2.82;0.00;0.00;2000.00;84.35;
"2019-10-05 02:00:00";4.90;9.80;10.20;0.00;98.00;0.00;1.00;0.00;0.00;0.00;3.26;96.21;2.71;0.00;0.00;2000.00;84.35;
"2019-10-05 02:05:00";5.10;9.80;10.20;0.00;79.00;0.00;1.00;0.00;0.00;0.00;3.21;96.29;2.68;0.00;0.00;2000.00;84.35;
"2019-10-05 02:10:00";5.30;9.80;10.20;0.00;154.00;0.00;1.00;1.48;326.34;2.15;3.18;96.34;2.65;0.00;0.00;2000.00;84.35;
"2019-10-05 02:15:00";5.30;9.80;10.20;0.00;151.00;0.00;1.00;0.00;0.00;1.68;3.14;96.40;2.62;0.06;69.00;2000.00;84.41;
"2019-10-05 02:20:00";5.30;9.80;10.10;0.00;134.00;0.00;1.00;0.00;0.00;0.00;3.22;96.56;2.73;0.04;69.00;2000.00;84.45;
"2019-10-05 02:25:00";5.00;9.70;10.10;0.00;106.00;0.00;1.00;0.00;0.00;0.00;3.31;96.61;2.82;0.00;0.00;2000.00;84.45;
"2019-10-05 02:30:00";4.90;9.70;10.10;0.00;90.00;0.00;1.00;0.00;0.00;0.00;3.30;96.54;2.81;0.00;0.00;2000.00;84.45;
"2019-10-05 02:35:00";4.90;9.70;10.10;0.00;184.00;0.00;1.00;0.00;0.00;0.00;3.23;96.56;2.73;0.00;0.00;2000.00;84.45;
"2019-10-05 02:40:00";5.00;9.70;10.10;0.00;193.00;0.00;1.00;0.00;0.00;0.00;3.25;96.71;2.78;0.00;0.00;2000.00;84.45;
"2019-10-05 02:45:00";5.10;9.70;10.10;0.00;126.00;0.00;1.00;0.00;0.00;0.00;3.23;96.68;2.75;0.00;0.00;2000.00;84.45;
"2019-10-05 02:50:00";5.20;9.70;10.00;0.00;90.00;0.00;1.00;0.00;0.00;0.00;3.28;96.81;2.82;0.00;0.00;2000.00;84.45;
"2019-10-05 02:55:00";5.20;9.60;10.00;0.00;82.00;0.00;1.00;0.00;0.00;0.00;3.33;96.87;2.87;0.00;0.00;2000.00;84.45;
"2019-10-05 03:00:00";5.30;9.60;10.00;0.00;74.00;0.00;1.00;0.00;0.00;0.00;3.42;96.95;2.98;0.00;0.00;2000.00;84.45;
"2019-10-05 03:05:00";5.30;9.60;10.00;0.00;151.00;0.00;1.00;0.00;0.00;0.00;3.42;96.89;2.97;0.00;0.00;2000.00;84.45;
"2019-10-05 03:10:00";4.90;9.60;10.00;0.00;117.00;0.00;1.00;0.00;0.00;0.00;3.42;96.84;2.96;0.00;0.00;2000.00;84.45;
"2019-10-05 03:15:00";4.80;9.60;9.90;0.00;142.00;0.00;1.00;0.00;0.00;0.00;3.32;96.88;2.87;0.00;0.00;2000.00;84.45;
"2019-10-05 03:20:00";4.90;9.50;9.90;0.00;117.00;0.00;1.00;0.00;0.00;0.00;3.25;96.94;2.81;0.00;0.00;2000.00;84.45;
"2019-10-05 03:25:00";5.10;9.50;9.90;0.00;114.00;0.00;1.00;0.00;0.00;0.00;3.25;96.97;2.81;0.00;0.00;2000.00;84.45;
"2019-10-05 03:30:00";5.00;9.50;9.90;0.00;95.00;0.00;1.00;0.00;0.00;0.00;3.30;97.16;2.90;0.00;0.00;2000.00;84.45;
"2019-10-05 03:35:00";5.20;9.50;9.90;0.00;120.00;0.00;1.00;0.00;0.00;0.00;3.30;97.19;2.90;0.00;0.00;2000.00;84.45;
"2019-10-05 03:40:00";5.30;9.50;9.90;0.00;101.00;0.00;1.00;0.00;0.00;0.00;3.41;97.29;3.02;0.00;0.00;2000.00;84.45;
"2019-10-05 03:45:00";5.40;9.50;9.80;0.00;77.00;0.00;1.00;0.00;0.00;0.00;3.47;97.34;3.09;0.00;0.00;2000.00;84.45;
"2019-10-05 03:50:00";5.50;9.40;9.80;0.00;74.00;0.00;1.00;0.00;0.00;0.00;3.52;97.31;3.14;0.00;0.00;2000.00;84.45;
"2019-10-05 03:55:00";5.60;9.40;9.80;0.00;93.00;0.00;1.00;0.00;0.00;0.00;3.46;97.30;3.07;0.03;69.00;2000.00;84.48;
"2019-10-05 04:00:00";5.50;9.40;9.80;0.00;123.00;0.00;1.00;0.00;0.00;0.00;3.53;97.23;3.13;0.02;69.00;2000.00;84.50;
"2019-10-05 04:05:00";5.30;9.40;9.80;0.00;117.00;0.00;1.00;0.00;0.00;0.00;3.41;97.23;3.01;0.01;0.00;2000.00;84.51;
"2019-10-05 04:10:00";5.30;9.40;9.80;0.00;98.00;0.00;1.00;0.00;0.00;0.00;3.39;97.37;3.01;0.00;0.00;2000.00;84.51;
"2019-10-05 04:15:00";5.30;9.30;9.70;0.00;98.00;0.00;1.00;0.00;0.00;0.00;3.35;97.43;2.98;0.00;0.00;2000.00;84.51;
"2019-10-05 04:20:00";5.50;9.30;9.70;0.00;77.00;0.00;1.00;0.00;0.00;0.00;3.39;97.52;3.04;0.00;0.00;2000.00;84.51;
"2019-10-05 04:25:00";5.60;9.30;9.70;0.00;112.00;0.00;1.00;2.45;291.27;2.45;3.39;97.43;3.02;0.00;0.00;2000.00;84.51;
"2019-10-05 04:30:00";5.60;9.30;9.70;0.00;79.00;0.00;1.00;0.00;0.00;0.00;3.41;97.55;3.05;0.00;0.00;2000.00;84.51;
"2019-10-05 04:35:00";5.70;9.30;9.70;0.00;120.00;0.00;1.00;0.00;0.00;0.00;3.43;97.63;3.09;0.00;0.00;2000.00;84.51;
"2019-10-05 04:40:00";5.60;9.30;9.70;0.00;140.00;0.00;1.00;0.00;0.00;0.00;3.35;97.55;3.00;0.00;0.00;2000.00;84.51;
"2019-10-05 04:45:00";5.50;9.30;9.60;0.00;93.00;0.00;1.00;0.00;0.00;0.00;3.28;97.40;2.90;0.00;0.00;2000.00;84.51;
"2019-10-05 04:50:00";5.30;9.30;9.60;0.00;79.00;0.00;1.00;0.00;0.00;0.00;3.22;97.53;2.86;0.00;0.00;2000.00;84.51;
"2019-10-05 04:55:00";5.00;9.30;9.60;0.00;72.00;0.00;1.00;0.00;0.00;0.00;3.17;97.65;2.84;0.00;0.00;2000.00;84.51;
"2019-10-05 05:00:00";4.90;9.30;9.60;0.00;64.00;0.00;1.00;0.00;0.00;0.00;3.13;97.65;2.80;0.00;0.00;2000.00;84.51;
"2019-10-05 05:05:00";4.90;9.30;9.60;0.00;61.00;0.00;1.00;0.00;0.00;0.00;3.06;97.64;2.72;0.00;0.00;2000.00;84.51;
"2019-10-05 05:10:00";4.90;9.30;9.60;0.00;61.00;0.00;1.00;0.00;0.00;0.00;3.07;97.92;2.77;0.00;0.00;2000.00;84.51;
"2019-10-05 05:15:00";4.90;9.30;9.60;0.00;103.00;0.00;1.00;0.00;0.00;0.00;3.09;97.87;2.78;0.00;0.00;2000.00;84.51;
"2019-10-05 05:20:00";4.80;9.30;9.50;0.00;109.00;0.00;1.00;0.00;0.00;0.00;3.06;97.78;2.74;0.00;0.00;2000.00;84.51;
"2019-10-05 05:25:00";4.60;9.30;9.50;0.00;85.00;0.00;1.00;0.00;0.00;0.00;3.04;97.82;2.73;0.00;0.00;2000.00;84.51;
"2019-10-05 05:30:00";4.60;9.30;9.50;0.00;109.00;0.00;1.00;0.00;0.00;0.00;2.96;97.84;2.65;0.00;0.00;2000.00;84.51;
"2019-10-05 05:35:00";4.70;9.20;9.50;0.00;109.00;0.00;1.00;0.00;0.00;0.00;2.97;97.93;2.68;0.00;0.00;2000.00;84.51;
"2019-10-05 05:40:00";4.60;9.20;9.50;0.00;77.00;0.00;1.00;0.00;0.00;0.00;2.95;97.86;2.65;0.00;0.00;2000.00;84.51;
"2019-10-05 05:45:00";4.40;9.20;9.50;0.00;151.00;0.00;1.00;0.00;0.00;0.00;2.81;97.88;2.50;0.00;0.00;2000.00;84.51;
"2019-10-05 05:50:00";4.20;9.20;9.50;0.00;109.00;0.00;1.00;0.00;0.00;0.00;2.72;97.93;2.43;0.00;0.00;2000.00;84.51;
"2019-10-05 05:55:00";4.10;9.20;9.50;0.00;93.00;0.00;1.00;0.00;0.00;0.00;2.67;98.03;2.39;0.00;0.00;2000.00;84.51;
"2019-10-05 06:00:00";4.20;9.20;9.40;0.00;74.00;0.00;1.00;0.00;0.00;0.00;2.68;98.13;2.41;0.00;0.00;2000.00;84.51;
"2019-10-05 06:05:00";4.50;9.20;9.40;0.00;69.00;0.00;1.00;0.00;0.00;0.00;2.73;98.20;2.47;0.00;0.00;2000.00;84.51;
"2019-10-05 06:10:00";4.60;9.10;9.40;0.00;64.00;0.00;1.00;0.00;0.00;0.00;2.74;98.17;2.48;0.00;0.00;2000.00;84.51;
"2019-10-05 06:15:00";4.80;9.10;9.40;0.00;123.00;0.00;1.00;0.00;0.00;0.00;2.83;98.30;2.59;0.00;0.00;2000.00;84.51;
"2019-10-05 06:20:00";4.90;9.10;9.40;0.00;103.00;0.00;1.00;0.00;0.00;0.00;2.85;98.31;2.61;0.00;0.00;2000.00;84.51;
"2019-10-05 06:25:00";4.90;9.10;9.40;0.00;181.00;0.00;1.00;0.00;0.00;0.00;2.83;98.25;2.58;0.00;0.00;2000.00;84.51;
"2019-10-05 06:30:00";5.00;9.10;9.40;0.00;64.00;0.00;1.00;0.00;0.00;0.00;2.85;98.44;2.63;0.00;0.00;2000.00;84.51;
"2019-10-05 06:35:00";5.00;9.10;9.30;0.00;140.00;0.00;1.00;0.00;0.00;0.00;2.89;98.44;2.66;0.00;0.00;2000.00;84.51;
"2019-10-05 06:40:00";5.00;9.00;9.30;0.00;90.00;0.00;1.00;0.00;0.00;0.00;2.92;98.35;2.68;0.00;0.00;2000.00;84.51;
"2019-10-05 06:45:00";5.10;9.00;9.30;0.00;112.00;0.00;1.00;0.00;0.00;0.00;2.92;98.47;2.71;0.00;0.00;2000.00;84.51;
"2019-10-05 06:50:00";5.10;9.00;9.30;0.00;112.00;0.00;1.00;0.00;0.00;0.00;2.98;98.53;2.77;0.00;0.00;2000.00;84.51;
"2019-10-05 06:55:00";5.00;9.00;9.30;0.00;82.00;0.00;1.00;0.00;0.00;0.00;2.90;98.38;2.67;0.00;0.00;2000.00;84.51;
"2019-10-05 07:00:00";4.90;9.00;9.30;0.00;106.00;0.00;1.00;0.00;0.00;0.00;2.93;98.53;2.72;0.00;0.00;2000.00;84.51;
"2019-10-05 07:05:00";4.90;9.00;9.30;0.00;72.00;0.00;1.00;0.00;0.00;0.00;3.01;98.65;2.82;0.00;0.00;2000.00;84.51;
"2019-10-05 07:10:00";5.00;9.00;9.30;0.00;74.00;0.00;1.00;0.00;0.00;0.00;3.08;98.62;2.88;0.00;0.00;2000.00;84.51;
"2019-10-05 07:15:00";5.00;8.90;9.30;0.00;61.00;0.00;1.00;0.00;0.00;0.00;3.04;98.59;2.84;0.00;0.00;2000.00;84.51;
"2019-10-05 07:20:00";4.90;8.90;9.30;0.00;51.00;0.00;1.00;0.00;0.00;0.00;2.91;98.53;2.70;0.00;0.00;2000.00;84.51;
"2019-10-05 07:25:00";4.90;8.90;9.30;0.00;93.00;0.00;1.00;0.00;0.00;0.00;2.95;98.66;2.76;0.00;0.00;2000.00;84.51;
"2019-10-05 07:30:00";4.90;8.90;9.30;0.00;140.00;0.00;1.00;0.00;0.00;0.00;2.97;98.66;2.78;0.00;0.00;2000.00;84.51;
"2019-10-05 07:35:00";4.90;8.90;9.30;0.00;106.00;0.00;1.00;0.00;0.00;0.00;2.95;98.74;2.77;0.00;0.00;2000.00;84.51;
"2019-10-05 07:40:00";4.80;8.90;9.30;0.00;112.00;0.00;1.00;0.00;0.00;0.00;2.95;98.64;2.76;0.00;0.00;2000.00;84.51;
"2019-10-05 07:45:00";4.50;8.90;9.20;0.00;93.00;0.00;1.00;0.00;0.00;0.00;2.93;98.64;2.73;0.00;0.00;2000.00;84.51;
"2019-10-05 07:50:00";4.30;8.80;9.20;0.00;74.00;0.00;1.00;0.00;0.00;0.00;2.85;98.70;2.66;0.00;0.00;2000.00;84.51;
"2019-10-05 07:55:00";4.10;8.80;9.20;0.00;64.00;0.00;1.00;0.00;0.00;0.00;2.81;98.76;2.63;0.00;0.00;2000.00;84.51;
"2019-10-05 08:00:00";4.10;8.80;9.20;0.00;74.00;0.00;1.00;0.00;0.00;0.00;2.75;98.70;2.57;0.00;0.00;2000.00;84.51;
"2019-10-05 08:05:00";4.50;8.80;9.20;0.00;59.00;0.00;1.00;0.00;0.00;0.00;2.57;98.50;2.35;0.00;0.00;2000.00;84.51;
"2019-10-05 08:10:00";4.60;8.80;9.20;0.00;69.00;0.00;1.00;0.00;0.00;0.00;2.50;98.73;2.32;0.00;0.00;2000.00;84.51;
"2019-10-05 08:15:00";4.70;8.80;9.20;0.00;54.00;0.00;1.00;0.00;0.00;0.00;2.61;98.92;2.46;0.00;0.00;2000.00;84.51;
"2019-10-05 08:20:00";4.80;8.80;9.10;0.00;56.00;0.00;1.00;0.00;0.00;0.00;2.57;98.87;2.41;0.00;0.00;2000.00;84.51;
"2019-10-05 08:25:00";4.90;8.80;9.10;0.00;59.00;0.00;1.00;0.00;0.00;1.37;2.61;98.81;2.44;0.00;0.00;2000.00;84.51;
"2019-10-05 08:30:00";5.00;8.70;9.10;0.00;51.00;0.00;1.00;0.00;0.00;0.00;2.68;99.03;2.55;0.00;0.00;2000.00;84.51;
"2019-10-05 08:35:00";5.10;8.70;9.10;0.00;46.00;0.00;1.00;0.00;0.00;0.00;2.66;98.95;2.51;0.00;0.00;2000.00;84.51;
"2019-10-05 08:40:00";5.30;8.70;9.10;0.00;61.00;0.00;1.00;0.00;0.00;0.00;2.84;98.87;2.68;0.00;0.00;2000.00;84.51;
"2019-10-05 08:45:00";5.40;8.70;9.10;0.00;61.00;0.00;1.00;0.00;0.00;0.00;2.87;99.15;2.75;0.00;0.00;2000.00;84.51;
"2019-10-05 08:50:00";5.50;8.70;9.10;0.00;51.00;0.00;1.00;0.00;0.00;0.00;2.92;98.84;2.75;0.00;0.00;2000.00;84.51;
"2019-10-05 08:55:00";5.60;8.70;9.00;0.00;51.00;0.00;1.00;0.00;0.00;0.00;3.04;99.04;2.90;0.01;69.00;2000.00;84.52;
"2019-10-05 09:00:00";5.80;8.70;9.00;0.00;56.00;0.00;1.00;0.00;0.00;0.00;3.22;99.00;3.08;0.00;0.00;2000.00;84.52;
"2019-10-05 09:05:00";6.00;8.60;9.00;0.00;54.00;0.00;1.00;0.00;0.00;1.29;3.19;99.29;3.08;0.00;0.00;2000.00;84.52;
"2019-10-05 09:10:00";6.10;8.60;9.00;0.00;77.00;0.00;1.00;0.00;0.00;0.00;3.32;98.98;3.17;0.00;0.00;2000.00;84.52;
"2019-10-05 09:15:00";6.10;8.60;9.00;0.00;87.00;0.00;1.00;0.00;0.00;0.00;3.30;98.80;3.13;0.00;0.00;2000.00;84.52;
"2019-10-05 09:20:00";6.40;8.60;9.00;0.00;46.00;0.00;1.00;0.00;0.00;0.85;3.40;98.91;3.24;0.00;0.00;2000.00;84.52;
"2019-10-05 09:25:00";6.50;8.60;9.00;0.00;38.00;0.00;1.00;0.00;0.00;0.00;3.33;98.76;3.15;0.00;0.00;2000.00;84.52;
"2019-10-05 09:30:00";6.60;8.60;9.00;0.00;31.00;0.00;1.00;1.84;48.21;1.99;3.45;98.75;3.27;0.00;0.00;2000.00;84.52;
"2019-10-05 09:35:00";6.60;8.60;9.00;0.00;26.00;0.00;0.00;2.39;52.83;2.39;3.59;99.17;3.47;0.00;0.00;2000.00;84.52;
"2019-10-05 09:40:00";6.90;8.60;9.00;0.00;21.00;0.00;0.00;0.55;76.40;1.77;3.82;99.02;3.68;0.00;0.00;2000.00;84.52;
"2019-10-05 09:45:00";7.30;8.60;9.00;0.00;16.00;0.00;0.00;0.00;0.00;1.29;4.09;99.42;4.00;0.00;0.00;2000.00;84.52;
"2019-10-05 09:50:00";7.50;8.60;8.90;0.00;0.00;0.00;0.00;0.00;0.00;1.55;4.09;98.08;3.81;0.00;0.00;2000.00;84.52;
"2019-10-05 09:55:00";7.80;8.60;8.90;0.00;0.00;0.00;0.00;0.00;0.00;0.00;4.12;98.44;3.90;0.00;0.00;2000.00;84.52;
"2019-10-05 10:00:00";7.80;8.60;8.90;0.00;0.00;0.00;0.00;0.00;0.00;0.00;4.33;98.78;4.16;0.00;0.00;2000.00;84.52;
"2019-10-05 10:05:00";7.80;8.60;8.90;0.00;0.00;0.00;0.00;0.00;0.00;0.00;4.25;97.70;3.92;0.00;0.00;2000.00;84.52;
"2019-10-05 10:10:00";7.90;8.60;8.90;0.00;0.00;0.00;0.00;0.00;0.00;0.00;4.10;97.87;3.80;0.00;0.00;2000.00;84.52;
"2019-10-05 10:15:00";8.10;8.60;8.90;0.00;0.00;0.00;0.00;0.00;0.00;0.00;3.99;98.24;3.74;0.00;0.00;2000.00;84.52;
"2019-10-05 10:20:00";8.50;8.60;8.90;0.00;0.00;0.00;0.00;0.00;0.00;0.00;4.19;98.28;3.94;0.00;0.00;2000.00;84.52;
"2019-10-05 10:25:00";9.20;8.60;8.90;0.00;0.00;0.00;0.00;0.00;0.00;0.00;4.34;98.43;4.12;0.00;0.00;2000.00;84.52;
"2019-10-05 10:30:00";9.80;8.60;9.00;0.00;0.00;0.00;0.00;0.00;0.00;0.00;4.38;98.68;4.19;0.00;0.00;2000.00;84.52;
"2019-10-05 10:35:00";10.50;8.60;8.90;0.00;0.00;0.00;0.00;1.88;51.52;2.11;4.72;98.14;4.45;0.00;0.00;2000.00;84.52;
"2019-10-05 10:40:00";11.10;8.60;8.90;0.00;0.00;0.00;0.00;0.00;0.00;0.53;4.65;98.39;4.42;0.00;0.00;2000.00;84.52;
"2019-10-05 10:45:00";11.10;8.60;8.90;0.00;0.00;0.00;0.00;0.00;0.00;0.00;5.56;99.88;5.55;0.00;0.00;2000.00;84.52;
"2019-10-05 10:50:00";11.20;8.60;9.00;0.00;0.00;0.00;0.00;3.06;61.27;3.57;5.27;97.60;4.93;0.00;0.00;2000.00;84.52;
"2019-10-05 10:55:00";11.30;8.70;9.00;0.00;0.00;0.00;0.00;3.40;44.20;3.46;5.25;97.95;4.95;0.00;0.00;2000.00;84.52;
"2019-10-05 11:00:00";11.20;8.70;9.00;0.00;0.00;0.00;0.00;0.00;0.00;0.88;5.12;98.54;4.91;0.00;0.00;2000.00;84.52;
"2019-10-05 11:05:00";11.10;8.70;9.00;0.00;0.00;0.00;0.00;2.49;180.00;2.58;5.13;98.37;4.89;0.00;0.00;2000.00;84.52;
"2019-10-05 11:10:00";11.10;8.70;9.00;0.00;0.00;0.00;0.00;1.27;79.68;2.34;5.29;98.02;5.00;0.00;0.00;2000.00;84.52;
"2019-10-05 11:15:00";11.10;8.70;9.00;0.00;0.00;0.00;0.00;0.00;0.00;3.09;5.16;98.26;4.91;0.00;0.00;2000.00;84.52;
"2019-10-05 11:20:00";11.50;8.70;9.00;0.00;0.00;0.00;0.00;0.00;0.00;1.38;5.34;98.47;5.12;0.00;0.00;2000.00;84.52;
"2019-10-05 11:25:00";12.20;8.80;9.00;0.00;0.00;0.00;0.00;1.22;161.87;2.52;5.67;97.78;5.35;0.00;0.00;2000.00;84.52;
"2019-10-05 11:30:00";12.50;8.80;9.10;0.00;0.00;0.00;0.00;3.10;64.83;3.21;5.45;97.33;5.06;0.00;0.00;2000.00;84.52;
"2019-10-05 11:35:00";12.20;8.80;9.10;0.00;0.00;0.00;0.00;2.62;71.73;4.78;5.24;97.11;4.81;0.00;0.00;2000.00;84.52;
"2019-10-05 11:40:00";11.80;8.90;9.10;0.00;0.00;0.00;0.00;2.13;82.32;3.39;5.09;96.70;4.61;0.00;0.00;2000.00;84.52;
"2019-10-05 11:45:00";11.40;8.90;9.10;0.00;0.00;0.00;0.00;1.44;63.59;3.10;5.14;96.95;4.69;0.00;0.00;2000.00;84.52;
"2019-10-05 11:50:00";11.20;8.90;9.20;0.00;0.00;0.00;0.00;0.00;0.00;0.00;5.03;96.09;4.46;0.00;0.00;2000.00;84.52;
"2019-10-05 11:55:00";10.90;9.00;9.20;0.00;0.00;0.00;0.00;0.00;0.00;0.00;5.12;95.85;4.51;0.00;0.00;2000.00;84.52;
"2019-10-05 12:00:00";10.80;9.00;9.20;0.00;0.00;0.00;0.00;2.53;41.16;2.68;5.03;94.55;4.23;0.00;0.00;2000.00;84.52;
"2019-10-05 12:05:00";11.30;9.00;9.20;0.00;0.00;0.00;0.00;0.00;0.00;0.00;5.19;93.75;4.26;0.00;0.00;2000.00;84.52;
"2019-10-05 12:10:00";12.40;9.00;9.20;0.00;0.00;0.00;0.00;0.00;0.00;0.00;5.41;93.58;4.45;0.00;0.00;2000.00;84.52;
"2019-10-05 12:15:00";13.40;9.10;9.30;0.00;0.00;0.00;0.00;0.00;0.00;0.00;5.90;92.72;4.81;0.00;0.00;2000.00;84.52;
"2019-10-05 12:20:00";13.40;9.10;9.30;0.00;0.00;0.00;0.00;0.00;0.00;0.00;6.13;91.07;4.78;0.00;0.00;2000.00;84.52;
"2019-10-05 12:25:00";13.70;9.20;9.30;0.00;0.00;0.00;0.00;0.00;0.00;0.00;6.24;90.60;4.81;0.00;0.00;2000.00;84.52;
"2019-10-05 12:30:00";13.90;9.20;9.30;0.00;0.00;0.00;0.00;0.00;0.00;0.00;6.48;89.52;4.88;0.00;0.00;2000.00;84.52;
"2019-10-05 12:35:00";13.60;9.20;9.30;0.00;0.00;0.00;0.00;0.00;0.00;0.00;6.01;88.00;4.18;0.00;0.00;2000.00;84.52;
"2019-10-05 12:40:00";12.70;9.20;9.30;0.00;0.00;0.00;0.00;0.00;0.00;0.00;5.62;87.47;3.70;0.00;0.00;2000.00;84.52;
"2019-10-05 12:45:00";12.80;9.30;9.30;0.00;0.00;0.00;0.00;0.00;0.00;3.07;5.77;86.62;3.71;0.00;0.00;2000.00;84.52;
"2019-10-05 12:50:00";13.70;9.30;9.40;0.00;0.00;0.00;0.00;2.07;180.00;3.33;5.77;85.84;3.58;0.00;0.00;2000.00;84.52;
"2019-10-05 12:55:00";14.40;9.30;9.40;0.00;0.00;0.00;0.00;1.84;82.75;3.50;5.75;84.76;3.38;0.00;0.00;2000.00;84.52;
"2019-10-05 13:00:00";15.40;9.30;9.50;0.00;0.00;0.00;0.00;0.00;0.00;0.00;5.84;84.13;3.36;0.00;0.00;2000.00;84.52;
"2019-10-05 13:05:00";16.50;9.30;9.50;0.00;0.00;0.00;0.00;2.45;66.38;2.71;6.17;83.48;3.58;0.00;0.00;2000.00;84.52;
"2019-10-05 13:10:00";16.60;9.40;9.50;0.00;0.00;0.00;0.00;5.10;67.88;5.10;6.38;81.84;3.50;0.00;0.00;2000.00;84.52;
"2019-10-05 13:15:00";17.50;9.40;9.50;0.00;0.00;0.00;0.00;2.47;111.77;3.48;6.53;82.22;3.71;0.00;0.00;2000.00;84.52;
"2019-10-05 13:20:00";17.80;9.50;9.60;0.00;0.00;0.00;0.00;0.00;0.00;0.00;6.51;81.34;3.54;0.00;0.00;2000.00;84.52;
"2019-10-05 13:25:00";17.00;9.50;9.60;0.00;0.00;0.00;0.00;2.02;55.47;3.11;6.56;79.80;3.31;0.00;0.00;2000.00;84.52;
"2019-10-05 13:30:00";16.10;9.60;9.70;0.00;0.00;0.00;0.00;0.00;0.00;0.00;6.32;79.19;2.98;0.00;0.00;2000.00;84.52;
"2019-10-05 13:35:00";16.00;9.60;9.70;0.00;0.00;0.00;0.00;1.14;52.69;1.22;6.32;78.58;2.87;0.00;0.00;2000.00;84.52;
"2019-10-05 13:40:00";15.60;9.60;9.70;0.00;0.00;0.00;0.00;1.16;180.00;3.42;6.44;77.94;2.87;0.00;0.00;2000.00;84.52;
"2019-10-05 13:45:00";14.90;9.70;9.80;0.00;0.00;0.00;0.00;0.00;0.00;0.00;6.47;77.70;2.85;0.00;0.00;2000.00;84.52;
"2019-10-05 13:50:00";14.20;9.70;9.80;0.00;0.00;0.00;0.00;1.98;67.73;3.04;6.38;76.74;2.59;0.00;0.00;2000.00;84.52;
"2019-10-05 13:55:00";13.70;9.80;9.90;0.00;0.00;0.00;0.00;0.00;0.00;0.00;6.05;76.64;2.25;0.00;0.00;2000.00;84.52;
"2019-10-05 14:00:00";13.30;9.90;9.90;0.00;0.00;0.00;0.00;0.00;0.00;0.00;6.13;76.41;2.29;0.00;0.00;2000.00;84.52;
"2019-10-05 14:05:00";13.10;9.90;10.00;0.00;0.00;0.00;0.00;0.00;0.00;0.00;6.19;76.05;2.28;0.00;0.00;2000.00;84.52;
"2019-10-05 14:10:00";13.00;10.00;10.00;0.00;0.00;0.00;0.00;0.00;0.00;0.00;6.25;76.10;2.35;0.00;0.00;2000.00;84.52;
"2019-10-05 14:15:00";14.20;10.00;10.00;0.00;0.00;0.00;0.00;0.00;0.00;0.00;6.78;76.21;2.88;0.00;0.00;2000.00;84.52;
"2019-10-05 14:20:00";15.90;10.10;10.10;0.00;0.00;0.00;0.00;0.00;0.00;0.00;7.14;75.35;3.07;0.00;0.00;2000.00;84.52;
"2019-10-05 14:25:00";16.10;10.10;10.10;0.00;0.00;0.00;0.00;0.00;0.00;0.00;7.27;74.58;3.05;0.00;0.00;2000.00;84.52;
"2019-10-05 14:30:00";15.20;10.10;10.20;0.00;0.00;0.00;0.00;0.00;0.00;0.00;6.98;73.95;2.65;0.00;0.00;2000.00;84.52;
"2019-10-05 14:35:00";14.60;10.20;10.20;0.00;0.00;0.00;0.00;0.00;0.00;0.00;6.71;73.95;2.39;0.00;0.00;2000.00;84.52;
"2019-10-05 14:40:00";14.40;10.20;10.20;0.00;0.00;0.00;0.00;0.00;0.00;0.00;6.58;73.42;2.16;0.00;0.00;2000.00;84.52;
"2019-10-05 14:45:00";14.40;10.20;10.20;0.00;0.00;0.00;0.00;0.00;0.00;0.00;6.87;73.50;2.45;0.00;0.00;2000.00;84.52;
"2019-10-05 14:50:00";14.50;10.20;10.20;0.00;0.00;0.00;0.00;0.00;0.00;0.00;7.01;72.74;2.45;0.00;0.00;2000.00;84.52;
"2019-10-05 14:55:00";14.70;10.30;10.30;0.00;0.00;0.00;0.00;0.00;0.00;0.00;7.10;72.78;2.54;0.00;0.00;2000.00;84.52;
"2019-10-05 15:00:00";14.40;10.30;10.30;0.00;0.00;0.00;0.00;0.00;0.00;0.00;7.16;71.99;2.44;0.00;0.00;2000.00;84.52;
"2019-10-05 15:05:00";13.80;10.30;10.30;0.00;0.00;0.00;0.00;0.00;0.00;0.00;6.79;71.57;2.01;0.00;0.00;2000.00;84.52;
"2019-10-05 15:10:00";13.10;10.40;10.40;0.00;0.00;0.00;0.00;0.00;0.00;0.00;6.52;71.57;1.74;0.00;0.00;2000.00;84.52;
"2019-10-05 15:15:00";12.30;10.30;10.40;0.00;0.00;0.00;0.00;0.00;0.00;0.00;6.58;71.58;1.80;0.01;0.00;2000.00;84.53;
"2019-10-05 15:20:00";11.60;10.40;10.40;0.00;14.00;0.00;0.00;0.00;0.00;0.00;6.44;71.48;1.65;0.01;0.00;2000.00;84.54;
"2019-10-05 15:25:00";11.20;10.40;10.40;0.00;14.00;0.00;0.00;0.00;0.00;0.00;6.49;71.87;1.78;0.00;0.00;2000.00;84.54;
"2019-10-05 15:30:00";11.30;10.50;10.50;0.00;0.00;0.00;0.00;0.00;0.00;0.00;6.58;72.20;1.93;0.00;0.00;2000.00;84.54;
"2019-10-05 15:35:00";11.70;10.50;10.50;0.00;0.00;0.00;0.00;0.00;0.00;0.00;6.61;72.23;1.96;0.00;0.00;2000.00;84.54;
"2019-10-05 15:40:00";11.80;10.50;10.50;0.00;0.00;0.00;0.00;0.00;0.00;0.00;6.51;72.43;1.91;0.00;0.00;2000.00;84.54;
"2019-10-05 15:45:00";11.80;10.50;10.60;0.00;0.00;0.00;0.00;0.00;0.00;0.00;6.53;72.44;1.92;0.00;0.00;2000.00;84.54;
"2019-10-05 15:50:00";11.70;10.60;10.60;0.00;0.00;0.00;0.00;0.00;0.00;0.00;6.52;72.29;1.89;0.00;0.00;2000.00;84.54;
"2019-10-05 15:55:00";11.60;10.60;10.60;0.00;0.00;0.00;0.00;0.00;0.00;0.00;6.49;72.32;1.86;0.00;0.00;2000.00;84.54;
"2019-10-05 16:00:00";11.60;10.60;10.70;0.00;0.00;0.00;0.00;0.00;0.00;0.00;6.56;72.20;1.91;0.00;0.00;2000.00;84.54;
"2019-10-05 16:05:00";11.70;10.60;10.60;0.00;0.00;0.00;0.00;0.00;0.00;0.00;6.64;72.11;1.97;0.00;0.00;2000.00;84.54;
"2019-10-05 16:10:00";11.60;10.60;10.70;0.00;0.00;0.00;0.00;0.00;0.00;0.00;6.63;72.38;2.01;0.00;0.00;2000.00;84.54;
"2019-10-05 16:15:00";11.40;10.60;10.70;0.00;0.00;0.00;0.00;0.00;0.00;0.00;6.45;72.07;1.78;0.00;0.00;2000.00;84.54;
"2019-10-05 16:20:00";11.20;10.60;10.70;0.00;0.00;0.00;0.00;0.00;0.00;0.00;6.43;72.19;1.78;0.00;0.00;2000.00;84.54;
"2019-10-05 16:25:00";11.90;10.70;10.70;0.00;0.00;0.00;0.00;0.00;0.00;0.00;6.76;72.59;2.17;0.00;0.00;2000.00;84.54;
"2019-10-05 16:30:00";12.80;10.60;10.70;0.00;0.00;0.00;0.00;0.00;0.00;0.00;7.09;72.08;2.40;0.00;0.00;2000.00;84.54;
"2019-10-05 16:35:00";13.00;10.70;10.70;0.00;0.00;0.00;0.00;0.00;0.00;0.00;7.25;71.50;2.43;0.00;0.00;2000.00;84.54;
"2019-10-05 16:40:00";12.70;10.70;10.70;0.00;0.00;0.00;0.00;0.00;0.00;0.00;7.04;70.74;2.08;0.00;0.00;2000.00;84.54;
"2019-10-05 16:45:00";12.30;10.70;10.70;0.00;0.00;0.00;0.00;0.00;0.00;0.00;6.83;70.29;1.79;0.00;0.00;2000.00;84.54;
"2019-10-05 16:50:00";12.10;10.70;10.70;0.00;0.00;0.00;0.00;0.00;0.00;0.00;6.81;69.70;1.65;0.00;0.00;2000.00;84.54;
"2019-10-05 16:55:00";11.70;10.70;10.80;0.00;0.00;0.00;0.00;0.00;0.00;0.00;6.80;69.43;1.59;0.00;0.00;2000.00;84.54;
"2019-10-05 17:00:00";11.60;10.70;10.80;0.00;0.00;0.00;0.00;0.00;0.00;0.00;6.79;69.09;1.52;0.00;0.00;2000.00;84.54;
"2019-10-05 17:05:00";11.40;10.70;10.80;0.00;0.00;0.00;0.00;0.00;0.00;0.00;6.68;69.07;1.41;0.00;0.00;2000.00;84.54;
"2019-10-05 17:10:00";11.20;10.70;10.80;0.00;0.00;0.00;0.00;0.00;0.00;0.00;6.67;69.21;1.42;0.00;0.00;2000.00;84.54;
"2019-10-05 17:15:00";11.00;10.70;10.80;0.00;0.00;0.00;0.00;0.00;0.00;0.00;6.54;69.44;1.35;0.00;0.00;2000.00;84.54;
"2019-10-05 17:20:00";10.80;10.70;10.80;0.00;0.00;0.00;0.00;0.00;0.00;0.00;6.43;69.74;1.30;0.00;0.00;2000.00;84.54;
"2019-10-05 17:25:00";10.80;10.80;10.80;0.00;0.00;0.00;0.00;0.00;0.00;0.00;6.48;69.91;1.38;0.00;0.00;2000.00;84.54;
"2019-10-05 17:30:00";10.90;10.70;10.80;0.00;0.00;0.00;0.00;0.00;0.00;0.00;6.69;70.30;1.66;0.00;0.00;2000.00;84.54;
"2019-10-05 17:35:00";11.10;10.70;10.80;0.00;0.00;0.00;0.00;0.00;0.00;0.56;7.12;70.13;2.03;0.00;0.00;2000.00;84.54;
"2019-10-05 17:40:00";11.10;10.70;10.80;0.00;0.00;0.00;0.00;0.00;0.00;0.00;7.36;70.02;2.24;0.00;0.00;2000.00;84.54;
"2019-10-05 17:45:00";10.90;10.70;10.80;0.00;0.00;0.00;0.00;0.00;0.00;0.00;7.23;69.65;2.04;0.00;0.00;2000.00;84.54;
"2019-10-05 17:50:00";11.00;10.80;10.80;0.00;0.00;0.00;0.00;0.00;0.00;0.00;7.08;69.61;1.90;0.00;0.00;2000.00;84.54;
"2019-10-05 17:55:00";11.00;10.80;10.80;0.00;0.00;0.00;0.00;0.00;0.00;0.00;7.16;69.33;1.91;0.00;0.00;2000.00;84.54;
"2019-10-05 18:00:00";10.80;10.70;10.80;0.00;0.00;0.00;0.00;0.00;0.00;0.00;7.14;69.14;1.86;0.00;0.00;2000.00;84.54;
"2019-10-05 18:05:00";10.60;10.80;10.80;0.00;0.00;0.00;0.00;0.00;0.00;0.00;6.90;68.96;1.59;0.00;0.00;2000.00;84.54;
"2019-10-05 18:10:00";10.30;10.80;10.80;0.00;0.00;0.00;0.00;0.00;0.00;0.00;6.69;69.20;1.44;0.00;0.00;2000.00;84.54;
"2019-10-05 18:15:00";10.10;10.80;10.80;0.00;0.00;0.00;0.00;0.00;0.00;0.00;6.51;69.42;1.31;0.00;0.00;2000.00;84.54;
"2019-10-05 18:20:00";9.90;10.80;10.90;0.00;0.00;0.00;0.00;0.00;0.00;0.00;6.45;69.84;1.34;0.00;0.00;2000.00;84.54;
"2019-10-05 18:25:00";9.50;10.70;10.80;0.00;0.00;0.00;0.00;0.00;0.00;0.00;6.22;69.81;1.11;0.00;0.00;2000.00;84.54;
"2019-10-05 18:30:00";9.20;10.70;10.80;0.00;0.00;0.00;0.00;0.00;0.00;0.00;5.94;70.19;0.92;0.00;0.00;2000.00;84.54;
"2019-10-05 18:35:00";8.90;10.80;10.90;0.00;0.00;0.00;0.00;0.00;0.00;0.00;5.69;70.56;0.75;0.00;0.00;2000.00;84.54;
"2019-10-05 18:40:00";8.60;10.80;10.90;0.00;0.00;0.00;0.00;0.00;0.00;0.00;5.44;70.98;0.59;0.00;0.00;2000.00;84.54;
"2019-10-05 18:45:00";8.30;10.80;10.80;0.00;0.00;0.00;0.00;0.00;0.00;0.00;5.15;71.39;0.40;0.00;0.00;2000.00;84.54;
"2019-10-05 18:50:00";8.10;10.70;10.80;0.00;0.00;0.00;0.00;0.00;0.00;0.00;4.94;72.18;0.35;0.00;0.00;2000.00;84.54;
"2019-10-05 18:55:00";7.80;10.70;10.80;0.00;0.00;0.00;0.00;0.00;0.00;0.00;4.85;72.76;0.37;0.00;0.00;2000.00;84.54;
"2019-10-05 19:00:00";7.70;10.70;10.80;0.00;0.00;0.00;0.00;0.00;0.00;0.00;4.64;73.46;0.30;0.00;0.00;2000.00;84.54;
"2019-10-05 19:05:00";7.60;10.70;10.80;0.00;0.00;0.00;0.00;0.00;0.00;0.00;4.56;74.24;0.37;0.00;0.00;2000.00;84.54;
"2019-10-05 19:10:00";7.30;10.70;10.80;0.00;0.00;0.00;0.00;0.00;0.00;0.00;4.48;75.01;0.44;0.00;0.00;2000.00;84.54;
"2019-10-05 19:15:00";7.30;10.70;10.80;0.00;0.00;0.00;0.00;0.00;0.00;0.00;4.49;75.63;0.56;0.00;0.00;2000.00;84.54;
"2019-10-05 19:20:00";7.40;10.70;10.80;0.00;0.00;0.00;0.00;0.00;0.00;0.00;4.52;76.23;0.70;0.00;0.00;2000.00;84.54;
"2019-10-05 19:25:00";7.50;10.70;10.80;0.00;0.00;0.00;0.00;0.00;0.00;0.00;4.49;76.62;0.74;0.00;0.00;2000.00;84.54;
"2019-10-05 19:30:00";7.60;10.60;10.80;0.00;0.00;0.00;0.00;0.00;0.00;0.00;4.55;76.98;0.86;0.00;0.00;2000.00;84.54;
"2019-10-05 19:35:00";7.60;10.60;10.70;0.00;0.00;0.00;0.00;0.00;0.00;0.00;4.53;77.35;0.91;0.00;0.00;2000.00;84.54;
"2019-10-05 19:40:00";7.50;10.60;10.80;0.00;0.00;0.00;0.00;0.00;0.00;0.00;4.51;77.68;0.95;0.00;0.00;2000.00;84.54;
"2019-10-05 19:45:00";7.50;10.60;10.70;0.00;0.00;0.00;0.00;0.00;0.00;0.00;4.55;78.04;1.05;0.00;0.00;2000.00;84.54;
"2019-10-05 19:50:00";7.50;10.60;10.70;0.00;0.00;0.00;0.00;0.00;0.00;0.00;4.52;78.43;1.09;0.00;0.00;2000.00;84.54;
"2019-10-05 19:55:00";7.50;10.50;10.70;0.00;0.00;0.00;0.00;0.00;0.00;0.00;4.45;78.84;1.10;0.00;0.00;2000.00;84.54;
"2019-10-05 20:00:00";7.60;10.50;10.70;0.00;0.00;0.00;0.00;0.00;0.00;0.00;4.48;79.29;1.20;0.00;0.00;2000.00;84.54;
"2019-10-05 20:05:00";7.70;10.50;10.60;0.00;0.00;0.00;0.00;0.00;0.00;0.00;4.56;79.68;1.35;0.00;0.00;2000.00;84.54;
"2019-10-05 20:10:00";7.70;10.50;10.60;0.00;0.00;0.00;0.00;0.00;0.00;0.00;4.62;80.00;1.46;0.00;0.00;2000.00;84.54;
"2019-10-05 20:15:00";7.60;10.40;10.60;0.00;0.00;0.00;0.00;0.00;0.00;0.00;4.54;80.30;1.44;0.00;0.00;2000.00;84.54;
"2019-10-05 20:20:00";7.30;10.40;10.60;0.00;0.00;0.00;0.00;0.00;0.00;0.00;4.40;80.41;1.32;0.00;0.00;2000.00;84.54;
"2019-10-05 20:25:00";7.00;10.40;10.60;0.00;0.00;0.00;0.00;0.00;0.00;0.00;4.20;80.85;1.20;0.01;0.00;2000.00;84.55;
"2019-10-05 20:30:00";6.90;10.30;10.60;0.00;0.00;0.00;0.00;0.00;0.00;0.00;4.09;81.12;1.14;0.00;0.00;2000.00;84.55;
"2019-10-05 20:35:00";6.80;10.40;10.60;0.00;0.00;0.00;0.00;0.00;0.00;0.00;4.01;81.55;1.13;0.00;0.00;2000.00;84.55;
"2019-10-05 20:40:00";6.90;10.30;10.50;0.00;0.00;0.00;0.00;0.00;0.00;0.00;4.03;82.07;1.24;0.00;0.00;2000.00;84.55;
"2019-10-05 20:45:00";6.90;10.30;10.50;0.00;41.00;0.00;1.00;0.00;0.00;0.00;4.04;82.45;1.32;0.06;69.00;2000.00;84.61;
"2019-10-05 20:50:00";6.80;10.30;10.50;0.00;85.00;0.00;1.00;0.00;0.00;0.00;4.01;82.87;1.36;0.04;69.00;2000.00;84.65;
"2019-10-05 20:55:00";6.70;10.30;10.50;0.00;98.00;0.00;1.00;0.00;0.00;0.00;4.02;83.25;1.44;0.05;69.00;2000.00;84.70;
"2019-10-05 21:00:00";6.40;10.20;10.50;0.00;101.00;0.00;1.00;0.00;0.00;0.00;4.02;83.64;1.50;0.01;0.00;2000.00;84.71;
"2019-10-05 21:05:00";6.10;10.20;10.40;0.00;90.00;0.00;1.00;0.00;0.00;0.00;4.00;84.01;1.54;0.00;0.00;2000.00;84.71;
"2019-10-05 21:10:00";6.10;10.20;10.40;0.00;85.00;0.00;1.00;0.00;0.00;0.00;3.89;84.25;1.48;0.00;0.00;2000.00;84.71;
"2019-10-05 21:15:00";6.10;10.20;10.40;0.00;82.00;0.00;1.00;0.00;0.00;0.00;3.94;84.81;1.62;0.00;0.00;2000.00;84.71;
"2019-10-05 21:20:00";6.20;10.20;10.40;0.00;72.00;0.00;1.00;0.00;0.00;0.00;3.84;84.97;1.54;0.00;0.00;2000.00;84.71;
"2019-10-05 21:25:00";6.30;10.20;10.40;0.00;41.00;0.00;1.00;0.00;0.00;0.00;3.84;85.23;1.59;0.00;0.00;2000.00;84.71;
"2019-10-05 21:30:00";6.30;10.20;10.30;0.00;38.00;0.00;1.00;0.00;0.00;0.00;3.77;85.56;1.57;0.00;0.00;2000.00;84.71;
"2019-10-05 21:35:00";6.40;10.20;10.30;0.00;41.00;0.00;1.00;0.00;0.00;0.00;3.75;85.95;1.61;0.00;0.00;2000.00;84.71;
"2019-10-05 21:40:00";6.40;10.20;10.30;0.00;103.00;0.00;1.00;0.00;0.00;0.00;3.72;86.26;1.64;0.01;0.00;2000.00;84.72;
"2019-10-05 21:45:00";6.40;10.10;10.30;0.00;205.00;0.00;1.00;0.00;0.00;0.00;3.77;86.48;1.73;0.08;69.00;2000.00;84.80;
"2019-10-05 21:50:00";6.40;10.10;10.30;0.00;137.00;0.00;1.00;0.00;0.00;0.00;3.90;86.94;1.93;0.04;69.00;2000.00;84.84;
"2019-10-05 21:55:00";6.50;10.10;10.20;0.00;154.00;0.00;1.00;0.00;0.00;0.00;3.88;87.11;1.93;0.05;69.00;2000.00;84.89;
"2019-10-05 22:00:00";6.40;10.10;10.20;0.00;212.00;0.00;1.00;0.00;0.00;0.00;3.83;87.13;1.88;0.21;69.00;2000.00;85.10;
"2019-10-05 22:05:00";6.30;10.00;10.20;0.00;134.00;0.00;1.00;0.00;0.00;0.00;3.78;87.71;1.93;0.04;69.00;2000.00;85.14;
"2019-10-05 22:10:00";6.10;10.00;10.20;0.00;224.00;0.00;1.00;0.00;0.00;0.00;3.67;87.82;1.84;0.00;0.00;2000.00;85.14;
"2019-10-05 22:15:00";6.10;10.00;10.20;0.00;231.00;0.00;1.00;0.00;0.00;0.00;3.73;88.06;1.94;0.00;0.00;2000.00;85.14;
"2019-10-05 22:20:00";5.90;10.00;10.20;0.00;178.00;0.00;1.00;0.00;0.00;0.00;3.75;88.17;1.97;0.00;0.00;2000.00;85.14;
"2019-10-05 22:25:00";5.70;10.00;10.20;0.00;112.00;0.00;1.00;0.00;0.00;0.00;3.68;88.31;1.92;0.00;0.00;2000.00;85.14;
"2019-10-05 22:30:00";5.50;9.90;10.20;0.00;106.00;0.00;1.00;0.00;0.00;0.00;3.52;88.49;1.80;0.00;0.00;2000.00;85.14;
"2019-10-05 22:35:00";5.30;9.90;10.20;0.00;72.00;0.00;1.00;0.00;0.00;0.00;3.38;88.68;1.69;0.00;0.00;2000.00;85.14;
"2019-10-05 22:40:00";5.00;9.90;10.20;0.00;126.00;0.00;1.00;0.00;0.00;0.00;3.21;88.50;1.49;0.00;0.00;2000.00;85.14;
"2019-10-05 22:45:00";4.90;9.90;10.10;0.00;90.00;0.00;1.00;0.00;0.00;0.00;3.08;89.06;1.45;0.00;0.00;2000.00;85.14;
"2019-10-05 22:50:00";5.20;9.80;10.10;0.00;137.00;0.00;1.00;0.00;0.00;0.00;2.99;89.18;1.39;0.00;0.00;2000.00;85.14;
"2019-10-05 22:55:00";5.30;9.80;10.10;0.00;160.00;0.00;1.00;0.00;0.00;0.00;2.96;89.43;1.39;0.00;0.00;2000.00;85.14;
"2019-10-05 23:00:00";5.40;9.80;10.10;0.00;109.00;0.00;1.00;0.00;0.00;0.00;2.98;89.55;1.43;0.00;0.00;2000.00;85.14;
"2019-10-05 23:05:00";5.50;9.80;10.00;0.00;137.00;0.00;1.00;0.00;0.00;0.00;3.03;89.75;1.51;0.00;0.00;2000.00;85.14;
"2019-10-05 23:10:00";5.50;9.80;10.00;0.00;163.00;0.00;1.00;0.00;0.00;0.00;3.02;90.00;1.53;0.00;0.00;2000.00;85.14;
"2019-10-05 23:15:00";5.60;9.70;10.00;0.00;190.00;0.00;1.00;0.00;0.00;0.00;3.09;90.04;1.61;0.00;0.00;2000.00;85.14;
"2019-10-05 23:20:00";5.50;9.70;10.00;0.00;109.00;0.00;1.00;0.00;0.00;0.00;3.01;90.16;1.55;0.00;0.00;2000.00;85.14;
"2019-10-05 23:25:00";5.40;9.70;10.00;0.00;134.00;0.00;1.00;0.00;0.00;0.00;3.00;90.40;1.58;0.00;0.00;2000.00;85.14;
"2019-10-05 23:30:00";5.40;9.60;9.90;0.00;145.00;0.00;1.00;0.00;0.00;0.00;3.03;90.53;1.63;0.00;0.00;2000.00;85.14;
"2019-10-05 23:35:00";5.50;9.60;9.90;0.00;103.00;0.00;1.00;0.00;0.00;0.00;3.04;90.63;1.65;0.00;0.00;2000.00;85.14;
"2019-10-05 23:40:00";5.50;9.60;9.90;0.00;103.00;0.00;1.00;0.00;0.00;0.00;3.04;90.82;1.69;0.00;0.00;2000.00;85.14;
"2019-10-05 23:45:00";5.50;9.60;9.90;0.00;114.00;0.00;1.00;0.00;0.00;0.00;3.07;91.00;1.75;0.00;0.00;2000.00;85.14;
"2019-10-05 23:50:00";5.40;9.60;9.90;0.00;134.00;0.00;1.00;0.00;0.00;0.00;3.03;91.08;1.72;0.00;0.00;2000.00;85.14;
"2019-10-05 23:55:00";5.30;9.50;9.80;0.00;109.00;0.00;1.00;0.00;0.00;0.00;3.04;91.22;1.75;0.00;0.00;2000.00;85.14;
"2019-10-06 00:00:00";5.20;9.50;9.80;0.00;87.00;0.00;1.00;0.00;0.00;0.00;2.95;91.21;1.66;0.00;0.00;2000.00;85.14;
"2019-10-06 00:05:00";5.10;9.50;9.80;0.00;72.00;0.00;1.00;0.00;0.00;0.00;2.82;91.24;1.54;0.00;0.00;2000.00;85.14;
"2019-10-06 00:10:00";5.10;9.50;9.80;0.00;61.00;0.00;1.00;0.00;0.00;0.00;2.81;91.54;1.57;0.00;0.00;2000.00;85.14;
"2019-10-06 00:15:00";5.10;9.40;9.70;0.00;134.00;0.00;1.00;0.00;0.00;0.00;2.77;91.61;1.54;0.00;0.00;2000.00;85.14;
"2019-10-06 00:20:00";5.20;9.40;9.70;0.00;87.00;0.00;1.00;0.00;0.00;0.00;2.78;91.78;1.58;0.00;0.00;2000.00;85.14;
"2019-10-06 00:25:00";5.20;9.40;9.70;0.00;74.00;0.00;1.00;0.00;0.00;0.00;2.80;91.85;1.60;0.00;0.00;2000.00;85.14;
"2019-10-06 00:30:00";5.30;9.40;9.70;0.00;69.00;0.00;1.00;0.00;0.00;0.00;2.86;92.02;1.69;0.00;0.00;2000.00;85.14;
"2019-10-06 00:35:00";5.30;9.30;9.70;0.00;74.00;0.00;1.00;0.00;0.00;0.00;2.84;92.16;1.69;0.00;0.00;2000.00;85.14;
"2019-10-06 00:40:00";5.20;9.30;9.60;0.00;98.00;0.00;1.00;0.00;0.00;0.00;2.86;92.11;1.70;0.00;0.00;2000.00;85.14;
"2019-10-06 00:45:00";5.00;9.30;9.60;0.00;82.00;0.00;1.00;0.00;0.00;0.00;2.86;92.28;1.73;0.00;0.00;2000.00;85.14;
"2019-10-06 00:50:00";4.80;9.30;9.60;0.00;101.00;0.00;1.00;0.00;0.00;0.00;2.80;92.31;1.68;0.00;0.00;2000.00;85.14;
"2019-10-06 00:55:00";4.60;9.30;9.60;0.00;109.00;0.00;1.00;0.00;0.00;0.00;2.71;92.33;1.59;0.00;0.00;2000.00;85.14;
"2019-10-06 01:00:00";4.50;9.30;9.60;0.00;134.00;0.00;1.00;0.00;0.00;0.00;2.64;92.42;1.53;0.00;0.00;2000.00;85.14;
"2019-10-06 01:05:00";4.20;9.30;9.50;0.00;90.00;0.00;1.00;0.00;0.00;0.00;2.54;92.55;1.45;0.00;0.00;2000.00;85.14;
"2019-10-06 01:10:00";4.10;9.30;9.50;0.00;74.00;0.00;1.00;0.00;0.00;0.00;2.50;92.80;1.45;0.00;0.00;2000.00;85.14;
"2019-10-06 01:15:00";4.00;9.30;9.50;0.00;66.00;0.00;1.00;0.00;0.00;0.00;2.48;92.83;1.44;0.00;0.00;2000.00;85.14;
"2019-10-06 01:20:00";3.90;9.30;9.50;0.00;56.00;0.00;1.00;0.00;0.00;0.00;2.40;92.82;1.35;0.00;0.00;2000.00;85.14;
"2019-10-06 01:25:00";3.90;9.20;9.50;0.00;51.00;0.00;1.00;0.00;0.00;0.00;2.35;93.04;1.34;0.00;0.00;2000.00;85.14;
"2019-10-06 01:30:00";4.00;9.20;9.40;0.00;98.00;0.00;1.00;0.00;0.00;0.00;2.34;93.19;1.35;0.00;0.00;2000.00;85.14;
"2019-10-06 01:35:00";4.10;9.20;9.40;0.00;131.00;0.00;1.00;0.00;0.00;0.00;2.40;93.34;1.43;0.00;0.00;2000.00;85.14;
"2019-10-06 01:40:00";4.00;9.20;9.40;0.00;93.00;0.00;1.00;0.00;0.00;0.00;2.40;93.33;1.43;0.00;0.00;2000.00;85.14;
"2019-10-06 01:45:00";3.90;9.10;9.40;0.00;112.00;0.00;1.00;0.00;0.00;0.00;2.36;93.39;1.40;0.00;0.00;2000.00;85.14;
"2019-10-06 01:50:00";3.70;9.10;9.30;0.00;90.00;0.00;1.00;0.00;0.00;0.00;2.29;93.40;1.34;0.00;0.00;2000.00;85.14;
"2019-10-06 01:55:00";3.60;9.10;9.30;0.00;74.00;0.00;1.00;0.00;0.00;0.00;2.22;93.42;1.26;0.00;0.00;2000.00;85.14;
"2019-10-06 02:00:00";3.40;9.10;9.30;0.00;64.00;0.00;1.00;0.00;0.00;0.00;2.14;93.39;1.18;0.00;0.00;2000.00;85.14;
"2019-10-06 02:05:00";3.30;9.10;9.30;0.00;56.00;0.00;1.00;0.00;0.00;0.00;1.95;93.47;1.01;0.00;0.00;2000.00;85.14;
"2019-10-06 02:10:00";3.20;9.00;9.30;0.00;87.00;0.00;1.00;0.00;0.00;0.00;1.80;93.57;0.88;0.00;0.00;2000.00;85.14;
"2019-10-06 02:15:00";3.20;9.00;9.30;0.00;74.00;0.00;1.00;0.00;0.00;0.00;1.79;94.01;0.93;0.00;0.00;2000.00;85.14;
"2019-10-06 02:20:00";3.20;9.00;9.30;0.00;66.00;0.00;1.00;0.00;0.00;0.00;1.83;93.76;0.93;0.00;0.00;2000.00;85.14;
"2019-10-06 02:25:00";3.00;9.00;9.30;0.00;66.00;0.00;1.00;0.00;0.00;0.00;1.70;93.69;0.79;0.00;0.00;2000.00;85.14;
"2019-10-06 02:30:00";3.00;8.90;9.30;0.00;98.00;0.00;1.00;0.00;0.00;0.00;1.54;93.89;0.66;0.00;0.00;2000.00;85.14;
"2019-10-06 02:35:00";3.00;8.90;9.30;0.00;93.00;0.00;1.00;0.00;0.00;0.00;1.47;94.00;0.61;0.00;0.00;2000.00;85.14;
"2019-10-06 02:40:00";3.30;8.90;9.20;0.00;82.00;0.00;1.00;0.00;0.00;0.00;1.51;94.41;0.71;0.00;0.00;2000.00;85.14;
"2019-10-06 02:45:00";3.50;8.80;9.20;0.00;69.00;0.00;1.00;0.00;0.00;0.00;1.60;94.26;0.77;0.00;0.00;2000.00;85.14;
"2019-10-06 02:50:00";3.60;8.80;9.20;0.00;61.00;0.00;1.00;0.00;0.00;0.00;1.76;94.42;0.96;0.00;0.00;2000.00;85.14;
"2019-10-06 02:55:00";3.70;8.80;9.20;0.00;56.00;0.00;1.00;0.00;0.00;0.00;1.73;94.53;0.95;0.00;0.00;2000.00;85.14;
"2019-10-06 03:00:00";3.70;8.80;9.10;0.00;48.00;0.00;1.00;0.00;0.00;0.00;1.78;94.34;0.97;0.00;0.00;2000.00;85.14;
"2019-10-06 03:05:00";3.70;8.70;9.10;0.00;43.00;0.00;1.00;0.00;0.00;0.00;1.83;94.66;1.06;0.00;0.00;2000.00;85.14;
"2019-10-06 03:10:00";3.80;8.70;9.10;0.00;38.00;0.00;1.00;0.00;0.00;0.00;1.91;94.70;1.15;0.00;0.00;2000.00;85.14;
"2019-10-06 03:15:00";3.90;8.70;9.00;0.00;36.00;0.00;1.00;0.00;0.00;0.00;1.75;94.51;0.96;0.00;0.00;2000.00;85.14;
"2019-10-06 03:20:00";4.00;8.70;9.00;0.00;33.00;0.00;1.00;0.00;0.00;0.00;1.76;94.81;1.02;0.00;0.00;2000.00;85.14;
"2019-10-06 03:25:00";4.10;8.60;9.00;0.00;61.00;0.00;1.00;0.00;0.00;0.00;1.84;94.82;1.10;0.00;0.00;2000.00;85.14;
"2019-10-06 03:30:00";4.10;8.60;9.00;0.00;54.00;0.00;1.00;0.00;0.00;0.00;1.83;94.92;1.10;0.00;0.00;2000.00;85.14;
"2019-10-06 03:35:00";4.10;8.60;9.00;0.00;48.00;0.00;1.00;0.00;0.00;0.00;1.81;95.05;1.10;0.00;0.00;2000.00;85.14;
"2019-10-06 03:40:00";4.20;8.60;8.90;0.00;43.00;0.00;1.00;0.00;0.00;0.00;1.87;95.15;1.17;0.00;0.00;2000.00;85.14;
"2019-10-06 03:45:00";4.30;8.50;8.90;0.00;38.00;0.00;1.00;0.00;0.00;0.00;1.97;95.19;1.29;0.00;0.00;2000.00;85.14;
"2019-10-06 03:50:00";4.30;8.50;8.90;0.00;36.00;0.00;1.00;0.00;0.00;0.00;2.02;95.18;1.33;0.00;0.00;2000.00;85.14;
"2019-10-06 03:55:00";4.40;8.50;8.90;0.00;79.00;0.00;1.00;0.00;0.00;0.00;2.02;95.25;1.34;0.00;0.00;2000.00;85.14;
"2019-10-06 04:00:00";4.40;8.50;8.90;0.00;64.00;0.00;1.00;0.00;0.00;0.00;2.05;95.38;1.38;0.00;0.00;2000.00;85.14;
"2019-10-06 04:05:00";4.40;8.50;8.80;0.00;74.00;0.00;1.00;0.00;0.00;0.00;1.99;95.35;1.33;0.00;0.00;2000.00;85.14;
"2019-10-06 04:10:00";4.40;8.50;8.80;0.00;64.00;0.00;1.00;0.00;0.00;0.00;1.98;95.40;1.32;0.00;0.00;2000.00;85.14;
"2019-10-06 04:15:00";4.50;8.50;8.80;0.00;54.00;0.00;1.00;0.00;0.00;0.00;1.97;95.52;1.33;0.00;0.00;2000.00;85.14;
"2019-10-06 04:20:00";4.50;8.50;8.80;0.00;46.00;0.00;1.00;0.00;0.00;0.00;2.01;95.63;1.39;0.00;0.00;2000.00;85.14;
"2019-10-06 04:25:00";4.50;8.50;8.80;0.00;41.00;0.00;1.00;0.00;0.00;0.00;2.02;95.64;1.40;0.00;0.00;2000.00;85.14;
"2019-10-06 04:30:00";4.50;8.50;8.70;0.00;36.00;0.00;1.00;0.00;0.00;0.00;2.09;95.69;1.47;0.00;0.00;2000.00;85.14;
"2019-10-06 04:35:00";4.50;8.40;8.70;0.00;31.00;0.00;1.00;0.00;0.00;0.00;2.02;95.69;1.41;0.00;0.00;2000.00;85.14;
"2019-10-06 04:40:00";4.50;8.40;8.70;0.00;38.00;0.00;1.00;0.00;0.00;0.00;2.00;95.79;1.40;0.00;0.00;2000.00;85.14;
"2019-10-06 04:45:00";4.50;8.40;8.70;0.00;36.00;0.00;1.00;0.00;0.00;0.00;1.99;95.80;1.39;0.00;0.00;2000.00;85.14;
"2019-10-06 04:50:00";4.50;8.40;8.70;0.00;33.00;0.00;1.00;0.00;0.00;0.00;2.00;96.00;1.43;0.00;0.00;2000.00;85.14;
"2019-10-06 04:55:00";4.50;8.40;8.70;0.00;31.00;0.00;1.00;0.00;0.00;0.00;2.03;95.93;1.45;0.00;0.00;2000.00;85.14;
"2019-10-06 05:00:00";4.50;8.40;8.60;0.00;28.00;0.00;0.00;0.00;0.00;0.00;1.99;95.95;1.41;0.00;0.00;2000.00;85.14;
"2019-10-06 05:05:00";4.50;8.40;8.60;0.00;26.00;0.00;0.00;0.00;0.00;0.00;1.94;96.02;1.37;0.00;0.00;2000.00;85.14;
"2019-10-06 05:10:00";4.50;8.30;8.60;0.00;26.00;0.00;0.00;0.00;0.00;0.00;2.01;96.17;1.46;0.00;0.00;2000.00;85.14;
"2019-10-06 05:15:00";4.50;8.30;8.60;0.00;26.00;0.00;0.00;0.00;0.00;0.00;1.95;96.14;1.40;0.00;0.00;2000.00;85.14;
"2019-10-06 05:20:00";4.40;8.30;8.60;0.00;26.00;0.00;0.00;0.00;0.00;0.00;2.01;96.23;1.47;0.00;0.00;2000.00;85.14;
"2019-10-06 05:25:00";4.10;8.30;8.60;0.00;24.00;0.00;0.00;0.00;0.00;0.00;1.97;96.11;1.42;0.00;0.00;2000.00;85.14;
"2019-10-06 05:30:00";3.80;8.30;8.50;0.00;24.00;0.00;0.00;0.00;0.00;0.00;1.83;96.00;1.26;0.00;0.00;2000.00;85.14;
"2019-10-06 05:35:00";3.70;8.30;8.60;0.00;21.00;0.00;0.00;0.00;0.00;0.00;1.66;96.13;1.11;0.00;0.00;2000.00;85.14;
"2019-10-06 05:40:00";3.50;8.30;8.50;0.00;41.00;0.00;1.00;0.00;0.00;0.00;1.57;96.31;1.05;0.00;0.00;2000.00;85.14;
"2019-10-06 05:45:00";3.70;8.20;8.50;0.00;36.00;0.00;1.00;0.00;0.00;0.00;1.62;96.46;1.12;0.00;0.00;2000.00;85.14;
"2019-10-06 05:50:00";3.80;8.20;8.50;0.00;64.00;0.00;1.00;0.00;0.00;0.00;1.61;96.37;1.09;0.00;0.00;2000.00;85.14;
"2019-10-06 05:55:00";4.00;8.20;8.50;0.00;77.00;0.00;1.00;0.00;0.00;0.00;1.71;96.72;1.25;0.00;0.00;2000.00;85.14;
"2019-10-06 06:00:00";4.00;8.20;8.50;0.00;66.00;0.00;1.00;0.00;0.00;0.00;1.81;96.58;1.33;0.00;0.00;2000.00;85.14;
"2019-10-06 06:05:00";4.10;8.20;8.50;0.00;59.00;0.00;1.00;0.00;0.00;0.00;1.78;96.57;1.29;0.00;0.00;2000.00;85.14;
"2019-10-06 06:10:00";4.10;8.20;8.50;0.00;46.00;0.00;1.00;0.00;0.00;0.00;1.80;96.63;1.32;0.00;0.00;2000.00;85.14;
"2019-10-06 06:15:00";4.10;8.20;8.50;0.00;41.00;0.00;1.00;0.00;0.00;0.00;1.78;96.64;1.30;0.00;0.00;2000.00;85.14;
"2019-10-06 06:20:00";4.10;8.10;8.50;0.00;36.00;0.00;1.00;0.00;0.00;0.00;1.73;96.58;1.24;0.00;0.00;2000.00;85.14;
"2019-10-06 06:25:00";4.10;8.10;8.50;0.00;33.00;0.00;1.00;0.00;0.00;0.00;1.75;96.71;1.28;0.00;0.00;2000.00;85.14;
"2019-10-06 06:30:00";4.10;8.10;8.50;0.00;31.00;0.00;1.00;0.00;0.00;0.00;1.70;96.56;1.21;0.00;0.00;2000.00;85.14;
"2019-10-06 06:35:00";4.10;8.10;8.50;0.00;28.00;0.00;0.00;0.00;0.00;0.00;1.66;96.77;1.20;0.00;0.00;2000.00;85.14;
"2019-10-06 06:40:00";4.10;8.10;8.50;0.00;26.00;0.00;0.00;0.00;0.00;0.00;1.70;96.68;1.23;0.00;0.00;2000.00;85.14;
"2019-10-06 06:45:00";4.10;8.10;8.50;0.00;26.00;0.00;0.00;0.00;0.00;0.00;1.73;96.72;1.27;0.00;0.00;2000.00;85.14;
"2019-10-06 06:50:00";4.10;8.10;8.40;0.00;24.00;0.00;0.00;0.00;0.00;0.00;1.72;96.81;1.27;0.00;0.00;2000.00;85.14;
"2019-10-06 06:55:00";4.10;8.00;8.40;0.00;21.00;0.00;0.00;0.00;0.00;0.00;1.73;96.85;1.28;0.00;0.00;2000.00;85.14;
"2019-10-06 07:00:00";4.20;8.00;8.40;0.00;21.00;0.00;0.00;0.00;0.00;0.00;1.73;96.88;1.29;0.00;0.00;2000.00;85.14;
"2019-10-06 07:05:00";4.20;8.00;8.40;0.00;21.00;0.00;0.00;0.00;0.00;0.00;1.73;96.83;1.28;0.00;0.00;2000.00;85.14;
"2019-10-06 07:10:00";4.20;8.00;8.40;0.00;26.00;0.00;0.00;0.00;0.00;0.00;1.67;96.86;1.23;0.00;0.00;2000.00;85.14;
"2019-10-06 07:15:00";4.20;8.00;8.40;0.00;28.00;0.00;0.00;0.00;0.00;0.00;1.64;96.99;1.22;0.00;0.00;2000.00;85.14;
"2019-10-06 07:20:00";4.20;8.00;8.40;0.00;46.00;0.00;1.00;0.00;0.00;0.00;1.69;97.20;1.30;0.00;0.00;2000.00;85.14;
"2019-10-06 07:25:00";4.20;8.00;8.30;0.00;38.00;0.00;1.00;0.00;0.00;0.00;1.86;97.05;1.44;0.00;0.00;2000.00;85.14;
"2019-10-06 07:30:00";4.20;7.90;8.30;0.00;33.00;0.00;1.00;0.00;0.00;0.00;1.87;97.11;1.45;0.00;0.00;2000.00;85.14;
"2019-10-06 07:35:00";4.20;7.90;8.30;0.00;31.00;0.00;1.00;0.00;0.00;0.00;1.93;97.05;1.51;0.00;0.00;2000.00;85.14;
"2019-10-06 07:40:00";4.20;7.90;8.30;0.00;26.00;0.00;0.00;0.00;0.00;0.00;1.97;97.09;1.56;0.00;0.00;2000.00;85.14;
"2019-10-06 07:45:00";4.20;7.90;8.30;0.00;24.00;0.00;0.00;0.00;0.00;0.00;1.96;97.18;1.56;0.00;0.00;2000.00;85.14;
"2019-10-06 07:50:00";4.20;7.90;8.30;0.00;21.00;0.00;0.00;0.00;0.00;0.00;2.05;97.13;1.65;0.00;0.00;2000.00;85.14;
"2019-10-06 07:55:00";4.20;7.90;8.30;0.00;19.00;0.00;0.00;0.00;0.00;0.00;1.97;97.09;1.56;0.00;0.00;2000.00;85.14;
"2019-10-06 08:00:00";4.20;7.90;8.30;0.00;16.00;0.00;0.00;0.00;0.00;0.00;2.05;97.32;1.67;0.00;0.00;2000.00;85.14;
"2019-10-06 08:05:00";4.30;7.90;8.20;0.00;16.00;0.00;0.00;0.00;0.00;0.00;2.14;97.25;1.75;0.00;0.00;2000.00;85.14;
"2019-10-06 08:10:00";4.30;7.90;8.20;0.00;14.00;0.00;0.00;0.00;0.00;0.00;2.07;97.18;1.67;0.00;0.00;2000.00;85.14;
"2019-10-06 08:15:00";4.40;7.80;8.20;0.00;14.00;0.00;0.00;0.00;0.00;0.00;2.08;97.16;1.67;0.00;0.00;2000.00;85.14;
"2019-10-06 08:20:00";4.50;7.80;8.20;0.00;0.00;0.00;0.00;0.00;0.00;0.00;2.13;97.26;1.74;0.00;0.00;2000.00;85.14;
"2019-10-06 08:25:00";4.50;7.80;8.20;0.00;0.00;0.00;0.00;0.00;0.00;0.00;2.12;97.25;1.73;0.00;0.00;2000.00;85.14;
"2019-10-06 08:30:00";4.50;7.80;8.20;0.00;0.00;0.00;0.00;0.00;0.00;0.00;2.19;97.24;1.79;0.00;0.00;2000.00;85.14;
"2019-10-06 08:35:00";4.50;7.80;8.20;0.00;0.00;0.00;0.00;0.00;0.00;0.00;2.26;97.26;1.87;0.00;0.00;2000.00;85.14;
"2019-10-06 08:40:00";4.50;7.80;8.20;0.00;0.00;0.00;0.00;0.00;0.00;0.00;2.22;97.07;1.80;0.00;0.00;2000.00;85.14;
"2019-10-06 08:45:00";4.60;7.80;8.10;0.00;0.00;0.00;0.00;0.00;0.00;0.00;2.13;97.15;1.72;0.00;0.00;2000.00;85.14;
"2019-10-06 08:50:00";4.70;7.80;8.10;0.00;0.00;0.00;0.00;0.00;0.00;0.00;1.97;96.97;1.54;0.00;0.00;2000.00;85.14;
"2019-10-06 08:55:00";4.70;7.80;8.10;0.00;0.00;0.00;0.00;0.00;0.00;0.00;1.92;97.12;1.51;0.00;0.00;2000.00;85.14;
"2019-10-06 09:00:00";4.80;7.70;8.10;0.00;0.00;0.00;0.00;0.00;0.00;0.00;1.93;97.21;1.53;0.00;0.00;2000.00;85.14;
"2019-10-06 09:05:00";4.90;7.70;8.10;0.00;0.00;0.00;0.00;0.00;0.00;0.00;1.90;97.29;1.51;0.00;0.00;2000.00;85.14;
"2019-10-06 09:10:00";4.90;7.70;8.10;0.00;0.00;0.00;0.00;0.00;0.00;0.00;1.92;97.44;1.55;0.00;0.00;2000.00;85.14;
"2019-10-06 09:15:00";5.10;7.70;8.10;0.00;0.00;0.00;0.00;0.00;0.00;0.00;2.03;97.59;1.69;0.00;0.00;2000.00;85.14;
"2019-10-06 09:20:00";5.20;7.70;8.10;0.00;0.00;0.00;0.00;0.00;0.00;0.00;2.12;97.48;1.76;0.00;0.00;2000.00;85.14;
"2019-10-06 09:25:00";5.40;7.70;8.10;0.00;0.00;0.00;0.00;0.00;0.00;0.00;2.23;97.45;1.87;0.00;0.00;2000.00;85.14;
"2019-10-06 09:30:00";5.50;7.70;8.00;0.00;0.00;0.00;0.00;0.00;0.00;0.00;2.36;97.35;1.98;0.00;0.00;2000.00;85.14;
"2019-10-06 09:35:00";5.70;7.70;8.00;0.00;0.00;0.00;0.00;0.00;0.00;0.00;2.42;97.49;2.06;0.00;0.00;2000.00;85.14;
"2019-10-06 09:40:00";5.80;7.70;8.00;0.00;0.00;0.00;0.00;0.00;0.00;0.00;2.53;97.47;2.17;0.00;0.00;2000.00;85.14;
"2019-10-06 09:45:00";6.10;7.70;8.00;0.00;0.00;0.00;0.00;0.00;0.00;0.00;2.69;97.47;2.33;0.00;0.00;2000.00;85.14;
"2019-10-06 09:50:00";6.20;7.70;8.00;0.00;0.00;0.00;0.00;0.00;0.00;0.00;2.74;97.15;2.34;0.00;0.00;2000.00;85.14;
"2019-10-06 09:55:00";6.30;7.70;8.00;0.00;0.00;0.00;0.00;0.00;0.00;0.00;2.84;97.30;2.45;0.00;0.00;2000.00;85.14;
"2019-10-06 10:00:00";6.50;7.70;8.00;0.00;0.00;0.00;0.00;0.00;0.00;0.00;2.84;97.17;2.43;0.00;0.00;2000.00;85.14;
"2019-10-06 10:05:00";6.50;7.70;8.00;0.00;0.00;0.00;0.00;0.00;0.00;0.00;2.98;97.19;2.58;0.00;0.00;2000.00;85.14;
"2019-10-06 10:10:00";6.50;7.70;8.00;0.00;0.00;0.00;0.00;0.00;0.00;0.00;2.97;97.29;2.58;0.00;0.00;2000.00;85.14;
"2019-10-06 10:15:00";6.60;7.70;8.00;0.00;0.00;0.00;0.00;0.00;0.00;1.70;3.04;97.28;2.65;0.00;0.00;2000.00;85.14;
"2019-10-06 10:20:00";6.70;7.70;8.00;0.00;0.00;0.00;0.00;0.00;0.00;2.60;3.11;97.00;2.68;0.00;0.00;2000.00;85.14;
"2019-10-06 10:25:00";6.80;7.70;8.00;0.00;0.00;0.00;0.00;0.00;0.00;0.52;3.08;97.26;2.69;0.00;0.00;2000.00;85.14;
"2019-10-06 10:30:00";7.00;7.70;8.00;0.00;0.00;0.00;0.00;3.13;335.37;3.31;3.18;97.29;2.79;0.00;0.00;2000.00;85.14;
"2019-10-06 10:35:00";7.00;7.70;8.00;0.00;0.00;0.00;0.00;0.00;0.00;2.26;3.23;97.14;2.82;0.00;0.00;2000.00;85.14;
"2019-10-06 10:40:00";7.10;7.70;8.00;0.00;0.00;0.00;0.00;2.13;337.76;2.13;3.18;96.98;2.75;0.00;0.00;2000.00;85.14;
"2019-10-06 10:45:00";7.30;7.70;8.00;0.00;0.00;0.00;0.00;0.00;0.00;0.00;3.30;97.56;2.96;0.00;0.00;2000.00;85.14;
"2019-10-06 10:50:00";7.50;7.70;8.00;0.00;0.00;0.00;0.00;0.00;0.00;0.00;3.35;96.69;2.87;0.00;0.00;2000.00;85.14;
"2019-10-06 10:55:00";7.80;7.70;8.00;0.00;0.00;0.00;0.00;0.00;0.00;0.00;3.46;97.35;3.07;0.00;0.00;2000.00;85.14;
"2019-10-06 11:00:00";7.70;7.70;8.00;0.00;0.00;0.00;0.00;0.00;0.00;0.00;3.44;96.74;2.97;0.00;0.00;2000.00;85.14;
"2019-10-06 11:05:00";7.70;7.70;8.00;0.00;0.00;0.00;0.00;1.49;338.37;4.12;3.43;97.04;3.00;0.00;0.00;2000.00;85.14;
"2019-10-06 11:10:00";7.80;7.70;8.00;0.00;0.00;0.00;0.00;0.00;0.00;0.00;3.46;96.97;3.02;0.00;0.00;2000.00;85.14;
"2019-10-06 11:15:00";8.00;7.70;8.00;0.00;0.00;0.00;0.00;0.00;0.00;0.00;3.44;97.16;3.04;0.00;0.00;2000.00;85.14;
"2019-10-06 11:20:00";8.10;7.70;8.00;0.00;0.00;0.00;0.00;0.00;0.00;0.00;3.47;97.11;3.05;0.00;0.00;2000.00;85.14;
"2019-10-06 11:25:00";8.00;7.70;8.00;0.00;0.00;0.00;0.00;2.15;318.25;3.13;3.54;96.95;3.10;0.00;0.00;2000.00;85.14;
"2019-10-06 11:30:00";8.10;7.70;8.00;0.00;0.00;0.00;0.00;0.00;0.00;0.00;3.64;97.49;3.28;0.00;0.00;2000.00;85.14;
"2019-10-06 11:35:00";8.30;7.70;8.00;0.00;0.00;0.00;0.00;3.08;342.96;3.21;3.74;97.33;3.36;0.00;0.00;2000.00;85.14;
"2019-10-06 11:40:00";8.50;7.80;8.00;0.00;0.00;0.00;0.00;2.25;324.01;3.33;3.62;96.90;3.17;0.00;0.00;2000.00;85.14;
"2019-10-06 11:45:00";8.80;7.80;8.10;0.00;0.00;0.00;0.00;0.00;0.00;0.00;3.85;96.94;3.40;0.00;0.00;2000.00;85.14;
"2019-10-06 11:50:00";9.00;7.80;8.10;0.00;0.00;0.00;0.00;2.44;292.37;2.65;3.73;96.46;3.22;0.00;0.00;2000.00;85.14;
"2019-10-06 11:55:00";9.20;7.80;8.10;0.00;0.00;0.00;0.00;1.91;331.79;2.13;3.80;96.80;3.34;0.00;0.00;2000.00;85.14;
"2019-10-06 12:00:00";9.60;7.80;8.10;0.00;0.00;0.00;0.00;3.42;309.91;4.04;3.94;96.49;3.43;0.00;0.00;2000.00;85.14;
"2019-10-06 12:05:00";9.80;7.90;8.10;0.00;0.00;0.00;0.00;3.02;325.45;3.02;4.10;96.78;3.64;0.00;0.00;2000.00;85.14;
"2019-10-06 12:10:00";9.80;7.80;8.10;0.00;0.00;0.00;0.00;0.00;0.00;1.93;4.30;96.37;3.77;0.00;0.00;2000.00;85.14;
"2019-10-06 12:15:00";9.90;7.80;8.10;0.00;0.00;0.00;0.00;2.07;303.21;3.02;4.40;95.27;3.71;0.00;0.00;2000.00;85.14;
"2019-10-06 12:20:00";9.90;7.90;8.20;0.00;0.00;0.00;0.00;2.08;298.31;3.16;4.39;95.93;3.80;0.00;0.00;2000.00;85.14;
"2019-10-06 12:25:00";9.90;7.90;8.10;0.00;0.00;0.00;0.00;1.36;23.02;2.25;4.46;95.81;3.85;0.00;0.00;2000.00;85.14;
"2019-10-06 12:30:00";10.20;7.90;8.20;0.00;0.00;0.00;0.00;4.54;335.40;4.54;4.47;95.52;3.82;0.00;0.00;2000.00;85.14;
"2019-10-06 12:35:00";10.30;7.90;8.20;0.00;0.00;0.00;0.00;2.66;309.22;3.00;4.51;95.49;3.85;0.00;0.00;2000.00;85.14;
"2019-10-06 12:40:00";10.30;8.00;8.20;0.00;0.00;0.00;0.00;0.00;0.00;1.04;4.76;95.73;4.14;0.00;0.00;2000.00;85.14;
"2019-10-06 12:45:00";10.30;8.00;8.20;0.00;0.00;0.00;0.00;0.00;0.00;0.00;4.71;94.71;3.93;0.00;0.00;2000.00;85.14;
"2019-10-06 12:50:00";10.10;8.00;8.30;0.00;0.00;0.00;0.00;0.00;0.00;0.00;4.70;94.42;3.88;0.00;0.00;2000.00;85.14;
"2019-10-06 12:55:00";10.00;8.00;8.30;0.00;0.00;0.00;0.00;0.00;0.00;2.19;4.70;94.36;3.87;0.00;0.00;2000.00;85.14;
"2019-10-06 13:00:00";10.10;8.10;8.30;0.00;0.00;0.00;0.00;1.88;333.61;3.35;4.76;93.91;3.87;0.00;0.00;2000.00;85.14;
"2019-10-06 13:05:00";10.10;8.10;8.30;0.00;0.00;0.00;0.00;0.77;306.45;2.07;4.67;93.92;3.77;0.00;0.00;2000.00;85.14;
"2019-10-06 13:10:00";10.30;8.10;8.30;0.00;0.00;0.00;0.00;0.00;0.00;0.00;4.75;93.68;3.82;0.00;0.00;2000.00;85.14;
"2019-10-06 13:15:00";10.50;8.20;8.40;0.00;0.00;0.00;0.00;3.89;313.59;4.34;4.74;92.80;3.67;0.00;0.00;2000.00;85.14;
"2019-10-06 13:20:00";10.50;8.20;8.40;0.00;0.00;0.00;0.00;3.32;313.81;4.54;4.56;92.41;3.44;0.00;0.00;2000.00;85.14;
"2019-10-06 13:25:00";10.60;8.20;8.40;0.00;0.00;0.00;0.00;0.00;0.00;0.00;4.49;92.41;3.37;0.00;0.00;2000.00;85.14;
"2019-10-06 13:30:00";10.80;8.20;8.40;0.00;0.00;0.00;0.00;0.00;0.00;0.00;4.71;92.09;3.54;0.00;0.00;2000.00;85.14;
"2019-10-06 13:35:00";11.00;8.30;8.50;0.00;0.00;0.00;0.00;0.00;0.00;0.00;4.82;91.87;3.61;0.00;0.00;2000.00;85.14;
"2019-10-06 13:40:00";11.00;8.30;8.50;0.00;0.00;0.00;0.00;1.42;326.05;2.92;4.75;91.17;3.43;0.00;0.00;2000.00;85.14;
"2019-10-06 13:45:00";11.10;8.30;8.50;0.00;0.00;0.00;0.00;0.00;0.00;0.00;4.89;90.86;3.52;0.00;0.00;2000.00;85.14;
"2019-10-06 13:50:00";11.10;8.30;8.50;0.00;0.00;0.00;0.00;0.00;0.00;0.00;5.01;90.29;3.55;0.00;0.00;2000.00;85.14;
"2019-10-06 13:55:00";11.20;8.40;8.50;0.00;0.00;0.00;0.00;2.08;310.96;3.15;5.15;90.00;3.64;0.00;0.00;2000.00;85.14;
"2019-10-06 14:00:00";11.20;8.40;8.50;0.00;0.00;0.00;0.00;0.00;0.00;1.35;5.08;88.93;3.40;0.00;0.00;2000.00;85.14;
"2019-10-06 14:05:00";11.20;8.40;8.50;0.00;0.00;0.00;0.00;0.00;0.00;0.00;5.17;88.51;3.43;0.00;0.00;2000.00;85.14;
"2019-10-06 14:10:00";11.10;8.40;8.50;0.00;0.00;0.00;0.00;0.00;0.00;0.00;5.22;87.84;3.37;0.00;0.00;2000.00;85.14;
"2019-10-06 14:15:00";10.90;8.50;8.50;0.00;0.00;0.00;0.00;0.00;0.00;0.00;5.09;87.43;3.17;0.00;0.00;2000.00;85.14;
"2019-10-06 14:20:00";10.90;8.50;8.60;0.00;0.00;0.00;0.00;1.63;330.24;3.22;5.05;86.61;3.00;0.00;0.00;2000.00;85.14;
"2019-10-06 14:25:00";10.90;8.50;8.60;0.00;0.00;0.00;0.00;1.51;322.44;2.86;4.98;86.38;2.90;0.00;0.00;2000.00;85.14;
"2019-10-06 14:30:00";10.90;8.50;8.60;0.00;0.00;0.00;0.00;2.28;325.73;3.42;5.02;86.08;2.88;0.00;0.00;2000.00;85.14;
"2019-10-06 14:35:00";10.80;8.50;8.60;0.00;0.00;0.00;0.00;3.85;291.51;4.23;5.20;85.87;3.03;0.00;0.00;2000.00;85.14;
"2019-10-06 14:40:00";10.70;8.50;8.70;0.00;0.00;0.00;0.00;3.51;305.60;3.71;4.98;85.34;2.73;0.00;0.00;2000.00;85.14;
"2019-10-06 14:45:00";10.60;8.60;8.70;0.00;0.00;0.00;0.00;2.86;333.40;3.19;5.19;84.89;2.85;0.00;0.00;2000.00;85.14;
"2019-10-06 14:50:00";10.50;8.60;8.70;0.00;0.00;0.00;0.00;2.39;305.72;3.19;4.91;84.55;2.52;0.00;0.00;2000.00;85.14;
"2019-10-06 14:55:00";10.30;8.60;8.80;0.00;0.00;0.00;0.00;2.74;297.32;3.67;5.11;84.65;2.74;0.00;0.00;2000.00;85.14;
"2019-10-06 15:00:00";10.30;8.60;8.80;0.00;0.00;0.00;0.00;4.04;330.88;4.14;5.06;84.15;2.60;0.00;0.00;2000.00;85.14;
"2019-10-06 15:05:00";10.20;8.70;8.80;0.00;0.00;0.00;0.00;2.88;281.08;4.74;5.03;84.06;2.56;0.00;0.00;2000.00;85.14;
"2019-10-06 15:10:00";10.20;8.70;8.80;0.00;0.00;0.00;0.00;3.82;321.49;3.82;5.10;84.19;2.65;0.00;0.00;2000.00;85.14;
"2019-10-06 15:15:00";9.90;8.70;8.80;0.00;0.00;0.00;0.00;2.82;313.44;5.61;5.03;83.78;2.51;0.00;0.00;2000.00;85.14;
"2019-10-06 15:20:00";9.90;8.70;8.90;0.00;0.00;0.00;0.00;3.40;298.94;4.33;4.91;83.57;2.36;0.00;0.00;2000.00;85.14;
"2019-10-06 15:25:00";9.70;8.70;8.90;0.00;0.00;0.00;0.00;2.28;341.08;3.67;4.82;84.04;2.35;0.00;0.00;2000.00;85.14;
"2019-10-06 15:30:00";9.60;8.80;8.90;0.00;0.00;0.00;0.00;3.67;296.77;3.93;4.71;84.20;2.27;0.00;0.00;2000.00;85.14;
"2019-10-06 15:35:00";9.50;8.80;8.90;0.00;0.00;0.00;0.00;3.90;313.29;3.93;4.77;84.40;2.36;0.00;0.00;2000.00;85.14;
"2019-10-06 15:40:00";9.50;8.80;8.90;0.00;0.00;0.00;0.00;1.07;323.32;3.59;4.67;84.23;2.23;0.00;0.00;2000.00;85.14;
"2019-10-06 15:45:00";9.60;8.80;9.00;0.00;0.00;0.00;0.00;3.84;337.82;4.86;4.77;84.47;2.37;0.00;0.00;2000.00;85.14;
"2019-10-06 15:50:00";9.50;8.80;9.00;0.00;0.00;0.00;0.00;2.34;332.22;3.38;4.66;84.54;2.27;0.00;0.00;2000.00;85.14;
"2019-10-06 15:55:00";9.50;8.90;9.00;0.00;0.00;0.00;0.00;3.19;313.18;3.72;4.66;84.72;2.31;0.00;0.00;2000.00;85.14;
"2019-10-06 16:00:00";9.40;8.90;9.00;0.00;0.00;0.00;0.00;3.10;313.49;4.26;4.65;84.87;2.32;0.00;0.00;2000.00;85.14;
"2019-10-06 16:05:00";9.40;8.90;9.00;0.00;0.00;0.00;0.00;2.63;336.49;2.73;4.82;85.23;2.55;0.00;0.00;2000.00;85.14;
"2019-10-06 16:10:00";9.30;8.90;9.00;0.00;0.00;0.00;0.00;2.66;337.49;4.84;4.77;84.82;2.43;0.00;0.00;2000.00;85.14;
"2019-10-06 16:15:00";9.10;8.90;9.00;0.00;0.00;0.00;0.00;4.21;321.46;5.53;4.52;84.70;2.17;0.00;0.00;2000.00;85.14;
"2019-10-06 16:20:00";9.00;8.90;9.10;0.00;0.00;0.00;0.00;1.00;354.63;3.01;4.25;85.13;1.98;0.00;0.00;2000.00;85.14;
"2019-10-06 16:25:00";9.00;8.90;9.10;0.00;0.00;0.00;0.00;1.13;336.57;1.77;4.11;85.37;1.87;0.00;0.00;2000.00;85.14;
"2019-10-06 16:30:00";8.80;8.90;9.10;0.00;0.00;0.00;0.00;0.00;0.00;0.00;4.08;85.25;1.83;0.00;0.00;2000.00;85.14;
"2019-10-06 16:35:00";8.70;8.90;9.10;0.00;0.00;0.00;0.00;0.53;350.59;1.99;4.17;85.58;1.97;0.00;0.00;2000.00;85.14;
"2019-10-06 16:40:00";8.70;8.90;9.10;0.00;0.00;0.00;0.00;0.00;0.00;0.00;4.26;85.29;2.01;0.00;0.00;2000.00;85.14;
"2019-10-06 16:45:00";8.70;9.00;9.10;0.00;0.00;0.00;0.00;0.00;0.00;0.00;4.29;85.68;2.10;0.00;0.00;2000.00;85.14;
"2019-10-06 16:50:00";8.70;9.00;9.10;0.00;0.00;0.00;0.00;2.22;305.64;2.52;4.29;85.56;2.08;0.00;0.00;2000.00;85.14;
"2019-10-06 16:55:00";8.60;9.00;9.10;0.00;0.00;0.00;0.00;1.47;318.96;1.56;4.28;85.74;2.10;0.00;0.00;2000.00;85.14;
"2019-10-06 17:00:00";8.60;9.00;9.10;0.00;0.00;0.00;0.00;1.58;313.50;2.68;4.30;85.64;2.11;0.00;0.00;2000.00;85.14;
"2019-10-06 17:05:00";8.40;9.00;9.20;0.00;0.00;0.00;0.00;2.59;303.88;2.59;4.31;85.68;2.12;0.00;0.00;2000.00;85.14;
"2019-10-06 17:10:00";8.30;9.00;9.10;0.00;0.00;0.00;0.00;0.53;5.55;1.85;4.34;85.67;2.15;0.00;0.00;2000.00;85.14;
"2019-10-06 17:15:00";8.20;9.00;9.10;0.00;0.00;0.00;0.00;0.00;0.00;1.94;4.34;85.78;2.16;0.00;0.00;2000.00;85.14;
"2019-10-06 17:20:00";8.00;9.00;9.10;0.00;0.00;0.00;0.00;2.39;31.14;2.88;4.35;85.73;2.17;0.00;0.00;2000.00;85.14;
"2019-10-06 17:25:00";7.90;9.00;9.10;0.00;0.00;0.00;0.00;0.00;0.00;0.00;4.34;85.64;2.14;0.00;0.00;2000.00;85.14;
"2019-10-06 17:30:00";7.80;9.00;9.20;0.00;0.00;0.00;0.00;0.00;0.00;0.00;4.32;85.79;2.15;0.00;0.00;2000.00;85.14;
"2019-10-06 17:35:00";7.80;9.00;9.10;0.00;0.00;0.00;0.00;0.00;0.00;0.82;4.32;85.81;2.15;0.00;0.00;2000.00;85.14;
"2019-10-06 17:40:00";7.60;9.00;9.20;0.00;0.00;0.00;0.00;0.00;0.00;0.00;4.32;85.72;2.14;0.00;0.00;2000.00;85.14;
"2019-10-06 17:45:00";7.50;9.00;9.20;0.00;0.00;0.00;0.00;0.00;0.00;1.31;4.33;85.77;2.16;0.00;0.00;2000.00;85.14;
"2019-10-06 17:50:00";7.40;9.00;9.10;0.00;0.00;0.00;0.00;0.00;0.00;1.70;4.33;85.76;2.15;0.00;0.00;2000.00;85.14;
"2019-10-06 17:55:00";7.40;9.00;9.20;0.00;0.00;0.00;0.00;0.00;0.00;0.00;4.32;85.78;2.15;0.00;0.00;2000.00;85.14;
"2019-10-06 18:00:00";7.30;9.00;9.20;0.00;0.00;0.00;0.00;1.91;340.06;2.08;4.33;85.90;2.17;0.00;0.00;2000.00;85.14;
"2019-10-06 18:05:00";7.20;9.00;9.10;0.00;0.00;0.00;0.00;1.74;333.37;2.51;4.32;85.80;2.15;0.00;0.00;2000.00;85.14;
"2019-10-06 18:10:00";7.20;9.00;9.10;0.00;0.00;0.00;0.00;1.95;284.33;2.97;4.29;85.90;2.14;0.00;0.00;2000.00;85.14;
"2019-10-06 18:15:00";7.20;9.00;9.20;0.00;0.00;0.00;0.00;2.71;304.89;2.71;4.34;86.02;2.20;0.00;0.00;2000.00;85.14;
"2019-10-06 18:20:00";7.10;9.00;9.10;0.00;0.00;0.00;0.00;2.04;337.10;2.58;4.31;86.19;2.20;0.00;0.00;2000.00;85.14;
"2019-10-06 18:25:00";7.10;9.00;9.10;0.00;0.00;0.00;0.00;1.98;313.13;3.37;4.32;86.05;2.19;0.00;0.00;2000.00;85.14;
"2019-10-06 18:30:00";7.00;9.00;9.10;0.00;0.00;0.00;0.00;2.08;311.68;2.90;4.29;86.26;2.19;0.00;0.00;2000.00;85.14;
"2019-10-06 18:35:00";7.00;9.00;9.10;0.00;0.00;0.00;0.00;2.01;321.33;3.65;4.21;86.28;2.12;0.00;0.00;2000.00;85.14;
"2019-10-06 18:40:00";6.90;9.00;9.10;0.00;0.00;0.00;0.00;1.09;314.96;2.14;4.18;86.36;2.11;0.00;0.00;2000.00;85.14;
"2019-10-06 18:45:00";6.80;9.00;9.10;0.00;0.00;0.00;0.00;1.74;305.99;1.91;4.11;86.39;2.04;0.00;0.00;2000.00;85.14;
"2019-10-06 18:50:00";6.80;9.00;9.10;0.00;0.00;0.00;0.00;2.64;307.57;3.54;4.02;86.42;1.96;0.00;0.00;2000.00;85.14;
"2019-10-06 18:55:00";6.70;8.90;9.10;0.00;0.00;0.00;0.00;0.00;0.00;2.30;4.03;86.58;1.99;0.00;0.00;2000.00;85.14;
"2019-10-06 19:00:00";6.60;8.90;9.10;0.00;0.00;0.00;0.00;2.42;295.74;3.35;3.97;86.30;1.88;0.00;0.00;2000.00;85.14;
"2019-10-06 19:05:00";6.60;8.90;9.10;0.00;0.00;0.00;0.00;1.10;317.15;2.04;3.89;86.70;1.87;0.00;0.00;2000.00;85.14;
"2019-10-06 19:10:00";6.50;8.90;9.10;0.00;0.00;0.00;0.00;0.72;332.05;1.88;3.82;86.84;1.83;0.00;0.00;2000.00;85.14;
"2019-10-06 19:15:00";6.50;8.90;9.10;0.00;0.00;0.00;0.00;0.58;291.59;1.33;3.80;86.77;1.80;0.00;0.00;2000.00;85.14;
"2019-10-06 19:20:00";6.50;8.80;9.10;0.00;0.00;0.00;0.00;1.29;300.76;2.24;3.76;87.03;1.80;0.00;0.00;2000.00;85.14;
"2019-10-06 19:25:00";6.40;8.90;9.10;0.00;0.00;0.00;0.00;2.19;320.27;2.19;3.77;87.07;1.82;0.00;0.00;2000.00;85.14;
"2019-10-06 19:30:00";6.30;8.80;9.00;0.00;0.00;0.00;0.00;2.36;294.81;3.16;3.71;87.10;1.76;0.00;0.00;2000.00;85.14;
"2019-10-06 19:35:00";6.30;8.90;9.10;0.00;0.00;0.00;0.00;0.00;0.00;0.00;3.74;87.25;1.82;0.00;0.00;2000.00;85.14;
"2019-10-06 19:40:00";6.20;8.80;9.00;0.00;0.00;0.00;0.00;0.00;0.00;0.00;3.61;87.26;1.68;0.00;0.00;2000.00;85.14;
"2019-10-06 19:45:00";6.10;8.80;9.00;0.00;0.00;0.00;0.00;0.00;0.00;1.82;3.57;87.46;1.68;0.00;0.00;2000.00;85.14;
"2019-10-06 19:50:00";6.00;8.80;9.00;0.00;0.00;0.00;0.00;0.00;0.00;0.00;3.50;87.55;1.63;0.00;0.00;2000.00;85.14;
"2019-10-06 19:55:00";5.90;8.80;9.00;0.00;0.00;0.00;0.00;0.00;0.00;0.00;3.44;87.55;1.56;0.00;0.00;2000.00;85.14;
"2019-10-06 20:00:00";5.70;8.80;9.00;0.00;0.00;0.00;0.00;0.00;0.00;1.81;3.33;87.69;1.48;0.00;0.00;2000.00;85.14;
"2019-10-06 20:05:00";5.60;8.70;9.00;0.00;0.00;0.00;0.00;1.61;320.54;1.61;3.23;87.81;1.41;0.00;0.00;2000.00;85.14;
"2019-10-06 20:10:00";5.40;8.70;8.90;0.00;0.00;0.00;0.00;1.42;333.02;2.05;3.12;87.90;1.31;0.00;0.00;2000.00;85.14;
"2019-10-06 20:15:00";5.50;8.70;9.00;0.00;0.00;0.00;0.00;0.86;341.67;1.66;3.04;88.09;1.26;0.00;0.00;2000.00;85.14;
"2019-10-06 20:20:00";5.50;8.70;8.90;0.00;0.00;0.00;0.00;0.00;0.00;1.48;3.06;88.30;1.31;0.00;0.00;2000.00;85.14;
"2019-10-06 20:25:00";5.50;8.70;8.90;0.00;0.00;0.00;0.00;0.00;0.00;0.00;3.05;88.36;1.32;0.00;0.00;2000.00;85.14;
"2019-10-06 20:30:00";5.30;8.70;8.90;0.00;0.00;0.00;0.00;0.00;0.00;0.00;3.04;88.45;1.31;0.00;0.00;2000.00;85.14;
"2019-10-06 20:35:00";5.20;8.70;8.90;0.00;0.00;0.00;0.00;0.00;0.00;0.00;2.89;88.55;1.18;0.00;0.00;2000.00;85.14;
"2019-10-06 20:40:00";5.00;8.60;8.90;0.00;0.00;0.00;0.00;0.00;0.00;0.00;2.82;88.80;1.15;0.00;0.00;2000.00;85.14;
"2019-10-06 20:45:00";5.00;8.60;8.90;0.00;0.00;0.00;0.00;0.00;0.00;0.00;2.89;88.92;1.24;0.00;0.00;2000.00;85.14;
"2019-10-06 20:50:00";4.90;8.60;8.80;0.00;0.00;0.00;0.00;0.00;0.00;0.00;2.84;88.95;1.19;0.00;0.00;2000.00;85.14;
"2019-10-06 20:55:00";4.90;8.60;8.80;0.00;0.00;0.00;0.00;0.00;0.00;0.00;2.70;89.04;1.08;0.00;0.00;2000.00;85.14;
"2019-10-06 21:00:00";4.80;8.50;8.80;0.00;0.00;0.00;0.00;0.00;0.00;0.00;2.63;89.18;1.03;0.00;0.00;2000.00;85.14;
"2019-10-06 21:05:00";4.70;8.50;8.80;0.00;0.00;0.00;0.00;0.00;0.00;0.00;2.49;89.11;0.88;0.00;0.00;2000.00;85.14;
"2019-10-06 21:10:00";4.60;8.50;8.80;0.00;0.00;0.00;0.00;0.00;0.00;1.26;2.38;89.38;0.81;0.00;0.00;2000.00;85.14;
"2019-10-06 21:15:00";4.50;8.50;8.80;0.00;0.00;0.00;0.00;0.00;0.00;0.83;2.36;89.52;0.81;0.00;0.00;2000.00;85.14;
"2019-10-06 21:20:00";4.50;8.50;8.80;0.00;0.00;0.00;0.00;0.00;0.00;1.05;2.32;89.56;0.78;0.00;0.00;2000.00;85.14;
"2019-10-06 21:25:00";4.50;8.50;8.70;0.00;0.00;0.00;0.00;0.00;0.00;0.00;2.33;89.78;0.82;0.00;0.00;2000.00;85.14;
"2019-10-06 21:30:00";4.50;8.50;8.70;0.00;0.00;0.00;0.00;0.00;0.00;0.00;2.35;89.89;0.86;0.00;0.00;2000.00;85.14;
"2019-10-06 21:35:00";4.50;8.50;8.70;0.00;0.00;0.00;0.00;0.00;0.00;0.00;2.40;90.00;0.92;0.00;0.00;2000.00;85.14;
"2019-10-06 21:40:00";4.40;8.50;8.70;0.00;0.00;0.00;0.00;0.80;355.19;2.09;2.38;90.01;0.91;0.00;0.00;2000.00;85.14;
"2019-10-06 21:45:00";4.40;8.50;8.70;0.00;0.00;0.00;0.00;2.41;331.15;2.84;2.42;90.32;1.00;0.00;0.00;2000.00;85.14;
"2019-10-06 21:50:00";4.30;8.50;8.60;0.00;0.00;0.00;0.00;0.00;0.00;0.00;2.41;90.18;0.96;0.00;0.00;2000.00;85.14;
"2019-10-06 21:55:00";4.10;8.50;8.60;0.00;0.00;0.00;0.00;0.00;0.00;0.00;2.41;90.36;1.00;0.00;0.00;2000.00;85.14;
"2019-10-06 22:00:00";4.10;8.40;8.60;0.00;0.00;0.00;0.00;0.00;0.00;0.00;2.37;90.38;0.95;0.00;0.00;2000.00;85.14;
"2019-10-06 22:05:00";4.10;8.40;8.60;0.00;0.00;0.00;0.00;0.67;316.59;1.12;2.34;90.55;0.95;0.00;0.00;2000.00;85.14;
"2019-10-06 22:10:00";4.10;8.40;8.50;0.00;0.00;0.00;0.00;2.01;329.24;2.01;2.32;90.58;0.94;0.00;0.00;2000.00;85.14;
"2019-10-06 22:15:00";4.20;8.40;8.50;0.00;0.00;0.00;0.00;0.00;0.00;1.09;2.34;90.75;0.98;0.00;0.00;2000.00;85.14;
"2019-10-06 22:20:00";4.30;8.30;8.50;0.00;0.00;0.00;0.00;0.95;329.39;1.75;2.34;90.91;1.01;0.00;0.00;2000.00;85.14;
"2019-10-06 22:25:00";4.40;8.30;8.50;0.00;0.00;0.00;0.00;0.00;0.00;0.00;2.40;91.02;1.08;0.00;0.00;2000.00;85.14;
"2019-10-06 22:30:00";4.50;8.30;8.50;0.00;0.00;0.00;0.00;0.00;0.00;1.39;2.40;91.12;1.10;0.00;0.00;2000.00;85.14;
"2019-10-06 22:35:00";4.50;8.30;8.50;0.00;0.00;0.00;0.00;2.38;331.83;3.41;2.40;91.16;1.11;0.00;0.00;2000.00;85.14;
"2019-10-06 22:40:00";4.50;8.20;8.50;0.00;0.00;0.00;0.00;2.78;304.04;4.29;2.47;91.27;1.19;0.00;0.00;2000.00;85.14;
"2019-10-06 22:45:00";4.60;8.20;8.50;0.00;0.00;0.00;0.00;2.58;318.22;3.85;2.37;91.18;1.08;0.00;0.00;2000.00;85.14;
"2019-10-06 22:50:00";4.50;8.20;8.50;0.00;0.00;0.00;0.00;3.55;323.39;5.28;2.24;91.29;0.97;0.00;0.00;2000.00;85.14;
"2019-10-06 22:55:00";4.50;8.10;8.50;0.00;0.00;0.00;0.00;3.20;315.02;4.65;2.16;91.41;0.90;0.00;0.00;2000.00;85.14;
"2019-10-06 23:00:00";4.50;8.10;8.50;0.00;0.00;0.00;0.00;1.69;306.71;3.66;2.16;91.60;0.93;0.00;0.00;2000.00;85.14;
"2019-10-06 23:05:00";4.60;8.10;8.40;0.00;0.00;0.00;0.00;3.09;311.00;3.09;2.19;91.75;0.99;0.00;0.00;2000.00;85.14;
"2019-10-06 23:10:00";4.60;8.10;8.40;0.00;0.00;0.00;0.00;3.79;308.32;3.79;2.13;91.75;0.93;0.00;0.00;2000.00;85.14;
"2019-10-06 23:15:00";4.50;8.10;8.40;0.00;0.00;0.00;0.00;2.58;307.82;3.21;2.11;91.81;0.92;0.00;0.00;2000.00;85.14;
"2019-10-06 23:20:00";4.40;8.10;8.40;0.00;0.00;0.00;0.00;2.52;317.91;4.92;2.07;91.98;0.91;0.00;0.00;2000.00;85.14;
"2019-10-06 23:25:00";4.30;8.00;8.40;0.00;0.00;0.00;0.00;1.97;324.81;2.78;2.05;92.10;0.90;0.00;0.00;2000.00;85.14;
"2019-10-06 23:30:00";4.20;8.00;8.30;0.00;0.00;0.00;0.00;1.42;316.77;3.09;2.08;92.22;0.95;0.00;0.00;2000.00;85.14;
"2019-10-06 23:35:00";4.10;8.00;8.40;0.00;0.00;0.00;0.00;1.92;312.44;2.92;1.95;92.25;0.82;0.00;0.00;2000.00;85.14;
"2019-10-06 23:40:00";4.10;8.00;8.30;0.00;0.00;0.00;0.00;1.23;319.15;1.93;1.98;92.38;0.87;0.00;0.00;2000.00;85.14;
"2019-10-06 23:45:00";4.00;8.00;8.30;0.00;0.00;0.00;0.00;0.00;0.00;1.06;1.83;92.33;0.72;0.00;0.00;2000.00;85.14;
"2019-10-06 23:50:00";3.90;8.00;8.30;0.00;0.00;0.00;0.00;0.00;0.00;0.00;1.87;92.83;0.83;0.00;0.00;2000.00;85.14;
"2019-10-06 23:55:00";3.80;7.90;8.30;0.00;0.00;0.00;0.00;0.00;0.00;0.00;1.93;92.78;0.88;0.00;0.00;2000.00;85.14;
"2019-10-07 00:00:00";3.80;7.90;8.30;0.00;0.00;0.00;0.00;0.00;0.00;0.00;1.92;92.95;0.90;0.00;0.00;2000.00;85.14;
